{
  "args": {
    "device": "cuda:9",
    "exp_home": "./results",
    "ds_name": "mnist",
    "mode": "generative_classification",
    "noise_std": 0.25,
    "down_scale": 2.0,
    "model_type": "conventional",
    "latent_dim": 784,
    "hidden_dims": [
      1470,
      1470,
      1470
    ],
    "wo_Win": true,
    "fix_Win": false,
    "I_Win": false,
    "wo_Wout": true,
    "batch_size": 128,
    "epochs": 50,
    "lr": 0.0005,
    "use_augmentation": false,
    "aug_num": 2,
    "run_id": 1,
    "seed": 42
  },
  "training_logs": {
    "train_losses": [
      0.010688614564090967,
      0.004422581163197756,
      0.0032946550837159158,
      0.00263833099424839,
      0.002183856170773506,
      0.001844367293342948,
      0.001713744020909071,
      0.0015793119461834431,
      0.0013719806696474552,
      0.0012320891480892898,
      0.0011329063878953458,
      0.001099517994914204,
      0.0009255469394102693,
      0.0008916123620048165,
      0.0008816864978335798,
      0.0007653736699186265,
      0.0006353709448967129,
      0.0005678853071480989,
      0.000605411057760939,
      0.0005552201871946454,
      0.0005475333628803491,
      0.00045200079451315105,
      0.00047229264844208954,
      0.00041269029524177315,
      0.0003688175514154136,
      0.00031693557409569623,
      0.00031487087324261664,
      0.0003818774033337831,
      0.00029382445089519026,
      0.00023867241194471716,
      0.00023874421034008263,
      0.00023921871955506503,
      0.0002044058107631281,
      0.0001867446352588013,
      0.00020549931095913053,
      0.00013318643405102194,
      0.00013577228827169166,
      0.0001223053864436224,
      0.00012588575358036906,
      0.00010747524901293218,
      9.075375874061137e-05,
      8.843085519736632e-05,
      9.73002394894138e-05,
      8.32237676391378e-05,
      7.566555507248268e-05,
      7.019138657487929e-05,
      6.194921259069815e-05,
      5.766833809670061e-05,
      5.431971904705279e-05,
      5.017440103809349e-05
    ],
    "eval_losses": [
      0.003924580854922533,
      0.0033830363135784864,
      0.0035113459955900908,
      0.0033947638530284164,
      0.0029707419611513615,
      0.0030627428438514473,
      0.0028599655346246435,
      0.0029742803586181254,
      0.002909067009971477,
      0.0025337147328304125
    ],
    "psnr": [
      24.422121704101563,
      25.113569189453123,
      25.055973849487305,
      25.219937756347655,
      25.968414181518554,
      25.898171673583985,
      26.280724365234374,
      25.972224780273436,
      26.249304302978516,
      26.83644091796875
    ],
    "ssim": [
      0.9691220296859742,
      0.9744590498924255,
      0.9764877781867981,
      0.9773013647079468,
      0.9797104507446289,
      0.9793415850639343,
      0.9811291341781616,
      0.9808172389984131,
      0.981399994468689,
      0.9831874973297119
    ],
    "best_epoch": 50,
    "best_step": null,
    "best_eval_loss": 0.0025337147328304125
  },
  "test_results": {
    "test_loss": 0.0028028544428350868,
    "test_psnr": 27.83844302368164,
    "test_ssim": 0.9821776974678039
  }
}