{
  "args": {
    "device": "cuda:0",
    "exp_home": "./results",
    "ds_name": "mnist",
    "mode": "denoising",
    "noise_std": 0.25,
    "down_scale": 2.0,
    "model_type": "conventional",
    "latent_dim": 784,
    "hidden_dims": [
      2870,
      2870,
      2870,
      2870
    ],
    "wo_Win": true,
    "fix_Win": false,
    "I_Win": false,
    "wo_Wout": true,
    "batch_size": 128,
    "epochs": 30,
    "lr": 0.0005,
    "use_augmentation": false,
    "aug_num": 2,
    "run_id": 1,
    "seed": 42
  },
  "training_logs": {
    "train_losses": [
      0.012991998584270477,
      0.007927400835752487,
      0.006590738460123539,
      0.005890533781349659,
      0.005429455990493297,
      0.005187429633289576,
      0.0050235959112644194,
      0.004889570628255606,
      0.004764591525644064,
      0.004697904026508331,
      0.004595760268718004,
      0.004501187719106675,
      0.004448788474053144,
      0.004382258443534374,
      0.004325858560055494,
      0.004251483606398106,
      0.0041952062165737155,
      0.004152208148241043,
      0.004082307085394859,
      0.004028009599894285,
      0.003990087981820107,
      0.0039222536277771,
      0.003870620042681694,
      0.003820165528357029,
      0.0037719459534436466,
      0.003726369800940156,
      0.003682427283748984,
      0.0036287998915463687,
      0.003590040014013648,
      0.0035465044995397327
    ],
    "eval_losses": [
      0.005282646544277668,
      0.004490260202437639,
      0.004249694723635912,
      0.004020705677568913,
      0.003834029021114111,
      0.003656256216019392
    ],
    "psnr": [
      22.77390290222168,
      23.478647369384767,
      23.718040692138672,
      23.958844494628906,
      24.165160064697265,
      24.37187621459961
    ],
    "ssim": [
      0.9257270946502686,
      0.9340310935020447,
      0.9403127840042115,
      0.9458473047256469,
      0.9510626363754272,
      0.9535852739334106
    ],
    "best_epoch": 30,
    "best_step": null,
    "best_eval_loss": 0.003656256216019392
  },
  "test_results": {
    "test_loss": 0.003657470915466547,
    "test_psnr": 24.37577798461914,
    "test_ssim": 0.9540179708480835
  }
}