{
  "args": {
    "device": "cuda:6",
    "exp_home": "./results",
    "ds_name": "mnist",
    "mode": "denoising",
    "noise_std": 0.25,
    "down_scale": 2.0,
    "model_type": "conventional",
    "latent_dim": 784,
    "hidden_dims": [
      1150
    ],
    "wo_Win": false,
    "fix_Win": true,
    "I_Win": false,
    "batch_size": 128,
    "epochs": 100,
    "lr": 5e-05,
    "use_augmentation": false,
    "aug_num": 2,
    "run_id": 2,
    "seed": 42
  },
  "training_logs": {
    "train_losses": [
      0.05620848124563694,
      0.022260205461382868,
      0.015790686016976835,
      0.012806427333652974,
      0.011095769149065017,
      0.009986994176506996,
      0.009193898649811745,
      0.008603219947218896,
      0.008137406392246485,
      0.007775094453692436,
      0.007451117817461491,
      0.007194258814305067,
      0.006985766060054302,
      0.0067998875626921656,
      0.006645002166032791,
      0.006493947035968304,
      0.006373010986894369,
      0.006277659638673067,
      0.006169061095267534,
      0.006068923673480749,
      0.005994465264827013,
      0.005917567598372698,
      0.005862768561989069,
      0.005797074366509915,
      0.0057342119769752025,
      0.005687131796479225,
      0.005640063604414463,
      0.005597094640135765,
      0.00553790368810296,
      0.0055018709686398505,
      0.005462685565799475,
      0.005428085307627916,
      0.005391713066399097,
      0.00536902735427022,
      0.005348968463987112,
      0.0053054380917549136,
      0.005278439447879792,
      0.0052604448264837265,
      0.005227701704800129,
      0.0052135553878545765,
      0.00519521016523242,
      0.005164905540049076,
      0.005150111304670572,
      0.00512457131549716,
      0.005104463760256767,
      0.00509045669823885,
      0.005075163372159004,
      0.005045237981826067,
      0.005042876665890217,
      0.005031748452037573,
      0.0050126625108718875,
      0.0049988640114665035,
      0.004993389904499054,
      0.004982171155512333,
      0.0049645102442801,
      0.004955023666471243,
      0.0049430473606288435,
      0.004923208759725094,
      0.0049210405592620375,
      0.004911670740246773,
      0.004903410398364067,
      0.004899180931448937,
      0.004887182034403086,
      0.004869379761368036,
      0.0048597499938309195,
      0.004852300822734833,
      0.004848600139021874,
      0.00484555507004261,
      0.004832106125354767,
      0.004826479606330395,
      0.004824054945260286,
      0.0048205280394852165,
      0.0048209996885061265,
      0.004790845905095339,
      0.004794795717447996,
      0.004786468975841999,
      0.0047891646958887575,
      0.004784377477020025,
      0.004779159477502108,
      0.0047688235120475295,
      0.004764494023174047,
      0.004761878372579813,
      0.004751341105550528,
      0.004745306854099035,
      0.004748348082154989,
      0.004745384573340416,
      0.004737845552116633,
      0.004736702368855476,
      0.004734675900787115,
      0.004737523917257786,
      0.004725239353477955,
      0.004717033943235874,
      0.004721870770305395,
      0.0047233035668730735,
      0.004720528292357922,
      0.004719406708776951,
      0.004715974418967962,
      0.004710109921246767,
      0.0047064215761423115,
      0.00471861860409379
    ],
    "eval_losses": [
      0.010106444545090198,
      0.007318401871621609,
      0.006342431093007326,
      0.005857747150957584,
      0.005544665405154229,
      0.005329595631361008,
      0.005189178847521543,
      0.005070106185972691,
      0.004993899426609278,
      0.004921322009712458,
      0.004881919344514608,
      0.004816454587131739,
      0.004778247425705194,
      0.004758985067903995,
      0.0047384270898997785,
      0.004700716744363308,
      0.004707313308119774,
      0.004680229426920414,
      0.004684641343355179,
      0.004669029112905264
    ],
    "psnr": [
      19.95731409301758,
      21.359151266479493,
      21.98054547729492,
      22.325270700073244,
      22.563849075317382,
      22.735810165405272,
      22.851721774291992,
      22.95264593811035,
      23.01835930480957,
      23.081181588745117,
      23.116548211669922,
      23.174839413452148,
      23.209753775024414,
      23.227191040039063,
      23.246351599121095,
      23.28054101257324,
      23.2747091796875,
      23.299745532226563,
      23.29538385925293,
      23.31025832824707
    ],
    "ssim": [
      0.8194864404678345,
      0.8573129741668701,
      0.8766554809570313,
      0.8841543617248535,
      0.889919683933258,
      0.8950933504104615,
      0.9009875376701355,
      0.9003675344467164,
      0.9058200365066529,
      0.9059282669067383,
      0.9062806329727173,
      0.9075462804794312,
      0.9089942693710327,
      0.9101730756759644,
      0.9131341888427734,
      0.9119074970245361,
      0.9136673528671264,
      0.9116796250343323,
      0.9139686411857605,
      0.9129184324264527
    ],
    "best_epoch": 100,
    "best_step": null,
    "best_eval_loss": 0.004669029112905264
  },
  "test_results": {
    "test_loss": 0.00461427536085248,
    "test_psnr": 23.37041360168457,
    "test_ssim": 0.9155975979804992
  }
}