{
  "args": {
    "device": "cuda:7",
    "exp_home": "./results",
    "ds_name": "mnist",
    "mode": "denoising",
    "noise_std": 0.25,
    "down_scale": 2.0,
    "model_type": "conventional",
    "latent_dim": 784,
    "hidden_dims": [
      785,
      785,
      785,
      785,
      785,
      785
    ],
    "wo_Win": false,
    "fix_Win": false,
    "I_Win": false,
    "wo_Wout": false,
    "batch_size": 128,
    "epochs": 30,
    "lr": 0.001,
    "use_augmentation": false,
    "aug_num": 2,
    "run_id": 5,
    "seed": 42
  },
  "training_logs": {
    "train_losses": [
      0.018163820661306382,
      0.008102759270668029,
      0.006957152619510889,
      0.0063768453030288216,
      0.006050774354785681,
      0.0057943805082142355,
      0.005560247902423143,
      0.005389534662216902,
      0.005253940183222294,
      0.005121231148988008,
      0.005000152782350779,
      0.004892215755581856,
      0.0048012224669754505,
      0.004701412603259086,
      0.00462734054595232,
      0.004536732813417912,
      0.004472991378009319,
      0.004394750811755657,
      0.004323372316509485,
      0.004267270660400391,
      0.00420094641700387,
      0.004130189402103424,
      0.004079656055122614,
      0.004010779713690281,
      0.00394767883270979,
      0.003889455081373453,
      0.0038205386677384375,
      0.0037581117130815983,
      0.003701428143903613,
      0.003644571367278695
    ],
    "eval_losses": [
      0.0058769493713974955,
      0.005236057022958994,
      0.004623219512403011,
      0.004338672409951687,
      0.004067435566335917,
      0.0037842393659055233
    ],
    "psnr": [
      22.31071276245117,
      22.81215601196289,
      23.352350662231444,
      23.628203701782226,
      23.908594592285155,
      24.22197315979004
    ],
    "ssim": [
      0.9081888207435608,
      0.9159248121261596,
      0.9229837085723877,
      0.9267004909515381,
      0.9329201994895935,
      0.9371403778076172
    ],
    "best_epoch": 30,
    "best_step": null,
    "best_eval_loss": 0.0037842393659055233
  },
  "test_results": {
    "test_loss": 0.003755407515540719,
    "test_psnr": 24.26231051635742,
    "test_ssim": 0.9388890878677368
  }
}