{
  "args": {
    "device": "cuda:2",
    "exp_home": "./results",
    "ds_name": "mnist",
    "mode": "generative_classification",
    "noise_std": 0.25,
    "down_scale": 2.0,
    "model_type": "conventional",
    "latent_dim": 784,
    "hidden_dims": [
      1150
    ],
    "wo_Win": false,
    "fix_Win": true,
    "I_Win": false,
    "batch_size": 128,
    "epochs": 100,
    "lr": 5e-05,
    "use_augmentation": true,
    "aug_num": 2,
    "run_id": 1,
    "seed": 42
  },
  "training_logs": {
    "train_losses": [
      0.040309328657984735,
      0.01500647976577282,
      0.011626409513652325,
      0.010044622186720371,
      0.009002500321269036,
      0.008287121591567994,
      0.007695372731983662,
      0.0072035704484581945,
      0.006789265421032906,
      0.006432747841179371,
      0.006119588519632816,
      0.005826946446299553,
      0.005568233580589294,
      0.005349356644004584,
      0.0051460335795581345,
      0.004957535979300738,
      0.00477931192368269,
      0.004630374401062727,
      0.004492592482566834,
      0.004354394653886557,
      0.004223756946399808,
      0.004113969159424305,
      0.004010710260868073,
      0.003926106268316507,
      0.0038298914471268652,
      0.0037189905320107936,
      0.003654643071740866,
      0.003563857378959656,
      0.0034876601986587046,
      0.0034297394542396067,
      0.0033676151732355357,
      0.0033078056691586972,
      0.003261248711645603,
      0.0031840006464719773,
      0.0031424164452403783,
      0.0030951295307278634,
      0.0030429046238958837,
      0.002983824311941862,
      0.002945822208225727,
      0.0029101667706668377,
      0.0028788418698310852,
      0.002836087373197079,
      0.0027972009924054145,
      0.002762735400497913,
      0.0027377746095508335,
      0.0027014879332482814,
      0.002672674077153206,
      0.0026491407211124895,
      0.0026158272925019266,
      0.0025849324785917997,
      0.002557404194176197,
      0.0025515659654140473,
      0.0025124610166251658,
      0.0024900883515924215,
      0.0024600282648205756,
      0.002452318592220545,
      0.002428041667342186,
      0.0024147413136810063,
      0.0023898271238058807,
      0.0023713753045350315,
      0.002349561367928982,
      0.002340298088565469,
      0.002312764408439398,
      0.0022967980182170868,
      0.0022887020325660706,
      0.0022670946172624828,
      0.0022589225105941295,
      0.0022482413282990457,
      0.002224893174469471,
      0.0022090615157783033,
      0.00220135866291821,
      0.002187589294910431,
      0.0021820927029848097,
      0.0021734813298285006,
      0.0021531454357504843,
      0.002142792773395777,
      0.0021271854232996702,
      0.002122001766562462,
      0.002116490653380752,
      0.0021044951401650905,
      0.0021057254771888255,
      0.002094236700981855,
      0.0020803516817092895,
      0.0020654625218361616,
      0.0020556545910984277,
      0.0020480985433608294,
      0.002044823527187109,
      0.0020392002172023057,
      0.0020346477952599526,
      0.002020303940102458,
      0.002021922126561403,
      0.0020148108457773923,
      0.002006946886330843,
      0.002000409461632371,
      0.0020007358866930007,
      0.0019926848439127207,
      0.0019864535720646383,
      0.0019771281220763923,
      0.0019807161520421506,
      0.0019715298582613466
    ],
    "eval_losses": [
      0.008952627466619015,
      0.00720061254799366,
      0.006342840875685215,
      0.0059143313676118855,
      0.00570139080286026,
      0.00548620908036828,
      0.005323394826799631,
      0.005270830954611301,
      0.005151674173772335,
      0.005082653649151325,
      0.005100312979519368,
      0.00502847517952323,
      0.005045149726420641,
      0.005069606515020132,
      0.004979302333295345,
      0.004979988708347082,
      0.005006601918488741,
      0.0049492210663855075,
      0.004912594519555569,
      0.004931199390441179
    ],
    "psnr": [
      20.53052053527832,
      21.489949505615236,
      22.054722647094728,
      22.366966567993163,
      22.522849154663085,
      22.695011358642578,
      22.826006326293946,
      22.87636268005371,
      22.976219918823244,
      23.042699209594726,
      23.01429518737793,
      23.086350659179686,
      23.0695234375,
      23.046532125854494,
      23.127747543334962,
      23.129649407958983,
      23.105198211669922,
      23.157587631225585,
      23.19180767211914,
      23.17259646606445
    ],
    "best_epoch": 95,
    "best_step": null,
    "best_eval_loss": 0.004912594519555569
  },
  "test_results": {
    "test_loss": 0.004792005568370223,
    "test_psnr": 23.64822227783203
  }
}