{
  "args": {
    "device": "cuda:0",
    "exp_home": "./results",
    "ds_name": "mnist",
    "mode": "generative_classification",
    "noise_std": 0.25,
    "down_scale": 2.0,
    "model_type": "conventional",
    "latent_dim": 784,
    "hidden_dims": [
      1150,
      1150,
      1150,
      1150
    ],
    "wo_Win": false,
    "fix_Win": false,
    "I_Win": true,
    "batch_size": 128,
    "epochs": 100,
    "lr": 0.0001,
    "use_augmentation": false,
    "aug_num": 2,
    "run_id": 2,
    "seed": 42
  },
  "training_logs": {
    "train_losses": [
      0.016088972152024508,
      0.003910540536195039,
      0.002722307517975569,
      0.002213442803658545,
      0.001741602153107524,
      0.0014557112180814146,
      0.0013993079533055424,
      0.0012065267498418688,
      0.0010915165340527892,
      0.0009681112779304386,
      0.000858769512437284,
      0.000792894309675321,
      0.0007764285481721163,
      0.0007150377614423632,
      0.000754529848145321,
      0.0006407896195724606,
      0.0005666775080282241,
      0.000516853005932644,
      0.0005442491211881861,
      0.0005665490843728185,
      0.0005048416653648019,
      0.0004508244021609426,
      0.00042986913212575016,
      0.0004662149050668813,
      0.00045563870165497063,
      0.00034000329298665747,
      0.0003125140125863254,
      0.0004285493511753157,
      0.000387800013711676,
      0.0003493312052683905,
      0.0002481056694081053,
      0.0003004089380067308,
      0.00031318694244138895,
      0.00032355595343746245,
      0.00021254102741600947,
      0.0002941769787110388,
      0.00027836062531452624,
      0.0002519788636197336,
      0.0002460757027938962,
      0.00023447007223963736,
      0.00023306800031801687,
      0.0002187801782786846,
      0.00022914284508675337,
      0.0001748928562924266,
      0.00018676507739350199,
      0.00017602008488727734,
      0.00013891322430921717,
      0.00016842755500227213,
      0.00014480471667367966,
      0.00014915906416252254,
      0.00014763031611219048,
      0.0001483628799812868,
      0.00015889637035783382,
      0.00015896206710021944,
      0.00014070632791612298,
      0.00011822595863603056,
      9.629488795530051e-05,
      7.049079525051638e-05,
      0.0001282431893609464,
      7.592959049041383e-05,
      8.853509938693605e-05,
      7.998309859191067e-05,
      0.00010780294514610432,
      9.174250595038757e-05,
      0.0001241657364484854,
      6.997187159140594e-05,
      8.09343604312744e-05,
      6.864695739757735e-05,
      6.669266310113016e-05,
      4.8747506944928316e-05,
      4.5353562479140234e-05,
      6.902637624589261e-05,
      6.142794354818761e-05,
      6.182112573587801e-05,
      5.225742475886363e-05,
      6.0051989088533446e-05,
      4.001447393908165e-05,
      4.783693875011522e-05,
      4.211007670906838e-05,
      4.087106808903627e-05,
      3.949690507608466e-05,
      3.788515377265867e-05,
      4.5563527593039905e-05,
      3.892061619029846e-05,
      3.882785164052621e-05,
      3.428166955825873e-05,
      3.0793371545441916e-05,
      3.111575586954132e-05,
      3.443502144364174e-05,
      2.8164203878259286e-05,
      2.711891629558522e-05,
      2.5120267292368225e-05,
      2.752353178453632e-05,
      2.362190235638991e-05,
      2.374840726464754e-05,
      2.315372116951039e-05,
      2.2171004798146897e-05,
      2.184999121935107e-05,
      2.133543653792003e-05,
      2.0974456332041882e-05
    ],
    "eval_losses": [
      0.002901858801394701,
      0.0023356201611459257,
      0.002116164482012391,
      0.002327916132286191,
      0.0023488249530550093,
      0.0021070161108393223,
      0.0020743350079748778,
      0.001844399874820374,
      0.0018900340501219034,
      0.0018638918547192588,
      0.001822678981698118,
      0.0017508640747983008,
      0.001667427817848511,
      0.0017153566617751493,
      0.002000779560324736,
      0.0016965067794313653,
      0.001606822748342529,
      0.0015851666428497993,
      0.0016117886703781552,
      0.0016913879556464963
    ],
    "psnr": [
      25.91198438720703,
      27.140651837158202,
      27.63818182373047,
      27.248154479980467,
      27.027721325683594,
      27.897636041259766,
      28.166953482055664,
      28.867538763427735,
      28.96326633911133,
      28.889000244140625,
      29.016599517822264,
      29.28880440979004,
      29.60675938720703,
      29.634440811157226,
      28.444280572509765,
      29.719019647216797,
      30.19048154296875,
      29.90649370727539,
      30.242038024902342,
      29.876251940917967
    ],
    "best_epoch": 90,
    "best_step": null,
    "best_eval_loss": 0.0015851666428497993
  },
  "test_results": {
    "test_loss": 0.0016137127585476264,
    "test_psnr": 32.8170440246582
  }
}