{
  "args": {
    "device": "cuda:0",
    "exp_home": "./results",
    "ds_name": "mnist",
    "mode": "denoising",
    "noise_std": 0.25,
    "down_scale": 2.0,
    "model_type": "conventional",
    "latent_dim": 784,
    "hidden_dims": [
      785,
      785
    ],
    "wo_Win": true,
    "fix_Win": false,
    "I_Win": false,
    "wo_Wout": true,
    "batch_size": 128,
    "epochs": 30,
    "lr": 0.0001,
    "use_augmentation": false,
    "aug_num": 2,
    "run_id": 4,
    "seed": 42
  },
  "training_logs": {
    "train_losses": [
      0.034380535925328734,
      0.011546070266366004,
      0.008565923680365085,
      0.007292849425375462,
      0.006570983294695616,
      0.006104929876029491,
      0.005815379272848368,
      0.005573259389996529,
      0.005400176780223846,
      0.005259515737444162,
      0.005135626810491085,
      0.005050612324774265,
      0.004965838046520949,
      0.0049001417788863185,
      0.004834893917739391,
      0.004777793288826942,
      0.004737914586365223,
      0.004695456472337246,
      0.004658056890070438,
      0.004623860520422459,
      0.0045984481872618195,
      0.004569262837320566,
      0.004538577433824539,
      0.004533634405881166,
      0.004513105747848749,
      0.004490425281822682,
      0.004478179330825806,
      0.00446389132425189,
      0.004464478469640016,
      0.004455831495821476
    ],
    "eval_losses": [
      0.006025323028117418,
      0.004984373410791158,
      0.00464205317646265,
      0.004488962987810373,
      0.0043974984221160415,
      0.004355353634804487
    ],
    "psnr": [
      22.20281087036133,
      23.02626390686035,
      23.335311346435546,
      23.480769119262696,
      23.57014061279297,
      23.61208076171875
    ],
    "ssim": [
      0.8330678552627564,
      0.8784200428009034,
      0.8975918268203735,
      0.9077074237823486,
      0.9106207436561584,
      0.9141060752868653
    ],
    "best_epoch": 30,
    "best_step": null,
    "best_eval_loss": 0.004355353634804487
  },
  "test_results": {
    "test_loss": 0.004316332035884261,
    "test_psnr": 23.659877005004883,
    "test_ssim": 0.9159277178764343
  }
}