{
  "args": {
    "device": "cuda:3",
    "exp_home": "./results",
    "ds_name": "mnist",
    "mode": "generative_classification",
    "noise_std": 0.25,
    "down_scale": 2.0,
    "model_type": "conventional",
    "latent_dim": 784,
    "hidden_dims": [
      1150,
      1150,
      1150,
      1150,
      1150,
      1150,
      1150,
      1150,
      1150,
      1150
    ],
    "wo_Win": false,
    "fix_Win": false,
    "I_Win": false,
    "batch_size": 128,
    "epochs": 200,
    "lr": 0.0005,
    "use_augmentation": true,
    "aug_num": 2,
    "run_id": 2,
    "seed": 42
  },
  "training_logs": {
    "train_losses": [
      0.012233089110255242,
      0.00614637867346406,
      0.0052477870477736,
      0.005084613128006459,
      0.004344915284663439,
      0.004176571881473064,
      0.003620594576969743,
      0.003538058368638158,
      0.0029865399537235496,
      0.003301406244710088,
      0.002734233777150512,
      0.0024813291435688734,
      0.002804956993982196,
      0.0027743756459653376,
      0.0023429300884902477,
      0.0022218576517701147,
      0.002202718981988728,
      0.0020895046742632987,
      0.0020929794355854393,
      0.001993525035828352,
      0.0017960486598499119,
      0.0017084416704252362,
      0.0016744659236818552,
      0.0016007771637663246,
      0.0016558190798386932,
      0.0016028698648884892,
      0.0017786154657416047,
      0.0016400495111197233,
      0.001475841117426753,
      0.001337224356085062,
      0.0013740395901352168,
      0.0019087856267765164,
      0.001249007243104279,
      0.0011595187302865088,
      0.001171704330276698,
      0.001160525617748499,
      0.001198682398572564,
      0.0011399852452054619,
      0.001302539214529097,
      0.0010994927479699255,
      0.0011022526948712766,
      0.0012132049269229174,
      0.0010351819359883667,
      0.0009629658083431423,
      0.0013367967760190367,
      0.001360061371270567,
      0.0010289615205489099,
      0.001136075076572597,
      0.0009185122175328433,
      0.0009442353030107916,
      0.0008739244424924254,
      0.00090377286426723,
      0.0008154068660736084,
      0.0008149064333364367,
      0.0013576462916098536,
      0.000750283736884594,
      0.0011751034052483737,
      0.0008498345404118299,
      0.0008081228309497237,
      0.0009945088779181241,
      0.0007747468055039644,
      0.0007979417891055345,
      0.0006937676182575523,
      0.0006657348076067865,
      0.0006713410620577633,
      0.0006785897805541754,
      0.0006804402241669596,
      0.0008201388726197183,
      0.0006537739105522632,
      0.0006386436210293323,
      0.0006584784109517932,
      0.0005682707855291665,
      0.0006840481252595782,
      0.0005800596204400063,
      0.0008047812359314412,
      0.0005931455568224191,
      0.0005656581438332796,
      0.0005306464223843067,
      0.0006253804369829595,
      0.0005439340102765709,
      0.0004555470547545701,
      0.0006672061260975898,
      0.00044426188511773946,
      0.0005539779935684055,
      0.0004543813304323703,
      0.0005800594494864345,
      0.000512264008121565,
      0.0005375240186136215,
      0.0007378389759175479,
      0.00038893737823702396,
      0.0004307200572360307,
      0.00041307275923900305,
      0.0005415285217203199,
      0.00043536184441298246,
      0.00041288775965571406,
      0.0004057928975392133,
      0.0004762232107575983,
      0.00038464881530962886,
      0.0003751128299627453,
      0.00043840751622803507,
      0.000909311976665631,
      0.0003804202260263264,
      0.00038024711166508495,
      0.00038287582948803904,
      0.00031792456625029446,
      0.00036234153671190145,
      0.00044691667838953433,
      0.0006290342285856605,
      0.0003635288897715509,
      0.00027312887272797526,
      0.00032997942896559833,
      0.00031649260033853353,
      0.0003260174695868045,
      0.0003517907452583313,
      0.0002755732545349747,
      0.0003268876349367201,
      0.0002838119350466877,
      0.00032678398624993863,
      0.0002963745298050344,
      0.0003834200133290142,
      0.0003149890233576298,
      0.000275252780886367,
      0.0002473252895474434,
      0.0004345584211871028,
      0.00027403676455840467,
      0.0003007816357910633,
      0.0002239560843911022,
      0.0002897304544970393,
      0.00022773328641429545,
      0.00022028956627473235,
      0.00023324128068983555,
      0.000195973041895777,
      0.00026970097007229923,
      0.0002994250671006739,
      0.00022124740466475488,
      0.00020488613401539624,
      0.00020298499488271773,
      0.00021159465217962861,
      0.0002117265463154763,
      0.00018508778852876275,
      0.00018833727534860374,
      0.0001740697931824252,
      0.00018637533738277852,
      0.00017002727790270001,
      0.00019855032342020422,
      0.00019702235120814293,
      0.0001397287874016911,
      0.00019772695544175803,
      0.00018959184107370674,
      0.00017254597111605107,
      0.00023449895811267197,
      0.00016542613898869605,
      0.00015942062178160997,
      0.00014407851933967322,
      0.0001560062019713223,
      0.00014611895298119636,
      0.00012365966998506336,
      0.00014428170930128544,
      0.00015308800723403692,
      0.00012154407984111458,
      0.00012042914032004773,
      0.0001365122889308259,
      0.00012171306738164276,
      0.00011377655237447471,
      0.00011350120320916176,
      0.00011410607383120806,
      0.00011773703065700829,
      0.00010482571999076754,
      9.341663729399443e-05,
      0.00011191316834185273,
      0.000116372851729393,
      0.00010778086872305721,
      9.799784703180193e-05,
      0.00010131772165652365,
      7.840159198269248e-05,
      8.63483964977786e-05,
      8.897115064784885e-05,
      8.074817519634962e-05,
      8.239947435446083e-05,
      8.366740462835878e-05,
      7.709315922111272e-05,
      7.58555793715641e-05,
      7.104342456907033e-05,
      7.186676494777203e-05,
      7.050993177574128e-05,
      6.908358430955559e-05,
      6.834944498259574e-05,
      6.811383481603115e-05,
      6.697544251102954e-05,
      6.330562012270093e-05,
      6.537003627512604e-05,
      6.369069230277092e-05,
      6.328761522192509e-05,
      6.323466871399432e-05,
      6.251584316138179e-05,
      6.061803665012121e-05,
      6.0542802601121364e-05,
      5.99177264329046e-05,
      6.161825459450484e-05,
      5.943957716692239e-05
    ],
    "eval_losses": [
      0.004372802618145943,
      0.0033653168953955174,
      0.003143987590074539,
      0.0030556607833132146,
      0.0029915779983624817,
      0.0029097555965185164,
      0.0024711855897679926,
      0.002926962134242058,
      0.004611727687716484,
      0.0027616672452539207,
      0.002513308096304536,
      0.0025121901135891677,
      0.002456335990456864,
      0.0022952941929921507,
      0.0022157739739865063,
      0.0020781972194090486,
      0.0023420848976820705,
      0.0021881404604762794,
      0.0022048749493435026,
      0.013573319971561432,
      0.0022733559728600086,
      0.002084698924142867,
      0.0023436388803645966,
      0.002092147918511182,
      0.002194405357912183,
      0.002184696331899613,
      0.0019865439916495232,
      0.0022016694434452803,
      0.0021672386175952854,
      0.0020410062657669186,
      0.0021774213325348683,
      0.0019097706724889576,
      0.001907852089148946,
      0.0020649411003571005,
      0.0019217697899322956,
      0.001890123137854971,
      0.0018856199031462894,
      0.0018401802135398612,
      0.001877946221001912,
      0.0018614038067520597
    ],