{
  "args": {
    "device": "cuda:6",
    "exp_home": "./results",
    "ds_name": "mnist",
    "mode": "denoising",
    "noise_std": 0.25,
    "down_scale": 2.0,
    "model_type": "conventional",
    "latent_dim": 784,
    "hidden_dims": [
      1150
    ],
    "wo_Win": false,
    "fix_Win": true,
    "I_Win": false,
    "batch_size": 128,
    "epochs": 100,
    "lr": 0.0001,
    "use_augmentation": false,
    "aug_num": 2,
    "run_id": 1,
    "seed": 42
  },
  "training_logs": {
    "train_losses": [
      0.040466338788867,
      0.014850687969326972,
      0.010885744704604149,
      0.00917283558756113,
      0.00818679627597332,
      0.007530387308746576,
      0.007081934095919132,
      0.006752100191265344,
      0.006478512822836638,
      0.006277458134442568,
      0.006085634230971336,
      0.005939940125793218,
      0.005826004532128572,
      0.00570201083689928,
      0.0056200403375923635,
      0.005527512387633324,
      0.005454904322475195,
      0.00539273831114173,
      0.005319184368550778,
      0.00526397319868207,
      0.005224864204078913,
      0.0051737784740328785,
      0.005119896414875984,
      0.0050905261301994326,
      0.005055092443674802,
      0.005022908281236887,
      0.004989004052430392,
      0.004952573062032461,
      0.0049296019971370696,
      0.00490040061995387,
      0.00487874619871378,
      0.004862525966316461,
      0.00482701008990407,
      0.004818757601827383,
      0.004791323681324721,
      0.004765075003951788,
      0.004757447728961706,
      0.004747085792273283,
      0.004717533915489912,
      0.0046982337437570095,
      0.00469158729866147,
      0.004670900441855193,
      0.004657803076058626,
      0.004650888837277889,
      0.004638202372938395,
      0.004626562466323376,
      0.004599682524353266,
      0.0045978410036861895,
      0.004584187842905521,
      0.004579589507877827,
      0.004563532968908548,
      0.00455242395401001,
      0.004539655009806156,
      0.004539398641735315,
      0.004529654889851809,
      0.004517839176952839,
      0.004503156107515097,
      0.004493730815500021,
      0.004496742267459631,
      0.004477952266633511,
      0.00448215896949172,
      0.004464551438093186,
      0.004458406747728586,
      0.00445568903312087,
      0.004448120652884245,
      0.00445021549731493,
      0.004434434619545936,
      0.00442197569027543,
      0.004415412240475416,
      0.004425671012103558,
      0.0044157543444633485,
      0.004413190296292305,
      0.004401792371571064,
      0.004394334357678891,
      0.004392395421117544,
      0.004380747678726911,
      0.004372926914840937,
      0.004373333379328251,
      0.00437001571521163,
      0.0043625119610130785,
      0.004367888129651547,
      0.004354064138531685,
      0.004344606808274984,
      0.004338574001044035,
      0.004336572672128678,
      0.004338707257509232,
      0.00434276408135891,
      0.004320307219028473,
      0.004333662443310023,
      0.004325030264109373,
      0.0043300744971632955,
      0.004317203569710255,
      0.004317327674627304,
      0.00431717854782939,
      0.0043097476883232596,
      0.004312419361174107,
      0.004302791631370783,
      0.0043087324219942096,
      0.0042981431502103805,
      0.004292592410892248
    ],
    "eval_losses": [
      0.007499025765061378,
      0.005979128164798021,
      0.005389068200439215,
      0.005110204461216927,
      0.004936174119263888,
      0.004798024194687605,
      0.004687384482473135,
      0.004628221805393696,
      0.004563312002271414,
      0.004528477581590414,
      0.004464183738082647,
      0.0044359536655247216,
      0.004418341381847858,
      0.004390193454921245,
      0.004373083318769932,
      0.004349834870547056,
      0.004335875657945872,
      0.004317420642077923,
      0.00432076088860631,
      0.004309993963688612
    ],
    "psnr": [
      21.25321904296875,
      22.236327569580077,
      22.687587963867188,
      22.91819838256836,
      23.068204473876953,
      23.191810705566407,
      23.293383865356446,
      23.347726693725587,
      23.409410806274416,
      23.44320371398926,
      23.504691958618164,
      23.53287895812988,
      23.549911654663084,
      23.577288885498046,
      23.594459561157226,
      23.61754154663086,
      23.631588821411132,
      23.650120553588867,
      23.646645245361327,
      23.657476751708984
    ],
    "ssim": [
      0.8488483953475953,
      0.8731048066139221,
      0.8870333980560303,
      0.896050227546692,
      0.9057084440231323,
      0.901203205871582,
      0.9118004251480103,
      0.9091945148468018,
      0.9163131947517396,
      0.9173498477935791,
      0.9163140682220459,
      0.9198748449325561,
      0.9183774194717407,
      0.9217311533927918,
      0.9210638305664063,
      0.9212942778587341,
      0.9208852647781373,
      0.9239767873764038,
      0.924325622844696,
      0.9231417247772217
    ],
    "best_epoch": 100,
    "best_step": null,
    "best_eval_loss": 0.004309993963688612
  },
  "test_results": {
    "test_loss": 0.004282261665910482,
    "test_psnr": 23.692896655273437,
    "test_ssim": 0.9248489948272705
  }
}