{
  "args": {
    "device": "cuda:9",
    "exp_home": "./results",
    "ds_name": "mnist",
    "mode": "generative_classification",
    "noise_std": 0.25,
    "down_scale": 2.0,
    "model_type": "conventional",
    "latent_dim": 784,
    "hidden_dims": [
      2870,
      2870
    ],
    "wo_Win": true,
    "fix_Win": false,
    "I_Win": false,
    "wo_Wout": true,
    "batch_size": 128,
    "epochs": 50,
    "lr": 0.005,
    "use_augmentation": false,
    "aug_num": 2,
    "run_id": 1,
    "seed": 42
  },
  "training_logs": {
    "train_losses": [
      0.03373160900592804,
      0.02331342393040657,
      0.021059056172370912,
      0.01926562010228634,
      0.018916225001215935,
      0.018838583925962448,
      0.018280040432214737,
      0.017511940032839776,
      0.017470845832824707,
      0.01681728399217129,
      0.016414354590773582,
      0.016135092261731626,
      0.016013982782661914,
      0.01604976841300726,
      0.015586860122680663,
      0.014983590396046638,
      0.015454199756383897,
      0.014850519970059395,
      0.014822396798431873,
      0.014597681038677692,
      0.014289810718894005,
      0.013896829425394535,
      0.013648266059458255,
      0.013373963856399058,
      0.013309599461555481,
      0.012927569187283517,
      0.012821957072615624,
      0.012866245223879814,
      0.012694855452775955,
      0.012346552890241147,
      0.012401470723748207,
      0.01217118848770857,
      0.01209917659163475,
      0.011769697070121765,
      0.0117377672752738,
      0.011675211397111416,
      0.011522211706638336,
      0.011347536365687846,
      0.011254061282873153,
      0.011099207825958728,
      0.011024007865488529,
      0.010940722588002681,
      0.010838922816812991,
      0.01074346904784441,
      0.010686368712484837,
      0.01062854030519724,
      0.010534759334623814,
      0.010447995587289333,
      0.010458227035999298,
      0.010398897252380848
    ],
    "eval_losses": [
      0.01901750910580158,
      0.018859401440620423,
      0.017181849336624144,
      0.016838856045901775,
      0.015448658028244973,
      0.01485529388487339,
      0.014352283798158168,
      0.014168116490542889,
      0.013868896709382534,
      0.013345652972161769
    ],
    "psnr": [
      17.248386837768553,
      17.283793933105468,
      17.699074658203124,
      17.783470162963866,
      18.167373748779298,
      18.33232620239258,
      18.48088635864258,
      18.530250091552734,
      18.624289932250978,
      18.791263232421876
    ],
    "ssim": [
      0.8863176774978637,
      0.8865906580924988,
      0.8961313273429871,
      0.8985622262954712,
      0.9066482542991638,
      0.9105669641494751,
      0.9128943653106689,
      0.9143084197998047,
      0.9155305419921875,
      0.918305385684967
    ],
    "best_epoch": 50,
    "best_step": null,
    "best_eval_loss": 0.013345652972161769
  },
  "test_results": {
    "test_loss": 0.013163469828665257,
    "test_psnr": 18.90488967895508,
    "test_ssim": 0.9189712160110474
  }
}