{
  "args": {
    "device": "cuda:9",
    "exp_home": "./results",
    "ds_name": "mnist",
    "mode": "generative_classification",
    "noise_std": 0.25,
    "down_scale": 2.0,
    "model_type": "conventional",
    "latent_dim": 784,
    "hidden_dims": [
      905,
      905,
      905,
      905
    ],
    "wo_Win": true,
    "fix_Win": false,
    "I_Win": false,
    "wo_Wout": true,
    "batch_size": 128,
    "epochs": 50,
    "lr": 0.0001,
    "use_augmentation": false,
    "aug_num": 2,
    "run_id": 2,
    "seed": 42
  },
  "training_logs": {
    "train_losses": [
      0.01897128659248352,
      0.004370173840746283,
      0.0028729157522320746,
      0.002107582254074514,
      0.0016762509369850158,
      0.001281947996020317,
      0.0011699742333218456,
      0.00096603081792593,
      0.000873824010528624,
      0.0008015048754215241,
      0.0006275197882950306,
      0.000584650819990784,
      0.0005232774326950311,
      0.0005372569313272834,
      0.0005004300816170872,
      0.0003727332828193903,
      0.00037951209949329493,
      0.0004160199132375419,
      0.00036832334361504765,
      0.0003187966438522562,
      0.0003825624470459297,
      0.0003071518490090966,
      0.00027292409970890733,
      0.0002641146139148623,
      0.0002082296348363161,
      0.00019353221647441386,
      0.00019243911312660203,
      0.00020835034522693604,
      0.00022666962923482061,
      0.00018644935474032537,
      0.00017951657163444907,
      0.00014335257493890821,
      0.000134955543349497,
      0.00011617677389178425,
      0.00011591024226974695,
      0.00012576045222813264,
      9.358161812415346e-05,
      9.51854715263471e-05,
      7.474278428358957e-05,
      9.065910313162021e-05,
      7.484753482509404e-05,
      8.48181550949812e-05,
      7.171015779604204e-05,
      7.047876137308776e-05,
      6.507643367745914e-05,
      6.322875272482634e-05,
      5.875464442768134e-05,
      5.461930489749648e-05,
      5.680545359500684e-05,
      5.301326323999092e-05
    ],
    "eval_losses": [
      0.004347925513610244,
      0.0037532144736498593,
      0.0036890772819519043,
      0.0040340325647266586,
      0.0034137653414392844,
      0.0032245897495537064,
      0.0028466727321385405,
      0.0034931302939192393,
      0.0031239426035201178,
      0.0029164570271328558
    ],
    "psnr": [
      24.016763360595704,
      24.784038806152342,
      24.86379821472168,
      24.414354455566407,
      25.26723880004883,
      25.746994860839845,
      26.459424871826172,
      25.250086218261718,
      25.89455767211914,
      26.51284659423828
    ],
    "ssim": [
      0.9528516119003296,
      0.9684313703536988,
      0.9721453485488891,
      0.9726748361587524,
      0.9763947177886962,
      0.9787035444259643,
      0.9811893180847168,
      0.9783211343765259,
      0.9803160779953003,
      0.9815212648391723
    ],
    "best_epoch": 35,
    "best_step": null,
    "best_eval_loss": 0.0028466727321385405
  },
  "test_results": {
    "test_loss": 0.00296852969424217,
    "test_psnr": 27.188778997802736,
    "test_ssim": 0.9808907073020935
  }
}