{
  "args": {
    "device": "cuda:6",
    "exp_home": "./results",
    "ds_name": "mnist",
    "mode": "denoising",
    "noise_std": 0.25,
    "down_scale": 2.0,
    "model_type": "conventional",
    "latent_dim": 784,
    "hidden_dims": [
      2870,
      2870,
      2870
    ],
    "wo_Win": false,
    "fix_Win": false,
    "I_Win": false,
    "wo_Wout": false,
    "batch_size": 128,
    "epochs": 30,
    "lr": 0.0005,
    "use_augmentation": false,
    "aug_num": 2,
    "run_id": 3,
    "seed": 42
  },
  "training_logs": {
    "train_losses": [
      0.016962948641479014,
      0.007169489375203848,
      0.00622799094080925,
      0.0057668728792667386,
      0.0054653628519177435,
      0.005319883966892957,
      0.005187263141721487,
      0.005059066591858864,
      0.0049335305342078205,
      0.004843058472722769,
      0.004772452568858862,
      0.004691811830997467,
      0.0045882143937051294,
      0.004539861963391304,
      0.004460475074797869,
      0.004405389230400324,
      0.0043331082297861576,
      0.004273336370885372,
      0.004202250492870808,
      0.004146114103794098,
      0.004083869984000921,
      0.004029552121311426,
      0.003966194270849228,
      0.003925836226791143,
      0.003861176712140441,
      0.0038088833072036504,
      0.0037479742397367954,
      0.003699568284153938,
      0.0036430668442696333,
      0.0035988821333646772
    ],
    "eval_losses": [
      0.0053130494169890885,
      0.004757956749200821,
      0.004425927265733481,
      0.0041774363912642,
      0.0039612985797226425,
      0.0037489738658070563
    ],
    "psnr": [
      22.748596868896485,
      23.227975003051757,
      23.542289883422853,
      23.79289994506836,
      24.023664318847658,
      24.263104937744142
    ],
    "ssim": [
      0.8950641554832458,
      0.9203069111824036,
      0.9198272523880004,
      0.9260736335754395,
      0.9313708263397217,
      0.9378290954589844
    ],
    "best_epoch": 30,
    "best_step": null,
    "best_eval_loss": 0.0037489738658070563
  },
  "test_results": {
    "test_loss": 0.0037200461320579053,
    "test_psnr": 24.30341013793945,
    "test_ssim": 0.9394573666572571
  }
}