{
  "args": {
    "device": "cuda:6",
    "exp_home": "./results",
    "ds_name": "mnist",
    "mode": "denoising",
    "noise_std": 0.25,
    "down_scale": 2.0,
    "model_type": "conventional",
    "latent_dim": 784,
    "hidden_dims": [
      1150,
      1150
    ],
    "wo_Win": false,
    "fix_Win": false,
    "I_Win": false,
    "wo_Wout": false,
    "batch_size": 128,
    "epochs": 30,
    "lr": 0.0001,
    "use_augmentation": false,
    "aug_num": 2,
    "run_id": 3,
    "seed": 42
  },
  "training_logs": {
    "train_losses": [
      0.03190818438231945,
      0.011333727556169033,
      0.008606831514835357,
      0.007387406346201897,
      0.006694026985913515,
      0.006260675644129515,
      0.005935677437484264,
      0.005714933556318283,
      0.005507844551503658,
      0.005362761791795492,
      0.005246189812719822,
      0.005125986313521862,
      0.005016700927019119,
      0.004952196639329195,
      0.004883162800520658,
      0.0048219667927920816,
      0.004768572731614113,
      0.004718114146441221,
      0.004674905881583691,
      0.004620760159492493,
      0.004585769104957581,
      0.004558031240701675,
      0.00452708101183176,
      0.004502925982773304,
      0.004472466416954994,
      0.004448269074559212,
      0.004428008614629507,
      0.00441323691740632,
      0.004390092011988163,
      0.0043820952810347084
    ],
    "eval_losses": [
      0.006308183626830578,
      0.00518134381249547,
      0.0047719724461436274,
      0.004609347204118967,
      0.004444957391917705,
      0.004390571308881044
    ],
    "psnr": [
      22.004318728637696,
      22.8583982421875,
      23.215400323486328,
      23.366139074707032,
      23.523728103637694,
      23.577188696289063
    ],
    "ssim": [
      0.8709439789772033,
      0.8986091641426086,
      0.9085566446304322,
      0.9109683790206909,
      0.9172646968841552,
      0.9204371573448181
    ],
    "best_epoch": 30,
    "best_step": null,
    "best_eval_loss": 0.004390571308881044
  },
  "test_results": {
    "test_loss": 0.004328467782586813,
    "test_psnr": 23.648690838623047,
    "test_ssim": 0.9228342917442321
  }
}