{
  "args": {
    "device": "cuda:0",
    "exp_home": "./results",
    "ds_name": "mnist",
    "mode": "denoising",
    "noise_std": 0.25,
    "down_scale": 2.0,
    "model_type": "conventional",
    "latent_dim": 784,
    "hidden_dims": [
      2870,
      2870,
      2870
    ],
    "wo_Win": true,
    "fix_Win": false,
    "I_Win": false,
    "wo_Wout": true,
    "batch_size": 128,
    "epochs": 30,
    "lr": 0.005,
    "use_augmentation": false,
    "aug_num": 2,
    "run_id": 4,
    "seed": 42
  },
  "training_logs": {
    "train_losses": [
      0.10613212809562683,
      0.10036218177080154,
      0.09449856504917145,
      0.08934987359523773,
      0.08728946116685868,
      0.08622920516490937,
      0.08405956940412522,
      0.08002073745012284,
      0.07776515993833542,
      0.07640632448911668,
      0.07532696702718734,
      0.07462793639659882,
      0.07398136923074722,
      0.07349729229688644,
      0.07339778965234757,
      0.07256387288570404,
      0.07215928137779236,
      0.07172181524276733,
      0.07148891724824906,
      0.07097480704069138,
      0.07093976043462753,
      0.07049641773700714,
      0.06958618418216705,
      0.06901488471984864,
      0.06844223143577575,
      0.06795737403392792,
      0.06763345671176911,
      0.06690356798648835,
      0.06627420440912246,
      0.06590524847030639
    ],
    "eval_losses": [
      0.08568445702791214,
      0.07462832421064376,
      0.07172893043756486,
      0.06981103106737137,
      0.06734321147203445,
      0.06481675544977188
    ],
    "psnr": [
      10.67482956237793,
      11.27514800415039,
      11.44710555267334,
      11.56471808013916,
      11.720941925048828,
      11.886776483154296
    ],
    "ssim": [
      0.5207805938720703,
      0.5696060173034668,
      0.5814390632629395,
      0.5903498992919922,
      0.6020582851409912,
      0.6124677223205567
    ],
    "best_epoch": 30,
    "best_step": null,
    "best_eval_loss": 0.06481675544977188
  },
  "test_results": {
    "test_loss": 0.06597553378343582,
    "test_psnr": 11.83714986114502,
    "test_ssim": 0.6106723181724548
  }
}