{
  "args": {
    "device": "cuda:9",
    "exp_home": "./results",
    "ds_name": "mnist",
    "mode": "generative_classification",
    "noise_std": 0.25,
    "down_scale": 2.0,
    "model_type": "conventional",
    "latent_dim": 784,
    "hidden_dims": [
      1470,
      1470,
      1470,
      1470,
      1470
    ],
    "wo_Win": true,
    "fix_Win": false,
    "I_Win": false,
    "wo_Wout": true,
    "batch_size": 128,
    "epochs": 50,
    "lr": 0.001,
    "use_augmentation": false,
    "aug_num": 2,
    "run_id": 2,
    "seed": 42
  },
  "training_logs": {
    "train_losses": [
      0.012306255787312984,
      0.006590263765305281,
      0.005195707177817821,
      0.004594354503378272,
      0.0038497806826233863,
      0.0035274964455515147,
      0.003442532557621598,
      0.003078931027278304,
      0.002831400004327297,
      0.0028627952729165553,
      0.00260193680241704,
      0.0024447005870938303,
      0.0023137986209988593,
      0.002113101429566741,
      0.0019967474891990425,
      0.002048187253624201,
      0.0020207756118476392,
      0.001666366067007184,
      0.0017598627907410263,
      0.0015524625783786177,
      0.001548106445632875,
      0.0013668635815382005,
      0.0018991090389341115,
      0.0014894856943562626,
      0.0013429953764379024,
      0.0011983839965611697,
      0.0010573659750074149,
      0.001056575301401317,
      0.0009845864478126168,
      0.0011571309212967753,
      0.0009466333181969821,
      0.000954626346565783,
      0.0008627683095261455,
      0.0007527360862493515,
      0.0010252890966832638,
      0.0008319430798944086,
      0.0006425927247293294,
      0.00064742875399068,
      0.0006481043381709606,
      0.0006049345163069666,
      0.0005410608936287463,
      0.0005047610819619148,
      0.00048024197243154047,
      0.0005022497409954667,
      0.0004749788121320307,
      0.0004160839506518096,
      0.000411972559094429,
      0.00039204885554499925,
      0.0003499301988258958,
      0.00036124542511533947
    ],
    "eval_losses": [
      0.005388266795873642,
      0.005585678195953369,
      0.004778298430144787,
      0.004218167154490948,
      0.004082200137898326,
      0.003553807447478175,
      0.0035625246807932855,
      0.003567215481773019,
      0.003340205541742034,
      0.0032621862350031734
    ],
    "psnr": [
      22.910134906005858,
      22.745004806518555,
      23.452788995361328,
      24.09788327331543,
      24.25360323791504,
      24.992320776367187,
      24.916343670654296,
      25.162785260009766,
      25.5192623046875,
      25.70458987426758
    ],
    "ssim": [
      0.955925928401947,
      0.9597730831146241,
      0.9646443694114685,
      0.9713017402648926,
      0.9730447394371032,
      0.9770925038337708,
      0.975170792388916,
      0.9783305335998536,
      0.9795863019943237,
      0.9808462946891785
    ],
    "best_epoch": 50,
    "best_step": null,
    "best_eval_loss": 0.0032621862350031734
  },
  "test_results": {
    "test_loss": 0.0034834769343491646,
    "test_psnr": 26.350299713134767,
    "test_ssim": 0.9797240285873413
  }
}