{
  "args": {
    "device": "cuda:9",
    "exp_home": "./results",
    "ds_name": "mnist",
    "mode": "generative_classification",
    "noise_std": 0.25,
    "down_scale": 2.0,
    "model_type": "conventional",
    "latent_dim": 784,
    "hidden_dims": [
      905,
      905,
      905,
      905
    ],
    "wo_Win": true,
    "fix_Win": false,
    "I_Win": false,
    "wo_Wout": true,
    "batch_size": 128,
    "epochs": 50,
    "lr": 0.001,
    "use_augmentation": false,
    "aug_num": 2,
    "run_id": 3,
    "seed": 42
  },
  "training_logs": {
    "train_losses": [
      0.011307275426387787,
      0.0054759632100909944,
      0.004257147352695465,
      0.003535367016643286,
      0.003205279065966606,
      0.0028676312931627036,
      0.002568411912918091,
      0.0022762291225790978,
      0.002275148799493909,
      0.002018644446656108,
      0.001956470111012459,
      0.0017898919468745588,
      0.001599564096480608,
      0.0015307789497822524,
      0.001361469776891172,
      0.001430499666314572,
      0.0012987882211431862,
      0.001197870266791433,
      0.0011454554143920542,
      0.0011657926278933882,
      0.0010420190843753517,
      0.0009088027620501816,
      0.0009409116876684129,
      0.0008739862119592726,
      0.0008283623804524541,
      0.000779573868624866,
      0.000705061017703265,
      0.0006201498841121793,
      0.0006917034325376153,
      0.0006433874711953103,
      0.0005434976809471846,
      0.000584064016500488,
      0.0004821860385127366,
      0.00041239265102893115,
      0.0003939615841768682,
      0.00036449689268134536,
      0.00029186292205005885,
      0.00030954244268126783,
      0.00033595994498580693,
      0.00030167584416922183,
      0.00028114993325434627,
      0.00022607478885911406,
      0.00021272538569755853,
      0.00020147172328084708,
      0.00018989365288522094,
      0.00017807053424417972,
      0.00016797708044294268,
      0.0001547663067560643,
      0.0001411776052834466,
      0.00013113368075573818
    ],
    "eval_losses": [
      0.005162384379282594,
      0.004900560366362334,
      0.004415236499812454,
      0.003883246850967407,
      0.003669369895197451,
      0.003688763935584575,
      0.003398819219204597,
      0.003172902664123103,
      0.0030956437517539598,
      0.0029793493219884113
    ],
    "psnr": [
      23.14609181213379,
      23.41333377685547,
      23.95138531188965,
      24.554395181274415,
      24.917748022460938,
      24.884798974609375,
      25.302896978759765,
      25.536905810546877,
      25.826905822753908,
      26.01230912475586
    ],
    "ssim": [
      0.9600326650619507,
      0.9639780471801758,
      0.9709857035636902,
      0.9739066443443298,
      0.9759485961914063,
      0.9769428823471069,
      0.9785864664077759,
      0.9797629262924195,
      0.9805160910606384,
      0.9811652508735657
    ],
    "best_epoch": 50,
    "best_step": null,
    "best_eval_loss": 0.0029793493219884113
  },
  "test_results": {
    "test_loss": 0.0028404755643801766,
    "test_psnr": 27.52782564086914,
    "test_ssim": 0.9819708062171936
  }
}