{
  "args": {
    "device": "cuda:0",
    "exp_home": "./results",
    "ds_name": "mnist",
    "mode": "denoising",
    "noise_std": 0.25,
    "down_scale": 2.0,
    "model_type": "conventional",
    "latent_dim": 784,
    "hidden_dims": [
      785,
      785,
      785,
      785,
      785,
      785
    ],
    "wo_Win": true,
    "fix_Win": false,
    "I_Win": false,
    "wo_Wout": true,
    "batch_size": 128,
    "epochs": 30,
    "lr": 0.005,
    "use_augmentation": false,
    "aug_num": 2,
    "run_id": 4,
    "seed": 42
  },
  "training_logs": {
    "train_losses": [
      0.030732672412991525,
      0.02550556567788124,
      0.025856283454298974,
      0.025713879306316377,
      0.025862309779524802,
      0.025533110010027886,
      0.025278905307054518,
      0.025026790732741357,
      0.02515445302784443,
      0.025129805350899696,
      0.024995026780962944,
      0.024776040068268775,
      0.024063425305485726,
      0.023819030991196633,
      0.02362788460314274,
      0.023357798898816107,
      0.022876270756721495,
      0.02220493767619133,
      0.02209069745361805,
      0.02188126201093197,
      0.021402284242510797,
      0.021270131604671477,
      0.020969392445087432,
      0.020694637156128882,
      0.0204910822725296,
      0.020081377061605454,
      0.019845378682017325,
      0.019501745591163636,
      0.019273832065463067,
      0.01904662108242512
    ],
    "eval_losses": [
      0.024380647042393684,
      0.023560502630472182,
      0.02241717187166214,
      0.02073682890832424,
      0.01956641153693199,
      0.018293449649214744
    ],
    "psnr": [
      16.14083695678711,
      16.289350524902343,
      16.506980415344238,
      16.84205096435547,
      17.09412015991211,
      17.384923452758787
    ],
    "ssim": [
      0.8386637020111084,
      0.8426270168304444,
      0.849982301235199,
      0.8594192234039306,
      0.8656552912712098,
      0.8729214692115783
    ],
    "best_epoch": 30,
    "best_step": null,
    "best_eval_loss": 0.018293449649214744
  },
  "test_results": {
    "test_loss": 0.0181701196834445,
    "test_psnr": 17.440988409423827,
    "test_ssim": 0.8737599014282227
  }
}