{
  "args": {
    "device": "cuda:6",
    "exp_home": "./results",
    "ds_name": "mnist",
    "mode": "denoising",
    "noise_std": 0.25,
    "down_scale": 2.0,
    "model_type": "conventional",
    "latent_dim": 784,
    "hidden_dims": [
      1470,
      1470,
      1470
    ],
    "wo_Win": false,
    "fix_Win": false,
    "I_Win": false,
    "wo_Wout": false,
    "batch_size": 128,
    "epochs": 30,
    "lr": 0.0005,
    "use_augmentation": false,
    "aug_num": 2,
    "run_id": 5,
    "seed": 42
  },
  "training_logs": {
    "train_losses": [
      0.018150770668685437,
      0.007440103364884853,
      0.006318432646095753,
      0.005819010870605707,
      0.005550979615300894,
      0.0053570081607997415,
      0.005178542340546846,
      0.005055657510012388,
      0.004947979826033115,
      0.00483273629873991,
      0.004756073065698147,
      0.004684840099215507,
      0.004590645151436329,
      0.004520903206318617,
      0.00446219013094902,
      0.004377384554594755,
      0.004325660738795996,
      0.00425115515679121,
      0.00418885584756732,
      0.004141633297055959,
      0.00409351806089282,
      0.004029403526335955,
      0.003981026852726936,
      0.003925174011290073,
      0.0038672291748970745,
      0.0038153400710970163,
      0.003755473387539387,
      0.0037075740618258716,
      0.0036654201732575892,
      0.0036201620125770567
    ],
    "eval_losses": [
      0.005285294528305531,
      0.004880639375001192,
      0.004455315893143416,
      0.0042101431615650655,
      0.003992108714580536,
      0.003802628915756941
    ],
    "psnr": [
      22.771506924438476,
      23.117332418823242,
      23.513224703979493,
      23.758759313964845,
      23.989931799316405,
      24.201126593017577
    ],
    "ssim": [
      0.9031691557884216,
      0.9136432109832764,
      0.9202527730941773,
      0.9279763646125794,
      0.9327865350723267,
      0.9389169712066651
    ],
    "best_epoch": 30,
    "best_step": null,
    "best_eval_loss": 0.003802628915756941
  },
  "test_results": {
    "test_loss": 0.0037791855081915856,
    "test_psnr": 24.234990026855467,
    "test_ssim": 0.9404950947761536
  }
}