{
  "args": {
    "device": "cuda:4",
    "exp_home": "./results",
    "ds_name": "imagenet32",
    "mode": "denoising",
    "noise_std": 0.25,
    "down_scale": 2.0,
    "model_type": "hourglass",
    "latent_dim": 3075,
    "hidden_dims": [
      270,
      270,
      270,
      270,
      270
    ],
    "wo_Win": false,
    "fix_Win": false,
    "I_Win": false,
    "batch_size": 512,
    "epochs": 2,
    "lr": 0.0003,
    "use_augmentation": true,
    "aug_num": 4,
    "run_id": 2,
    "seed": 42
  },
  "training_logs": {
    "train_losses": [
      0.013486161809414626,
      0.008879019824787974,
      0.008161936601623893,
      0.007859537894837558,
      0.00761309776455164,
      0.007487059871666133,
      0.00737160455994308,
      0.00729640076123178,
      0.007236591219902039,
      0.007197758420370519,
      0.007131744831800461,
      0.007099388355389237,
      0.007076320282183588,
      0.007007193465717137,
      0.0069916338538751005,
      0.006938082415610552,
      0.006909793857485056,
      0.006873258230276406,
      0.006849787305109203,
      0.0068212604522705075,
      0.006799902096390724,
      0.00677689016982913,
      0.006718541487120092,
      0.0067006531758233906,
      0.006665195662528277,
      0.006656771461479366,
      0.006622062786482275,
      0.006596089100465178,
      0.006578506857156753,
      0.006546834798529745,
      0.006537312475964427,
      0.006513668294064701,
      0.006479730089195073,
      0.006462788352742791,
      0.006434443092904985,
      0.006407865531742573,
      0.006389143615961075,
      0.0063735080845654015,
      0.006354573078453541,
      0.00633362269308418
    ],
    "eval_losses": [
      0.007664035083651543,
      0.007195106016844511,
      0.006954368825107813,
      0.00685054904088378,
      0.006685416027009487,
      0.006511318862140179,
      0.006404830326139927,
      0.00630533851698041
    ],
    "psnr": [
      21.157470639648437,
      21.431605123901367,
      21.579316564331055,
      21.64461173034668,
      21.75055496887207,
      21.865276358032226,
      21.936786573486327,
      22.004894122314454
    ],
    "best_epoch": null,
    "best_step": 20000,
    "best_eval_loss": 0.00630533851698041
  },
  "test_results": {
    "test_loss": 0.0062959998652338985,
    "test_psnr": 22.011723745117187
  }
}