{
  "args": {
    "device": "cuda:9",
    "exp_home": "./results",
    "ds_name": "mnist",
    "mode": "generative_classification",
    "noise_std": 0.25,
    "down_scale": 2.0,
    "model_type": "conventional",
    "latent_dim": 784,
    "hidden_dims": [
      1150,
      1150,
      1150,
      1150,
      1150,
      1150,
      1150,
      1150,
      1150,
      1150
    ],
    "wo_Win": false,
    "fix_Win": true,
    "I_Win": true,
    "batch_size": 128,
    "epochs": 100,
    "lr": 0.0001,
    "use_augmentation": false,
    "aug_num": 2,
    "run_id": 5,
    "seed": 42
  },
  "training_logs": {
    "train_losses": [
      0.01310550897270441,
      0.003752606462240219,
      0.0026626518350839614,
      0.0021370635048300027,
      0.0017252310490980744,
      0.001475498982667923,
      0.0014780840752925725,
      0.0012766082555428148,
      0.0011370032361522316,
      0.0010698291941732168,
      0.0009503107575047761,
      0.0009123697183653712,
      0.0007638456489332021,
      0.0008838190148957074,
      0.0007189570247754455,
      0.0007041896017733961,
      0.0006136184863187373,
      0.0004952014862373472,
      0.000611752196289599,
      0.0006495016766153276,
      0.00048803580045700076,
      0.0004821569130104035,
      0.00047910040601156653,
      0.0004726480318885297,
      0.00043794021668843927,
      0.0004769041906995699,
      0.0004201002924633212,
      0.00039149324336089196,
      0.00045278637709328905,
      0.0003764852111483924,
      0.00031667288644239306,
      0.0003542787077790126,
      0.000327642356203869,
      0.00028802353913430127,
      0.0003482228515576571,
      0.0003480314588989131,
      0.00032950693808728827,
      0.0002352122777956538,
      0.00019363757184823045,
      0.00023481005884706975,
      0.00027329774669371547,
      0.0002323112742137164,
      0.0002117833939054981,
      0.00021891959708416833,
      0.00021299484074930661,
      0.0002059371786029078,
      0.0002415310581936501,
      0.0001618649270478636,
      0.00018713879955234005,
      0.00019984378797002138,
      0.00016019577671890148,
      0.00014126004374120384,
      0.00012283921773429028,
      0.00016245304380427115,
      0.00015945239523192868,
      0.00016477914653485642,
      0.00011989692011615261,
      0.0001404019227134995,
      0.00011881484268698842,
      0.0001044556009513326,
      7.963306141085923e-05,
      0.00013700983248185366,
      9.497120463522151e-05,
      0.00011823982790345326,
      0.00011425186882261186,
      9.545284629799426e-05,
      6.168932045460679e-05,
      0.00010198675169143826,
      6.0294444321189076e-05,
      7.546224607620388e-05,
      6.241611277626362e-05,
      6.559108098968863e-05,
      7.300280565628782e-05,
      7.316496258659754e-05,
      4.722765627549961e-05,
      5.58622288989136e-05,
      4.188537693349644e-05,
      4.503764335997403e-05,
      4.337320655700751e-05,
      4.415482953132596e-05,
      3.581766386458184e-05,
      2.8869755667401477e-05,
      3.44529180083191e-05,
      2.582062664849218e-05,
      2.1972459172829986e-05,
      3.5961573056410996e-05,
      3.459261012263596e-05,
      2.9628285358194263e-05,
      2.6393625028431416e-05,
      1.9627835949067957e-05,
      2.417723044345621e-05,
      2.02022904009209e-05,
      1.9821461295941846e-05,
      1.7552072421531192e-05,
      2.0194081147783436e-05,
      1.6966344460670372e-05,
      1.6015445425291545e-05,
      1.669092655996792e-05,
      1.710230214666808e-05,
      1.5167408964771311e-05
    ],
    "eval_losses": [
      0.003898020290210843,
      0.003781786275608465,
      0.003272361703380011,
      0.0034922865687985905,
      0.003704200528562069,
      0.0035857137152692305,
      0.0031180777893634513,
      0.003305094568361528,
      0.003122922338359058,
      0.002961596292449394,
      0.0030818289547169114,
      0.002757438076962717,
      0.002894895338223432,
      0.0027627743060700594,
      0.002818277666589711,
      0.0027161702966084704,
      0.002672403187758755,
      0.0025468697444302963,
      0.0026240189870935867,
      0.002308170783582318
    ],
    "psnr": [
      24.519172302246094,
      24.792096185302736,
      25.88209676513672,
      25.455023278808593,
      25.09738198852539,
      25.276309442138672,
      25.9563484375,
      25.584595489501954,
      26.153275598144532,
      26.131090283203125,
      26.187844470214845,
      26.813889111328123,
      26.497579864501954,
      26.614207543945312,
      26.755122882080077,
      26.977658935546874,
      27.14164072265625,
      27.224066662597657,
      27.292961206054688,
      28.18674682006836
    ],
    "best_epoch": 100,
    "best_step": null,
    "best_eval_loss": 0.002308170783582318
  },
  "test_results": {
    "test_loss": 0.002378653120054514,
    "test_psnr": 30.06766264038086
  }
}