{
  "args": {
    "device": "cuda:9",
    "exp_home": "./results",
    "ds_name": "mnist",
    "mode": "generative_classification",
    "noise_std": 0.25,
    "down_scale": 2.0,
    "model_type": "conventional",
    "latent_dim": 784,
    "hidden_dims": [
      1150,
      1150,
      1150,
      1150,
      1150,
      1150
    ],
    "wo_Win": true,
    "fix_Win": false,
    "I_Win": false,
    "wo_Wout": true,
    "batch_size": 128,
    "epochs": 50,
    "lr": 0.0001,
    "use_augmentation": false,
    "aug_num": 2,
    "run_id": 2,
    "seed": 42
  },
  "training_logs": {
    "train_losses": [
      0.014274974626302719,
      0.0038848737043887375,
      0.002633913845233619,
      0.002102799811922014,
      0.0016908364500105382,
      0.001377422029785812,
      0.0012931235291436314,
      0.001152773473598063,
      0.0010533222690597176,
      0.0008533302159607411,
      0.000907840334251523,
      0.0007700153480097652,
      0.0006890215926989913,
      0.0006333584533445537,
      0.0005682762488629668,
      0.0005183173545263707,
      0.0004965942420298233,
      0.00044055108442436904,
      0.0005472136900620535,
      0.0004599859498301521,
      0.0004399719488923438,
      0.00037655318908393385,
      0.0003185006839851849,
      0.00032843983428087087,
      0.0002971122723259032,
      0.0002464424193650484,
      0.0002775641456944868,
      0.00030402514630928633,
      0.0002621942364820279,
      0.00022127159673022105,
      0.0001656998675572686,
      0.00016908963583176957,
      0.00016218770905165002,
      0.00017048271513544022,
      0.0001593318535387516,
      0.00013054762814426795,
      0.00016538786499062553,
      0.00012703491141437552,
      0.00011467898898059502,
      9.615649747196585e-05,
      9.006907253758982e-05,
      8.313571976614185e-05,
      7.941491118632257e-05,
      8.654304136522115e-05,
      7.190553829306737e-05,
      6.54677649878431e-05,
      6.348290530731902e-05,
      6.02827390411403e-05,
      5.884430797537789e-05,
      5.4912055529421195e-05
    ],
    "eval_losses": [
      0.0039537551998160775,
      0.003558164332062006,
      0.0036290931046009064,
      0.003372100184485316,
      0.0029474711114075036,
      0.0028744713939842766,
      0.0026159337173739913,
      0.0029788426931132562,
      0.0028348696222528814,
      0.0025705521215568295
    ],
    "psnr": [
      24.322194256591796,
      24.923350201416017,
      24.932177590942384,
      25.405947119140624,
      26.02928394165039,
      26.26631312866211,
      26.634254467773438,
      26.23903988647461,
      26.477728845214845,
      27.299071105957033
    ],
    "ssim": [
      0.9599071779251098,
      0.9699328031539917,
      0.9736659152984619,
      0.9764692455291748,
      0.9801805814743042,
      0.9808465629577636,
      0.9826781379699707,
      0.9809701802253723,
      0.9819314288139344,
      0.98372750415802
    ],
    "best_epoch": 50,
    "best_step": null,
    "best_eval_loss": 0.0025705521215568295
  },
  "test_results": {
    "test_loss": 0.0027916126437718047,
    "test_psnr": 28.216699340820313,
    "test_ssim": 0.9828355201721192
  }
}