{
  "args": {
    "device": "cuda:2",
    "exp_home": "./results",
    "ds_name": "mnist",
    "mode": "generative_classification",
    "noise_std": 0.25,
    "down_scale": 2.0,
    "model_type": "conventional",
    "latent_dim": 784,
    "hidden_dims": [
      1150
    ],
    "wo_Win": false,
    "fix_Win": false,
    "I_Win": false,
    "batch_size": 128,
    "epochs": 200,
    "lr": 5e-05,
    "use_augmentation": true,
    "aug_num": 2,
    "run_id": 5,
    "seed": 42
  },
  "training_logs": {
    "train_losses": [
      0.03670916054368019,
      0.01399219303071499,
      0.010975505129545928,
      0.009439046852886677,
      0.008401589425504207,
      0.0076253082640469075,
      0.006992945079803467,
      0.006451751957535744,
      0.006011337910294533,
      0.0056258406150341035,
      0.005288572097420692,
      0.005000051317065954,
      0.0047324257382750515,
      0.0045176045063138005,
      0.004292622837126255,
      0.004118871994465589,
      0.003978247879296541,
      0.0038096966670453547,
      0.0036619170358031987,
      0.003542405539005995,
      0.0034323655185848475,
      0.0033068802081048488,
      0.0031993368677794933,
      0.0031274675422161818,
      0.0030213061026483773,
      0.0029434126920253037,
      0.002876363577246666,
      0.0027982215812802315,
      0.002731811311766505,
      0.002665308355987072,
      0.00259843881547451,
      0.002533252470418811,
      0.0024873992132395505,
      0.002434140000715852,
      0.002384925958737731,
      0.0023514553812518718,
      0.0023091026669740675,
      0.0022689610923081636,
      0.002224925115443766,
      0.002187120017707348,
      0.0021656912799179555,
      0.0021092991468310354,
      0.0020852519794553517,
      0.0020441268169879914,
      0.0020296858496963977,
      0.0019979769102483986,
      0.0019736420683562753,
      0.0019498318983614444,
      0.0019277844509109855,
      0.0018989768155664205,
      0.0018750246723741293,
      0.0018477895867079497,
      0.001829728358089924,
      0.0018060926868021488,
      0.0017983301689475774,
      0.0017830439736694099,
      0.001750112711340189,
      0.0017324704707413912,
      0.0017142455003783107,
      0.0017062811993807554,
      0.0016931654442846776,
      0.0016745989933609963,
      0.001651129164174199,
      0.001638050275966525,
      0.0016291747045516969,
      0.0015941702754423022,
      0.0015902931044995785,
      0.0015873381028324366,
      0.0015670319598168135,
      0.0015578958924859763,
      0.0015493702833727003,
      0.001533758692778647,
      0.001518319484218955,
      0.0015116859839111566,
      0.0014996546409279108,
      0.001484922807365656,
      0.0014777329391613603,
      0.001467712535187602,
      0.0014497014363110065,
      0.0014485238338261843,
      0.00142841049939394,
      0.0014252070406079293,
      0.0014078923609107733,
      0.0014009916997700929,
      0.0014014680674672127,
      0.0013835082580894232,
      0.001370905456021428,
      0.0013711810488253832,
      0.0013651455795392394,
      0.00134603699285537,
      0.0013458600511401892,
      0.0013395149601250888,
      0.0013353176927194,
      0.0013146301592886448,
      0.0013108978781849146,
      0.0013028380554169416,
      0.0013083068558573724,
      0.001293050106652081,
      0.0012918312625586988,
      0.0012812036165595056,
      0.0012773297595605254,
      0.0012683260191231967,
      0.0012586662936210633,
      0.0012568749384954572,
      0.0012487566294521093,
      0.0012457368937879802,
      0.001238791025057435,
      0.0012344446567445994,
      0.0012307200806587935,
      0.001211946534961462,
      0.001213461504764855,
      0.0012169385493919253,
      0.001201124868094921,
      0.0011919751226902007,
      0.001180140216462314,
      0.0011901734431833029,
      0.001183373210951686,
      0.0011791839884221554,
      0.0011691606993228197,
      0.0011672768289595842,
      0.0011663700978457928,
      0.0011582030521333218,
      0.001158586168512702,
      0.0011512143931910396,
      0.001148135545477271,
      0.0011400869002938271,
      0.0011364663643017412,
      0.0011272698077559472,
      0.0011218214564770461,
      0.0011288175177946687,
      0.0011136376363784074,
      0.0011161101478710772,
      0.0011114703575521708,
      0.0011031116439029574,
      0.0011054498390853406,
      0.0010988075388222932,
      0.0010935518554225565,
      0.0010943771800398826,
      0.0010876275101304054,
      0.0010873290828615427,
      0.001075364502519369,
      0.0010764603776857258,
      0.001076395484879613,
      0.001074643099680543,
      0.001061370619237423,
      0.001062687505632639,
      0.0010603491761535407,
      0.0010548510203137993,
      0.0010578707333281636,
      0.0010539408088847994,
      0.0010444558119401335,
      0.0010410951804369689,
      0.0010370735817030073,
      0.0010399966365844011,
      0.0010321110298484564,
      0.00103112840346992,
      0.0010248274486511946,
      0.001024665210172534,
      0.0010222933468222617,
      0.001018801944926381,
      0.0010125631912425161,
      0.0010200782486796379,
      0.0010127630668506026,
      0.001008163767158985,
      0.0009984261281043292,
      0.001005235381871462,
      0.000996908378303051,
      0.0010013981656357646,
      0.0009926940040290355,
      0.0009902710504084825,
      0.0009865846296027302,
      0.0009880695354565977,
      0.0009847654128074645,
      0.0009846148340404033,
      0.000979979508332908,
      0.0009782251659035683,
      0.0009705080341547728,
      0.0009713580224663019,
      0.0009720486561954021,
      0.0009695918736979365,
      0.000967539883106947,
      0.0009668804210796952,
      0.0009650781578943134,
      0.0009632072433829308,
      0.0009615038341283798,
      0.0009567587228864431,
      0.0009545175957679749,
      0.0009570541294664144,
      0.0009505388778820634,
      0.00095218724809587,
      0.0009458705042302609,
      0.0009458436819911003,
      0.0009414119240641594,
      0.0009414289275184274,
      0.0009391431606560946,
      0.0009385801638662815,
      0.0009354823773354292,
      0.0009357294411957264,
      0.0009380636794120073,
      0.0009337497857585549
    ],
    "eval_losses": [
      0.008248148429393769,
      0.006376535080373287,
      0.0055731194414198396,
      0.005342922365665435,
      0.004972990714013577,
      0.004834060455113649,
      0.0048467832207679746,
      0.004809461029618978,
      0.004701561288535595,
      0.004667860575765371,
      0.004699356319755316,
      0.004671405017375946,
      0.00467026629075408,
      0.00469067120552063,
      0.004607250615209341,
      0.004675572431832552,
      0.004663610710203648,
      0.004583434072136879,
      0.004663053535670042,
      0.004716018883883953,
      0.0047106993570923805,
      0.004659675642848015,
      0.004748560285568237,
      0.004615099132061005,
      0.004681055484712124,
      0.0046632760867476464,
      0.004641700783371925,
      0.004666526449471712,
      0.0047043621018528934,
      0.004721170085668564,
      0.004747854210436344,
      0.0046702144831418995,
      0.004709226745367051,
      0.004728402335941791,
      0.004740587222576142,
      0.0047207995444536206,
      0.004730921939015389,
      0.004741493034362793,
      0.004731450717151165,
      0.004728368596732617
    ],