{
  "args": {
    "device": "cuda:0",
    "exp_home": "./results",
    "ds_name": "mnist",
    "mode": "denoising",
    "noise_std": 0.25,
    "down_scale": 2.0,
    "model_type": "conventional",
    "latent_dim": 784,
    "hidden_dims": [
      905,
      905
    ],
    "wo_Win": true,
    "fix_Win": false,
    "I_Win": false,
    "wo_Wout": true,
    "batch_size": 128,
    "epochs": 30,
    "lr": 0.005,
    "use_augmentation": false,
    "aug_num": 2,
    "run_id": 4,
    "seed": 42
  },
  "training_logs": {
    "train_losses": [
      0.01708991191804409,
      0.014306281198263169,
      0.015912586070299148,
      0.017051064019799233,
      0.017616452600359916,
      0.01794003747880459,
      0.018063611912727356,
      0.018169468159675597,
      0.018140545085072516,
      0.018160465551018714,
      0.018048201622366904,
      0.01795506228864193,
      0.01781051897287369,
      0.01770623194873333,
      0.017522089770436285,
      0.01737507516682148,
      0.017208001124858856,
      0.017061230074763296,
      0.016906272785663604,
      0.016714870430231094,
      0.01657899857401848,
      0.016402957327365877,
      0.016247362819314003,
      0.016112140589356422,
      0.01595417866408825,
      0.01581342145085335,
      0.015690706561505795,
      0.01554606441885233,
      0.015452325028181077,
      0.015368974001705647
    ],
    "eval_losses": [
      0.017761142590641977,
      0.017799396723508835,
      0.017260350501537323,
      0.016574583458900453,
      0.01579309770166874,
      0.015250315982103347
    ],
    "psnr": [
      17.506906732177736,
      17.497761773681642,
      17.631032064819337,
      17.807123641967774,
      18.017015075683595,
      18.16903887939453
    ],
    "ssim": [
      0.8690402788162231,
      0.8722211955070496,
      0.8760956612586975,
      0.8810784145355225,
      0.886490298652649,
      0.8899720697402954
    ],
    "best_epoch": 30,
    "best_step": null,
    "best_eval_loss": 0.015250315982103347
  },
  "test_results": {
    "test_loss": 0.015103104850649834,
    "test_psnr": 18.214794219970702,
    "test_ssim": 0.8910905519485474
  }
}