{
  "args": {
    "device": "cuda:6",
    "exp_home": "./results",
    "ds_name": "mnist",
    "mode": "denoising",
    "noise_std": 0.25,
    "down_scale": 2.0,
    "model_type": "conventional",
    "latent_dim": 784,
    "hidden_dims": [
      2870
    ],
    "wo_Win": false,
    "fix_Win": false,
    "I_Win": false,
    "wo_Wout": false,
    "batch_size": 128,
    "epochs": 30,
    "lr": 0.005,
    "use_augmentation": false,
    "aug_num": 2,
    "run_id": 4,
    "seed": 42
  },
  "training_logs": {
    "train_losses": [
      0.1167645207452774,
      0.1153944594860077,
      0.11539445938587188,
      0.11539445978164672,
      0.1153944594335556,
      0.11539445900917053,
      0.11539445954561234,
      0.11539445941448212,
      0.11539445956468582,
      0.11539445973873139,
      0.115394459733963,
      0.11539445924520493,
      0.11539445960044861,
      0.11539445931911468,
      0.11539445974111558,
      0.11539445960283279,
      0.11539445930957794,
      0.11539445959091187,
      0.115394459733963,
      0.1153944593000412,
      0.11539445961236953,
      0.11539445981025696,
      0.1153944594693184,
      0.11539445997476577,
      0.11539445951700211,
      0.1153944592475891,
      0.11539445957899093,
      0.11539445935964585,
      0.11539445981025696,
      0.11539445984125138
    ],
    "eval_losses": [
      0.11442940980196,
      0.11442940980196,
      0.11442940980196,
      0.11442940980196,
      0.11442940980196,
      0.11442940980196
    ],
    "psnr": [
      9.416592723083497,
      9.416592723083497,
      9.416592723083497,
      9.416592723083497,
      9.416592723083497,
      9.416592723083497
    ],
    "ssim": [
      0.4147197905540466,
      0.4147197905540466,
      0.4147197905540466,
      0.4147197905540466,
      0.4147197905540466,
      0.4147197905540466
    ],
    "best_epoch": 5,
    "best_step": null,
    "best_eval_loss": 0.11442940980196
  },
  "test_results": {
    "test_loss": 0.11636667962074279,
    "test_psnr": 9.36434871673584,
    "test_ssim": 0.4142451428890228
  }
}