{
  "args": {
    "device": "cuda:6",
    "exp_home": "./results",
    "ds_name": "mnist",
    "mode": "denoising",
    "noise_std": 0.25,
    "down_scale": 2.0,
    "model_type": "conventional",
    "latent_dim": 784,
    "hidden_dims": [
      1150,
      1150,
      1150,
      1150,
      1150,
      1150,
      1150,
      1150,
      1150,
      1150,
      1150,
      1150,
      1150,
      1150,
      1150
    ],
    "wo_Win": false,
    "fix_Win": false,
    "I_Win": true,
    "batch_size": 128,
    "epochs": 100,
    "lr": 0.0001,
    "use_augmentation": false,
    "aug_num": 2,
    "run_id": 1,
    "seed": 42
  },
  "training_logs": {
    "train_losses": [
      0.02098798315823078,
      0.008647408194392919,
      0.007097471536099911,
      0.0063891476985812184,
      0.005964044461995363,
      0.0056441609527170655,
      0.005438710299432278,
      0.005271599834859371,
      0.005094460341781378,
      0.0049846543952822685,
      0.004858174386173487,
      0.004757297005653381,
      0.0046919098281860356,
      0.004626907134354114,
      0.00456886069253087,
      0.004493488214612007,
      0.004428706220686435,
      0.004406632874757051,
      0.0043456319193542,
      0.004291355169117451,
      0.004275352367758751,
      0.00421813266351819,
      0.004173211815357208,
      0.004153841836005449,
      0.004124172992557287,
      0.004086786656528711,
      0.004063966505676508,
      0.004031546260863542,
      0.004003015794306994,
      0.003970330809503794,
      0.003950922898501158,
      0.0039266452361643315,
      0.003909229368120432,
      0.0038833891198039056,
      0.003853827918767929,
      0.0038283738493174314,
      0.0038205015870928765,
      0.003804675743728876,
      0.003759900785908103,
      0.0037411402308940886,
      0.003739118808656931,
      0.0037016962429881096,
      0.003687426491305232,
      0.003679959128797054,
      0.0036708536959439517,
      0.0036445011615753174,
      0.00362104742705822,
      0.00360662570938468,
      0.0035916873493790627,
      0.0035764398822188377,
      0.003558128668665886,
      0.003541106042712927,
      0.003519793407097459,
      0.003514054729938507,
      0.0034946506679058077,
      0.003483266935944557,
      0.0034658408845216035,
      0.003450051338598132,
      0.0034394030719995497,
      0.003418927398249507,
      0.0034114869733154773,
      0.0033914716617763044,
      0.003380486836284399,
      0.0033694297210127115,
      0.0033574164209514857,
      0.003351653006449342,
      0.0033336195553839206,
      0.003314077543243766,
      0.003303834813684225,
      0.0032997012766450644,
      0.003279164375513792,
      0.0032694291378557684,
      0.0032598226508498192,
      0.0032548677135258914,
      0.003239075769558549,
      0.0032213513869792224,
      0.0032052881925553082,
      0.003200410827025771,
      0.003190987657010555,
      0.003178446667715907,
      0.0031759167874604462,
      0.003155883510708809,
      0.003146448619514704,
      0.003131214266717434,
      0.003121616649031639,
      0.003114371666237712,
      0.0031085465374588966,
      0.003093874823525548,
      0.003090495050176978,
      0.0030779301062226296,
      0.0030739628491550683,
      0.003063440364301205,
      0.003055884591937065,
      0.0030445791610330345,
      0.0030374208049476145,
      0.003035472287759185,
      0.0030183179481327533,
      0.003017691300213337,
      0.0030075041549652813,
      0.0029968918526917694
    ],
    "eval_losses": [
      0.005815465483814478,
      0.004906279917061329,
      0.004651221285015344,
      0.004607201086729765,
      0.004364303972572088,
      0.004289089086651802,
      0.004178861267119646,
      0.004146685065329075,
      0.00413674641251564,
      0.0040307646907866,
      0.0039904760934412475,
      0.0039485264748334884,
      0.003920925678312779,
      0.0039083771392703056,
      0.0038727669924497605,
      0.003842301642894745,
      0.00379349552616477,
      0.00377532180249691,
      0.0037564552269876003,
      0.0037286942705512045
    ],
    "psnr": [
      22.357145642089844,
      23.094643814086915,
      23.326968005371093,
      23.36790947265625,
      23.60285040893555,
      23.678794082641602,
      23.792043548583983,
      23.82496564331055,
      23.835726376342773,
      23.948998617553713,
      23.99197527770996,
      24.038198135375975,
      24.068545541381837,
      24.08242470397949,
      24.12237667236328,
      24.15623437194824,
      24.212331646728515,
      24.23307229003906,
      24.254668997192383,
      24.286749520874025
    ],
    "ssim": [
      0.9039370536804199,
      0.9155699837684631,
      0.9244433629989623,
      0.9243499057769775,
      0.9314563483238221,
      0.9332926967620849,
      0.9372444965362549,
      0.9402985670089722,
      0.9396707909584046,
      0.9424971781730652,
      0.9440868489265442,
      0.9456417664527893,
      0.9455361571311951,
      0.9465601024627686,
      0.9484448476791382,
      0.9495674057006835,
      0.9484938106536865,
      0.9504529493331909,
      0.9508250066757202,
      0.9514418485641479
    ],
    "best_epoch": 100,
    "best_step": null,
    "best_eval_loss": 0.0037286942705512045
  },
  "test_results": {
    "test_loss": 0.0037411011077463628,
    "test_psnr": 24.280679776000976,
    "test_ssim": 0.9517729744911194
  }
}