{
  "args": {
    "device": "cuda:9",
    "exp_home": "./results",
    "ds_name": "mnist",
    "mode": "generative_classification",
    "noise_std": 0.25,
    "down_scale": 2.0,
    "model_type": "conventional",
    "latent_dim": 784,
    "hidden_dims": [
      1150,
      1150
    ],
    "wo_Win": false,
    "fix_Win": true,
    "I_Win": true,
    "batch_size": 128,
    "epochs": 100,
    "lr": 5e-05,
    "use_augmentation": true,
    "aug_num": 2,
    "run_id": 3,
    "seed": 42
  },
  "training_logs": {
    "train_losses": [
      0.02866726252093911,
      0.007623764103055,
      0.005551798928529024,
      0.004391947489529848,
      0.0035854342754185198,
      0.0029999800519645214,
      0.002612595461718738,
      0.0022602144061774016,
      0.0019704897084087134,
      0.0017386748390644789,
      0.001583951200544834,
      0.0014185371811687947,
      0.0012658979849517345,
      0.001148964853361249,
      0.0010872837418690324,
      0.0009595464405044913,
      0.0008909237533435225,
      0.0008287902327254415,
      0.0007775029692426323,
      0.0007541425622999669,
      0.0006896202794834972,
      0.0006303554317355156,
      0.0005949005051888525,
      0.0005604737493768334,
      0.0005234641155973077,
      0.0005034227521438151,
      0.0004582325473241508,
      0.00044378309978172184,
      0.0004302904582209885,
      0.00040895079078152776,
      0.000383957348279655,
      0.00037654265829361976,
      0.00033981366741470993,
      0.0003411944784037769,
      0.00032595009690150617,
      0.0003135633702762425,
      0.00028825081314891575,
      0.00029722812738269567,
      0.0002786632031109184,
      0.0002608115483634174,
      0.0002388990127760917,
      0.0002393543494399637,
      0.00024958728681784124,
      0.00023634442198090254,
      0.00022920998505316674,
      0.00021350257347337902,
      0.00020628724737092852,
      0.0001986469689384103,
      0.0002070184029918164,
      0.00019146708173211664,
      0.00018434422709979117,
      0.00016674325158819557,
      0.00017273972302675247,
      0.0001680999662913382,
      0.0001546719633322209,
      0.00016171635801438242,
      0.0001565730756893754,
      0.00014112534932792187,
      0.0001665361739695072,
      0.00014463038064539433,
      0.00014037046696990728,
      0.00012782234378159047,
      0.00012883686321787536,
      0.00013189163465052842,
      0.0001304474119655788,
      0.00011985438109375537,
      0.00012580256624147295,
      0.00012264264285564421,
      0.00012126245534047484,
      0.00011631034724414349,
      0.000108593784365803,
      0.00011081609618384391,
      0.00011015102470293642,
      0.00011153892046771944,
      0.00010019444060977548,
      0.00010134544685482979,
      0.00010145917651243507,
      9.885470487177371e-05,
      9.443414103239775e-05,
      9.690956505481154e-05,
      9.296332705300302e-05,
      9.082725644111634e-05,
      9.113545221276581e-05,
      8.649154412560165e-05,
      8.459854522719979e-05,
      8.56976949237287e-05,
      8.337768941186368e-05,
      8.076632314361632e-05,
      8.112204334931448e-05,
      7.688339080661536e-05,
      7.733924095984549e-05,
      7.554475501645357e-05,
      7.363347799051553e-05,
      7.384637671057134e-05,
      7.320885212626309e-05,
      7.243869879748673e-05,
      7.226573669817299e-05,
      7.078308761585504e-05,
      6.975960698910058e-05,
      7.121611555572599e-05
    ],
    "eval_losses": [
      0.006129795870929956,
      0.005351736921817065,
      0.004802428493648768,
      0.0045608195705339315,
      0.004682365563511848,
      0.004367492247372866,
      0.00417907752841711,
      0.004015090642683208,
      0.004291788065712899,
      0.003915409898851066,
      0.004151958422362804,
      0.004297643133625388,
      0.003939048756100238,
      0.00405743418186903,
      0.003946357906423509,
      0.003943920922745019,
      0.004043831332400441,
      0.00407328988481313,
      0.003799630805943161,
      0.0037854732854291796
    ],
    "psnr": [
      22.27502321472168,
      22.928418334960938,
      23.452379327392578,
      23.663746563720704,
      23.55407611694336,
      23.845191690063476,
      24.06696393432617,
      24.251169219970702,
      23.947080221557616,
      24.409973516845703,
      24.122753634643555,
      23.96374831237793,
      24.4419433013916,
      24.266456384277344,
      24.389327236938477,
      24.392012884521485,
      24.270819107055665,
      24.24134147949219,
      24.54969815979004,
      24.566210095214842
    ],
    "best_epoch": 100,
    "best_step": null,
    "best_eval_loss": 0.0037854732854291796
  },
  "test_results": {
    "test_loss": 0.0035982315277680757,
    "test_psnr": 26.19644524536133
  }
}