{
  "args": {
    "device": "cuda:8",
    "exp_home": "./results",
    "ds_name": "mnist",
    "mode": "generative_classification",
    "noise_std": 0.25,
    "down_scale": 2.0,
    "model_type": "conventional",
    "latent_dim": 784,
    "hidden_dims": [
      1150,
      1150,
      1150
    ],
    "wo_Win": true,
    "fix_Win": false,
    "I_Win": false,
    "batch_size": 128,
    "epochs": 50,
    "lr": 0.0005,
    "use_augmentation": false,
    "aug_num": 2,
    "run_id": 1,
    "seed": 42
  },
  "training_logs": {
    "train_losses": [
      0.013670866409540176,
      0.004649994461089373,
      0.0032255888037383555,
      0.0025623494859784842,
      0.002073331977725029,
      0.0018034759989380836,
      0.0016430197645723819,
      0.0013404236710816621,
      0.0012082041143625976,
      0.001152934993132949,
      0.0010024408939667045,
      0.000935069181136787,
      0.0008553396452032029,
      0.0007250098104029894,
      0.0006842692302539945,
      0.0007139635080657899,
      0.0005768246178515256,
      0.00047231961411423984,
      0.0005084752750955522,
      0.00046751841511577367,
      0.00034189614567905666,
      0.00034938486601226033,
      0.00044669308009091764,
      0.0003656634337827563,
      0.0002916042803786695,
      0.00030309650994837285,
      0.0002503900166391395,
      0.00022105119821848348,
      0.00023383647963870317,
      0.00019613649585749953,
      0.00015894151293672622,
      0.00019812531393719837,
      0.0001568340671621263,
      0.00016024541296763345,
      0.0001724269639630802,
      0.00012003118962282314,
      9.911869447445498e-05,
      8.559156809118576e-05,
      9.230621075257658e-05,
      7.532143138465472e-05,
      4.614319746382534e-05,
      4.273363324755337e-05,
      3.8248025789507666e-05,
      4.5901090339757505e-05,
      4.0908440724015234e-05,
      2.9976421408937313e-05,
      3.100066040467936e-05,
      3.028603207465494e-05,
      2.2712924327934162e-05,
      2.1133095934055746e-05
    ],
    "eval_losses": [
      0.003989353066310286,
      0.003955483323708177,
      0.003503458509221673,
      0.003340972959809005,
      0.0033918632785906082,
      0.0027629856115439907,
      0.0030653570075985046,
      0.002917557553219376,
      0.003015482000861084,
      0.00272863611667417
    ],
    "psnr": [
      24.357985827636718,
      24.40754721374512,
      25.151531951904296,
      25.58274071044922,
      25.450903875732422,
      26.4076173828125,
      25.89867865600586,
      26.16013836669922,
      26.034737268066408,
      26.52449560546875
    ],
    "best_epoch": 50,
    "best_step": null,
    "best_eval_loss": 0.00272863611667417
  },
  "test_results": {
    "test_loss": 0.002634184923844441,
    "test_psnr": 28.67714470214844
  }
}