{
  "args": {
    "device": "cuda:3",
    "exp_home": "./results",
    "ds_name": "mnist",
    "mode": "generative_classification",
    "noise_std": 0.25,
    "down_scale": 2.0,
    "model_type": "conventional",
    "latent_dim": 784,
    "hidden_dims": [
      1150,
      1150,
      1150,
      1150,
      1150,
      1150,
      1150,
      1150,
      1150,
      1150
    ],
    "wo_Win": true,
    "fix_Win": false,
    "I_Win": false,
    "batch_size": 128,
    "epochs": 200,
    "lr": 0.0005,
    "use_augmentation": true,
    "aug_num": 2,
    "run_id": 5,
    "seed": 42
  },
  "training_logs": {
    "train_losses": [
      0.012343811246454716,
      0.005807634047865867,
      0.0045758552257716655,
      0.004667196725010872,
      0.0036739409348368643,
      0.003380167314782739,
      0.0029389444941282272,
      0.002987070471122861,
      0.0024856863529980184,
      0.002515252005085349,
      0.0024330303942225874,
      0.0022610944029688835,
      0.0019492357285507023,
      0.002020878683067858,
      0.002020447066091001,
      0.001957533850967884,
      0.0015966449018567802,
      0.0014537243460863828,
      0.0019508188815042377,
      0.0015636023476719857,
      0.001430686092451215,
      0.0014619475545734166,
      0.0014887482079863547,
      0.0011359236756712198,
      0.001461240098848939,
      0.0010869549737125635,
      0.0013596274765580892,
      0.001229467092230916,
      0.0010367655960470438,
      0.0009792522888444363,
      0.0011622617493383587,
      0.0010618132439255714,
      0.0009878383366391063,
      0.0008428634916990995,
      0.0009471740624681115,
      0.0009562513397634029,
      0.0009798814126104117,
      0.0008464119191281497,
      0.0007440635262057185,
      0.0007380945923179388,
      0.0010554254074767232,
      0.000691947379745543,
      0.0007467146066762507,
      0.0006751430517248809,
      0.0007690887875668705,
      0.0006254426666907966,
      0.0008286978961341083,
      0.0011073729105107485,
      0.0006667936441116035,
      0.000646984375193715,
      0.0006200553174037487,
      0.0007486628589127213,
      0.0006172970680147409,
      0.0006926469149626792,
      0.0005883299473207444,
      0.0005055358280986547,
      0.000834225585097447,
      0.0005782058061473072,
      0.0006902076819445938,
      0.0005113767572119832,
      0.000477069494118914,
      0.0005599726772774011,
      0.0005587583553232253,
      0.0004937144194357097,
      0.000491214046664536,
      0.0005578347444627434,
      0.0007306427827849984,
      0.0005155580217018723,
      0.00044319067468866707,
      0.0004477988850045949,
      0.00045973963553085925,
      0.0004335682110581547,
      0.00044781592695973814,
      0.0004563739888276905,
      0.0007954482991062104,
      0.00039357911142520605,
      0.00040463767576031387,
      0.0005067923908680678,
      0.000385742155816406,
      0.00032030165784060956,
      0.0004402281772717833,
      0.00034388561216183006,
      0.00031930943426676094,
      0.0004008613234013319,
      0.0003424581136275083,
      0.0005707091865036636,
      0.00046603073174133894,
      0.0003145617560483515,
      0.000303542019110173,
      0.000312024430623278,
      0.00029082486779429017,
      0.0003110876070614904,
      0.00044532835281454027,
      0.0009567074485681951,
      0.000566986649655737,
      0.00029242682529613377,
      0.00039708581399172546,
      0.0002606563101802021,
      0.00034469355853274466,
      0.00031464276178739967,
      0.0003226618772652,
      0.0002839218161161989,
      0.00023778490856289863,
      0.0002536893806327134,
      0.0003954580008611083,
      0.0002519929246790707,
      0.0002250109734479338,
      0.00025454307795967906,
      0.0002740243459772319,
      0.00032353098269551994,
      0.00024011645551770926,
      0.00020821873545646667,
      0.00036220874462276697,
      0.00023845150338485836,
      0.000212515774872154,
      0.00023775786131620408,
      0.0002446369165647775,
      0.00023305368804372848,
      0.0001841853153333068,
      0.00021374561045318843,
      0.00021056210549082608,
      0.00019427023248746992,
      0.00023297996546141803,
      0.00021815735935233534,
      0.0002350106046628207,
      0.00019547345393337309,
      0.00017444601571187378,
      0.00020568600616417825,
      0.00016453686077613384,
      0.00013808939553331583,
      0.00019528170815669,
      0.00015310397607740014,
      0.0001668252447573468,
      0.00015307265243958681,
      0.0001469725334458053,
      0.00015380843974184246,
      0.00016153262480627745,
      0.00014825343152973801,
      0.00014164619356859477,
      0.00014286511143203826,
      0.00013166775240097196,
      0.00016581312698312105,
      0.00011641365917865187,
      0.00012234769212547688,
      0.00011843019488733262,
      0.00013069600734394045,
      0.00013831689440645277,
      0.00012068655440118164,
      0.00022048765360377728,
      0.00016089561986271293,
      0.00012213944888673722,
      0.00013122284966986627,
      0.00012963471899740399,
      9.924122542142868e-05,
      0.00011086701850406825,
      0.0001236804650630802,
      9.620799028780312e-05,
      0.00011392315118573606,
      0.0001332308081444353,
      0.00010017556104809046,
      9.113832835108042e-05,
      0.00010362876622006297,
      0.0001124110156390816,
      8.06394808832556e-05,
      0.00011419695037882775,
      0.00011905212511774152,
      8.798849289305508e-05,
      9.514422284904867e-05,
      0.00010103126898407936,
      8.541597028262913e-05,
      7.506877445150167e-05,
      7.729794466868043e-05,
      8.218747403472662e-05,
      8.620957450941205e-05,
      8.151678974740207e-05,
      8.812771656550466e-05,
      8.093720356468112e-05,
      7.977673908695578e-05,
      9.113215104676783e-05,
      7.148621196858584e-05,
      7.530162828508764e-05,
      8.257707136683167e-05,
      7.044882559683174e-05,
      7.03510333225131e-05,
      7.264394234400242e-05,
      7.264815952628851e-05,
      6.959763498511166e-05,
      7.292321813758462e-05,
      7.086749653331935e-05,
      6.700147069524974e-05,
      7.846355393063276e-05,
      7.811905055306852e-05,
      6.693704925011843e-05,
      6.45861692726612e-05,
      6.338810151908547e-05,
      6.586993163917214e-05,
      6.29645857354626e-05,
      6.323366781696677e-05,
      6.291397072374821e-05,
      6.116313020698727e-05
    ],
    "eval_losses": [
      0.004782841727603227,
      0.004419932238757611,
      0.004501935283094644,
      0.004089139243215322,
      0.0039852031074464325,
      0.003845429680123925,
      0.0041699839084409175,
      0.0038753639094531536,
      0.003731592608941719,
      0.0036352636486059057,
      0.003554560511186719,
      0.0038628746308386327,
      0.0036123876160010695,
      0.003706740126106888,
      0.0037427311811363325,
      0.0035930186131503433,
      0.0036353763783467004,
      0.0037379437022376804,
      0.003492065360880224,
      0.0035687086530961096,
      0.003660928606893867,
      0.0034189666922437027,
      0.003035178266215371,
      0.0031637314888823312,
      0.003304165178677067,
      0.0033373546570539476,
      0.0030622439009021034,
      0.003114744406286627,
      0.0032881511118321213,
      0.0033139770918525755,
      0.002723150742519647,
      0.0030774707567325097,
      0.003220009372755885,
      0.003027508708141977,
      0.0031323165540758056,
      0.0027020079660229385,
      0.0027588301127078013,
      0.0029992678502574564,
      0.002946578642138047,
      0.0031471122005736108
    ],