{
  "args": {
    "device": "cuda:4",
    "exp_home": "./results",
    "ds_name": "imagenet32",
    "mode": "denoising",
    "noise_std": 0.25,
    "down_scale": 2.0,
    "model_type": "hourglass",
    "latent_dim": 3546,
    "hidden_dims": [
      270,
      270,
      270,
      270,
      270
    ],
    "wo_Win": false,
    "fix_Win": false,
    "I_Win": false,
    "batch_size": 512,
    "epochs": 8,
    "lr": 0.0001,
    "use_augmentation": true,
    "aug_num": 4,
    "run_id": 12,
    "seed": 42
  },
  "training_logs": {
    "train_losses": [
      0.01581806273572147,
      0.009902280578389764,
      0.00882736568711698,
      0.00825184240192175,
      0.00794561178330332,
      0.007708100156858563,
      0.0075456974282860755,
      0.0074168637478724125,
      0.007333236827515066,
      0.007267402932047844,
      0.007191733514890075,
      0.007143378298729658,
      0.007093784648925066,
      0.007049132447689772,
      0.007009086722508073,
      0.006990071988664567,
      0.006954603207297623,
      0.006936408544890583,
      0.006898602705448866,
      0.006883644146844745,
      0.0068714510332793,
      0.006841857807710767,
      0.006816864076070487,
      0.006806399484165013,
      0.006787503905594349,
      0.006785494994372129,
      0.006758135504089296,
      0.006755959799513221,
      0.006731723583303392,
      0.006733732747845352,
      0.006709699399769307,
      0.006705037905834615,
      0.006684264733456075,
      0.006688314868137241,
      0.006676074905321002,
      0.006668973612599075,
      0.006659175877459347,
      0.006644336643628776,
      0.006633277882821858,
      0.0066250494830310345,
      0.006619525576010346,
      0.006608489991165698,
      0.0066050621196627616,
      0.006601888590492308,
      0.006588347031734883,
      0.006577390694990754,
      0.0065801556343212724,
      0.006571408968418836,
      0.006564871303737164,
      0.006547583152540028,
      0.006535360409878194,
      0.006532797656022013,
      0.006531655914150178,
      0.006531425545923412,
      0.006525629203766584,
      0.006521989848464727,
      0.006500427763909101,
      0.0064970763623714445,
      0.006484394079074264,
      0.006484495897777378,
      0.006482047099620104,
      0.006480388561263681,
      0.006464972932823002,
      0.00646094539668411,
      0.006456551255658269,
      0.006455043033696711,
      0.006444451139308512,
      0.006445041412487626,
      0.006441419372335076,
      0.00643921578116715,
      0.006422931576147675,
      0.0064265530807897445,
      0.006419726554304362,
      0.00641602189745754,
      0.006406898873858154,
      0.006398487525060773,
      0.006399882178753614,
      0.006386982751078903,
      0.006395198130980134,
      0.006387584389187396,
      0.006381857180967927,
      0.006375252401456237,
      0.006380398120731115,
      0.006363545714877546,
      0.006365472794510424,
      0.006359794906340539,
      0.0063604735285043715,
      0.006351759554818272,
      0.00634453819040209,
      0.006341697960160673,
      0.006341783510521054,
      0.006342360687442124,
      0.0063338217316195366,
      0.006319739380851388,
      0.0063271440444514155,
      0.006317695456556976,
      0.0063157290928065775,
      0.00630403396114707,
      0.00630913002602756,
      0.006310883508995176,
      0.006293270162306726,
      0.006298028288409114,
      0.006291172667406499,
      0.006283217282034456,
      0.006287968065589666,
      0.006284406116232276,
      0.006281936363317073,
      0.0062861335026100276,
      0.006263674510642886,
      0.0062701717903837564,
      0.006269302231259644,
      0.006263358930125832,
      0.006259443479590118,
      0.006259487377479673,
      0.00626004284992814,
      0.00625647038128227,
      0.006250068187713623,
      0.006250267514958978,
      0.006247157453559339,
      0.006251054331660271,
      0.006243382302112878,
      0.006231826311908662,
      0.006232795581221581,
      0.006227246217429638,
      0.006221302909776568,
      0.006231672034598887,
      0.0062256010007113215,
      0.006219453065656125,
      0.00622452746797353,
      0.0062109340634197,
      0.00620685163512826,
      0.006213458213955164,
      0.006201764839701355,
      0.006209587786346674,
      0.006198196009732783,
      0.0061927675381302835,
      0.0061904670586809514,
      0.006190749933943153,
      0.006188631765544414,
      0.006181435976177454,
      0.006182427045889199,
      0.0061785517493262885,
      0.006176186264492571,
      0.006180706568062306,
      0.006176016357727349,
      0.006178894395008684,
      0.006165111782029271,
      0.006170865848660469,
      0.006167218059301377,
      0.006164630295708775,
      0.00616112123336643,
      0.0061546033043414355,
      0.006161158418282867,
      0.006150871903635562,
      0.006143572078086436,
      0.006147347459569573,
      0.006148372622206807,
      0.006149391007609665,
      0.00614089884608984,
      0.0061418138984590765
    ],
    "eval_losses": [
      0.007832519828379155,
      0.007243333515971899,
      0.007014472885876894,
      0.006844108499139547,
      0.006792799036055804,
      0.006782438720166683,
      0.006746302762329579,
      0.006624605506658554,
      0.006599052737355233,
      0.00654046973273158,
      0.006580078245401383,
      0.006480645986497402,
      0.006453181164115667,
      0.006425140212476254,
      0.006403750973641873,
      0.0063909683506190775,
      0.006350349733382463,
      0.006355782288163901,
      0.006315457538962364,
      0.006288658910244703,
      0.006279751483947039,
      0.00626150821313262,
      0.006240801997482777,
      0.00624658991754055,
      0.006213631747812033,
      0.006209792306125164,
      0.0061834293487668035,
      0.006175880528986454,
      0.006160619249641896,
      0.00614662775427103,
      0.006139234363287688,
      0.006134766342490911
    ],
    "psnr": [
      21.063222763671874,
      21.402669364013672,
      21.54199534423828,
      21.648785349731444,
      21.681431885375975,
      21.68794869934082,
      21.711175427856446,
      21.790240317993163,
      21.807100556640624,
      21.845830042114258,
      21.81961680908203,
      21.885735826416017,
      21.904242459106445,
      21.92303623046875,
      21.937564008789064,
      21.946305261230467,
      21.97397259399414,
      21.97028977050781,
      21.997908912353516,
      22.016346735839843,
      22.022549130859375,
      22.035115332641602,
      22.04957357849121,
      22.04554101196289,
      22.06853529785156,
      22.071276815795898,
      22.08973365600586,
      22.094937229614256,
      22.10574485534668,
      22.11562695251465,
      22.120816460571287,
      22.12401339111328
    ],
    "ssim": [
      0.6411610272216797,
      0.6580138452720642,
      0.6662465785598755,
      0.6708038551902771,
      0.6716960143852234,
      0.6740967416763306,
      0.6741413758277893,
      0.6774606287193299,
      0.6784201815032959,
      0.6797067030143737,
      0.6801813471794128,
      0.6816095948600769,
      0.6825796357345582,
      0.683651025390625,
      0.6840017412185669,
      0.6847842507934571,
      0.6854488870811463,
      0.6868613074493408,
      0.6870971273612976,
      0.6882515135002136,
      0.6885727151870727,
      0.6887196303367614,
      0.6896783286285401,
      0.6898762892150879,
      0.6911109695625305,
      0.6916175318527221,
      0.691963446674347,
      0.6923196694755555,
      0.6929016908454895,
      0.6935128451919556,
      0.6935588350105286,
      0.6938074710655212
    ],
    "best_epoch": null,
    "best_step": 80000,
    "best_eval_loss": 0.006134766342490911
  },
  "test_results": {
    "test_loss": 0.00612698818936944,
    "test_psnr": 22.12999960998535,
    "test_ssim": 0.6941953495979309
  }
}