{
  "args": {
    "device": "cuda:8",
    "exp_home": "./results",
    "ds_name": "mnist",
    "mode": "denoising",
    "noise_std": 0.25,
    "down_scale": 2.0,
    "model_type": "conventional",
    "latent_dim": 784,
    "hidden_dims": [
      905,
      905,
      905,
      905
    ],
    "wo_Win": false,
    "fix_Win": false,
    "I_Win": false,
    "wo_Wout": false,
    "batch_size": 128,
    "epochs": 30,
    "lr": 0.0001,
    "use_augmentation": false,
    "aug_num": 2,
    "run_id": 1,
    "seed": 42
  },
  "training_logs": {
    "train_losses": [
      0.02820751447677612,
      0.010652186174988747,
      0.008352156386375428,
      0.0072977176119387146,
      0.006685562727600336,
      0.006265671938061714,
      0.005974782892614603,
      0.005760640271604061,
      0.0055484541465342044,
      0.005411393635123968,
      0.0052686359280347825,
      0.005155204266160726,
      0.005076006027013064,
      0.004978769512176514,
      0.0049185644924640655,
      0.0048361976470053195,
      0.004782923476547003,
      0.004734835903197527,
      0.004674791029840707,
      0.0046270373830199244,
      0.004592869018018246,
      0.004549380106031895,
      0.004505939129292965,
      0.004479180296361447,
      0.004451552414149046,
      0.00442523753196001,
      0.004401416657716036,
      0.004377411690801382,
      0.004360818279087544,
      0.0043341619476675985
    ],
    "eval_losses": [
      0.006317726016044617,
      0.005296104043722153,
      0.004838368069380522,
      0.004629520421475172,
      0.004480280204117298,
      0.004387046161293984
    ],
    "psnr": [
      21.99768657531738,
      22.763544021606446,
      23.1557706451416,
      23.34707080383301,
      23.4895485168457,
      23.58110863342285
    ],
    "ssim": [
      0.8862458936691284,
      0.9013826819419861,
      0.9129210244178771,
      0.9194421319007874,
      0.9246351916313171,
      0.9275318210601806
    ],
    "best_epoch": 30,
    "best_step": null,
    "best_eval_loss": 0.004387046161293984
  },
  "test_results": {
    "test_loss": 0.004364949714764953,
    "test_psnr": 23.61211573486328,
    "test_ssim": 0.928963126373291
  }
}