{
  "args": {
    "device": "cuda:1",
    "exp_home": "./results",
    "ds_name": "mnist",
    "mode": "generative_classification",
    "noise_std": 0.25,
    "down_scale": 2.0,
    "model_type": "conventional",
    "latent_dim": 784,
    "hidden_dims": [
      1150,
      1150,
      1150,
      1150,
      1150,
      1150
    ],
    "wo_Win": false,
    "fix_Win": true,
    "I_Win": true,
    "batch_size": 128,
    "epochs": 100,
    "lr": 0.0001,
    "use_augmentation": true,
    "aug_num": 2,
    "run_id": 3,
    "seed": 42
  },
  "training_logs": {
    "train_losses": [
      0.013055247168317437,
      0.004095821895822882,
      0.003069904477149248,
      0.0025475793835148214,
      0.0021752280743420126,
      0.0018081739106215536,
      0.0017269392417743803,
      0.0016339529651030898,
      0.0013253244904242456,
      0.0012708170552924276,
      0.0011724454602226615,
      0.0011231484546139836,
      0.0010063798965793103,
      0.0009160105036851019,
      0.0008737432596925646,
      0.0008221324524842203,
      0.0008399198642745614,
      0.0007853717685863376,
      0.0007638528223987669,
      0.0006688359333295375,
      0.0006681168693955988,
      0.0006294233725499362,
      0.0005855606688465923,
      0.0006028688618261367,
      0.0005363186118332669,
      0.000517616041128058,
      0.0005163734341692179,
      0.00047242335563292727,
      0.00046826196780428293,
      0.0004514887771848589,
      0.0004152198349311948,
      0.0003878416257444769,
      0.0004058659768337384,
      0.0004066799409338273,
      0.00034080252595245836,
      0.00035238180817104877,
      0.00029885683873668315,
      0.00029819945072289555,
      0.00037374611712060867,
      0.00028137224290985613,
      0.0002451440102979541,
      0.00028674044709187,
      0.00026020752440206706,
      0.0002751909164036624,
      0.00023793871117755772,
      0.0002571648070891388,
      0.00023000118179945274,
      0.0002295799245242961,
      0.00021633286009775475,
      0.0001944686859077774,
      0.00020561923417495564,
      0.00015346267103217543,
      0.0001970909863593988,
      0.00017014901011134498,
      0.0002097312998538837,
      0.0001581996815931052,
      0.00016035634518833832,
      0.0001628313608863391,
      0.0001264255484181922,
      0.0001386753248097375,
      0.0001205922629206907,
      0.00012067161481129005,
      0.00011237044658861123,
      0.00012634826266439631,
      0.00014672120932955295,
      0.00011059564355760813,
      9.550066610914655e-05,
      0.00011324749823310413,
      9.298422412364743e-05,
      9.969882004428655e-05,
      0.00010431161991436966,
      6.54391136742197e-05,
      7.591115893563256e-05,
      9.508779632160441e-05,
      5.137594101135619e-05,
      8.916445469018072e-05,
      5.948963891540188e-05,
      6.962464597134385e-05,
      5.0773554004263136e-05,
      5.864203140954487e-05,
      5.037532134680078e-05,
      4.8123544180998575e-05,
      5.1532896583667024e-05,
      4.465471681323834e-05,
      3.882118368055671e-05,
      4.198482101666741e-05,
      4.0126603756216356e-05,
      3.392520157911349e-05,
      3.309374530916102e-05,
      3.6101487090345474e-05,
      3.052675072103739e-05,
      2.469759002677165e-05,
      2.217290286964271e-05,
      2.2727252484182827e-05,
      2.139534139423631e-05,
      1.9802022637450136e-05,
      2.375640980550088e-05,
      2.0228016391047275e-05,
      1.8624933676910587e-05,
      2.064927887287922e-05
    ],
    "eval_losses": [
      0.004016371793113649,
      0.0035176874240394683,
      0.003167204133467749,
      0.003101986847538501,
      0.0033408191861584785,
      0.003310204372741282,
      0.003102166612260044,
      0.0028282320638885724,
      0.003412610735371709,
      0.0030065898094326256,
      0.0029613640530151315,
      0.0032010285834316162,
      0.002796992461103946,
      0.0029806734792655336,
      0.0027947595305740833,
      0.002842397248040652,
      0.0028448198817204685,
      0.0027795342986108155,
      0.0025387851315754233,
      0.002560972128951107
    ],
    "psnr": [
      24.326904776000976,
      24.986968255615235,
      25.811526550292967,
      25.773791973876953,
      25.306774014282226,
      25.45915733947754,
      25.97528846435547,
      26.394151220703126,
      25.298837255859375,
      25.86908186340332,
      25.971180847167968,
      25.6760078704834,
      26.430645883178713,
      26.106296228027343,
      26.456308532714843,
      26.569370159912108,
      26.301604217529295,
      26.717980639648438,
      27.610237780761718,
      27.171877337646485
    ],
    "best_epoch": 95,
    "best_step": null,
    "best_eval_loss": 0.0025387851315754233
  },
  "test_results": {
    "test_loss": 0.0023728138551698066,
    "test_psnr": 30.365071490478517
  }
}