{
  "args": {
    "device": "cuda:9",
    "exp_home": "./results",
    "ds_name": "mnist",
    "mode": "generative_classification",
    "noise_std": 0.25,
    "down_scale": 2.0,
    "model_type": "conventional",
    "latent_dim": 784,
    "hidden_dims": [
      1470,
      1470
    ],
    "wo_Win": true,
    "fix_Win": false,
    "I_Win": false,
    "wo_Wout": true,
    "batch_size": 128,
    "epochs": 50,
    "lr": 0.0001,
    "use_augmentation": false,
    "aug_num": 2,
    "run_id": 1,
    "seed": 42
  },
  "training_logs": {
    "train_losses": [
      0.023262785166203975,
      0.005841358781903982,
      0.0038904825338721277,
      0.002859807196184993,
      0.0021592243440449236,
      0.0017777597415074705,
      0.00145183930773288,
      0.001179860155954957,
      0.0010044175802171231,
      0.0008517381516471506,
      0.0007329504610598087,
      0.0006778604006581008,
      0.0005456904371455312,
      0.0005295284311100841,
      0.0004495349978655577,
      0.0004010733798798174,
      0.0003696347892191261,
      0.0003172009746544063,
      0.00029755789080634714,
      0.0002637694616615772,
      0.0002441812692768872,
      0.00020895719958469272,
      0.0002435498890466988,
      0.00019935869332402944,
      0.00020794947811868041,
      0.00019511131004896015,
      0.0001715035796491429,
      0.00017641631780657916,
      0.00013366121230646967,
      0.00015245465864660218,
      0.00013344813895877451,
      0.00012583786494098603,
      0.00011089290093397721,
      0.00010538186071906239,
      0.00010606094747316092,
      9.676867076195777e-05,
      0.0001004925259319134,
      8.972524469252675e-05,
      9.35253968462348e-05,
      8.076758650830016e-05,
      7.911218942608685e-05,
      7.443383382400498e-05,
      8.044259456219151e-05,
      7.239386836765333e-05,
      7.43039750866592e-05,
      6.732182954670862e-05,
      6.549858642742038e-05,
      6.344654028187505e-05,
      6.28481173561886e-05,
      6.327489663031884e-05
    ],
    "eval_losses": [
      0.004741148311644792,
      0.004194337632507086,
      0.004084272037260235,
      0.003823799439705908,
      0.0037627486009150744,
      0.0037175861842930315,
      0.0034117406862787902,
      0.0035588600620627404,
      0.003494642996974289,
      0.0034023924142122268
    ],
    "psnr": [
      23.469528991699217,
      24.025346447753908,
      24.16969885864258,
      24.475088217163087,
      24.60391167602539,
      24.64021305541992,
      25.109502136230468,
      24.88594486694336,
      25.00114228515625,
      25.04341838989258
    ],
    "ssim": [
      0.9446453054428101,
      0.9602808917999267,
      0.9662707612037659,
      0.970463649559021,
      0.9718942741394043,
      0.9720284601211547,
      0.9750352166175842,
      0.9745899357795715,
      0.9751519780158997,
      0.9753208350181579
    ],
    "best_epoch": 50,
    "best_step": null,
    "best_eval_loss": 0.0034023924142122268
  },
  "test_results": {
    "test_loss": 0.0034286512026097627,
    "test_psnr": 26.028546765136717,
    "test_ssim": 0.9756618405342102
  }
}