{
  "args": {
    "device": "cuda:7",
    "exp_home": "./results",
    "ds_name": "mnist",
    "mode": "denoising",
    "noise_std": 0.25,
    "down_scale": 2.0,
    "model_type": "conventional",
    "latent_dim": 784,
    "hidden_dims": [
      1150,
      1150,
      1150,
      1150,
      1150,
      1150,
      1150,
      1150,
      1150,
      1150
    ],
    "wo_Win": false,
    "fix_Win": true,
    "I_Win": false,
    "batch_size": 128,
    "epochs": 100,
    "lr": 5e-05,
    "use_augmentation": true,
    "aug_num": 4,
    "run_id": 1,
    "seed": 42
  },
  "training_logs": {
    "train_losses": [
      0.016640489290654658,
      0.007993931956291198,
      0.006877734888345003,
      0.006310362961739302,
      0.00596219866618514,
      0.0057149229928851126,
      0.005520398671925068,
      0.005379102606624365,
      0.005264627293199301,
      0.005151662924736738,
      0.005071467596292496,
      0.004995341081917286,
      0.004928987285792828,
      0.004867955094277859,
      0.004813743267059327,
      0.004760638716518879,
      0.004710731531232595,
      0.004676879179030657,
      0.004636802545934916,
      0.0045976051209867,
      0.004560594165474176,
      0.004529013219177723,
      0.004500884223133325,
      0.004473172301352024,
      0.004439931237995624,
      0.00441460682079196,
      0.004387852575480938,
      0.004364197855889798,
      0.004344277758449316,
      0.004317648146301508,
      0.004300888216644525,
      0.004279730172753334,
      0.004253773815184832,
      0.004238431100100279,
      0.0042221651688218115,
      0.004202265225797892,
      0.004187800384163856,
      0.0041692772954702376,
      0.004149299433082342,
      0.0041331063376367095,
      0.004120536130815745,
      0.004107796741425991,
      0.004090348674505949,
      0.00407849408403039,
      0.004065528823286295,
      0.0040533267918229105,
      0.004039796031266451,
      0.00402850541293621,
      0.0040140330129861835,
      0.004003556399792433,
      0.003989958351999522,
      0.003979321784228086,
      0.0039633827611804005,
      0.003960813100934029,
      0.00394342022433877,
      0.003931381778270006,
      0.003926043203473091,
      0.003915686888247729,
      0.0039034066216647625,
      0.0038945473292469977,
      0.0038831291258335115,
      0.0038764741311967375,
      0.0038648440684378145,
      0.0038523037715256212,
      0.0038468447805941105,
      0.0038377992622554303,
      0.0038318594336509706,
      0.0038237045089155436,
      0.0038099884632229806,
      0.0038028766783326866,
      0.0037951222701370717,
      0.0037899289825558662,
      0.0037822696712613104,
      0.0037730298963189125,
      0.0037653162252902985,
      0.003761955381035805,
      0.0037518753933906556,
      0.003744053141102195,
      0.0037371627209335564,
      0.0037315949831902982,
      0.003728574483245611,
      0.0037179256730526687,
      0.0037105307575315237,
      0.003703235731571913,
      0.0037006272116303445,
      0.0036967336949706078,
      0.0036880494378507137,
      0.0036809390135109426,
      0.0036775169306993483,
      0.003672486654073,
      0.0036632160425186158,
      0.003659515727162361,
      0.0036527250453829764,
      0.0036514666694402696,
      0.003650197357162833,
      0.003642763094827533,
      0.003639873672425747,
      0.0036336419698596,
      0.0036276772640645503,
      0.0036263377329707144
    ],
    "eval_losses": [
      0.005571036358177662,
      0.004913070166110992,
      0.004657062485814095,
      0.004498033027350902,
      0.004390770876407623,
      0.004260846886783839,
      0.004174829571694135,
      0.004136029727011919,
      0.004080592316389084,
      0.00403023174777627,
      0.0039949550695717335,
      0.0039427322939038275,
      0.003918021837621927,
      0.0038703434482216833,
      0.0038622343972325324,
      0.003843402721732855,
      0.0038275432385504247,
      0.0038034880205988883,
      0.00378841312751174,
      0.0037639098025858404
    ],
    "psnr": [
      22.543115148925782,
      23.08862502746582,
      23.321020709228517,
      23.471882220458983,
      23.576983197021484,
      23.707037442016603,
      23.795849548339845,
      23.83629396057129,
      23.89517035522461,
      23.948957818603514,
      23.98667226867676,
      24.04403115539551,
      24.07143450012207,
      24.124932772827147,
      24.133543676757814,
      24.155386041259767,
      24.17273994140625,
      24.199894082641602,
      24.217533477783203,
      24.245603662109374
    ],
    "ssim": [
      0.901783745098114,
      0.9210126217842102,
      0.9297290149688721,
      0.9340101505279541,
      0.9383731453895569,
      0.9404808126449585,
      0.941164977645874,
      0.9441353747367859,
      0.9459234489440917,
      0.9484778263092041,
      0.9471844226837158,
      0.949179813671112,
      0.94854507188797,
      0.9511310339927673,
      0.951839938735962,
      0.9523492389678955,
      0.9527272436141968,
      0.9530570894241333,
      0.954069306755066,
      0.9534055471420289
    ],
    "best_epoch": 100,
    "best_step": null,
    "best_eval_loss": 0.0037639098025858404
  },
  "test_results": {
    "test_loss": 0.0037600702941417694,
    "test_psnr": 24.25772565307617,
    "test_ssim": 0.9540818904876709
  }
}