{
  "args": {
    "device": "cuda:9",
    "exp_home": "./results",
    "ds_name": "mnist",
    "mode": "generative_classification",
    "noise_std": 0.25,
    "down_scale": 2.0,
    "model_type": "conventional",
    "latent_dim": 784,
    "hidden_dims": [
      2870,
      2870
    ],
    "wo_Win": true,
    "fix_Win": false,
    "I_Win": false,
    "wo_Wout": true,
    "batch_size": 128,
    "epochs": 50,
    "lr": 0.001,
    "use_augmentation": false,
    "aug_num": 2,
    "run_id": 3,
    "seed": 42
  },
  "training_logs": {
    "train_losses": [
      0.01210575760960579,
      0.0063430242359638215,
      0.0050715490616858,
      0.004223382225036621,
      0.0036484880072623492,
      0.003393252306059003,
      0.0029822643218934534,
      0.0026676879186183214,
      0.0024960079450160265,
      0.0023912253676354883,
      0.0021523781571537257,
      0.0020589040772616865,
      0.0018360590793937445,
      0.0018548866060003639,
      0.0017207203731313349,
      0.0015653500051051377,
      0.0015386136636510491,
      0.0014817550189420582,
      0.0014220014772191644,
      0.0014429896418750286,
      0.0012988779285550117,
      0.0011984841337800026,
      0.001113959984332323,
      0.001140144344381988,
      0.0009750621139444411,
      0.0008624929651990532,
      0.0007809883757308126,
      0.0009739707746356726,
      0.0009648535863682628,
      0.0007401432105340063,
      0.0006650483136996627,
      0.0007113642956316471,
      0.0006204759053885936,
      0.0005782953598536551,
      0.0005624883307516575,
      0.0005614280906505883,
      0.0004932996023446322,
      0.000459369982983917,
      0.00046650720710866156,
      0.0004284176200348884,
      0.0003796919868234545,
      0.0003710663532279432,
      0.0003424162759259343,
      0.00031928795631043613,
      0.0003020365121494979,
      0.0002903944405727088,
      0.0002770449540484697,
      0.00026886157142929734,
      0.00025954170744866135,
      0.0002510331151355058
    ],
    "eval_losses": [
      0.0058166568756103515,
      0.005384433662891388,
      0.004445399301499129,
      0.0040601314574480055,
      0.00364987762235105,
      0.003492839140072465,
      0.0034306892700493334,
      0.003258018045499921,
      0.0030975634317845107,
      0.003132195023819804
    ],
    "psnr": [
      22.500080142211914,
      22.88325493469238,
      23.74574719543457,
      24.207319229125975,
      24.69832200012207,
      24.878858099365235,
      25.037188732910156,
      25.28733038635254,
      25.637937365722657,
      25.524961575317384
    ],
    "ssim": [
      0.9501074510574341,
      0.9555367994308471,
      0.9661177724838257,
      0.9681583459854126,
      0.9716748742103577,
      0.9730512689590454,
      0.9733471457481384,
      0.9749973038673401,
      0.9762393045425415,
      0.9764978182792664
    ],
    "best_epoch": 45,
    "best_step": null,
    "best_eval_loss": 0.0030975634317845107
  },
  "test_results": {
    "test_loss": 0.0029677089703734963,
    "test_psnr": 26.545486865234373,
    "test_ssim": 0.9769142724037171
  }
}