{
  "args": {
    "device": "cuda:8",
    "exp_home": "./results",
    "ds_name": "mnist",
    "mode": "denoising",
    "noise_std": 0.25,
    "down_scale": 2.0,
    "model_type": "conventional",
    "latent_dim": 784,
    "hidden_dims": [
      1470,
      1470,
      1470,
      1470,
      1470
    ],
    "wo_Win": false,
    "fix_Win": false,
    "I_Win": false,
    "wo_Wout": false,
    "batch_size": 128,
    "epochs": 30,
    "lr": 0.0001,
    "use_augmentation": false,
    "aug_num": 2,
    "run_id": 1,
    "seed": 42
  },
  "training_logs": {
    "train_losses": [
      0.024292029798030853,
      0.009405534461736679,
      0.007518992343991995,
      0.006664497185349464,
      0.006168009263724089,
      0.0058040896101295945,
      0.005562609829902649,
      0.005376007512211799,
      0.00519919029250741,
      0.005086700152754783,
      0.004951164018958807,
      0.0048508721557259556,
      0.004779427944421768,
      0.004692198483496905,
      0.004637831898331642,
      0.004563038700222969,
      0.004502762151658535,
      0.004460497345924378,
      0.004401023497432471,
      0.004352554104924202,
      0.00432007572337985,
      0.0042743437294662,
      0.004227856051325798,
      0.004200191273540259,
      0.004168575279265642,
      0.0041380935624241826,
      0.004117499490082264,
      0.004085321842879057,
      0.004066969802230596,
      0.004039345616400242
    ],
    "eval_losses": [
      0.005904553006589413,
      0.0050173636369407176,
      0.004621972476691007,
      0.004425172132998705,
      0.004263031318038702,
      0.00415962645187974
    ],
    "psnr": [
      22.291261099243165,
      22.99782489929199,
      23.3545926361084,
      23.54306606750488,
      23.70514359741211,
      23.81205782775879
    ],
    "ssim": [
      0.8949998417854309,
      0.9062510019302368,
      0.9180086605072022,
      0.9238238771438598,
      0.9297705815315247,
      0.9329254776954651
    ],
    "best_epoch": 30,
    "best_step": null,
    "best_eval_loss": 0.00415962645187974
  },
  "test_results": {
    "test_loss": 0.004146728852018714,
    "test_psnr": 23.833917468261717,
    "test_ssim": 0.9341007227897644
  }
}