{
  "args": {
    "device": "cuda:7",
    "exp_home": "./results",
    "ds_name": "mnist",
    "mode": "denoising",
    "noise_std": 0.25,
    "down_scale": 2.0,
    "model_type": "conventional",
    "latent_dim": 784,
    "hidden_dims": [
      1150,
      1150,
      1150,
      1150,
      1150
    ],
    "wo_Win": false,
    "fix_Win": false,
    "I_Win": false,
    "wo_Wout": false,
    "batch_size": 128,
    "epochs": 30,
    "lr": 0.001,
    "use_augmentation": false,
    "aug_num": 2,
    "run_id": 4,
    "seed": 42
  },
  "training_logs": {
    "train_losses": [
      0.017714616522192955,
      0.007955305145978928,
      0.0068397686637938025,
      0.006344674357622862,
      0.006011822427362204,
      0.005727260349839926,
      0.005588086472451687,
      0.005381181892454625,
      0.0052443321967124935,
      0.005138587257266044,
      0.005024726640731096,
      0.004907797501385212,
      0.004819211401641369,
      0.004731449996978045,
      0.004629960632175207,
      0.004558986968696117,
      0.004484428827017546,
      0.004411487112492323,
      0.004340034854114056,
      0.004266245421916247,
      0.00419986477419734,
      0.004125561570376158,
      0.00407203900501132,
      0.004010821677148342,
      0.003945654637664556,
      0.0038853705576062203,
      0.003822833573371172,
      0.0037573098181188105,
      0.0037060563740879296,
      0.0036500091291964054
    ],
    "eval_losses": [
      0.005967863993346691,
      0.005114498625695706,
      0.004666186761111021,
      0.004337066166847944,
      0.004039056273549795,
      0.0037824821405112743
    ],
    "psnr": [
      22.243719061279297,
      22.91402021484375,
      23.312323788452147,
      23.629585952758788,
      23.939116146850587,
      24.224211138916015
    ],
    "ssim": [
      0.9058501634597779,
      0.9170354522705079,
      0.9176541600227356,
      0.9239501615524292,
      0.9300927393913269,
      0.9370741369247436
    ],
    "best_epoch": 30,
    "best_step": null,
    "best_eval_loss": 0.0037824821405112743
  },
  "test_results": {
    "test_loss": 0.0037579969737678767,
    "test_psnr": 24.259265048217774,
    "test_ssim": 0.9384796959877014
  }
}