{
  "args": {
    "device": "cuda:0",
    "exp_home": "./results",
    "ds_name": "mnist",
    "mode": "denoising",
    "noise_std": 0.25,
    "down_scale": 2.0,
    "model_type": "conventional",
    "latent_dim": 784,
    "hidden_dims": [
      905,
      905,
      905,
      905,
      905,
      905
    ],
    "wo_Win": true,
    "fix_Win": false,
    "I_Win": false,
    "wo_Wout": true,
    "batch_size": 128,
    "epochs": 30,
    "lr": 0.0005,
    "use_augmentation": false,
    "aug_num": 2,
    "run_id": 5,
    "seed": 42
  },
  "training_logs": {
    "train_losses": [
      0.012160778675675393,
      0.006705681845992803,
      0.005902909089326859,
      0.005494911356568336,
      0.005290097144544125,
      0.005115472338795662,
      0.004967302118986845,
      0.004853576271235943,
      0.004764934175312519,
      0.004657082262337207,
      0.0045989588676393035,
      0.004518759987801314,
      0.004446482176929712,
      0.004386598760187626,
      0.004330925047695637,
      0.004260573289692402,
      0.00421157945483923,
      0.004140723277628422,
      0.004085609287470579,
      0.004053285786509514,
      0.004011342349499464,
      0.003952372273802757,
      0.0039074885472655295,
      0.0038640874251723288,
      0.0038151455129683018,
      0.0037598555732518434,
      0.003717354633510113,
      0.003669746264964342,
      0.003637800553962588,
      0.003600582754611969
    ],
    "eval_losses": [
      0.0051230938211083415,
      0.0047023350283503535,
      0.004394537001103163,
      0.004103603388369083,
      0.003908523418754339,
      0.0037555241405963897
    ],
    "psnr": [
      22.906998330688477,
      23.278525561523438,
      23.572746279907225,
      23.86991940307617,
      24.081670724487303,
      24.255342224121094
    ],
    "ssim": [
      0.9135988524436951,
      0.9296167844772338,
      0.9367789265632629,
      0.9425469499588013,
      0.9460978454589843,
      0.9522878219604493
    ],
    "best_epoch": 30,
    "best_step": null,
    "best_eval_loss": 0.0037555241405963897
  },
  "test_results": {
    "test_loss": 0.003737577149271965,
    "test_psnr": 24.282351925659178,
    "test_ssim": 0.9532677528381348
  }
}