{
  "args": {
    "device": "cuda:9",
    "exp_home": "./results",
    "ds_name": "mnist",
    "mode": "generative_classification",
    "noise_std": 0.25,
    "down_scale": 2.0,
    "model_type": "conventional",
    "latent_dim": 784,
    "hidden_dims": [
      905,
      905,
      905,
      905
    ],
    "wo_Win": true,
    "fix_Win": false,
    "I_Win": false,
    "wo_Wout": true,
    "batch_size": 128,
    "epochs": 50,
    "lr": 0.0001,
    "use_augmentation": false,
    "aug_num": 2,
    "run_id": 1,
    "seed": 42
  },
  "training_logs": {
    "train_losses": [
      0.018988727813363075,
      0.0044145277562737464,
      0.0028346238937973977,
      0.0020962517350912096,
      0.0015968904533982277,
      0.0012867566846311092,
      0.0011025612428598106,
      0.0009402147080749273,
      0.000833831486813724,
      0.0007277009951882064,
      0.0006866503688693047,
      0.000627202154872939,
      0.0005903875648649409,
      0.0005620739509165287,
      0.0004601661678403616,
      0.000512959564817138,
      0.00037678579105529937,
      0.00033864194758236407,
      0.0003086173619329929,
      0.0002788085625879467,
      0.00029717091031372547,
      0.0003461673094704747,
      0.00030582620303146543,
      0.0002466591560002416,
      0.0002036544852051884,
      0.00021451918188715354,
      0.0002206346113118343,
      0.00021808908763341605,
      0.00015465751568321138,
      0.00018240178821375593,
      0.0001491381599009037,
      0.00015966657899320127,
      0.00014584291529841722,
      0.00012254299135645852,
      0.00012142464371863753,
      0.00010203195784473792,
      9.86544602131471e-05,
      9.325621596770362e-05,
      8.804719550535083e-05,
      8.41062373924069e-05,
      7.835024527739733e-05,
      8.17904547881335e-05,
      7.311006076401099e-05,
      6.8580480015371e-05,
      6.946786613552831e-05,
      5.9283675157930704e-05,
      5.916405014926568e-05,
      5.361006844905205e-05,
      5.360720735625364e-05,
      5.478216093149967e-05
    ],
    "eval_losses": [
      0.004019227256253362,
      0.004126554669439793,
      0.0036995954676298424,
      0.003606037861574441,
      0.0034542177356313916,
      0.003265922184928786,
      0.003195016230212059,
      0.00321103586636018,
      0.003213899723283248,
      0.003026578775944654
    ],
    "psnr": [
      24.269910076904296,
      24.25653985900879,
      24.94012749633789,
      24.990423260498048,
      25.319601818847655,
      25.555362548828125,
      25.929337774658205,
      25.667920764160158,
      25.752588671875,
      25.855482885742187
    ],
    "ssim": [
      0.9568420720100402,
      0.9657476524353027,
      0.9727953430175781,
      0.974151004600525,
      0.9762818928718567,
      0.9781488559722901,
      0.9792451889038086,
      0.9795566590309143,
      0.9797042406082154,
      0.9804513353347778
    ],
    "best_epoch": 50,
    "best_step": null,
    "best_eval_loss": 0.003026578775944654
  },
  "test_results": {
    "test_loss": 0.0031984190121642315,
    "test_psnr": 26.596359100341797,
    "test_ssim": 0.9801140916824341
  }
}