{
  "args": {
    "device": "cuda:0",
    "exp_home": "./results",
    "ds_name": "mnist",
    "mode": "denoising",
    "noise_std": 0.25,
    "down_scale": 2.0,
    "model_type": "conventional",
    "latent_dim": 784,
    "hidden_dims": [
      785,
      785
    ],
    "wo_Win": true,
    "fix_Win": false,
    "I_Win": false,
    "wo_Wout": true,
    "batch_size": 128,
    "epochs": 30,
    "lr": 0.0005,
    "use_augmentation": false,
    "aug_num": 2,
    "run_id": 3,
    "seed": 42
  },
  "training_logs": {
    "train_losses": [
      0.015150954977869988,
      0.006252256291210651,
      0.005500429416447878,
      0.005159327865689993,
      0.004957674770504236,
      0.004828963068574667,
      0.004715180395245552,
      0.004643132975846529,
      0.004558227805644274,
      0.004492833484113216,
      0.004444334352463484,
      0.004380566422641278,
      0.0043190424640476704,
      0.004291884721368551,
      0.004252738256305456,
      0.0042090945556759836,
      0.004172549661248922,
      0.004138572929129005,
      0.0041044697333872315,
      0.004060653501749039,
      0.004029108518511057,
      0.00400598587423563,
      0.003970737004727125,
      0.003947187980115414,
      0.003917413490712643,
      0.0038876877239346504,
      0.003861497150212526,
      0.0038416317404806615,
      0.0038167268532514572,
      0.00380220896422863
    ],
    "eval_losses": [
      0.0048099772207438945,
      0.0043953303016722204,
      0.004201365963369608,
      0.0040773552991449835,
      0.003942024403810501,
      0.0038628988809883595
    ],
    "psnr": [
      23.18067544555664,
      23.57229782409668,
      23.768307879638673,
      23.89836382446289,
      24.04495274658203,
      24.133080780029296
    ],
    "ssim": [
      0.9006812201499939,
      0.9222907455444336,
      0.9338394820213318,
      0.9368045406341553,
      0.9411431449890136,
      0.944749161529541
    ],
    "best_epoch": 30,
    "best_step": null,
    "best_eval_loss": 0.0038628988809883595
  },
  "test_results": {
    "test_loss": 0.0038307796984910964,
    "test_psnr": 24.17547432861328,
    "test_ssim": 0.9460080057144165
  }
}