{
  "args": {
    "device": "cuda:6",
    "exp_home": "./results",
    "ds_name": "mnist",
    "mode": "denoising",
    "noise_std": 0.25,
    "down_scale": 2.0,
    "model_type": "conventional",
    "latent_dim": 784,
    "hidden_dims": [
      1150,
      1150,
      1150,
      1150
    ],
    "wo_Win": false,
    "fix_Win": true,
    "I_Win": false,
    "batch_size": 128,
    "epochs": 100,
    "lr": 0.001,
    "use_augmentation": false,
    "aug_num": 2,
    "run_id": 2,
    "seed": 42
  },
  "training_logs": {
    "train_losses": [
      0.017813934056162835,
      0.008176168267130851,
      0.0071255411607027055,
      0.006795061681121588,
      0.006524467617422342,
      0.006406449137181043,
      0.006242620080113411,
      0.006089821370691061,
      0.00607259590357542,
      0.005953428400009871,
      0.005881562832593918,
      0.005800632119327784,
      0.005775911110937595,
      0.005767454661130905,
      0.005687447177320719,
      0.005612098766714335,
      0.005557242710292339,
      0.005546397113204002,
      0.005515476356893778,
      0.005440767494440079,
      0.005396645171046257,
      0.005353355633020401,
      0.005338346191495657,
      0.005303753741085529,
      0.005265471821129322,
      0.0052160457254946235,
      0.005167860485762358,
      0.00515702311038971,
      0.005111039067804813,
      0.005075749922245741,
      0.005055470297336578,
      0.005023139685690403,
      0.004986102060228586,
      0.0049643246550858024,
      0.0049416212107241154,
      0.0048910702836513515,
      0.004878872217833996,
      0.0048459246917068955,
      0.004830172003060579,
      0.004799723678380251,
      0.004774786663204432,
      0.004751526711583138,
      0.004726741274148225,
      0.00469627686753869,
      0.004667681646645069,
      0.004655061985254288,
      0.004637414793372154,
      0.004596428971290588,
      0.004585135471820831,
      0.004570761366337538,
      0.00455082220107317,
      0.004523535777628422,
      0.004505693405419588,
      0.004487979836463928,
      0.004461859476864338,
      0.0044559085902571675,
      0.004419276651889086,
      0.004410154416561127,
      0.004380972563028335,
      0.004378230772614479,
      0.004345436093509197,
      0.004331485660821199,
      0.004315686869174242,
      0.004291221906095743,
      0.0042694432272017005,
      0.004248253409415484,
      0.004228203245401382,
      0.00421525006622076,
      0.004195251235812903,
      0.004184192376881838,
      0.004164983415454626,
      0.0041428318344056605,
      0.00412778831616044,
      0.004097864038795233,
      0.004083169357776642,
      0.0040638994789123535,
      0.004049480100423097,
      0.00402146371409297,
      0.004013027622401714,
      0.003990758457034826,
      0.003970309972763062,
      0.003951239023953676,
      0.003927310790121556,
      0.003908576170951128,
      0.003894237665385008,
      0.003874871029108763,
      0.0038435796523094176,
      0.0038264465488493443,
      0.0038066685082018374,
      0.0037846152299642563,
      0.0037602144817262886,
      0.0037340132915228605,
      0.0037174286188185217,
      0.0036977558870613576,
      0.003674060863703489,
      0.0036510177317261696,
      0.003631151993125677,
      0.003609036170616746,
      0.0035901799580454826,
      0.0035772620640695096
    ],
    "eval_losses": [
      0.006133319256454706,
      0.005783202277123928,
      0.005506344402581453,
      0.00535086931809783,
      0.005110628639161586,
      0.005012860850244761,
      0.004910310905426741,
      0.0047526115834712985,
      0.004650876385718584,
      0.004521794357895851,
      0.004450954983383417,
      0.004334501615166664,
      0.004275128123164177,
      0.004201441615074873,
      0.00411434992030263,
      0.004059328856319189,
      0.0039821851037442684,
      0.00391517072096467,
      0.0038692890532314775,
      0.003806791055202484
    ],
    "psnr": [
      22.12482208557129,
      22.38062267456055,
      22.59370311279297,
      22.71730813598633,
      22.91745442199707,
      23.001149392700196,
      23.09111873474121,
      23.233060110473634,
      23.326602813720704,
      23.44854677734375,
      23.517501943969727,
      23.632420501708985,
      23.69257412109375,
      23.76828262023926,
      23.859353607177734,
      23.917325399780275,
      24.001029443359375,
      24.074549185180665,
      24.12573095703125,
      24.19709033203125
    ],
    "ssim": [
      0.8938074422836304,
      0.9173931095123291,
      0.9215052133560181,
      0.9236618084907532,
      0.9260231964111328,
      0.9280346931457519,
      0.9294423080444336,
      0.9322573360443115,
      0.9325056032180786,
      0.9344898600578309,
      0.9341655191421508,
      0.9366483819961547,
      0.9374290227890014,
      0.9382050733566284,
      0.9409050812721252,
      0.9432567054748535,
      0.9419802835464478,
      0.9426194772720337,
      0.9450181897163391,
      0.9450651920318603
    ],
    "best_epoch": 100,
    "best_step": null,
    "best_eval_loss": 0.003806791055202484
  },
  "test_results": {
    "test_loss": 0.0037941221319139004,
    "test_psnr": 24.218098568725587,
    "test_ssim": 0.9463149877548218
  }
}