{
  "args": {
    "device": "cuda:0",
    "exp_home": "./results",
    "ds_name": "mnist",
    "mode": "denoising",
    "noise_std": 0.25,
    "down_scale": 2.0,
    "model_type": "conventional",
    "latent_dim": 784,
    "hidden_dims": [
      2870,
      2870,
      2870
    ],
    "wo_Win": true,
    "fix_Win": false,
    "I_Win": false,
    "wo_Wout": true,
    "batch_size": 128,
    "epochs": 30,
    "lr": 0.0001,
    "use_augmentation": false,
    "aug_num": 2,
    "run_id": 2,
    "seed": 42
  },
  "training_logs": {
    "train_losses": [
      0.016388974074423312,
      0.006370113958716393,
      0.005438930260837078,
      0.005092249370217323,
      0.004863161486387253,
      0.004725482407957315,
      0.004612029192894697,
      0.004529122278988361,
      0.004445412530899048,
      0.004396285451203585,
      0.00432081147313118,
      0.004273736350387335,
      0.004228962954729795,
      0.0041935566261410715,
      0.004150771883577108,
      0.004110749908834696,
      0.004072003490924835,
      0.004059028804302215,
      0.0040202290718257426,
      0.0039919934688508515,
      0.0039650141377002,
      0.0039386520737409595,
      0.003917913190424442,
      0.0038979576098918914,
      0.0038711023539304734,
      0.0038588218115270137,
      0.003840091260224581,
      0.0038206588557362555,
      0.00380082246273756,
      0.003786736625432968
    ],
    "eval_losses": [
      0.004600738059729338,
      0.004259692389518023,
      0.004105978548526764,
      0.0039730953000485895,
      0.0038967661418020725,
      0.003840660801529884
    ],
    "psnr": [
      23.373467074584962,
      23.70816657409668,
      23.867785067749022,
      24.01041437072754,
      24.094834686279295,
      24.157830465698243
    ],
    "ssim": [
      0.8872035760879516,
      0.9129253463745117,
      0.9272033910751343,
      0.9331857695579528,
      0.9358144191741944,
      0.9377657751083374
    ],
    "best_epoch": 30,
    "best_step": null,
    "best_eval_loss": 0.003840660801529884
  },
  "test_results": {
    "test_loss": 0.003811228420585394,
    "test_psnr": 24.19716516418457,
    "test_ssim": 0.9392119729995727
  }
}