{
  "args": {
    "device": "cuda:6",
    "exp_home": "./results",
    "ds_name": "mnist",
    "mode": "denoising",
    "noise_std": 0.25,
    "down_scale": 2.0,
    "model_type": "conventional",
    "latent_dim": 784,
    "hidden_dims": [
      1150
    ],
    "wo_Win": false,
    "fix_Win": true,
    "I_Win": true,
    "batch_size": 128,
    "epochs": 100,
    "lr": 5e-05,
    "use_augmentation": false,
    "aug_num": 2,
    "run_id": 1,
    "seed": 42
  },
  "training_logs": {
    "train_losses": [
      0.061891773310899734,
      0.026246466863155366,
      0.01833754819869995,
      0.014351236573159695,
      0.01205388602077961,
      0.0105624741050601,
      0.00955984044611454,
      0.00884341448366642,
      0.008261361883580684,
      0.007832485959529878,
      0.007460689268559218,
      0.007151701292991638,
      0.0069066969099640845,
      0.006690113803893328,
      0.006521980070620775,
      0.006348190517425537,
      0.006214457176029682,
      0.006097155603468418,
      0.005973506755977869,
      0.0058769141575694085,
      0.005788353935927153,
      0.005703830742686987,
      0.005622167989611625,
      0.005565245043486357,
      0.0055035588666796685,
      0.005447909125983715,
      0.005397520246356726,
      0.005341488080471754,
      0.005301178914606571,
      0.005251737709343433,
      0.00521347249597311,
      0.005193422005623579,
      0.005139828767478466,
      0.005115436242222786,
      0.005083231085985899,
      0.0050515254382789134,
      0.005026485924720764,
      0.0050129637679457665,
      0.004968094439208507,
      0.004947461651712656,
      0.004934693107008934,
      0.004905409431606531,
      0.00488538084551692,
      0.004872731958031654,
      0.00485817757755518,
      0.004839703457057476,
      0.0048135796560347084,
      0.004802734749764204,
      0.004790574809759855,
      0.004779628859311342,
      0.00475990522146225,
      0.004745652630627155,
      0.004725713067501783,
      0.004720010666847229,
      0.004713271522372961,
      0.004695674637854099,
      0.0046816850927472115,
      0.0046716621941328045,
      0.004668320605158806,
      0.004646481777876616,
      0.004651162465661764,
      0.004636075081676245,
      0.004632906900197267,
      0.0046216688786447045,
      0.0046157695879042145,
      0.004615777018070221,
      0.004601906431168317,
      0.00458548991382122,
      0.004578525527566672,
      0.004585147958397865,
      0.004574688955545425,
      0.004572910736352205,
      0.004559678446799517,
      0.004554508498609066,
      0.004552987033128738,
      0.004533097667396069,
      0.00453670423656702,
      0.004534654649943113,
      0.004528359896242618,
      0.0045164989711344245,
      0.004526124671846628,
      0.004514770403653383,
      0.0045063440944254395,
      0.004497520855218172,
      0.004495438667535782,
      0.004501430477499962,
      0.004500251950919628,
      0.004481021559685469,
      0.004496375287920237,
      0.004484730301052332,
      0.0044935362008214,
      0.004482465431541204,
      0.004476458819955588,
      0.004474279337525367,
      0.004473004686683417,
      0.0044789382073283195,
      0.00446791040584445,
      0.00447520531848073,
      0.004466603822410107,
      0.004459522969573736
    ],
    "eval_losses": [
      0.010715807183086873,
      0.007233213697373867,
      0.006087239868193865,
      0.005530855455249548,
      0.00520873913615942,
      0.004977508678287268,
      0.004841977602988481,
      0.004734348039329052,
      0.004628604228794575,
      0.004576154220849275,
      0.004524579939991236,
      0.004475585154443979,
      0.004451800183951854,
      0.004412840754538775,
      0.004391620528697968,
      0.0043872936300933365,
      0.0043687961734831336,
      0.004351125124096871,
      0.00434361469745636,
      0.004339148268848658
    ],
    "psnr": [
      19.702997494506835,
      21.40973356323242,
      22.159140658569335,
      22.57521711730957,
      22.83522419128418,
      23.032769192504883,
      23.15279864501953,
      23.24941665344238,
      23.347661749267576,
      23.397555346679688,
      23.446376153564454,
      23.493856329345704,
      23.517065725708008,
      23.55517458190918,
      23.575927728271484,
      23.580153201293946,
      23.598656915283204,
      23.616465063476564,
      23.623800811767577,
      23.627929638671876
    ],
    "ssim": [
      0.8104411270141602,
      0.8603335440635681,
      0.8756610871315003,
      0.8858852130889893,
      0.8916269695281982,
      0.9007492778778076,
      0.8994896533966065,
      0.9024901379585266,
      0.9067171409606933,
      0.9056353962898255,
      0.9082528324127197,
      0.9097967525482178,
      0.9132382915496826,
      0.9091863450050354,
      0.9122808769226074,
      0.9116167507171631,
      0.9109776540756226,
      0.9143166738510132,
      0.914333397769928,
      0.913875665473938
    ],
    "best_epoch": 100,
    "best_step": null,
    "best_eval_loss": 0.004339148268848658
  },
  "test_results": {
    "test_loss": 0.004304294407740235,
    "test_psnr": 23.671615048217774,
    "test_ssim": 0.9160698970794677
  }
}