{
  "args": {
    "device": "cuda:0",
    "exp_home": "./results",
    "ds_name": "mnist",
    "mode": "denoising",
    "noise_std": 0.25,
    "down_scale": 2.0,
    "model_type": "conventional",
    "latent_dim": 784,
    "hidden_dims": [
      785,
      785,
      785,
      785,
      785
    ],
    "wo_Win": true,
    "fix_Win": false,
    "I_Win": false,
    "wo_Wout": true,
    "batch_size": 128,
    "epochs": 30,
    "lr": 0.001,
    "use_augmentation": false,
    "aug_num": 2,
    "run_id": 2,
    "seed": 42
  },
  "training_logs": {
    "train_losses": [
      0.012616912374496459,
      0.008112635522782803,
      0.007107004433572293,
      0.006568806130886078,
      0.006160969173759222,
      0.005803512678295374,
      0.005501625271737576,
      0.005286363353282213,
      0.005124550528675317,
      0.005022175004482269,
      0.004905068870931863,
      0.004813706679791212,
      0.004722870888113975,
      0.004658010900318622,
      0.004583554366976023,
      0.004520950091779232,
      0.004436226527839899,
      0.004406924128085375,
      0.004336577129215002,
      0.004273301927298308,
      0.00421783656924963,
      0.00415540470585227,
      0.0041131848256289955,
      0.0040569491747021675,
      0.003997629070878029,
      0.003951925978213549,
      0.0038980815196037293,
      0.0038432081744819878,
      0.0037899193143844604,
      0.003743664205521345
    ],
    "eval_losses": [
      0.0057580870144069195,
      0.004815156710147857,
      0.004572077140212059,
      0.004244073362648487,
      0.004017286831885576,
      0.003831781154125929
    ],
    "psnr": [
      22.399588333129884,
      23.176183505249025,
      23.40060473022461,
      23.723724710083008,
      23.96287328491211,
      24.168260275268555
    ],
    "ssim": [
      0.921436332321167,
      0.930310483264923,
      0.9349272500991821,
      0.943132671546936,
      0.9473693975448608,
      0.951691760635376
    ],
    "best_epoch": 30,
    "best_step": null,
    "best_eval_loss": 0.003831781154125929
  },
  "test_results": {
    "test_loss": 0.003808451957628131,
    "test_psnr": 24.20097434692383,
    "test_ssim": 0.952432854938507
  }
}