{
  "args": {
    "device": "cuda:6",
    "exp_home": "./results",
    "ds_name": "mnist",
    "mode": "denoising",
    "noise_std": 0.25,
    "down_scale": 2.0,
    "model_type": "conventional",
    "latent_dim": 784,
    "hidden_dims": [
      1150,
      1150,
      1150,
      1150,
      1150,
      1150,
      1150,
      1150,
      1150,
      1150
    ],
    "wo_Win": false,
    "fix_Win": false,
    "I_Win": false,
    "batch_size": 128,
    "epochs": 100,
    "lr": 0.0001,
    "use_augmentation": false,
    "aug_num": 2,
    "run_id": 1,
    "seed": 42
  },
  "training_logs": {
    "train_losses": [
      0.02203455347329378,
      0.009079261476099491,
      0.007382142422199249,
      0.006616124702095986,
      0.00615661137342453,
      0.005824107955545187,
      0.005603701976835728,
      0.005437203673124313,
      0.005255051091909408,
      0.005150996419489384,
      0.005023322468400001,
      0.004915900309085846,
      0.004847352441996336,
      0.00477668585523963,
      0.004713612667173147,
      0.004640867411345243,
      0.004569361048489809,
      0.004543039657324553,
      0.004476925337165594,
      0.004429515026807785,
      0.00440969269156456,
      0.004349804029911757,
      0.004309896176159382,
      0.004284615411311388,
      0.004251733255833387,
      0.004216658395081759,
      0.004197177023887634,
      0.00416173571690917,
      0.00413399772375822,
      0.004102467552870512,
      0.004081107326596976,
      0.0040557135467231276,
      0.004033295249938965,
      0.0040186656975746155,
      0.003981510990262032,
      0.003955478709489107,
      0.003950764391571283,
      0.003932751370072365,
      0.0038904290267825128,
      0.003871284789890051,
      0.003871482453048229,
      0.0038351105977594852,
      0.003822368930876255,
      0.003809368307441473,
      0.0038054301796108486,
      0.003777865861654282,
      0.0037541627669334414,
      0.003740851434916258,
      0.0037269077342748642,
      0.0037122526305913926,
      0.0036926104478538038,
      0.0036782768842577936,
      0.0036599239471554754,
      0.0036532861894369127,
      0.003633917852714658,
      0.0036244971226155756,
      0.0036052961368858816,
      0.0035912802566587924,
      0.0035828239057958127,
      0.003561482317894697,
      0.003554087909385562,
      0.0035373886320739984,
      0.003524597331807017,
      0.003512736779525876,
      0.003497940966784954,
      0.003499961302280426,
      0.003480838888883591,
      0.0034601753494888543,
      0.003452531525492668,
      0.0034486588034778835,
      0.003432207692489028,
      0.0034229055485874415,
      0.003406493655592203,
      0.003405625016912818,
      0.003393552938327193,
      0.003375162944048643,
      0.003360655065253377,
      0.0033564771849662065,
      0.0033470066589862107,
      0.003334350113645196,
      0.003331225599721074,
      0.003315753773897886,
      0.00330328817859292,
      0.0032899562686681746,
      0.003283904098942876,
      0.003277091773673892,
      0.0032697659178078176,
      0.0032562742878496647,
      0.0032535900868475437,
      0.0032435086343437433,
      0.0032391072995215653,
      0.003231537965610623,
      0.0032236302472651007,
      0.0032116012126207354,
      0.0032056202868372204,
      0.003203356824591756,
      0.0031891332760453223,
      0.00318924830943346,
      0.00317884138032794,
      0.0031680938094854356
    ],
    "eval_losses": [
      0.006059568946808576,
      0.005092564230412245,
      0.004809785976260901,
      0.004689516445994377,
      0.0044767918802797796,
      0.004405028376728296,
      0.0042702813036739826,
      0.0042321706995368,
      0.004175512716174125,
      0.004110339157283306,
      0.004109728703647852,
      0.00403704749122262,
      0.004008756423741579,
      0.003975634308159351,
      0.003963136053085327,
      0.003919342816621065,
      0.003881009014695883,
      0.003862889888137579,
      0.0038367293179035187,
      0.0038150177761912345
    ],
    "psnr": [
      22.178811157226562,
      22.93302856140137,
      23.181133367919923,
      23.291283032226563,
      23.49235210876465,
      23.56305355834961,
      23.697885150146483,
      23.73658765258789,
      23.794976092529296,
      23.86391485595703,
      23.864259161376953,
      23.941847430419923,
      23.97241940612793,
      24.00838021850586,
      24.02208625793457,
      24.070320260620118,
      24.11309489135742,
      24.133467864990234,
      24.162732528686522,
      24.18748800354004
    ],
    "ssim": [
      0.9013872678756714,
      0.9108981146812439,
      0.9221106727600098,
      0.9217435356140137,
      0.9278231038093567,
      0.9313979747772216,
      0.9364558824539184,
      0.9387568025588989,
      0.9376157136917114,
      0.9401045721054078,
      0.9432045209884643,
      0.9443132923126221,
      0.9440601766586304,
      0.9456724744796753,
      0.9468452013015747,
      0.9482909418106079,
      0.9474334566116333,
      0.9494039161682128,
      0.9495711162567139,
      0.9501398272514343
    ],
    "best_epoch": 100,
    "best_step": null,
    "best_eval_loss": 0.0038150177761912345
  },
  "test_results": {
    "test_loss": 0.0038253945149481295,
    "test_psnr": 24.183576455688478,
    "test_ssim": 0.9504002011299133
  }
}