{
  "args": {
    "device": "cuda:3",
    "exp_home": "./results",
    "ds_name": "mnist",
    "mode": "generative_classification",
    "noise_std": 0.25,
    "down_scale": 2.0,
    "model_type": "conventional",
    "latent_dim": 784,
    "hidden_dims": [
      1150,
      1150,
      1150,
      1150,
      1150,
      1150,
      1150,
      1150,
      1150,
      1150
    ],
    "wo_Win": false,
    "fix_Win": false,
    "I_Win": true,
    "batch_size": 128,
    "epochs": 100,
    "lr": 0.0001,
    "use_augmentation": true,
    "aug_num": 2,
    "run_id": 3,
    "seed": 42
  },
  "training_logs": {
    "train_losses": [
      0.011211766996830701,
      0.004259353051185608,
      0.003395570906624198,
      0.0028846177113428712,
      0.00246657987466082,
      0.0022284910233691334,
      0.0020760178188420834,
      0.001873928897920996,
      0.0016905955589562654,
      0.0015627794459462166,
      0.0014969644886814058,
      0.0013431310375966131,
      0.001256974088512361,
      0.0012233734159171582,
      0.0011059643386490644,
      0.0010674934216029941,
      0.0010379828687291591,
      0.0009260781440325081,
      0.0008883106532599777,
      0.0008686831927392632,
      0.0008472276696749032,
      0.0007846253056451679,
      0.0007061192156001926,
      0.0007336665035411715,
      0.000679275377066806,
      0.000659731966694817,
      0.0006180671824514866,
      0.0005257970850076527,
      0.0006212173734139651,
      0.0005669514799769967,
      0.00045465418546460567,
      0.0005564431462436914,
      0.00048046866938937456,
      0.0004322097736597061,
      0.000491164686596021,
      0.0004007336979173124,
      0.0004002979983948171,
      0.0004052752264169976,
      0.00036792689809110016,
      0.00039022094707004726,
      0.0003430976506927982,
      0.0003686485194903798,
      0.00034727362643927333,
      0.00035182409188942986,
      0.00030091469624778257,
      0.00030901699076406656,
      0.0002639886274235323,
      0.0002806005822611041,
      0.00027781874307896944,
      0.0002450841830961872,
      0.00025852805936709046,
      0.0002414724257471971,
      0.00023040226366836578,
      0.00022122104876441881,
      0.00023297955337911845,
      0.00017378814539639278,
      0.00018140025270637126,
      0.00019986673280363902,
      0.00019148908929200842,
      0.0001803914160048589,
      0.00017779868750600144,
      0.00015468693029601128,
      0.00015480927731841801,
      0.00015017079985002056,
      0.0001551959752314724,
      0.00012358612923067994,
      0.0001182657739520073,
      0.00014345382151310332,
      0.00011740622963872738,
      8.316312175011263e-05,
      0.00011062221040949225,
      0.00013753615537891165,
      7.92812126292847e-05,
      8.472098761587404e-05,
      7.504593369201757e-05,
      8.499308886006475e-05,
      0.00010455034892249386,
      8.494818361592479e-05,
      6.30349978164304e-05,
      7.499658345361241e-05,
      5.953415799536742e-05,
      5.496451310114935e-05,
      5.0697616923134776e-05,
      5.835868895344902e-05,
      5.2934235860593614e-05,
      4.123398475756403e-05,
      5.311186810024083e-05,
      4.469076101842802e-05,
      4.5695088977809064e-05,
      3.506307523639407e-05,
      3.60646673606243e-05,
      3.773480990843382e-05,
      3.289542789279949e-05,
      3.196455173427239e-05,
      3.0282847313210367e-05,
      3.0391956895473412e-05,
      3.274727825424634e-05,
      2.7062521837360693e-05,
      2.9670299712452107e-05,
      2.6780688560102135e-05
    ],
    "eval_losses": [
      0.0033888128448277713,
      0.0028791138127446173,
      0.0026601698046550153,
      0.0022874932035803794,
      0.00230178878903389,
      0.002210077815130353,
      0.001896685469057411,
      0.00211414713319391,
      0.0018800123069551773,
      0.001900726158870384,
      0.0018427478143014013,
      0.0018232467285590247,
      0.001992672179499641,
      0.0018646842283778825,
      0.0017813556021792464,
      0.0016396862769775908,
      0.0018180149137653643,
      0.0016542573454236844,
      0.0016378490558243356,
      0.001619309769931715
    ],
    "psnr": [
      25.21468011779785,
      25.978215222167968,
      26.328967666625978,
      27.125958715820314,
      27.31711657104492,
      27.40780769042969,
      28.60875591430664,
      28.064427264404298,
      28.88828529663086,
      28.830303088378905,
      29.27757061462402,
      28.935159991455077,
      28.167765841674804,
      29.23262470703125,
      29.562093103027344,
      30.24505119628906,
      29.520262017822265,
      30.018891540527342,
      30.174176818847656,
      30.521150756835937
    ],
    "best_epoch": 100,
    "best_step": null,
    "best_eval_loss": 0.001619309769931715
  },
  "test_results": {
    "test_loss": 0.0015701955129930865,
    "test_psnr": 34.79654736328125
  }
}