{
  "args": {
    "device": "cuda:9",
    "exp_home": "./results",
    "ds_name": "mnist",
    "mode": "generative_classification",
    "noise_std": 0.25,
    "down_scale": 2.0,
    "model_type": "conventional",
    "latent_dim": 784,
    "hidden_dims": [
      1150,
      1150,
      1150,
      1150,
      1150,
      1150,
      1150,
      1150,
      1150,
      1150
    ],
    "wo_Win": false,
    "fix_Win": false,
    "I_Win": true,
    "batch_size": 128,
    "epochs": 100,
    "lr": 0.0001,
    "use_augmentation": false,
    "aug_num": 2,
    "run_id": 5,
    "seed": 42
  },
  "training_logs": {
    "train_losses": [
      0.012371032224297524,
      0.003828189954832196,
      0.002925590425543487,
      0.002386435024961829,
      0.0020057149164378644,
      0.0017550489411503076,
      0.0015626729228720069,
      0.0014093473320454359,
      0.0012774860611557961,
      0.0013048308104649186,
      0.00117476464278996,
      0.0009329808969609439,
      0.0010428043738938868,
      0.0009488563973270356,
      0.0008899913137219846,
      0.0009205489018373191,
      0.0006999518383480609,
      0.0007247033956460654,
      0.0005986081884056329,
      0.0007079287337698043,
      0.0006224135502800346,
      0.0006239470017771236,
      0.0005171082181041129,
      0.0004777395058982074,
      0.0005375281234271824,
      0.0005888643535738811,
      0.0004704676878452301,
      0.0003893541179411113,
      0.00039444113795645533,
      0.00043605884842574596,
      0.0004194728820770979,
      0.00040773553271545096,
      0.0003137066195718944,
      0.00035977656929055227,
      0.00040355374677106736,
      0.00035944365976843984,
      0.00032882081027375533,
      0.00028482911497354507,
      0.00028020768770948054,
      0.0002917278625606559,
      0.00030315219186246396,
      0.0002851353032654151,
      0.0002317695133551024,
      0.0002790369691606611,
      0.00026354147270554675,
      0.0002823791800055187,
      0.00017819860004354268,
      0.00019633424521423877,
      0.00018915437480900436,
      0.00021741055950522424,
      0.00022927535070804879,
      0.00019591211847611704,
      0.00023218000012799166,
      0.00013985792519524693,
      0.00017774282102123835,
      0.00016033306762576103,
      0.00014054189176298677,
      0.00014113961196038873,
      0.00015056097586872057,
      0.00012990312431007624,
      0.00010917561514303088,
      9.877213381114415e-05,
      0.0001450642985489685,
      0.00014163817077525893,
      0.00013205207341117784,
      0.0001140695472061634,
      0.00011215152610559017,
      0.00011983991417102516,
      0.00012579074903042056,
      8.509885821433272e-05,
      9.909433042164891e-05,
      0.00011246904350118712,
      9.492385499295778e-05,
      0.00010393593329936267,
      7.196191968629137e-05,
      6.726037712825927e-05,
      5.9674134474480526e-05,
      5.390700073388871e-05,
      6.987172910943627e-05,
      6.289810839865822e-05,
      6.049615487048868e-05,
      5.023032491561025e-05,
      6.101321237103548e-05,
      4.697008411225397e-05,
      4.1114649830851706e-05,
      4.0278879047255034e-05,
      4.599032660713419e-05,
      4.256757655995898e-05,
      3.468521072587464e-05,
      3.352980732859578e-05,
      3.3889973426121285e-05,
      4.06698632001644e-05,
      3.4457011487102135e-05,
      3.293266685679555e-05,
      3.383638770901598e-05,
      3.0191434896551073e-05,
      3.127298512525158e-05,
      2.9018257354036904e-05,
      2.89739456854295e-05,
      2.7875841223285532e-05
    ],
    "eval_losses": [
      0.002545240268111229,
      0.0025036885406821965,
      0.002672656023828313,
      0.0023637828728416935,
      0.0022196608778089284,
      0.0020478972464916295,
      0.0022032982257776893,
      0.0020530371743952857,
      0.001944891270250082,
      0.0020841773132327943,
      0.0018797124253469519,
      0.0018084178750403226,
      0.0017515426552738064,
      0.0018321358232933562,
      0.0017134768876392627,
      0.0017570306838897523,
      0.001713555896494654,
      0.0016371443315947546,
      0.0015986234645170043,
      0.0015802306934783702
    ],
    "psnr": [
      26.573407540893555,
      26.754496130371095,
      26.561946588134767,
      27.19985968017578,
      27.68137125854492,
      27.822001824951172,
      27.870969152832032,
      28.16569724121094,
      28.304720623779296,
      28.014222076416015,
      29.047659118652344,
      29.440419534301757,
      28.981272918701173,
      29.12420309448242,
      29.365791680908202,
      29.79175248413086,
      30.05260654296875,
      30.25687150878906,
      30.37162075805664,
      30.402897326660156
    ],
    "best_epoch": 100,
    "best_step": null,
    "best_eval_loss": 0.0015802306934783702
  },
  "test_results": {
    "test_loss": 0.0015468657230114332,
    "test_psnr": 33.8156264465332
  }
}