{
  "args": {
    "device": "cuda:0",
    "exp_home": "./results",
    "ds_name": "mnist",
    "mode": "denoising",
    "noise_std": 0.25,
    "down_scale": 2.0,
    "model_type": "conventional",
    "latent_dim": 784,
    "hidden_dims": [
      905,
      905,
      905,
      905,
      905,
      905
    ],
    "wo_Win": true,
    "fix_Win": false,
    "I_Win": false,
    "wo_Wout": true,
    "batch_size": 128,
    "epochs": 30,
    "lr": 0.0001,
    "use_augmentation": false,
    "aug_num": 2,
    "run_id": 2,
    "seed": 42
  },
  "training_logs": {
    "train_losses": [
      0.020372256565093994,
      0.007640349453240633,
      0.006320357869565487,
      0.00578002984136343,
      0.005430766398906708,
      0.005214501857608557,
      0.0050416789086163045,
      0.004906290597617626,
      0.0047921947471797465,
      0.004712669541686774,
      0.004611150965392589,
      0.004545003690868616,
      0.0044846966573596,
      0.0044290697196125986,
      0.004380537670850754,
      0.004328655696362257,
      0.004284419917315245,
      0.004263025784343481,
      0.004222485691905022,
      0.004185027378499508,
      0.004155489235669375,
      0.004124413733184337,
      0.004099795528054237,
      0.00407999032586813,
      0.004052085149288178,
      0.004040496553778648,
      0.004017136841267348,
      0.003995075604170561,
      0.003981418954282999,
      0.003965276805758477
    ],
    "eval_losses": [
      0.0050926419056952,
      0.004553683437407017,
      0.004328492925316095,
      0.004167111229151487,
      0.00408903893455863,
      0.004034415016323328
    ],
    "psnr": [
      22.932472064208984,
      23.418636901855468,
      23.6388255279541,
      23.80340100402832,
      23.88581689453125,
      23.94452336730957
    ],
    "ssim": [
      0.8762318490982056,
      0.9039881971359253,
      0.9190651552200317,
      0.9259784423828125,
      0.9290461759567261,
      0.9314505156517029
    ],
    "best_epoch": 30,
    "best_step": null,
    "best_eval_loss": 0.004034415016323328
  },
  "test_results": {
    "test_loss": 0.0040030006386339665,
    "test_psnr": 23.98543191833496,
    "test_ssim": 0.9329156844139099
  }
}