{
  "args": {
    "device": "cuda:0",
    "exp_home": "./results",
    "ds_name": "mnist",
    "mode": "denoising",
    "noise_std": 0.25,
    "down_scale": 2.0,
    "model_type": "conventional",
    "latent_dim": 784,
    "hidden_dims": [
      1150,
      1150,
      1150,
      1150
    ],
    "wo_Win": true,
    "fix_Win": false,
    "I_Win": false,
    "wo_Wout": true,
    "batch_size": 128,
    "epochs": 30,
    "lr": 0.005,
    "use_augmentation": false,
    "aug_num": 2,
    "run_id": 5,
    "seed": 42
  },
  "training_logs": {
    "train_losses": [
      0.03479508237600327,
      0.02874310714960098,
      0.029406712930202483,
      0.029195390436053275,
      0.02937977039337158,
      0.029106056342720985,
      0.02913778220117092,
      0.027993355994820595,
      0.02802714665174484,
      0.02731080282330513,
      0.027045303756594658,
      0.026437396658062936,
      0.025971843662261962,
      0.026153831099271774,
      0.025918697026371954,
      0.024915570365786552,
      0.024760232798457144,
      0.024201194267868997,
      0.023519926323890685,
      0.023216796894073487,
      0.022653756930828096,
      0.022023028745651246,
      0.021439055561423302,
      0.020833040456175803,
      0.019888353076577187,
      0.019367666285037995,
      0.018995043207406997,
      0.01864063289344311,
      0.01836790164589882,
      0.018140038971304895
    ],
    "eval_losses": [
      0.027591796547174453,
      0.026893623051047325,
      0.02467306969165802,
      0.0225980825483799,
      0.01928687744140625,
      0.017775493270158767
    ],
    "psnr": [
      15.610799523925781,
      15.722796112060546,
      16.093852334594725,
      16.47134112854004,
      17.15203035888672,
      17.504856869506835
    ],
    "ssim": [
      0.8245648349761963,
      0.826701947593689,
      0.8370113260269165,
      0.8485061740875244,
      0.8645279945373535,
      0.8725880566596985
    ],
    "best_epoch": 30,
    "best_step": null,
    "best_eval_loss": 0.017775493270158767
  },
  "test_results": {
    "test_loss": 0.017585464319586755,
    "test_psnr": 17.55910358886719,
    "test_ssim": 0.8739365760803223
  }
}