{
  "args": {
    "device": "cuda:9",
    "exp_home": "./results",
    "ds_name": "mnist",
    "mode": "generative_classification",
    "noise_std": 0.25,
    "down_scale": 2.0,
    "model_type": "conventional",
    "latent_dim": 784,
    "hidden_dims": [
      2870,
      2870,
      2870
    ],
    "wo_Win": true,
    "fix_Win": false,
    "I_Win": false,
    "wo_Wout": true,
    "batch_size": 128,
    "epochs": 50,
    "lr": 0.0001,
    "use_augmentation": false,
    "aug_num": 2,
    "run_id": 3,
    "seed": 42
  },
  "training_logs": {
    "train_losses": [
      0.014237349166572094,
      0.0039299694481492045,
      0.0025860487647354604,
      0.0017906348794326187,
      0.0013918658886943013,
      0.0011467368257045746,
      0.001022331629395485,
      0.0008595366643182933,
      0.0007045470455847681,
      0.0005723031435161829,
      0.0005566679003927857,
      0.0004624975301278755,
      0.00044235526792705057,
      0.00043238872146233916,
      0.0003837344527617097,
      0.0003371083945641294,
      0.0003368109798245132,
      0.00028582935797981916,
      0.0002985262732161209,
      0.00027007887023035434,
      0.00022990762806497514,
      0.00020900860778056085,
      0.00024016278859227897,
      0.00015534722920507193,
      0.00016415154648944736,
      0.00013498352096183224,
      0.00011037595853209495,
      0.00015429878653027118,
      0.0001637151428568177,
      0.0001394527013716288,
      0.00010617371499538422,
      0.00010827067085541785,
      8.228925320319831e-05,
      6.562170731951482e-05,
      9.208315489231609e-05,
      8.208729561185464e-05,
      5.622582845389843e-05,
      5.8939851105678826e-05,
      6.313046365976333e-05,
      4.790788913494907e-05,
      6.941686666454189e-05,
      4.149731489713304e-05,
      3.899882164900191e-05,
      3.7527949705254287e-05,
      3.6262653733137996e-05,
      3.6995291457278655e-05,
      3.2606021114625035e-05,
      3.092318138573319e-05,
      2.894299358886201e-05,
      2.9582603025482968e-05
    ],
    "eval_losses": [
      0.004250389366969466,
      0.003585694590210915,
      0.003378789983317256,
      0.003376479400321841,
      0.003240482883248478,
      0.003154921618883964,
      0.002900338706106413,
      0.0028833883671904913,
      0.002918441714695655,
      0.002769736978027504
    ],
    "psnr": [
      24.078598287963867,
      24.956607904052735,
      25.301898413085937,
      25.317158905029295,
      25.668360104370116,
      25.741992083740236,
      26.196365319824217,
      26.25448381347656,
      26.206068103027345,
      26.536901202392578
    ],
    "ssim": [
      0.9613880925178527,
      0.9721970338821411,
      0.9751129564285278,
      0.9766757284164429,
      0.9782310161590576,
      0.9786606489181519,
      0.9804472266197205,
      0.9806150218963623,
      0.9809388803482055,
      0.9819419933319091
    ],
    "best_epoch": 50,
    "best_step": null,
    "best_eval_loss": 0.002769736978027504
  },
  "test_results": {
    "test_loss": 0.002717124326576595,
    "test_psnr": 28.045315899658203,
    "test_ssim": 0.9822432548522949
  }
}