{
  "args": {
    "device": "cuda:0",
    "exp_home": "./results",
    "ds_name": "mnist",
    "mode": "generative_classification",
    "noise_std": 0.25,
    "down_scale": 2.0,
    "model_type": "conventional",
    "latent_dim": 784,
    "hidden_dims": [
      1150,
      1150
    ],
    "wo_Win": false,
    "fix_Win": false,
    "I_Win": true,
    "batch_size": 128,
    "epochs": 100,
    "lr": 0.0005,
    "use_augmentation": false,
    "aug_num": 2,
    "run_id": 4,
    "seed": 42
  },
  "training_logs": {
    "train_losses": [
      0.014175783214718104,
      0.004799968252927065,
      0.003642649305835366,
      0.003040634724497795,
      0.002703499729335308,
      0.002430495439246297,
      0.0021383456245437265,
      0.001853303916938603,
      0.001784451250731945,
      0.0015482352386415005,
      0.0014480115503072738,
      0.0012811100950092078,
      0.0011228535430878402,
      0.0010977905669249594,
      0.0009532054833695292,
      0.0008760708702169359,
      0.0009014797126315534,
      0.0008096408791840076,
      0.0007349933733418584,
      0.0006777098849229515,
      0.0006672753397375345,
      0.0006344835472851992,
      0.000782728861309588,
      0.0004782736037578434,
      0.0004928357408754527,
      0.0004520206810347736,
      0.0005331868826039135,
      0.0003783941310271621,
      0.00047695153526961805,
      0.0004489797696750611,
      0.0003187075364077464,
      0.0002737289202585816,
      0.0003393674260471016,
      0.00046451568493619563,
      0.0004241953222826123,
      0.0003091868998669088,
      0.00022784378137439488,
      0.0001850240426370874,
      0.0002246811438910663,
      0.00042827053715474903,
      0.00020001199580961838,
      0.00016909577280515805,
      0.00011765760494396091,
      0.00022944457760080695,
      0.000385713314707391,
      0.00024958177354186773,
      0.00015666619102004916,
      0.00011861035161884502,
      0.00010231709360610693,
      9.009799945866688e-05,
      8.359955279389396e-05,
      8.637555602705106e-05,
      0.00024887057594023647,
      0.00038915955276694146,
      0.00011502531507518143,
      7.657752949977293e-05,
      6.921352769015357e-05,
      6.678806136827916e-05,
      7.434687277534976e-05,
      0.00010517660860903562,
      0.00018262746722903103,
      7.432257008273155e-05,
      0.00010062228798400611,
      7.586749160429462e-05,
      5.4835620727390054e-05,
      5.8982997213024645e-05,
      5.3380518050398675e-05,
      0.00014981064312625676,
      0.00012784166528610513,
      4.934839793713763e-05,
      4.320877427002415e-05,
      4.671504740254022e-05,
      4.1037907665595415e-05,
      3.820114811183885e-05,
      3.934997326461598e-05,
      3.554705060552806e-05,
      3.993574374821037e-05,
      3.246087004779838e-05,
      2.9754609505180268e-05,
      3.034928237902932e-05,
      4.091048233793117e-05,
      5.5168944096076304e-05,
      3.03976745728869e-05,
      2.4847519880859182e-05,
      2.325219308200758e-05,
      2.343176478345413e-05,
      2.182095685333479e-05,
      2.03303915343713e-05,
      2.0542273254832252e-05,
      1.9543428991455585e-05,
      1.8537308925879187e-05,
      1.783337360015139e-05,
      1.6274832928611432e-05,
      1.5868037635809743e-05,
      1.4641618121531792e-05,
      1.4569079370121472e-05,
      1.3435746615286916e-05,
      1.3428460088907742e-05,
      1.2642845613881946e-05,
      1.2209418481215834e-05
    ],
    "eval_losses": [
      0.0036994806807488204,
      0.002780006932001561,
      0.0029631243739277123,
      0.002193606940982863,
      0.0023704622379504144,
      0.0021748153856024147,
      0.0022014151588082313,
      0.002256549090333283,
      0.0021913085568230598,
      0.0017051951749250294,
      0.0018168952604522928,
      0.0021502903799526392,
      0.0016817046140320598,
      0.0017829746092204004,
      0.0016866132756695152,
      0.001695743923378177,
      0.0016817381314234807,
      0.0016514538013376295,
      0.0016358667779713869,
      0.001644706644443795
    ],
    "psnr": [
      24.52969415893555,
      25.84499822998047,
      25.708042544555664,
      27.108933477783204,
      26.768727435302733,
      27.19550193481445,
      27.213742529296876,
      27.141921026611328,
      27.230805908203124,
      28.558138885498046,
      28.302737109375,
      27.263434649658205,
      28.6966614440918,
      28.416955853271485,
      28.67450737915039,
      28.77420478515625,
      28.657462243652343,
      28.88606058959961,
      28.904375872802735,
      28.895881665039063
    ],
    "best_epoch": 95,
    "best_step": null,
    "best_eval_loss": 0.0016358667779713869
  },
  "test_results": {
    "test_loss": 0.001661632158939028,
    "test_psnr": 31.35121753540039
  }
}