{
  "args": {
    "device": "cuda:7",
    "exp_home": "./results",
    "ds_name": "mnist",
    "mode": "denoising",
    "noise_std": 0.25,
    "down_scale": 2.0,
    "model_type": "conventional",
    "latent_dim": 784,
    "hidden_dims": [
      1150,
      1150,
      1150,
      1150,
      1150,
      1150,
      1150,
      1150,
      1150,
      1150
    ],
    "wo_Win": false,
    "fix_Win": false,
    "I_Win": false,
    "batch_size": 128,
    "epochs": 100,
    "lr": 5e-05,
    "use_augmentation": true,
    "aug_num": 4,
    "run_id": 1,
    "seed": 42
  },
  "training_logs": {
    "train_losses": [
      0.015598009283095599,
      0.007077826628237963,
      0.006095897589176893,
      0.005620031165778637,
      0.005324036043435335,
      0.0051172327427566056,
      0.004961756377518177,
      0.0048427654480934145,
      0.0047530397646129135,
      0.004661436438560486,
      0.004598274015188217,
      0.004536285774111748,
      0.004482806424945593,
      0.004430170716941357,
      0.0043857805626094344,
      0.004343889543116093,
      0.0043054248248040675,
      0.004275898163020611,
      0.004244912683814764,
      0.004211725407093764,
      0.004181386496424675,
      0.004155462049841881,
      0.004131725199520588,
      0.0041080984827876095,
      0.004081173078864813,
      0.0040589993712306024,
      0.004038350863009691,
      0.0040179299467802045,
      0.004000639451146126,
      0.003980289237052202,
      0.003964139157384634,
      0.003948605529218912,
      0.003925584969222545,
      0.003912156379669905,
      0.0038989669845998286,
      0.003881449646949768,
      0.0038693728009611367,
      0.003854318139851093,
      0.003838175725489855,
      0.0038211613454669714,
      0.0038121633739769457,
      0.003799659207165241,
      0.003785559413433075,
      0.003777094791084528,
      0.003763375066369772,
      0.003753374696448445,
      0.003742301263809204,
      0.003733413827717304,
      0.0037186039288342,
      0.0037101704135537148,
      0.003697961160391569,
      0.003688533696383238,
      0.00367537205979228,
      0.003671327572539449,
      0.0036581795924901963,
      0.003647487405538559,
      0.0036431370890140534,
      0.0036325322936475277,
      0.0036198377857357264,
      0.0036136540361493825,
      0.0036036178892850878,
      0.0035961501659452916,
      0.0035887843249738215,
      0.0035778781938552856,
      0.0035722115497291086,
      0.003565760905146599,
      0.003560811845511198,
      0.0035528379917144776,
      0.0035406679729372264,
      0.0035348193534463644,
      0.003527100114971399,
      0.0035233563665300607,
      0.003515747973546386,
      0.0035089764123409986,
      0.003502884668856859,
      0.0034978779760748147,
      0.003489341339468956,
      0.003483492685556412,
      0.003476211620643735,
      0.0034710204166173934,
      0.003468600852638483,
      0.0034603331162035467,
      0.003453132254779339,
      0.0034461167393624783,
      0.0034425534750521184,
      0.0034397632890194652,
      0.003434954136684537,
      0.0034274943954497577,
      0.003423937930762768,
      0.003419700397774577,
      0.0034138846688717603,
      0.003409056350812316,
      0.0034031220115721228,
      0.0034003497950732707,
      0.0033981747189164163,
      0.003392865268215537,
      0.003389853391572833,
      0.0033857471347600223,
      0.003380600216165185,
      0.0033783390171825884
    ],
    "eval_losses": [
      0.005015921518951655,
      0.0044808831706643105,
      0.0042851405441761015,
      0.00416438472121954,
      0.004082834858447314,
      0.003982323067635298,
      0.0039015002951025965,
      0.0038825592506676913,
      0.0038156737945973873,
      0.0037937492199242116,
      0.003747805569320917,
      0.00370401542596519,
      0.0036954588264226916,
      0.0036459388341754675,
      0.00363586147390306,
      0.0036153809197247027,
      0.0036114594094455244,
      0.0035894930996000765,
      0.003570860832929611,
      0.0035508457586169244
    ],
    "psnr": [
      22.998832388305665,
      23.488204067993163,
      23.68222117614746,
      23.80638764343262,
      23.892687951660157,
      24.00049167480469,
      24.089540130615234,
      24.110742776489257,
      24.186444128417968,
      24.211231109619142,
      24.264039114379884,
      24.315027597045898,
      24.325380355834962,
      24.383972885131836,
      24.395864489746092,
      24.420725170898436,
      24.425064291381837,
      24.451543356323242,
      24.474254418945314,
      24.498665341186523
    ],
    "ssim": [
      0.9086920657157898,
      0.9260896653175354,
      0.9348346134185791,
      0.9370657278060913,
      0.9414299397468567,
      0.9422170528411865,
      0.9441646876335144,
      0.9454290063858032,
      0.9482078841209411,
      0.9501088876724243,
      0.9493679437637329,
      0.9504204845428467,
      0.950177426624298,
      0.9528301602363587,
      0.9533036781311035,
      0.9543256898880005,
      0.9540378078460693,
      0.954448619556427,
      0.955514556312561,
      0.9549573011398316
    ],
    "best_epoch": 100,
    "best_step": null,
    "best_eval_loss": 0.0035508457586169244
  },
  "test_results": {
    "test_loss": 0.0035422926280647515,
    "test_psnr": 24.516615161132812,
    "test_ssim": 0.9556819934844971
  }
}