{
  "args": {
    "device": "cuda:7",
    "exp_home": "./results",
    "ds_name": "mnist",
    "mode": "denoising",
    "noise_std": 0.25,
    "down_scale": 2.0,
    "model_type": "conventional",
    "latent_dim": 784,
    "hidden_dims": [
      785,
      785,
      785,
      785,
      785
    ],
    "wo_Win": false,
    "fix_Win": false,
    "I_Win": false,
    "wo_Wout": false,
    "batch_size": 128,
    "epochs": 30,
    "lr": 0.001,
    "use_augmentation": false,
    "aug_num": 2,
    "run_id": 5,
    "seed": 42
  },
  "training_logs": {
    "train_losses": [
      0.01760473377853632,
      0.007903161128759384,
      0.0068161538544297216,
      0.006271959782838821,
      0.005953333616852761,
      0.005703190925419331,
      0.005487201625555754,
      0.0053227579799294475,
      0.005191642532646656,
      0.005059293231517077,
      0.004946017451733351,
      0.0048380644209682945,
      0.004752431555986404,
      0.004656597747057676,
      0.004587177827358246,
      0.004497681580632925,
      0.004441564112305641,
      0.004360100746750832,
      0.004293302333205938,
      0.0042405543953180315,
      0.004175623989999294,
      0.004108983553498984,
      0.004058504816144705,
      0.0039941438521444795,
      0.00393436190135777,
      0.0038773222017288206,
      0.003808792523890734,
      0.0037497221310436725,
      0.0036923532215505836,
      0.003640913065597415
    ],
    "eval_losses": [
      0.005803941353410482,
      0.005122318948805332,
      0.00459579044058919,
      0.004314875669777393,
      0.0040489918395876885,
      0.0037792287737131117
    ],
    "psnr": [
      22.36507014770508,
      22.907474612426757,
      23.37823961791992,
      23.6519244140625,
      23.928324633789064,
      24.227727447509764
    ],
    "ssim": [
      0.904696175956726,
      0.9140695243835449,
      0.9225308792114257,
      0.9254409986495972,
      0.9311767189025879,
      0.9364505046844482
    ],
    "best_epoch": 30,
    "best_step": null,
    "best_eval_loss": 0.0037792287737131117
  },
  "test_results": {
    "test_loss": 0.0037494242422282695,
    "test_psnr": 24.268810012817383,
    "test_ssim": 0.938297650718689
  }
}