{
  "args": {
    "device": "cuda:7",
    "exp_home": "./results",
    "ds_name": "mnist",
    "mode": "denoising",
    "noise_std": 0.25,
    "down_scale": 2.0,
    "model_type": "conventional",
    "latent_dim": 784,
    "hidden_dims": [
      905,
      905,
      905,
      905
    ],
    "wo_Win": false,
    "fix_Win": false,
    "I_Win": false,
    "wo_Wout": false,
    "batch_size": 128,
    "epochs": 30,
    "lr": 0.005,
    "use_augmentation": false,
    "aug_num": 2,
    "run_id": 4,
    "seed": 42
  },
  "training_logs": {
    "train_losses": [
      0.11738483054637909,
      0.11883454555511475,
      0.11940351664304734,
      0.11940351648330688,
      0.11940351605415345,
      0.11940351670026779,
      0.11940351611375809,
      0.11940351606845856,
      0.11940351613759995,
      0.11940351676464081,
      0.11940350682258606,
      0.1194035165643692,
      0.11940351625204086,
      0.11940351668357849,
      0.11940351655721665,
      0.11940351650476455,
      0.11940351655006409,
      0.11940351634263992,
      0.11940351981639862,
      0.11940350667238235,
      0.11940351640939713,
      0.11940352458715439,
      0.11940351675271987,
      0.11940351676464081,
      0.1194035164642334,
      0.1194035162472725,
      0.11940351618289947,
      0.11940351643800735,
      0.11940351660728454,
      0.11940349077701569
    ],
    "eval_losses": [
      0.11854726024866104,
      0.11854726024866104,
      0.11854726024866104,
      0.11854726024866104,
      0.11854726024866104,
      0.11854726024866104
    ],
    "psnr": [
      9.26292837524414,
      9.26292837524414,
      9.26292837524414,
      9.26292837524414,
      9.26292837524414,
      9.26292837524414
    ],
    "ssim": [
      0.3913803595542908,
      0.3913803595542908,
      0.3913803595542908,
      0.3913803595542908,
      0.3913803595542908,
      0.3913803595542908
    ],
    "best_epoch": 5,
    "best_step": null,
    "best_eval_loss": 0.11854726024866104
  },
  "test_results": {
    "test_loss": 0.12013575875759125,
    "test_psnr": 9.222782748413087,
    "test_ssim": 0.39195740003585816
  }
}