{
  "args": {
    "device": "cuda:9",
    "exp_home": "./results",
    "ds_name": "mnist",
    "mode": "denoising",
    "noise_std": 0.25,
    "down_scale": 2.0,
    "model_type": "conventional",
    "latent_dim": 784,
    "hidden_dims": [
      1150,
      1150,
      1150,
      1150
    ],
    "wo_Win": true,
    "fix_Win": false,
    "I_Win": false,
    "batch_size": 128,
    "epochs": 100,
    "lr": 0.001,
    "use_augmentation": true,
    "aug_num": 2,
    "run_id": 2,
    "seed": 42
  },
  "training_logs": {
    "train_losses": [
      0.01393341505497694,
      0.007110599083006382,
      0.006567605144679547,
      0.006312829023897648,
      0.00615856515288353,
      0.006066861179918051,
      0.005962386488616467,
      0.005873476232290268,
      0.005808941516429186,
      0.005748879327625037,
      0.005676711861342192,
      0.0056122534750401975,
      0.00555615946367383,
      0.0055204863713681695,
      0.005468941165357828,
      0.005419937058240175,
      0.005372909183502197,
      0.005340240942835808,
      0.005286910252422094,
      0.005265755828171968,
      0.005219217207729817,
      0.005184301078319549,
      0.005160824753046036,
      0.005116183313876391,
      0.005099058942049742,
      0.005067154240459204,
      0.005028803398013115,
      0.005012805713862181,
      0.004976350721120834,
      0.004952053464800119,
      0.004919286444634199,
      0.004891643764078617,
      0.0048764809435606,
      0.004843742306381464,
      0.004824696142524481,
      0.004801420896053314,
      0.0047793441282212735,
      0.0047469072407484054,
      0.004728282694667578,
      0.004713270781636238,
      0.004689973979890347,
      0.0046553201261162755,
      0.004642441513687372,
      0.004614481160193681,
      0.004591561890691519,
      0.004583157670646906,
      0.004558835692256689,
      0.004541627959758043,
      0.004517422102242708,
      0.00448466141730547,
      0.004483790268599987,
      0.00445293046951294,
      0.004437565158605576,
      0.0044157122023403645,
      0.004400234103500843,
      0.004381297952532768,
      0.004354146790206432,
      0.004351160535663367,
      0.0043304043547809125,
      0.00430927762567997,
      0.004291406184732914,
      0.0042657641898095604,
      0.0042527412855625155,
      0.004230443480461836,
      0.0042096470502018925,
      0.004193047716021538,
      0.004178254011869431,
      0.0041615983849763874,
      0.004148339468538761,
      0.004120751787871122,
      0.004108504205793143,
      0.004089097187370062,
      0.004072475763708353,
      0.004056655993908644,
      0.004030181872397661,
      0.004013737739771605,
      0.003994853182435035,
      0.003969236458092928,
      0.003964836552590132,
      0.003951188632249832,
      0.003921540897786617,
      0.003902954038232565,
      0.003884000565558672,
      0.003866635386347771,
      0.003845618896782398,
      0.003838320727199316,
      0.0038175818186998367,
      0.003798158144056797,
      0.0037750353847444055,
      0.003759867727011442,
      0.003742116034179926,
      0.0037167876470088957,
      0.0037022595965862273,
      0.003674418277144432,
      0.003657033486366272,
      0.0036415526056289673,
      0.0036189008820056916,
      0.0035999233973026275,
      0.003587378444895148,
      0.003566485468223691
    ],
    "eval_losses": [
      0.005705826077610254,
      0.0054126415625214575,
      0.005224676515161991,
      0.005169482392072678,
      0.004891969472914934,
      0.004678133285790682,
      0.0045798200339078905,
      0.004494359751790762,
      0.004406504238396883,
      0.0043122603625059125,
      0.004191607315838337,
      0.0041572632499039175,
      0.004089478086680174,
      0.00398547505363822,
      0.003939629987627268,
      0.003852023207396269,
      0.0037749435886740685,
      0.0037168285623192785,
      0.003640675240755081,
      0.0036004275385290384
    ],
    "psnr": [
      22.438825939941406,
      22.667783688354493,
      22.821331262207032,
      22.86737322692871,
      23.10681950378418,
      23.30088122253418,
      23.393361285400392,
      23.475561444091795,
      23.560930798339843,
      23.65468405456543,
      23.7783061920166,
      23.81330562438965,
      23.8854505859375,
      23.996735067749025,
      24.047156298828124,
      24.144700561523436,
      24.23266392211914,
      24.300039120483397,
      24.390173587036134,
      24.438546914672852
    ],
    "best_epoch": 100,
    "best_step": null,
    "best_eval_loss": 0.0036004275385290384
  },
  "test_results": {
    "test_loss": 0.0035880481872707605,
    "test_psnr": 24.459277096557617
  }
}