{
  "args": {
    "device": "cuda:7",
    "exp_home": "./results",
    "ds_name": "mnist",
    "mode": "denoising",
    "noise_std": 0.25,
    "down_scale": 2.0,
    "model_type": "conventional",
    "latent_dim": 784,
    "hidden_dims": [
      1150,
      1150,
      1150,
      1150,
      1150,
      1150,
      1150,
      1150,
      1150,
      1150
    ],
    "wo_Win": false,
    "fix_Win": true,
    "I_Win": false,
    "batch_size": 128,
    "epochs": 100,
    "lr": 0.005,
    "use_augmentation": true,
    "aug_num": 4,
    "run_id": 1,
    "seed": 42
  },
  "training_logs": {
    "train_losses": [
      0.12981120669841767,
      0.12960027652263642,
      0.12960027643203736,
      0.12960027647018432,
      0.1296002761888504,
      0.12960027652740477,
      0.12960027631282806,
      0.12960027657985687,
      0.1296002764225006,
      0.1290312896490097,
      0.1285559430885315,
      0.12842106583595275,
      0.12826874054908752,
      0.12826874076843262,
      0.12826874071598052,
      0.12826874049663545,
      0.12826874063491822,
      0.1282687410068512,
      0.12826874064445495,
      0.12826874063968657,
      0.1282687408065796,
      0.12826874058246612,
      0.12826874066352845,
      0.12826874066829683,
      0.12826874062776566,
      0.12826874034404753,
      0.12826874069690705,
      0.12826874068260194,
      0.12826874043941497,
      0.12826874075889588,
      0.1282687406206131,
      0.12826874059677124,
      0.12826874054431917,
      0.12826874075889588,
      0.128268740773201,
      0.12826611677646638,
      0.1281453513288498,
      0.12814535106182098,
      0.1281453514623642,
      0.12814535100936889,
      0.12814535123348236,
      0.1281453510069847,
      0.12814535123586654,
      0.1281453513479233,
      0.12814535125494003,
      0.12869873811721802,
      0.12997021015167237,
      0.12997021004199982,
      0.1299702101802826,
      0.1299702101278305,
      0.12997021021842955,
      0.12997020992517472,
      0.1299702104139328,
      0.12997021037578582,
      0.12997021017074584,
      0.12997021037101747,
      0.12997021002292633,
      0.1299702103614807,
      0.12997021028995515,
      0.12997021026134492,
      0.12997021020412444,
      0.1299702102470398,
      0.12997021016597748,
      0.12997021000862122,
      0.12997021015167237,
      0.12997021006107332,
      0.1299702101278305,
      0.1299702101421356,
      0.1299702102136612,
      0.12997021038532258,
      0.12997021028995515,
      0.1299284578895569,
      0.12984682081699372,
      0.12984713115215302,
      0.12984682069301606,
      0.12984682060718536,
      0.12984682059764863,
      0.1298468208026886,
      0.12984682072639464,
      0.12984682078361512,
      0.12984682057380675,
      0.12984682065486908,
      0.1298468208026886,
      0.1298468208360672,
      0.12984682087421417,
      0.1298468207025528,
      0.12984682069063186,
      0.12984682058334351,
      0.12984682054519653,
      0.12984682067394257,
      0.12984682100772857,
      0.12984682081222534,
      0.12984682069778442,
      0.12984682067871095,
      0.1298468204975128,
      0.12984682054042815,
      0.1298468207550049,
      0.12984682047843932,
      0.12984682062864303,
      0.12984682068824768
    ],
    "eval_losses": [
      0.12908057396411896,
      0.12881016430854797,
      0.12766622855663298,
      0.12766622855663298,
      0.12766622855663298,
      0.12766622855663298,
      0.12766622855663298,
      0.12760090579986572,
      0.12760090579986572,
      0.12925702865123748,
      0.12925702865123748,
      0.12925702865123748,
      0.12925702865123748,
      0.12925702865123748,
      0.12919995350837707,
      0.12919995350837707,
      0.12919995350837707,
      0.12919995350837707,
      0.12919995350837707,
      0.12919995350837707
    ],
    "psnr": [
      8.892338389587403,
      8.901474049377441,
      8.940282014465332,
      8.940282014465332,
      8.940282014465332,
      8.940282014465332,
      8.940282014465332,
      8.942516287231445,
      8.942516287231445,
      8.88642629699707,
      8.88642629699707,
      8.88642629699707,
      8.88642629699707,
      8.88642629699707,
      8.888360153198242,
      8.888360153198242,
      8.888360153198242,
      8.888360153198242,
      8.888360153198242,
      8.888360153198242
    ],
    "ssim": [
      0.37686527581214907,
      0.3768992588996887,
      0.36307374868392944,
      0.36307374868392944,
      0.36307374868392944,
      0.36307374868392944,
      0.36307374868392944,
      0.3626029911994934,
      0.3626029911994934,
      0.3503034134864807,
      0.3503034134864807,
      0.3503034134864807,
      0.3503034134864807,
      0.3503034134864807,
      0.349750590133667,
      0.349750590133667,
      0.349750590133667,
      0.349750590133667,
      0.349750590133667,
      0.349750590133667
    ],
    "best_epoch": 40,
    "best_step": null,
    "best_eval_loss": 0.12760090579986572
  },
  "test_results": {
    "test_loss": 0.12847123260498047,
    "test_psnr": 8.925633531188964,
    "test_ssim": 0.3661199056625366
  }
}