{
  "args": {
    "device": "cuda:6",
    "exp_home": "./results",
    "ds_name": "mnist",
    "mode": "denoising",
    "noise_std": 0.25,
    "down_scale": 2.0,
    "model_type": "conventional",
    "latent_dim": 784,
    "hidden_dims": [
      1150,
      1150,
      1150,
      1150,
      1150,
      1150
    ],
    "wo_Win": false,
    "fix_Win": true,
    "I_Win": true,
    "batch_size": 128,
    "epochs": 100,
    "lr": 0.0001,
    "use_augmentation": false,
    "aug_num": 2,
    "run_id": 2,
    "seed": 42
  },
  "training_logs": {
    "train_losses": [
      0.026338073911070823,
      0.009975946264266967,
      0.007893289777636528,
      0.006998751613348723,
      0.0064341670097410675,
      0.0060577497360110285,
      0.005764805060625077,
      0.005546423079371452,
      0.005361557071805001,
      0.005236627978682518,
      0.0050976616176962855,
      0.005002509801983833,
      0.004912821672856808,
      0.0048433584862947465,
      0.004770201975107193,
      0.0047047858868539336,
      0.004627879761308432,
      0.00460504849344492,
      0.004554948221296072,
      0.004502753231823444,
      0.004463238088339567,
      0.004414918113350868,
      0.004393526773154736,
      0.004352321364283562,
      0.004313141539543867,
      0.004289945798367262,
      0.004255388505905866,
      0.0042377671332657334,
      0.004207768112719059,
      0.004171129530966282,
      0.004153513513952494,
      0.004123466172516346,
      0.004102620740383863,
      0.004084278340935707,
      0.004076621854454279,
      0.004038796686381102,
      0.0040220242995023725,
      0.004011266012340784,
      0.0039836571444571015,
      0.003979016579538584,
      0.003950064347237349,
      0.003943442761152983,
      0.003926473127007484,
      0.00390495192527771,
      0.003886617489904165,
      0.0038799429050087927,
      0.0038652442653477194,
      0.00383878334492445,
      0.0038356341195106506,
      0.0038212841798365114,
      0.0038074326729774476,
      0.003793659844696522,
      0.0037813915610313414,
      0.003772010400444269,
      0.0037571693747490646,
      0.0037493193735182286,
      0.0037305009964108465,
      0.003720413246154785,
      0.00370976304449141,
      0.0037018360225856304,
      0.003682838916555047,
      0.0036828933351486922,
      0.0036663028713315726,
      0.0036572221103310584,
      0.003644237961769104,
      0.0036336515045911075,
      0.0036191622826457024,
      0.0036145901199430225,
      0.00360596338018775,
      0.003600820749178529,
      0.0035902015174925327,
      0.003580563065558672,
      0.003575888617411256,
      0.0035498373252898455,
      0.003548247411996126,
      0.0035365706818550825,
      0.003537331525832415,
      0.003524586951956153,
      0.0035200843417644502,
      0.003510564870685339,
      0.0035000292932987212,
      0.00349690294213593,
      0.0034841578339785337,
      0.003474894097149372,
      0.003475831281095743,
      0.0034691686899214983,
      0.0034561622774600983,
      0.003449121872782707,
      0.003444061130732298,
      0.0034390242262929676,
      0.0034311970295757056,
      0.0034200105491280558,
      0.0034197237100452183,
      0.0034145599386096,
      0.003408414839208126,
      0.0033977997692674396,
      0.0033961056830734016,
      0.00338781399667263,
      0.0033796772868186237,
      0.0033833546318858864
    ],
    "eval_losses": [
      0.005929707953333855,
      0.004981248285621405,
      0.004687899858504534,
      0.0045459589079022405,
      0.004393019958585501,
      0.004270036717504263,
      0.004187359311431646,
      0.004166074119508267,
      0.004089030686020851,
      0.0040606796436011795,
      0.003990496385097504,
      0.003976619749516248,
      0.0039012143693864347,
      0.003875355291366577,
      0.0038559506684541704,
      0.0038226449988782406,
      0.0038066110879182817,
      0.003781617061048746,
      0.003762804763764143,
      0.0037420456498861313
    ],
    "psnr": [
      22.272099224853516,
      23.029313204956054,
      23.292727111816408,
      23.425595413208008,
      23.574428228759764,
      23.698082888793945,
      23.783177825927734,
      23.80516461791992,
      23.88609557800293,
      23.91594410095215,
      23.991780545043945,
      24.006765069580076,
      24.090227685546875,
      24.119365817260743,
      24.141220846557616,
      24.17862119140625,
      24.197111358642577,
      24.225414129638672,
      24.24716707458496,
      24.271452114868165
    ],
    "ssim": [
      0.8838057515144349,
      0.9035172040939331,
      0.9146035854339599,
      0.921051658821106,
      0.9261290550231933,
      0.9348645107269287,
      0.9339809017181396,
      0.9310725927352905,
      0.9380146973609924,
      0.9366718972206116,
      0.9427357361793518,
      0.9415361650466919,
      0.9452494842529297,
      0.9449108833312988,
      0.9475699206352234,
      0.9487922972679138,
      0.9474673717498779,
      0.9485398290634155,
      0.9497595680236817,
      0.9494855447769165
    ],
    "best_epoch": 100,
    "best_step": null,
    "best_eval_loss": 0.0037420456498861313
  },
  "test_results": {
    "test_loss": 0.00373781758248806,
    "test_psnr": 24.283477743530273,
    "test_ssim": 0.950260652923584
  }
}