{
  "args": {
    "device": "cuda:9",
    "exp_home": "./results",
    "ds_name": "mnist",
    "mode": "generative_classification",
    "noise_std": 0.25,
    "down_scale": 2.0,
    "model_type": "conventional",
    "latent_dim": 784,
    "hidden_dims": [
      905,
      905,
      905,
      905,
      905
    ],
    "wo_Win": true,
    "fix_Win": false,
    "I_Win": false,
    "wo_Wout": true,
    "batch_size": 128,
    "epochs": 50,
    "lr": 0.0005,
    "use_augmentation": false,
    "aug_num": 2,
    "run_id": 2,
    "seed": 42
  },
  "training_logs": {
    "train_losses": [
      0.010698656322658063,
      0.004645067572817206,
      0.0036058175637573003,
      0.002953351156767458,
      0.0025587340019643306,
      0.002168415877595544,
      0.00206138991124928,
      0.0018670661466568708,
      0.0016742297365143896,
      0.0015284383641183377,
      0.0014811198910325766,
      0.0013291916992142798,
      0.0010962377135828138,
      0.001106052799858153,
      0.001028215112965554,
      0.0009205626421049237,
      0.0008635784141160548,
      0.0007754700955655426,
      0.0008115022986289114,
      0.0006897119562327862,
      0.0006319694020226598,
      0.0005917251135781407,
      0.0005812448332831264,
      0.0006144570973608643,
      0.0005375563250854612,
      0.000493131737485528,
      0.000402608051886782,
      0.0003966093547642231,
      0.00032479444841854274,
      0.00035900337125640365,
      0.0003942888633487746,
      0.0003523490621102974,
      0.00026342456933110955,
      0.0002591160337068141,
      0.0002883165510534309,
      0.00023861980272457003,
      0.0002283135980484076,
      0.00016676628953777252,
      0.00018286522943526508,
      0.00017188054512487725,
      0.00014025238734669982,
      0.00017368989282986149,
      0.00012943964027334004,
      0.00011679197339341044,
      9.7226047628792e-05,
      9.179502776358277e-05,
      9.05110011389479e-05,
      7.88486400200054e-05,
      7.849496654933319e-05,
      6.874123923364095e-05
    ],
    "eval_losses": [
      0.004289133692532778,
      0.0035297131903469564,
      0.0039032468042802066,
      0.0038049229205586016,
      0.0033372075843159108,
      0.0035568867644760757,
      0.0031355703935492785,
      0.003189241000311449,
      0.003190102429187391,
      0.0028200930205115582
    ],
    "psnr": [
      24.058112551879884,
      24.922716299438477,
      24.597991931152343,
      24.67979782104492,
      25.299945098876954,
      25.212956103515626,
      25.596609661865234,
      25.68542138671875,
      25.73550849609375,
      26.597365209960937
    ],
    "ssim": [
      0.9647491738319397,
      0.9734802947044373,
      0.9722016735076904,
      0.9742361190795898,
      0.9770781540870667,
      0.9770577283859253,
      0.9798863514900208,
      0.979110325717926,
      0.9790767612457275,
      0.9815635867118836
    ],
    "best_epoch": 50,
    "best_step": null,
    "best_eval_loss": 0.0028200930205115582
  },
  "test_results": {
    "test_loss": 0.002915763102797791,
    "test_psnr": 28.100362548828127,
    "test_ssim": 0.981839405632019
  }
}