{
  "args": {
    "device": "cuda:9",
    "exp_home": "./results",
    "ds_name": "mnist",
    "mode": "denoising",
    "noise_std": 0.25,
    "down_scale": 2.0,
    "model_type": "conventional",
    "latent_dim": 784,
    "hidden_dims": [
      1150
    ],
    "wo_Win": true,
    "fix_Win": false,
    "I_Win": false,
    "batch_size": 128,
    "epochs": 100,
    "lr": 0.001,
    "use_augmentation": true,
    "aug_num": 2,
    "run_id": 2,
    "seed": 42
  },
  "training_logs": {
    "train_losses": [
      0.013517751449942588,
      0.00648667158305645,
      0.006133730005323887,
      0.005942775238156318,
      0.005800453740209341,
      0.005705280048847198,
      0.005589206956773996,
      0.005519930732548237,
      0.005434032297879457,
      0.005381149169653654,
      0.005305970520377159,
      0.005249431373178959,
      0.005211525234282016,
      0.005169270771592856,
      0.005133267144411802,
      0.005092327627241612,
      0.005046942981183529,
      0.0050176060996949675,
      0.004985293111205101,
      0.004960008372813463,
      0.00492229627430439,
      0.004898106234818697,
      0.004873415802270174,
      0.004847631175220013,
      0.004826925886422396,
      0.0048072440718114375,
      0.004780709140747786,
      0.004767278187125921,
      0.004738372855335474,
      0.004719998346269131,
      0.00469005423694849,
      0.004673347508460283,
      0.004664509851038456,
      0.004644031927287578,
      0.0046205470104515554,
      0.004604094231128693,
      0.004586679162234068,
      0.004566152337193489,
      0.004544520231187343,
      0.004536702076196671,
      0.004511438881605863,
      0.0044950898963212966,
      0.004483093512356281,
      0.0044551181630790235,
      0.004450977179259062,
      0.004437995377928019,
      0.004413528286963701,
      0.004403806499689818,
      0.004383450309485197,
      0.00435955647662282,
      0.004358822697997093,
      0.004331465519368648,
      0.004322251697927713,
      0.004308525910675526,
      0.00429387338578701,
      0.004273296554684639,
      0.0042589560647308825,
      0.004256352177262306,
      0.004244338753968477,
      0.004224609051197767,
      0.004210245303064584,
      0.00418925538867712,
      0.004181708365082741,
      0.004162993777096271,
      0.004142690164297819,
      0.004132372493445873,
      0.004117922346889973,
      0.004108708164542913,
      0.004099890591800213,
      0.00407419346049428,
      0.004065257013738156,
      0.004049827746003866,
      0.004036955708861351,
      0.004024865791201591,
      0.004006599429398775,
      0.0039926396429538725,
      0.003977723447531461,
      0.003957810400873423,
      0.003954662906825542,
      0.003948172056674957,
      0.003924195859432221,
      0.003910034497529268,
      0.003893122302144766,
      0.0038829286900162697,
      0.003868712840527296,
      0.0038641325852274895,
      0.0038513292357325556,
      0.0038379706060886385,
      0.0038189936956763266,
      0.003808124736249447,
      0.0037989281045645476,
      0.003778275283873081,
      0.0037713840532302857,
      0.003753561051040888,
      0.003738745898678899,
      0.0037338258904218674,
      0.003717281637787819,
      0.003707218988239765,
      0.0036988314570486546,
      0.0036828516364097595
    ],
    "eval_losses": [
      0.005429783814400435,
      0.005090400496125221,
      0.004911476971954107,
      0.004716743168234825,
      0.004674482595920563,
      0.0045531414456665515,
      0.004435354354977608,
      0.00436764063835144,
      0.00430003981590271,
      0.004254574153572321,
      0.004116988027840853,
      0.0040712650291621685,
      0.004029459042102099,
      0.0039468699038028715,
      0.003909798339009285,
      0.0038314735755324365,
      0.0037650482520461084,
      0.00371471561267972,
      0.003661801232397556,
      0.003631204469129443
    ],
    "psnr": [
      22.654221853637694,
      22.934341317749023,
      23.089786486816408,
      23.265698764038085,
      23.304312899780275,
      23.418627279663085,
      23.53259684753418,
      23.59962943725586,
      23.667548641967773,
      23.71308815612793,
      23.85649730834961,
      23.904006640625,
      23.94978584289551,
      24.039012048339846,
      24.080093099975585,
      24.16803059387207,
      24.244016842651366,
      24.30269865112305,
      24.365139880371093,
      24.40147035217285
    ],
    "ssim": [
      0.9073465944290161,
      0.9213948429107666,
      0.9259589031219483,
      0.9285697821617126,
      0.9317050857543945,
      0.929707024860382,
      0.9328670534133912,
      0.9353572099685669,
      0.9360492968559265,
      0.9370373048782349,
      0.9393039354324341,
      0.9394920168876648,
      0.9409111343383789,
      0.9409045599937439,
      0.9427124453544616,
      0.9435030830383301,
      0.9446593505859375,
      0.9464674892425538,
      0.9476722599029541,
      0.9476190320968628
    ],
    "best_epoch": 100,
    "best_step": null,
    "best_eval_loss": 0.003631204469129443
  },
  "test_results": {
    "test_loss": 0.0036143478032201527,
    "test_psnr": 24.427005236816406,
    "test_ssim": 0.94893216381073
  }
}