{
  "args": {
    "device": "cuda:9",
    "exp_home": "./results",
    "ds_name": "mnist",
    "mode": "generative_classification",
    "noise_std": 0.25,
    "down_scale": 2.0,
    "model_type": "conventional",
    "latent_dim": 784,
    "hidden_dims": [
      1470
    ],
    "wo_Win": true,
    "fix_Win": false,
    "I_Win": false,
    "wo_Wout": true,
    "batch_size": 128,
    "epochs": 50,
    "lr": 0.0001,
    "use_augmentation": false,
    "aug_num": 2,
    "run_id": 3,
    "seed": 42
  },
  "training_logs": {
    "train_losses": [
      0.04012114050447941,
      0.013493789096176625,
      0.010757429172098636,
      0.009201500573456287,
      0.008166640153229236,
      0.007428536137789488,
      0.006839836400151253,
      0.00636071514800191,
      0.005992893016040325,
      0.005639797218292952,
      0.005360582691729069,
      0.005119685637056827,
      0.004904425141066313,
      0.004713635959476233,
      0.004534060561805963,
      0.004369786189123988,
      0.004255747768133878,
      0.004105256107747555,
      0.003986135677322746,
      0.0038858594658970833,
      0.0037865713430196048,
      0.0037049778109788894,
      0.0035952813014388085,
      0.0035211850407719614,
      0.003464069227948785,
      0.003373531391620636,
      0.003325829731449485,
      0.003268386829607189,
      0.003201658373102546,
      0.0031488016904890536,
      0.0030906115560978653,
      0.0030445957006514073,
      0.0030081648072600364,
      0.0029459434811025856,
      0.0029316578758507967,
      0.0029124408685415985,
      0.0028524030224978923,
      0.0028413760863989592,
      0.002808367403373122,
      0.0027782821030169725,
      0.002750709309205413,
      0.0027163150817900894,
      0.002699703923612833,
      0.0026934942265972495,
      0.0026788969299942253,
      0.0026665390256792308,
      0.0026499791191518306,
      0.0026524378744512797,
      0.002620149325355887,
      0.0026192769327014684
    ],
    "eval_losses": [
      0.00826577952504158,
      0.006608562204986811,
      0.005952201406657696,
      0.0055632581397891045,
      0.005455713421851397,
      0.005293467269092798,
      0.00516497617661953,
      0.005024369010329247,
      0.004987147686630488,
      0.005008145741373301
    ],
    "psnr": [
      20.91126491394043,
      21.904710556030274,
      22.376852871704102,
      22.68246789855957,
      22.768118338012695,
      22.89510749206543,
      23.00519552001953,
      23.13606106567383,
      23.164306033325197,
      23.147064865112306
    ],
    "ssim": [
      0.8560729810714721,
      0.8951570610046387,
      0.9139263714790344,
      0.9190655485153199,
      0.9231042823791504,
      0.9272549130439758,
      0.9279525867462158,
      0.9300565434455872,
      0.930220825958252,
      0.9305162298202515
    ],
    "best_epoch": 45,
    "best_step": null,
    "best_eval_loss": 0.004987147686630488
  },
  "test_results": {
    "test_loss": 0.004924732640013098,
    "test_psnr": 23.686137686157227,
    "test_ssim": 0.9319153116226196
  }
}