{
  "args": {
    "device": "cuda:8",
    "exp_home": "./results",
    "ds_name": "mnist",
    "mode": "denoising",
    "noise_std": 0.25,
    "down_scale": 2.0,
    "model_type": "conventional",
    "latent_dim": 784,
    "hidden_dims": [
      785,
      785,
      785,
      785
    ],
    "wo_Win": false,
    "fix_Win": false,
    "I_Win": false,
    "wo_Wout": false,
    "batch_size": 128,
    "epochs": 30,
    "lr": 0.005,
    "use_augmentation": false,
    "aug_num": 2,
    "run_id": 1,
    "seed": 42
  },
  "training_logs": {
    "train_losses": [
      0.11521447916507721,
      0.11435799378633499,
      0.11435799360513688,
      0.1143579934334755,
      0.11435799395561218,
      0.11435799323558807,
      0.11435799340963364,
      0.11435799356460571,
      0.1143579932498932,
      0.1143579931306839,
      0.1143579933977127,
      0.11435799352884293,
      0.11435799378633499,
      0.11435799392700195,
      0.11435799328088761,
      0.11435799330234528,
      0.11435799297809601,
      0.11435799331665039,
      0.11435799315929412,
      0.11435799325704575,
      0.11435799344778061,
      0.11435799325227737,
      0.11435799350261688,
      0.11435799319267273,
      0.11435799360752105,
      0.11435799332141876,
      0.11435799305677415,
      0.11435799363136291,
      0.1143579934167862,
      0.1143579930114746
    ],
    "eval_losses": [
      0.1134362184882164,
      0.1134362184882164,
      0.1134362184882164,
      0.1134362184882164,
      0.1134362184882164,
      0.1134362184882164
    ],
    "psnr": [
      9.454721034240723,
      9.454721034240723,
      9.454721034240723,
      9.454721034240723,
      9.454721034240723,
      9.454721034240723
    ],
    "ssim": [
      0.4184313491344452,
      0.4184313491344452,
      0.4184313491344452,
      0.4184313491344452,
      0.4184313491344452,
      0.4184313491344452
    ],
    "best_epoch": 5,
    "best_step": null,
    "best_eval_loss": 0.1134362184882164
  },
  "test_results": {
    "test_loss": 0.11560040302276611,
    "test_psnr": 9.398895390319824,
    "test_ssim": 0.41763674774169923
  }
}