{
  "args": {
    "device": "cuda:0",
    "exp_home": "./results",
    "ds_name": "mnist",
    "mode": "denoising",
    "noise_std": 0.25,
    "down_scale": 2.0,
    "model_type": "conventional",
    "latent_dim": 784,
    "hidden_dims": [
      905
    ],
    "wo_Win": true,
    "fix_Win": false,
    "I_Win": false,
    "wo_Wout": true,
    "batch_size": 128,
    "epochs": 30,
    "lr": 0.0005,
    "use_augmentation": false,
    "aug_num": 2,
    "run_id": 5,
    "seed": 42
  },
  "training_logs": {
    "train_losses": [
      0.018736117395460605,
      0.0064601390539109705,
      0.005506673082262278,
      0.005108371765464545,
      0.004931131682246923,
      0.004793954607993364,
      0.004695071243792772,
      0.004621724579930306,
      0.004563541342467069,
      0.00449679159834981,
      0.004455984100997448,
      0.004415138737112283,
      0.004375045351982116,
      0.004341292858272791,
      0.004314628673642874,
      0.004268930967450142,
      0.004249504088461399,
      0.004212265077233314,
      0.004187032970488071,
      0.004175680634081364,
      0.004157610342651606,
      0.004129216012358665,
      0.004109941431879998,
      0.004097829706817865,
      0.004079015026837588,
      0.004051646246016025,
      0.004038770372271538,
      0.004019673914015293,
      0.004010674311965704,
      0.003999129725694656
    ],
    "eval_losses": [
      0.004642184571176767,
      0.004344266010075808,
      0.004181255958229303,
      0.00408666759878397,
      0.004015880081802607,
      0.003965107814967632
    ],
    "psnr": [
      23.334956713867186,
      23.622588674926757,
      23.788798828125,
      23.888043426513672,
      23.963982827758787,
      24.019254830932617
    ],
    "ssim": [
      0.8885619508743287,
      0.9087585215568542,
      0.91953344373703,
      0.9251083978652954,
      0.9264175017356873,
      0.9304171557426453
    ],
    "best_epoch": 30,
    "best_step": null,
    "best_eval_loss": 0.003965107814967632
  },
  "test_results": {
    "test_loss": 0.003929181819781661,
    "test_psnr": 24.06511077270508,
    "test_ssim": 0.9323345586776733
  }
}