{
  "args": {
    "device": "cuda:5",
    "exp_home": "./results",
    "ds_name": "imagenet32",
    "mode": "denoising",
    "noise_std": 0.25,
    "down_scale": 2.0,
    "model_type": "hourglass",
    "latent_dim": 3800,
    "hidden_dims": [
      270,
      270,
      270,
      270,
      270
    ],
    "wo_Win": false,
    "fix_Win": true,
    "I_Win": false,
    "batch_size": 512,
    "epochs": 2,
    "lr": 0.0005,
    "use_augmentation": true,
    "aug_num": 4,
    "run_id": 1,
    "seed": 42
  },
  "training_logs": {
    "train_losses": [
      0.013562938984483481,
      0.009788767522200943,
      0.009017137361690401,
      0.00871960743330419,
      0.008507047101855278,
      0.008344079457223416,
      0.008217027638107539,
      0.008119621379300952,
      0.008027459072880447,
      0.007960786240175367,
      0.007900673261843622,
      0.00782918843254447,
      0.007784133463166654,
      0.007735837975516915,
      0.00766874785348773,
      0.0076245559370145205,
      0.0075631602425128225,
      0.007502688897773623,
      0.007485867347568274,
      0.007434290804900229,
      0.007394163347780705,
      0.007346129690296948,
      0.007325901133939624,
      0.007271130508743226,
      0.0072281830599531536,
      0.00718946236744523,
      0.007135087576694787,
      0.007097688608802855,
      0.007052030254155397,
      0.007011682263575494,
      0.0069694503303617235,
      0.006940290754660964,
      0.006898527139797807,
      0.006856516980566084,
      0.006819587917067111,
      0.006778006731532514,
      0.006736020092852414,
      0.0066991905467584725,
      0.006664398890919984,
      0.006635058658197522
    ],
    "eval_losses": [
      0.008356693168580532,
      0.007931213116645812,
      0.007648579874038696,
      0.007359128114879131,
      0.0072157150472700595,
      0.006953891057819128,
      0.006764577614367009,
      0.00658536466434598
    ],
    "psnr": [
      20.781740072631838,
      21.00852088256836,
      21.166062552490235,
      21.333628087768556,
      21.41911054016113,
      21.579649692382812,
      21.699469664916993,
      21.816124620971678
    ],
    "best_epoch": null,
    "best_step": 20000,
    "best_eval_loss": 0.00658536466434598
  },
  "test_results": {
    "test_loss": 0.006574290500432253,
    "test_psnr": 21.823871048583985
  }
}