{
  "args": {
    "device": "cuda:6",
    "exp_home": "./results",
    "ds_name": "mnist",
    "mode": "denoising",
    "noise_std": 0.25,
    "down_scale": 2.0,
    "model_type": "conventional",
    "latent_dim": 784,
    "hidden_dims": [
      1150,
      1150,
      1150,
      1150,
      1150,
      1150
    ],
    "wo_Win": true,
    "fix_Win": false,
    "I_Win": false,
    "batch_size": 128,
    "epochs": 100,
    "lr": 0.0001,
    "use_augmentation": false,
    "aug_num": 2,
    "run_id": 2,
    "seed": 42
  },
  "training_logs": {
    "train_losses": [
      0.026424286620616914,
      0.010055875590145587,
      0.00794267721861601,
      0.007014545052796603,
      0.006447922829240561,
      0.006070582190752029,
      0.005767073791027069,
      0.005554015052467585,
      0.005375133211761713,
      0.005242552125453949,
      0.005106216314136982,
      0.005001649238467217,
      0.004919332239031792,
      0.00484641791343689,
      0.004769898698478937,
      0.0047046725526452065,
      0.004631267705261707,
      0.004604760322719812,
      0.004558435055911541,
      0.0045046646255254745,
      0.0044633566659688945,
      0.0044115400931239125,
      0.004391364630609751,
      0.00435044068261981,
      0.004313450190275908,
      0.004290024775117636,
      0.004254120225757361,
      0.004235264994055033,
      0.00420797923579812,
      0.004173751739412546,
      0.004147101222127676,
      0.004124655343145132,
      0.00410013004899025,
      0.004085223407447338,
      0.004077407988756895,
      0.004037979587167502,
      0.00402404517993331,
      0.004010960971862078,
      0.003983112143725156,
      0.003978356063365936,
      0.0039497381640970705,
      0.003939444293528795,
      0.003923365778774023,
      0.003906016475260258,
      0.0038847519132494926,
      0.003876937406659126,
      0.0038654624010622503,
      0.0038392909781634807,
      0.0038355995793640614,
      0.0038205457067489626,
      0.003803475494682789,
      0.003791893714517355,
      0.0037802428311109544,
      0.0037730029249191284,
      0.0037540503675490616,
      0.0037477495302259923,
      0.0037278034147620203,
      0.0037184022676199674,
      0.00371172736980021,
      0.0037026396203786137,
      0.003678671537488699,
      0.0036824515364319087,
      0.0036674096668511628,
      0.003654994799345732,
      0.0036428699585795404,
      0.003634014369547367,
      0.0036189902145415545,
      0.0036151798214018346,
      0.0036032036466896534,
      0.003598860978856683,
      0.0035894467213749884,
      0.0035802196990698575,
      0.0035764422954618932,
      0.00355091260060668,
      0.003551027186438441,
      0.0035368235795944928,
      0.0035365491642057895,
      0.0035233377785235643,
      0.0035203057671338318,
      0.003511618528440595,
      0.003502103662341833,
      0.0034952108377963305,
      0.003485692684277892,
      0.003474905658364296,
      0.0034759962484240533,
      0.0034683042680472135,
      0.0034550597470253707,
      0.0034476035691797732,
      0.0034457397874444722,
      0.003440645259693265,
      0.003430174584463239,
      0.003418933218047023,
      0.003419238578006625,
      0.0034134854520112274,
      0.0034075668425112963,
      0.003399043537899852,
      0.0033949442090839147,
      0.003386280851662159,
      0.003380695345774293,
      0.0033820141875743866
    ],
    "eval_losses": [
      0.005921199774742127,
      0.0049878591544926165,
      0.004688085314631462,
      0.004528905637562275,
      0.004376340591162443,
      0.004295469255000353,
      0.004186856088042259,
      0.00417243080213666,
      0.004083555745333433,
      0.004046258074045181,
      0.003988957122713328,
      0.003968972405046224,
      0.0039013161405920985,
      0.0038727408304810524,
      0.003850905581563711,
      0.0038217478208243845,
      0.003798422533273697,
      0.003782731197029352,
      0.003762357932329178,
      0.0037411520972847937
    ],
    "psnr": [
      22.27868479309082,
      23.023793075561525,
      23.292793814086913,
      23.44206069946289,
      23.591035314941408,
      23.672085430908204,
      23.783678363037108,
      23.7986,
      23.89205104980469,
      23.931341928100586,
      23.993658740234373,
      24.015161447143555,
      24.090237197875975,
      24.122274081420898,
      24.146828326416017,
      24.179692224121094,
      24.206401293945312,
      24.224152749633788,
      24.247731973266603,
      24.272772326660156
    ],
    "ssim": [
      0.8844401568412781,
      0.9034172082901001,
      0.9141517776489257,
      0.9220905988693238,
      0.9271761450767517,
      0.935031928062439,
      0.9344042387962341,
      0.9317616024017334,
      0.938175085735321,
      0.9373503441810608,
      0.9425480906486511,
      0.9413487754821778,
      0.9450738718032837,
      0.9452452583312988,
      0.9475201265335083,
      0.9487903257369995,
      0.9473892827033996,
      0.9483436603546143,
      0.9497613889694214,
      0.9493984033584595
    ],
    "best_epoch": 100,
    "best_step": null,
    "best_eval_loss": 0.0037411520972847937
  },
  "test_results": {
    "test_loss": 0.00373384076654911,
    "test_psnr": 24.28844461669922,
    "test_ssim": 0.9501875537872314
  }
}