{
  "args": {
    "device": "cuda:8",
    "exp_home": "./results",
    "ds_name": "mnist",
    "mode": "denoising",
    "noise_std": 0.25,
    "down_scale": 2.0,
    "model_type": "conventional",
    "latent_dim": 784,
    "hidden_dims": [
      1150,
      1150
    ],
    "wo_Win": false,
    "fix_Win": false,
    "I_Win": false,
    "wo_Wout": false,
    "batch_size": 128,
    "epochs": 30,
    "lr": 0.0001,
    "use_augmentation": false,
    "aug_num": 2,
    "run_id": 1,
    "seed": 42
  },
  "training_logs": {
    "train_losses": [
      0.03164318676888943,
      0.011394824494421482,
      0.008620561306476593,
      0.007407082396894693,
      0.00672942761823535,
      0.006265596014559269,
      0.005951697808355093,
      0.005723269359767437,
      0.005511034133583307,
      0.0053721883107721805,
      0.005227994091510773,
      0.005118779692947864,
      0.005040526870787144,
      0.004948953070342541,
      0.004892531990259886,
      0.004817201046347618,
      0.004766459474414587,
      0.004728198472261429,
      0.004670887878388166,
      0.004626427503824234,
      0.004595726394951344,
      0.004557053026854992,
      0.0045168499140441415,
      0.00449599699318409,
      0.004471895463913679,
      0.004447877272665501,
      0.0044322496435046195,
      0.004407815096825361,
      0.00439337977334857,
      0.004378031689673662
    ],
    "eval_losses": [
      0.0062784835986793045,
      0.005213426367193461,
      0.004776027228683233,
      0.004570085746794939,
      0.004443822667747736,
      0.004364008361101151
    ],
    "psnr": [
      22.02479752807617,
      22.831651611328127,
      23.212450189208983,
      23.403471200561523,
      23.52492239074707,
      23.604061401367186
    ],
    "ssim": [
      0.877170269393921,
      0.8951927863121033,
      0.9069982924461365,
      0.9130878786087037,
      0.9179367486000061,
      0.9214015964508057
    ],
    "best_epoch": 30,
    "best_step": null,
    "best_eval_loss": 0.004364008361101151
  },
  "test_results": {
    "test_loss": 0.004342018227279186,
    "test_psnr": 23.635052139282227,
    "test_ssim": 0.9230338417053222
  }
}