{
  "args": {
    "device": "cuda:6",
    "exp_home": "./results",
    "ds_name": "mnist",
    "mode": "denoising",
    "noise_std": 0.25,
    "down_scale": 2.0,
    "model_type": "conventional",
    "latent_dim": 784,
    "hidden_dims": [
      1150,
      1150,
      1150,
      1150
    ],
    "wo_Win": false,
    "fix_Win": true,
    "I_Win": false,
    "batch_size": 128,
    "epochs": 100,
    "lr": 0.0005,
    "use_augmentation": false,
    "aug_num": 2,
    "run_id": 2,
    "seed": 42
  },
  "training_logs": {
    "train_losses": [
      0.019179385790824892,
      0.008266888078749179,
      0.007001192000806331,
      0.006546850330680609,
      0.006216275641769171,
      0.005994732336252927,
      0.005843703652024269,
      0.005706140834391117,
      0.005604087598472834,
      0.005508706767112017,
      0.005447788674533367,
      0.005343755730390549,
      0.00529720429211855,
      0.005274281297326088,
      0.005202956995964051,
      0.0051367358426749705,
      0.005083820179253817,
      0.005068281234353781,
      0.005026543018221855,
      0.004968168038576842,
      0.004911748528033495,
      0.004903401911258698,
      0.004884591144919396,
      0.004849760138839483,
      0.004819003884494305,
      0.00477957271873951,
      0.004728022662252188,
      0.004723404805213213,
      0.004690759936720133,
      0.004657780879288912,
      0.004640076128691435,
      0.004604448442906141,
      0.0045733908070623875,
      0.004548234373033047,
      0.004544341257661581,
      0.0044900692464411255,
      0.004486449339389801,
      0.004456518581658602,
      0.0044285208359360695,
      0.004416208910048008,
      0.004381210910528898,
      0.0043616468316316605,
      0.004349030662328005,
      0.004310524500012397,
      0.004289550610333681,
      0.004276689859777689,
      0.004263751304149628,
      0.004221997859030962,
      0.0042190668044984345,
      0.004197249056994915,
      0.004177833394706249,
      0.004154261705726385,
      0.004142093072980643,
      0.004122436635792256,
      0.00409891806691885,
      0.004085524708777666,
      0.004051139646172523,
      0.004042905424833297,
      0.0040149668988585475,
      0.004012565029710531,
      0.003981076624393463,
      0.0039698198541998865,
      0.003955046021193266,
      0.003933078815042973,
      0.003907371973320842,
      0.003890991840958595,
      0.003870132534503937,
      0.0038509744879603384,
      0.0038390115129947663,
      0.003823823514729738,
      0.0038048421013355256,
      0.003787406147122383,
      0.0037733374889194963,
      0.0037416604817658663,
      0.0037290649423003196,
      0.0037141206058859825,
      0.0037026419638097286,
      0.003675153575092554,
      0.003667306354343891,
      0.003645074970126152,
      0.003632821264415979,
      0.0036107790050655605,
      0.003594369715452194,
      0.003575691379457712,
      0.0035696567072719338,
      0.003549352656826377,
      0.003526477953195572,
      0.003513829698264599,
      0.0035020879067480565,
      0.0034847774309664965,
      0.003468136538937688,
      0.0034474669525027275,
      0.003435191587507725,
      0.003426989470869303,
      0.003408757811933756,
      0.003394804186671972,
      0.003383488822951913,
      0.0033671452930569648,
      0.0033530703996121885,
      0.0033447140768170357
    ],
    "eval_losses": [
      0.005883660688251257,
      0.005359367932379246,
      0.0051208461925387385,
      0.004894534771889448,
      0.004747709020227194,
      0.004624349819868803,
      0.004561236979067325,
      0.004465169306844473,
      0.004364058146625757,
      0.004293844141066074,
      0.004232746899873018,
      0.004174144541472196,
      0.004113102166354656,
      0.004071448785811662,
      0.0040070829398930075,
      0.003956330268085003,
      0.0038995438173413275,
      0.003866608480364084,
      0.003826711092144251,
      0.003785802837461233
    ],
    "psnr": [
      22.305730236816405,
      22.71122672729492,
      22.90929066772461,
      23.104507772827148,
      23.23715874633789,
      23.35151700744629,
      23.411354650878906,
      23.503930752563477,
      23.60318064575195,
      23.673492446899413,
      23.736192208862306,
      23.79642840270996,
      23.86045818786621,
      23.904850366210937,
      23.974098303222657,
      24.02901707458496,
      24.092048733520507,
      24.12882446899414,
      24.17427755126953,
      24.22110641479492
    ],
    "ssim": [
      0.8894474752426147,
      0.9058435203552246,
      0.9188506255149841,
      0.9249198165893555,
      0.9264084747314453,
      0.931448314666748,
      0.9316789275169373,
      0.9347228291511536,
      0.9366781532287598,
      0.9388434794425964,
      0.9409337211608887,
      0.9413420747756958,
      0.9425644876480103,
      0.9439022528648376,
      0.9463828967094421,
      0.9489914896011352,
      0.9490545251846313,
      0.9492898746490479,
      0.951083334159851,
      0.9509554161071777
    ],
    "best_epoch": 100,
    "best_step": null,
    "best_eval_loss": 0.003785802837461233
  },
  "test_results": {
    "test_loss": 0.0037789581529796123,
    "test_psnr": 24.23604422302246,
    "test_ssim": 0.9518278928756714
  }
}