{
  "args": {
    "device": "cuda:9",
    "exp_home": "./results",
    "ds_name": "mnist",
    "mode": "generative_classification",
    "noise_std": 0.25,
    "down_scale": 2.0,
    "model_type": "conventional",
    "latent_dim": 784,
    "hidden_dims": [
      1150,
      1150,
      1150,
      1150,
      1150,
      1150,
      1150,
      1150,
      1150,
      1150
    ],
    "wo_Win": false,
    "fix_Win": false,
    "I_Win": true,
    "batch_size": 128,
    "epochs": 100,
    "lr": 0.0005,
    "use_augmentation": false,
    "aug_num": 2,
    "run_id": 3,
    "seed": 42
  },
  "training_logs": {
    "train_losses": [
      0.012084579749554396,
      0.005847832867503166,
      0.0044805554205179215,
      0.004102064049690962,
      0.0035787163677066564,
      0.0033364516016095875,
      0.003023839908540249,
      0.002784144026786089,
      0.0027640951112657785,
      0.002806233991384506,
      0.0024823976734280584,
      0.002260474474579096,
      0.002618491611331701,
      0.0021167628732696175,
      0.001821175104379654,
      0.0019219798018783331,
      0.0016922745306044817,
      0.0016394934482127429,
      0.0015300997443124652,
      0.0019089185155183076,
      0.0015243895116448403,
      0.001381464713513851,
      0.0013213010361045599,
      0.0014181971532106399,
      0.0012248464782536029,
      0.0011971011413261295,
      0.001150484905904159,
      0.0011754152322933078,
      0.0013922671770490707,
      0.0009871723465994001,
      0.0009098505691811442,
      0.0010468838255107402,
      0.0007719680313766003,
      0.0007621293598040938,
      0.0010530220083519817,
      0.0007985739632695914,
      0.0008280615972727538,
      0.0008612401248514652,
      0.0009421177033707499,
      0.0007542667945474387,
      0.0006010027544852346,
      0.0008081222624331713,
      0.0008081407217308879,
      0.0006371304826624691,
      0.0005376471837703139,
      0.000645677561769262,
      0.0006240959432162345,
      0.0005574572647083551,
      0.0005891388708353043,
      0.00047466410512104633,
      0.0004195650631375611,
      0.0006326794679323212,
      0.0006617582837538794,
      0.0007610242338851094,
      0.0005399519681744278,
      0.00042856225369963797,
      0.00045074205028358845,
      0.0003102469959948212,
      0.0003587532150465995,
      0.00034298333078622815,
      0.0005181624836008995,
      0.00034728067737072705,
      0.0003278245819918811,
      0.0002831973795313388,
      0.000606208120919764,
      0.0003143005394004285,
      0.0003035498067131266,
      0.0002803433959605172,
      0.00023632946664467453,
      0.0006981838564481586,
      0.0002663694798015058,
      0.0002288734027603641,
      0.00024461038032080976,
      0.0002095070801023394,
      0.00019100839290767907,
      0.00017202087450772524,
      0.0002600988496746868,
      0.00018571384016424417,
      0.0001936895645642653,
      0.0001556793430214748,
      0.00021844645833130925,
      0.0001579480835236609,
      0.00013848397781141103,
      0.00014793383785290643,
      0.0001130748145421967,
      0.00011138890211936086,
      0.00016566218981985004,
      0.00013079542292980477,
      0.00011434889238560573,
      0.00010900378347141668,
      0.00010327528178226202,
      0.00010219238368561491,
      9.883849391248077e-05,
      9.240348340477795e-05,
      8.403053691145032e-05,
      8.720072678523138e-05,
      8.086838399525732e-05,
      7.928857535123825e-05,
      7.864197100978345e-05,
      7.328170921187848e-05
    ],
    "eval_losses": [
      0.003976317423209548,
      0.004105332541465759,
      0.003629682177491486,
      0.0030083377813920377,
      0.0029254474186338484,
      0.0025408840093761684,
      0.002524201078549959,
      0.0022563430773094298,
      0.002336788689577952,
      0.002391836322285235,
      0.00247978203529492,
      0.0022792000114452093,
      0.0022017993437126277,
      0.001987248932430521,
      0.0020884052315726875,
      0.002145104939094745,
      0.0019800634746439754,
      0.0018762320502661168,
      0.0019071324076241581,
      0.0018855669379379833
    ],
    "psnr": [
      24.314932388305664,
      24.16677911682129,
      24.75173126525879,
      25.733651916503906,
      25.77250828857422,
      26.646749377441406,
      26.589953533935546,
      27.19884541015625,
      27.117826989746092,
      27.28634762573242,
      26.67479395751953,
      27.442206579589843,
      27.455761975097655,
      28.0337712890625,
      27.72554102783203,
      27.920917346191406,
      28.320988336181642,
      29.01399923095703,
      28.833267584228516,
      29.446563134765626
    ],
    "best_epoch": 90,
    "best_step": null,
    "best_eval_loss": 0.0018762320502661168
  },
  "test_results": {
    "test_loss": 0.0018974919203057653,
    "test_psnr": 30.803398345947265
  }
}