{
  "args": {
    "device": "cuda:0",
    "exp_home": "./results",
    "ds_name": "mnist",
    "mode": "denoising",
    "noise_std": 0.25,
    "down_scale": 2.0,
    "model_type": "conventional",
    "latent_dim": 784,
    "hidden_dims": [
      2870,
      2870,
      2870,
      2870,
      2870,
      2870
    ],
    "wo_Win": true,
    "fix_Win": false,
    "I_Win": false,
    "wo_Wout": true,
    "batch_size": 128,
    "epochs": 30,
    "lr": 0.0001,
    "use_augmentation": false,
    "aug_num": 2,
    "run_id": 4,
    "seed": 42
  },
  "training_logs": {
    "train_losses": [
      0.01332306418940425,
      0.006034041037261486,
      0.0053773323731124405,
      0.005086202026754617,
      0.004898604820817709,
      0.004755719466805458,
      0.004661643766462803,
      0.0045611654882133,
      0.004491130525171757,
      0.004420053837299347,
      0.0043450526034832,
      0.00428891675055027,
      0.0042391821791231635,
      0.004190247228741646,
      0.004130489354878664,
      0.004086293626278639,
      0.004043356091380119,
      0.004008979715704918,
      0.003968078060746193,
      0.003922278685867787,
      0.003894341492950916,
      0.003853393805921078,
      0.0038181467126309873,
      0.0037985853381454944,
      0.003766451779156923,
      0.003732443338930607,
      0.003702969275340438,
      0.003675198988765478,
      0.0036641362034529447,
      0.0036408821019530296
    ],
    "eval_losses": [
      0.004912422393262387,
      0.004388610535115004,
      0.004158400909602642,
      0.004010467024892568,
      0.0038799741625785826,
      0.0037925244472920895
    ],
    "psnr": [
      23.089250857543945,
      23.57848530578613,
      23.812613137817383,
      23.96979919128418,
      24.11348317565918,
      24.212706671142577
    ],
    "ssim": [
      0.8970847831726074,
      0.9232488320350647,
      0.9316954103469849,
      0.938978325843811,
      0.9399353310585022,
      0.94266779088974
    ],
    "best_epoch": 30,
    "best_step": null,
    "best_eval_loss": 0.0037925244472920895
  },
  "test_results": {
    "test_loss": 0.0037755077969282864,
    "test_psnr": 24.238700827026367,
    "test_ssim": 0.9435079761505127
  }
}