{
  "args": {
    "device": "cuda:8",
    "exp_home": "./results",
    "ds_name": "mnist",
    "mode": "denoising",
    "noise_std": 0.25,
    "down_scale": 2.0,
    "model_type": "conventional",
    "latent_dim": 784,
    "hidden_dims": [
      905,
      905,
      905,
      905,
      905
    ],
    "wo_Win": false,
    "fix_Win": false,
    "I_Win": false,
    "wo_Wout": false,
    "batch_size": 128,
    "epochs": 30,
    "lr": 0.0001,
    "use_augmentation": false,
    "aug_num": 2,
    "run_id": 1,
    "seed": 42
  },
  "training_logs": {
    "train_losses": [
      0.02677322233736515,
      0.010236124949753284,
      0.008127919288873672,
      0.007175023257136345,
      0.006604415929466486,
      0.006185967215448618,
      0.005902769134193659,
      0.005695754773765802,
      0.005490381231307983,
      0.00535296867236495,
      0.005211756685078144,
      0.0051041405898332596,
      0.005024884603619576,
      0.004928103959858417,
      0.004862575018554926,
      0.004783618939071894,
      0.004729905028045178,
      0.004681306011229754,
      0.004618671034425497,
      0.004571455444693565,
      0.004534588028788567,
      0.004489909994900227,
      0.004445186966061592,
      0.0044207696832716465,
      0.004385905709117651,
      0.004361146546155215,
      0.0043359334771335125,
      0.004311068856120109,
      0.004288967664688826,
      0.00426516047552228
    ],
    "eval_losses": [
      0.006268134360015392,
      0.005248982443660497,
      0.004820935346186161,
      0.0046122772008180615,
      0.004451599421352148,
      0.004354047126322985
    ],
    "psnr": [
      22.03222030029297,
      22.802046768188475,
      23.171698278808595,
      23.36342522277832,
      23.51720709838867,
      23.6139697265625
    ],
    "ssim": [
      0.8897235290527343,
      0.9041301288604736,
      0.9157989050865173,
      0.9219503261566162,
      0.9267173364639282,
      0.9298763288497924
    ],
    "best_epoch": 30,
    "best_step": null,
    "best_eval_loss": 0.004354047126322985
  },
  "test_results": {
    "test_loss": 0.004328508273139596,
    "test_psnr": 23.648623056030274,
    "test_ssim": 0.9312276023864746
  }
}