{
  "args": {
    "device": "cuda:4",
    "exp_home": "./results",
    "ds_name": "mnist",
    "mode": "denoising",
    "noise_std": 0.25,
    "down_scale": 2.0,
    "model_type": "conventional",
    "latent_dim": 784,
    "hidden_dims": [
      1150,
      1150,
      1150,
      1150
    ],
    "wo_Win": false,
    "fix_Win": true,
    "I_Win": false,
    "batch_size": 128,
    "epochs": 200,
    "lr": 5e-05,
    "use_augmentation": true,
    "aug_num": 2,
    "run_id": 1,
    "seed": 42
  },
  "training_logs": {
    "train_losses": [
      0.027806318770051002,
      0.011068288444280625,
      0.008828937546610831,
      0.00777792552024126,
      0.007136228921115398,
      0.006714458570927381,
      0.006406149719655514,
      0.006173050606846809,
      0.005973672772049904,
      0.0058196515956521035,
      0.005683081860393286,
      0.005564595573842526,
      0.0054712797121703625,
      0.005377831958681345,
      0.005301108796745539,
      0.0052346249483525755,
      0.00518028298124671,
      0.005114807020872831,
      0.005058096525073052,
      0.005014764741808176,
      0.004970186617523431,
      0.004927917474061251,
      0.004891900459080934,
      0.004847016145884991,
      0.004818797960579395,
      0.00478044866502285,
      0.0047484656374156475,
      0.004728011711537838,
      0.0047010245811939235,
      0.004674176094084978,
      0.004644033807069063,
      0.004620434161573648,
      0.004595579875260591,
      0.004586330447494983,
      0.004556020277142525,
      0.004534149370342493,
      0.004520699910521508,
      0.004497245370000601,
      0.004483894870430231,
      0.004462132271677256,
      0.004454849202632904,
      0.004431301609575749,
      0.004417360936254263,
      0.0044000858427584175,
      0.004388435884714126,
      0.004373277128040791,
      0.004352526355236769,
      0.00435046623557806,
      0.004334390941113234,
      0.004326702900826931,
      0.004304599091559649,
      0.004299480446428061,
      0.0042908600696921345,
      0.004279152016341686,
      0.0042621994560956954,
      0.004249057496935129,
      0.004243712382316589,
      0.004231557806581259,
      0.004223784288465976,
      0.004210200990438461,
      0.0042037333264946936,
      0.004196635701656341,
      0.004182156257480383,
      0.00417536637172103,
      0.0041678510709106924,
      0.00415401875346899,
      0.004149862787425518,
      0.004146981962174177,
      0.004134142524003983,
      0.004125715807527304,
      0.004113521403521299,
      0.004107926506698132,
      0.004101460673362017,
      0.004089494785666466,
      0.0040848036788403985,
      0.004079868916273117,
      0.004070619576424361,
      0.004065287388861179,
      0.004053674748539925,
      0.004050229838192463,
      0.004042206206321716,
      0.004038985179066658,
      0.004033792924582958,
      0.004018926846683026,
      0.004017903161942959,
      0.004008951894938946,
      0.004005982240438462,
      0.004005553473681212,
      0.003996804819554091,
      0.003986002897620201,
      0.003981765434294939,
      0.003972023975253106,
      0.003970810365751386,
      0.003965645510256291,
      0.003964511670470238,
      0.003953535161614418,
      0.003954391507804394,
      0.003944393301010132,
      0.003935631775259972,
      0.003933919973671436,
      0.003929116767346859,
      0.003928334751576185,
      0.003921491300910711,
      0.003912640023529529,
      0.003911223981678486,
      0.003906618149280548,
      0.00390183277875185,
      0.0038989451852440835,
      0.003891100775003433,
      0.0038917487935721876,
      0.003883164240270853,
      0.003878685104101896,
      0.0038735143844783305,
      0.003873837511688471,
      0.003868695148974657,
      0.003864699727296829,
      0.003864001661390066,
      0.003852403158247471,
      0.0038514462351799013,
      0.00384526380777359,
      0.0038475099517405035,
      0.0038415780283510685,
      0.0038369791485369205,
      0.003835467153787613,
      0.003823253812044859,
      0.0038314386807382105,
      0.003814434704184532,
      0.0038189156512916087,
      0.0038108426804840563,
      0.0038139477892220022,
      0.003802572825402021,
      0.0038027337881922723,
      0.0038022298616170883,
      0.0037957355228066445,
      0.0037968145298957826,
      0.003787878815531731,
      0.0037882523988187313,
      0.0037848533748090266,
      0.0037838611437380314,
      0.0037794749884307384,
      0.003773011875897646,
      0.003766930162459612,
      0.0037673578643798826,
      0.0037634382413327693,
      0.003760979868620634,
      0.0037677641597390174,
      0.003753614879399538,
      0.003758622880578041,
      0.0037520073778927326,
      0.003749147949665785,
      0.0037446910555660727,
      0.003745046837776899,
      0.0037369316336512567,
      0.0037365614871680735,
      0.0037373404406011103,
      0.003731670168042183,
      0.0037309177930653094,
      0.003729642733037472,
      0.0037241076570749283,
      0.0037225851108133793,
      0.0037165004317462444,
      0.003715730121433735,
      0.0037127086339890955,
      0.0037093496032059195,
      0.003711620718240738,
      0.003708658438324928,
      0.0037016317735612393,
      0.003706604050248861,
      0.0037008494675159456,
      0.0036940166629850866,
      0.0036970185531675815,
      0.003696292231976986,
      0.00369144010797143,
      0.003690895387083292,
      0.0036851353800296783,
      0.0036862273205816747,
      0.0036858909836411475,
      0.003684473208412528,
      0.0036809677264094355,
      0.0036852600875496863,
      0.0036780036999285223,
      0.003674739927351475,
      0.003675535886734724,
      0.003672840356081724,
      0.0036717864003777503,
      0.0036693333211541175,
      0.0036651479294896126,
      0.0036623929184675216,
      0.0036576588821411135,
      0.0036616986544430255,
      0.003664528128951788,
      0.0036632318934798243,
      0.003658838023394346,
      0.003658079207241535,
      0.003659861001521349,
      0.0036576560635864733,
      0.0036542356181144715,
      0.0036497136832773685,
      0.0036501429972052575,
      0.0036503461784124372
    ],
    "eval_losses": [
      0.006582006980478764,
      0.005531416112184525,
      0.005091621615737676,
      0.004914527317136526,
      0.004717004145681858,
      0.004589615901559591,
      0.004522235149890185,
      0.0044287124492228035,
      0.0043958703249692916,
      0.004344335306435823,
      0.004292578428983688,
      0.004248266208171845,
      0.004233185490220785,
      0.004187401018291712,
      0.004156196863204241,
      0.004127375361323357,
      0.004119177229702473,
      0.004081390319764614,
      0.004063278886675834,
      0.0040522346079349516,
      0.004041080096364022,
      0.004021757753193378,
      0.0040050764463841915,
      0.0039881650865077976,
      0.003967046758532524,
      0.003961804229021072,
      0.003962308785319328,
      0.003964130603522062,
      0.0039329137831926346,
      0.003922909750044346,
      0.0039161220446228984,
      0.003898118098080158,
      0.00389572342261672,
      0.003896582968533039,
      0.0038940173983573914,
      0.003899393182992935,
      0.0038791847199201586,
      0.0038793633960187437,
      0.0038760577872395514,
      0.0038777557604014875
    ],