{
  "args": {
    "device": "cuda:0",
    "exp_home": "./results",
    "ds_name": "mnist",
    "mode": "denoising",
    "noise_std": 0.25,
    "down_scale": 2.0,
    "model_type": "conventional",
    "latent_dim": 784,
    "hidden_dims": [
      785,
      785
    ],
    "wo_Win": true,
    "fix_Win": false,
    "I_Win": false,
    "wo_Wout": true,
    "batch_size": 128,
    "epochs": 30,
    "lr": 0.005,
    "use_augmentation": false,
    "aug_num": 2,
    "run_id": 5,
    "seed": 42
  },
  "training_logs": {
    "train_losses": [
      0.016522796044051647,
      0.013315481378734112,
      0.014422457508444786,
      0.01515950925052166,
      0.015681520550251005,
      0.01616834477543831,
      0.01643920059621334,
      0.01659826430439949,
      0.016708054578900337,
      0.016754357005357743,
      0.016739337569475175,
      0.016735648462772368,
      0.016661715778112412,
      0.016529947713017464,
      0.016406102225780487,
      0.016313705308437346,
      0.01614689316779375,
      0.016004177088737487,
      0.015867251794934274,
      0.015755152047872544,
      0.015597272787690162,
      0.015417876963615417,
      0.015280688269138335,
      0.015169153249263764,
      0.015011040080785751,
      0.014859066154360771,
      0.014734767355322838,
      0.014613927480578423,
      0.014503454982042313,
      0.014412379263043404
    ],
    "eval_losses": [
      0.01590263787508011,
      0.0166995817810297,
      0.016116932985186575,
      0.015572157573699952,
      0.014866787379980087,
      0.014317280948162078
    ],
    "psnr": [
      17.987201071166993,
      17.774640197753907,
      17.9291152923584,
      18.078189932250975,
      18.27960827331543,
      18.443270223999022
    ],
    "ssim": [
      0.8809896632194519,
      0.8801637401580811,
      0.8848849924087524,
      0.8886510336875916,
      0.8936790318489075,
      0.8965304224967957
    ],
    "best_epoch": 30,
    "best_step": null,
    "best_eval_loss": 0.014317280948162078
  },
  "test_results": {
    "test_loss": 0.014186812029778957,
    "test_psnr": 18.486219329833986,
    "test_ssim": 0.8976785808563232
  }
}