{
  "args": {
    "device": "cuda:9",
    "exp_home": "./results",
    "ds_name": "mnist",
    "mode": "generative_classification",
    "noise_std": 0.25,
    "down_scale": 2.0,
    "model_type": "conventional",
    "latent_dim": 784,
    "hidden_dims": [
      905
    ],
    "wo_Win": true,
    "fix_Win": false,
    "I_Win": false,
    "wo_Wout": true,
    "batch_size": 128,
    "epochs": 50,
    "lr": 0.0001,
    "use_augmentation": false,
    "aug_num": 2,
    "run_id": 3,
    "seed": 42
  },
  "training_logs": {
    "train_losses": [
      0.04801365131497383,
      0.015109667043685913,
      0.01202004807949066,
      0.010380624702572823,
      0.009267116104066372,
      0.008479252519011498,
      0.0078284558904171,
      0.007300744342654943,
      0.006897379088103771,
      0.00650372285887599,
      0.0061973844975233075,
      0.005934783764481545,
      0.005698670262247324,
      0.005493474088311195,
      0.005296710825264454,
      0.005120479266196489,
      0.0049974272482097145,
      0.004832377218604088,
      0.004712610372379422,
      0.004605604600310326,
      0.004496120625883341,
      0.004407078456580639,
      0.004293035061657429,
      0.004213795481026172,
      0.00415949555426836,
      0.004060455200150609,
      0.004012145536914468,
      0.003950635759010911,
      0.00388012323692441,
      0.00382479026414454,
      0.003764664430320263,
      0.0037169063667207955,
      0.003678231450766325,
      0.0036117045633494854,
      0.0036019968666136265,
      0.003576540417894721,
      0.003516523042023182,
      0.003507310858294368,
      0.003476705232337117,
      0.003440405352115631,
      0.0034145653753727676,
      0.003380077544301748,
      0.003363245493173599,
      0.0033603992466256023,
      0.003340351021513343,
      0.0033283724653720855,
      0.0033137763790041207,
      0.0033191660134494305,
      0.003284241420030594,
      0.0032808764155209066
    ],
    "eval_losses": [
      0.009149209488928318,
      0.007238584481179714,
      0.0064421392567455766,
      0.005984180840849876,
      0.005825650680065155,
      0.0056570018775761125,
      0.005535586267709732,
      0.005386134349554777,
      0.00537831157296896,
      0.005379693690687418
    ],
    "psnr": [
      20.462585906982422,
      21.50033419494629,
      22.022248461914064,
      22.353526858520507,
      22.46800788269043,
      22.59815720214844,
      22.68931459655762,
      22.81913578186035,
      22.823342904663086,
      22.819533349609376
    ],
    "ssim": [
      0.8358786379814148,
      0.8851141129493714,
      0.9058555834770202,
      0.9121744924545289,
      0.9168529894828796,
      0.9209201644897461,
      0.9221993379592895,
      0.9241224520683289,
      0.9243406183242798,
      0.9245214752197266
    ],
    "best_epoch": 45,
    "best_step": null,
    "best_eval_loss": 0.00537831157296896
  },
  "test_results": {
    "test_loss": 0.005334131254628301,
    "test_psnr": 23.301987716674805,
    "test_ssim": 0.9260891878128051
  }
}