{
  "args": {
    "device": "cuda:8",
    "exp_home": "./results",
    "ds_name": "mnist",
    "mode": "denoising",
    "noise_std": 0.25,
    "down_scale": 2.0,
    "model_type": "hourglass",
    "latent_dim": 785,
    "hidden_dims": [
      115,
      115,
      115,
      115
    ],
    "wo_Win": false,
    "fix_Win": true,
    "I_Win": false,
    "wo_Wout": false,
    "batch_size": 128,
    "epochs": 30,
    "lr": 0.01,
    "use_augmentation": false,
    "aug_num": 2,
    "run_id": 1,
    "seed": 42
  },
  "training_logs": {
    "train_losses": [
      0.11393096183776856,
      0.11362079219341278,
      0.11362079221248626,
      0.11362076684236526,
      0.11362079184532166,
      0.1157540779876709,
      0.11602652081251144,
      0.11602652069807053,
      0.1160265207529068,
      0.1160265210556984,
      0.11602652053594589,
      0.11602652066230774,
      0.11602652079105377,
      0.11602652023792266,
      0.11602652069091797,
      0.11602652052164078,
      0.1160265208029747,
      0.11602652090787888,
      0.11602652040243149,
      0.11602652075767517,
      0.11602652046442032,
      0.11602652038574218,
      0.11602652026176452,
      0.11602652084589005,
      0.11602652005434036,
      0.11602652037858963,
      0.1160265202498436,
      0.11602652052164078,
      0.11602652071475983,
      0.1160265206336975
    ],
    "eval_losses": [
      0.11266180979013443,
      0.11506431403160096,
      0.11506431403160096,
      0.11506431403160096,
      0.11506431403160096,
      0.11506431403160096
    ],
    "psnr": [
      9.484580320739745,
      9.392684094238282,
      9.392684094238282,
      9.392684094238282,
      9.392684094238282,
      9.392684094238282
    ],
    "ssim": [
      0.4230688941001892,
      0.40283225598335265,
      0.40283225598335265,
      0.40283225598335265,
      0.40283225598335265,
      0.40283225598335265
    ],
    "best_epoch": 5,
    "best_step": null,
    "best_eval_loss": 0.11266180979013443
  },
  "test_results": {
    "test_loss": 0.11482063400745392,
    "test_psnr": 9.426585598754883,
    "test_ssim": 0.4218073703765869
  }
}