{
  "args": {
    "device": "cuda:8",
    "exp_home": "./results",
    "ds_name": "mnist",
    "mode": "denoising",
    "noise_std": 0.25,
    "down_scale": 2.0,
    "model_type": "conventional",
    "latent_dim": 784,
    "hidden_dims": [
      785,
      785,
      785,
      785,
      785
    ],
    "wo_Win": false,
    "fix_Win": false,
    "I_Win": false,
    "wo_Wout": false,
    "batch_size": 128,
    "epochs": 30,
    "lr": 0.0005,
    "use_augmentation": false,
    "aug_num": 2,
    "run_id": 2,
    "seed": 42
  },
  "training_logs": {
    "train_losses": [
      0.01861746313840151,
      0.007882009589523077,
      0.006629344062656164,
      0.006153330293148756,
      0.005828826611787081,
      0.005560988050997257,
      0.005378125015795231,
      0.005213922363072634,
      0.005093600362986326,
      0.004975079764723778,
      0.004870970026254654,
      0.004761401740908623,
      0.004672448754757643,
      0.00462526525631547,
      0.004535381160080433,
      0.00444553006708622,
      0.004372202173620462,
      0.004313794892579317,
      0.0042445880590379235,
      0.004188183919042349,
      0.004115779192149639,
      0.0040578734017908576,
      0.0040060641787946225,
      0.003946177391856908,
      0.003879156029969454,
      0.0038320129827409985,
      0.0037777987365424635,
      0.003725689564049244,
      0.003672351966574788,
      0.0036291545768082144
    ],
    "eval_losses": [
      0.005636068054288626,
      0.0049684209063649174,
      0.004622534788399935,
      0.004290458410233259,
      0.004065142188966274,
      0.0038542719163000582
    ],
    "psnr": [
      22.49274596862793,
      23.040401794433595,
      23.353473623657226,
      23.676788653564454,
      23.911242337036132,
      24.142854135131834
    ],
    "ssim": [
      0.8988222617149353,
      0.9100059423446655,
      0.9237842805862426,
      0.9294501594543457,
      0.933697149848938,
      0.9396698785781861
    ],
    "best_epoch": 30,
    "best_step": null,
    "best_eval_loss": 0.0038542719163000582
  },
  "test_results": {
    "test_loss": 0.003830180310085416,
    "test_psnr": 24.17669346008301,
    "test_ssim": 0.9410974636077881
  }
}