{
  "args": {
    "device": "cuda:9",
    "exp_home": "./results",
    "ds_name": "mnist",
    "mode": "generative_classification",
    "noise_std": 0.25,
    "down_scale": 2.0,
    "model_type": "conventional",
    "latent_dim": 784,
    "hidden_dims": [
      1150,
      1150,
      1150,
      1150,
      1150,
      1150
    ],
    "wo_Win": false,
    "fix_Win": false,
    "I_Win": true,
    "batch_size": 128,
    "epochs": 200,
    "lr": 0.0005,
    "use_augmentation": true,
    "aug_num": 4,
    "run_id": 3,
    "seed": 42
  },
  "training_logs": {
    "train_losses": [
      0.01269698879480362,
      0.007154809969514608,
      0.005996792129874229,
      0.005123760026469827,
      0.004463511995598674,
      0.003944315433129668,
      0.0035061676419898867,
      0.0032026279585808514,
      0.0028903472035750745,
      0.0027513520785048605,
      0.0025284242399036885,
      0.0023544620307348668,
      0.0022099765091761945,
      0.0020635896950773895,
      0.001991616741437465,
      0.0018668698177859188,
      0.001757375688124448,
      0.0017398167055658997,
      0.0015970657848753036,
      0.0015687607938982546,
      0.0014546438716351985,
      0.0014495912950113416,
      0.0014323185984417796,
      0.0012767659695260226,
      0.0013358995773270726,
      0.0012694291817117482,
      0.001179489855878055,
      0.0011659138633683323,
      0.0011752620019949973,
      0.001133362101437524,
      0.0010669881167262793,
      0.001099581672810018,
      0.001038465689988807,
      0.0009711917048320174,
      0.0010707339018117636,
      0.0009094459755625575,
      0.00096774119627662,
      0.00090775949687697,
      0.0009340483606234193,
      0.0008359903928264976,
      0.0008721397500112653,
      0.0008756494620162994,
      0.0007772530010342598,
      0.0008436901550274343,
      0.0008356577851250768,
      0.0007516006129980087,
      0.0007846189137920737,
      0.0007352440272597596,
      0.0007356651821080596,
      0.0007107233269326389,
      0.0007107466377690435,
      0.0007150860186759383,
      0.0006887190427444875,
      0.0006681555588822812,
      0.0006565574516169727,
      0.0006410238005872816,
      0.0006418506312556565,
      0.0006285504741314798,
      0.0006236709985043854,
      0.000589916557688266,
      0.0006131128570437431,
      0.0005847724606702104,
      0.0005544059004541486,
      0.0005708666566992179,
      0.0005610862687183545,
      0.0005222548185475171,
      0.000559484959426336,
      0.0005165426198206842,
      0.0005135773746063933,
      0.000462797428057529,
      0.0005161796418158337,
      0.0004558462046412751,
      0.0004916677697887644,
      0.00046691859852988275,
      0.00044548634679056706,
      0.00043089242124464365,
      0.0004196463834447786,
      0.00047546286846976725,
      0.0004196997429663315,
      0.00042581526330206544,
      0.00043451770887710154,
      0.0003599468636745587,
      0.000391804559151642,
      0.0004026917201047763,
      0.00034620443626306953,
      0.0004028983989963308,
      0.0003778707690862939,
      0.0003536408978397958,
      0.00038282941825687884,
      0.00036794491754379126,
      0.00031347941099200396,
      0.0003498159474693239,
      0.00033517046028748156,
      0.0003075716643407941,
      0.00028650136454496533,
      0.00034430391159374267,
      0.00030410077647073197,
      0.0003105653656739742,
      0.0002963706489652395,
      0.00028687821083236487,
      0.00028554360108915715,
      0.00029829678430221977,
      0.00024867814326426016,
      0.00030478011849569155,
      0.00024635395724792035,
      0.00023848526320420206,
      0.00025235355264740064,
      0.00024805413876660166,
      0.00024285795531934126,
      0.00021966271323617547,
      0.00022741950986674054,
      0.00022289824907900766,
      0.00021929235371761024,
      0.00019546893561491743,
      0.0002109047759999521,
      0.00021842284739948808,
      0.00019695661906851455,
      0.00020703037454746664,
      0.0001908249447727576,
      0.00017928171611158178,
      0.00021193562689004466,
      0.00017405585597734898,
      0.0001795267332904041,
      0.0001781357436790131,
      0.00015667327479925006,
      0.00017289450525538995,
      0.0001638912823307328,
      0.0001399495873937849,
      0.00015266840089811013,
      0.00014230905086966232,
      0.00015277484011021444,
      0.00014818903453880922,
      0.00014002258764579892,
      0.00013709558559814468,
      0.00013440034251078033,
      0.00013134861039579846,
      0.00012944503775332123,
      0.00013051775226602332,
      0.00011779453287483192,
      0.00011125488449586555,
      9.906860860995949e-05,
      0.00010243218870600686,
      0.00010063091314863413,
      0.00010053800581255927,
      9.556208125781268e-05,
      9.782692161388695e-05,
      9.697084084502421e-05,
      6.032012109295465e-05,
      8.919886963092721e-05,
      8.303757419926115e-05,
      8.001714856596663e-05,
      7.14913357165642e-05,
      6.77394476288464e-05,
      7.857879341463558e-05,
      8.369877255812753e-05,
      6.003720264765434e-05,
      6.58768586628139e-05,
      5.5445018981699833e-05,
      6.028532822150737e-05,
      5.847817443194799e-05,
      4.786774909764063e-05,
      5.217835177667439e-05,
      5.57057934824843e-05,
      4.847741684876382e-05,
      3.4070640432764774e-05,
      3.994693163782358e-05,
      4.2060510477167556e-05,
      3.372217855649069e-05,
      3.161288653616794e-05,
      3.1903678373200816e-05,
      3.2486355708097106e-05,
      3.7820213543018324e-05,
      2.410589587467257e-05,
      2.3589933657785878e-05,
      2.3215022933727597e-05,
      2.610655515221879e-05,
      2.6364654372446238e-05,
      2.573908313352149e-05,
      2.244332763773855e-05,
      1.9725338041898796e-05,
      1.7220378625788726e-05,
      1.670127244957257e-05,
      1.6505092356528623e-05,
      1.675988367118407e-05,
      1.3869283343083226e-05,
      1.4224743536615278e-05,
      1.2961291009851265e-05,
      1.2385564517462626e-05,
      1.0807294637488667e-05,
      1.0319082190690096e-05,
      1.0702646525169257e-05,
      9.957485920458566e-06,
      9.178593405522407e-06,
      9.538780584698544e-06,
      9.126747222617269e-06,
      9.152577484492212e-06,
      8.154441911610775e-06,
      7.929118638276122e-06,
      7.880120133922901e-06,
      7.756138228287455e-06
    ],
    "eval_losses": [
      0.004600747425574809,
      0.004059821765869856,
      0.0033043192643206565,
      0.003531924207787961,
      0.0030709991150535644,
      0.002984944473952055,
      0.0029598225584253667,
      0.002651421456458047,
      0.002619757378660142,
      0.0026884978303685783,
      0.0027760076777543874,
      0.002854660944454372,
      0.0028276188185904173,
      0.002556704766722396,
      0.002514903659024276,
      0.002869907522620633,
      0.0025995137304998936,
      0.0025974978482117875,
      0.0027593119302764535,
      0.002420049268286675,
      0.002227854635170661,
      0.002523711335286498,
      0.0028625843297690155,
      0.002528127159457654,
      0.002371983236662345,
      0.002367483953619376,
      0.0023543650196457748,
      0.002366328777419403,
      0.0022804289671825243,
      0.002332648477749899,
      0.0021565981980762442,
      0.0022933801302220673,
      0.002302552176680183,
      0.0021951379764184823,
      0.0020852006705099485,
      0.002120874873979483,
      0.002061544865636097,
      0.002116465121145302,
      0.002121295130523504,
      0.0020811081481660948
    ],