{
  "args": {
    "device": "cuda:9",
    "exp_home": "./results",
    "ds_name": "mnist",
    "mode": "generative_classification",
    "noise_std": 0.25,
    "down_scale": 2.0,
    "model_type": "conventional",
    "latent_dim": 784,
    "hidden_dims": [
      1150
    ],
    "wo_Win": false,
    "fix_Win": true,
    "I_Win": true,
    "batch_size": 128,
    "epochs": 50,
    "lr": 0.0005,
    "use_augmentation": false,
    "aug_num": 2,
    "run_id": 2,
    "seed": 42
  },
  "training_logs": {
    "train_losses": [
      0.019542868722379206,
      0.007181942754387855,
      0.005634107337892056,
      0.004793071439489722,
      0.004219703595042229,
      0.0037722317779064177,
      0.0034260287572443486,
      0.0031864018961787225,
      0.0029477340185642244,
      0.0026908937419205903,
      0.002512269047871232,
      0.0023699125768989323,
      0.0022243478327989576,
      0.002106012774258852,
      0.001999742347896099,
      0.0018891960364580155,
      0.0017974501062184571,
      0.0017301724787056447,
      0.0016472977206110954,
      0.0016080441105738282,
      0.0015181802298873664,
      0.0014549502569064499,
      0.0014285377432405948,
      0.0013908828480169177,
      0.0013598837278783321,
      0.0012891090232878923,
      0.0012604399279877543,
      0.0012297599479183555,
      0.0011889434712007642,
      0.001148213023506105,
      0.0011162484797090293,
      0.0010817308230698108,
      0.0010531875396892429,
      0.001021715072952211,
      0.0010123315439373255,
      0.000977659571170807,
      0.0009555938531644642,
      0.0009235704069025815,
      0.0009143342416919768,
      0.000880625167246908,
      0.0008580491061508656,
      0.0008417749094031752,
      0.0008215336334705353,
      0.0008019850920885801,
      0.0007812957230210304,
      0.000770082593113184,
      0.0007491569748707116,
      0.0007288330607675016,
      0.0007137076437473297,
      0.0006993402867391705
    ],
    "eval_losses": [
      0.006348179096728563,
      0.005568896522372961,
      0.005262847620993853,
      0.005032552170008421,
      0.004815898697078228,
      0.004677517103403806,
      0.004570802649110556,
      0.004537718502432108,
      0.004617931662499904,
      0.004461836126446724
    ],
    "psnr": [
      22.08385919494629,
      22.660865322875978,
      22.89930867919922,
      23.11112057800293,
      23.300872518920897,
      23.466794454956055,
      23.55541488647461,
      23.605393701171874,
      23.51488274230957,
      23.679993298339845
    ],
    "best_epoch": 50,
    "best_step": null,
    "best_eval_loss": 0.004461836126446724
  },
  "test_results": {
    "test_loss": 0.004433249702863395,
    "test_psnr": 24.15248135986328
  }
}