{
  "args": {
    "device": "cuda:7",
    "exp_home": "./results",
    "ds_name": "mnist",
    "mode": "denoising",
    "noise_std": 0.25,
    "down_scale": 2.0,
    "model_type": "conventional",
    "latent_dim": 784,
    "hidden_dims": [
      1470,
      1470,
      1470,
      1470,
      1470
    ],
    "wo_Win": false,
    "fix_Win": false,
    "I_Win": false,
    "wo_Wout": false,
    "batch_size": 128,
    "epochs": 30,
    "lr": 0.0001,
    "use_augmentation": false,
    "aug_num": 2,
    "run_id": 3,
    "seed": 42
  },
  "training_logs": {
    "train_losses": [
      0.024243149335980416,
      0.009309706435203553,
      0.007478214789181948,
      0.006651366716176272,
      0.006140830870270729,
      0.005802190909832716,
      0.005545044805854559,
      0.005368295404016971,
      0.0051898238483071325,
      0.005068911410868168,
      0.004961429487913847,
      0.004851244852691889,
      0.004746057611703873,
      0.004692123837918043,
      0.0046191614936292175,
      0.004558746747523546,
      0.00450186636403203,
      0.0044498568965494634,
      0.0044020902587473395,
      0.004344940594434738,
      0.004304551682472229,
      0.004274507065564394,
      0.00423179614841938,
      0.004206720213145018,
      0.004164980254769325,
      0.004134274932444095,
      0.004105340257585049,
      0.0040848789758980274,
      0.004060295001119376,
      0.004043885806202889
    ],
    "eval_losses": [
      0.005845698330551386,
      0.0050287528693676,
      0.0046221500538289545,
      0.004428897625952959,
      0.004272474201023579,
      0.004173186143487692
    ],
    "psnr": [
      22.33459360046387,
      22.98822437438965,
      23.354260763549803,
      23.53966705932617,
      23.69568522644043,
      23.797691333007812
    ],
    "ssim": [
      0.8888937300682068,
      0.9106944036483765,
      0.9164514217376709,
      0.9221147824287415,
      0.9288258052825927,
      0.932198374080658
    ],
    "best_epoch": 30,
    "best_step": null,
    "best_eval_loss": 0.004173186143487692
  },
  "test_results": {
    "test_loss": 0.0041415747981518505,
    "test_psnr": 23.839159017944336,
    "test_ssim": 0.9337857614517212
  }
}