{
  "args": {
    "device": "cuda:9",
    "exp_home": "./results",
    "ds_name": "mnist",
    "mode": "denoising",
    "noise_std": 0.25,
    "down_scale": 2.0,
    "model_type": "conventional",
    "latent_dim": 784,
    "hidden_dims": [
      1150
    ],
    "wo_Win": true,
    "fix_Win": false,
    "I_Win": false,
    "batch_size": 128,
    "epochs": 100,
    "lr": 0.001,
    "use_augmentation": true,
    "aug_num": 2,
    "run_id": 1,
    "seed": 42
  },
  "training_logs": {
    "train_losses": [
      0.013647158623337746,
      0.006515999273061753,
      0.006142246112078429,
      0.0059372120541334155,
      0.005785183671712876,
      0.0057015044082701204,
      0.005604921427667141,
      0.00552814849331975,
      0.005449524505138397,
      0.005393219230920077,
      0.0053217018549144264,
      0.005268220546394586,
      0.005224149078130722,
      0.00516668444648385,
      0.005135248745977879,
      0.005098349133878946,
      0.005065354932546616,
      0.005031879664212465,
      0.005006806334555149,
      0.004968698333948851,
      0.004930278417468071,
      0.00491919964119792,
      0.004894178524911403,
      0.004856625758111477,
      0.004841034456044436,
      0.004814036826193332,
      0.004784525982588529,
      0.004770509831905365,
      0.004742907058745622,
      0.004729383081495762,
      0.0047039675061404706,
      0.004696099991500378,
      0.004671034735143184,
      0.0046533072546124455,
      0.0046252590818703174,
      0.004614362740069627,
      0.004593114064633847,
      0.004568330855667591,
      0.0045569846355915065,
      0.004532755731493234,
      0.004524061752408743,
      0.004500169422477484,
      0.004485251354277134,
      0.004468461948335171,
      0.004452099621295929,
      0.004438171090334654,
      0.004415658684968948,
      0.004406265105456114,
      0.004389396304190159,
      0.00437365831270814,
      0.004361409330517054,
      0.0043402017223834995,
      0.004333756105899811,
      0.004317897160202265,
      0.0043040681901574136,
      0.004273561309129,
      0.0042710159674286844,
      0.004252577808350325,
      0.004247244401276112,
      0.004221962193846703,
      0.004217513164430857,
      0.004200224964171648,
      0.004179378954768181,
      0.004173759096562863,
      0.0041549328981339935,
      0.004135158181637525,
      0.0041276167258620265,
      0.004115774483829737,
      0.004098961949646473,
      0.004083837081193924,
      0.0040674744175374505,
      0.004051624828875065,
      0.004043475207835436,
      0.004023799621760845,
      0.004010383515506983,
      0.003999706875532865,
      0.0039863828131556514,
      0.003968607682138681,
      0.0039549851267039774,
      0.003945319820046425,
      0.00393391447737813,
      0.0039168250361084934,
      0.003905921626538038,
      0.0038803811551630495,
      0.0038715404953062536,
      0.0038581121118366718,
      0.0038504399514198303,
      0.003842013211250305,
      0.003825029217749834,
      0.0038066626080870626,
      0.0037933186906576157,
      0.003777647253125906,
      0.0037682691372185944,
      0.003754300260096788,
      0.0037498471193015575,
      0.00372606993407011,
      0.003722919009625912,
      0.003707456020414829,
      0.0036941172052919863,
      0.003685609362721443
    ],
    "eval_losses": [
      0.0055662586636841295,
      0.005139642685651779,
      0.004893985848873854,
      0.004843704715371132,
      0.004678928462415933,
      0.004539849508553744,
      0.004439068474620581,
      0.00432150951847434,
      0.004276074187457561,
      0.004195820407569408,
      0.004144352911412716,
      0.004077948845922947,
      0.004029770565778017,
      0.0039218557305634024,
      0.0038612122915685177,
      0.0038190611854195594,
      0.003771283956617117,
      0.003712093944102526,
      0.00366508983746171,
      0.0036347093425691127
    ],
    "psnr": [
      22.54621176452637,
      22.89234786682129,
      23.10527878417969,
      23.149907913208008,
      23.300857470703125,
      23.431373254394533,
      23.529138916015626,
      23.645406561279298,
      23.691108322143556,
      23.773938088989258,
      23.827114517211914,
      23.897742501831054,
      23.94953037109375,
      24.067220529174804,
      24.134212881469725,
      24.182245440673828,
      24.23686831665039,
      24.305529095458983,
      24.36113882141113,
      24.39706140136719
    ],
    "ssim": [
      0.8874121377944947,
      0.9217581503868103,
      0.9265807535171509,
      0.9270238298416138,
      0.9277555419921875,
      0.9335505903244019,
      0.9345374623298645,
      0.9378881484985352,
      0.9386150670051575,
      0.9379238181114197,
      0.9425316009521484,
      0.9385465204238892,
      0.938130635547638,
      0.9430720885276794,
      0.9438292544364929,
      0.9450398057937622,
      0.9448960639953613,
      0.9466087875366211,
      0.9477101531982421,
      0.9472557929992675
    ],
    "best_epoch": 100,
    "best_step": null,
    "best_eval_loss": 0.0036347093425691127
  },
  "test_results": {
    "test_loss": 0.0036135012954473496,
    "test_psnr": 24.42822026977539,
    "test_ssim": 0.9483641557693482
  }
}