{
  "args": {
    "device": "cuda:3",
    "exp_home": "./results",
    "ds_name": "mnist",
    "mode": "generative_classification",
    "noise_std": 0.25,
    "down_scale": 2.0,
    "model_type": "conventional",
    "latent_dim": 784,
    "hidden_dims": [
      1150,
      1150,
      1150,
      1150
    ],
    "wo_Win": false,
    "fix_Win": true,
    "I_Win": false,
    "batch_size": 128,
    "epochs": 200,
    "lr": 0.0001,
    "use_augmentation": true,
    "aug_num": 2,
    "run_id": 4,
    "seed": 42
  },
  "training_logs": {
    "train_losses": [
      0.013783483735918999,
      0.004107333172261715,
      0.002939230048507452,
      0.0023471455972641705,
      0.0020096564565598965,
      0.0017876352239772678,
      0.0015997032035700977,
      0.0014377355988696217,
      0.0013379599210061133,
      0.0011939995713345706,
      0.001082212662715465,
      0.0010539882585778833,
      0.0009936278540547936,
      0.0010421186073403805,
      0.000832867473186925,
      0.0008370417129108682,
      0.0007362664641439914,
      0.000760503457924351,
      0.000737542347945273,
      0.0006500367242190986,
      0.0006526899867411702,
      0.0006165944690490142,
      0.0006052302054595202,
      0.0005831690242234617,
      0.0005134402646124363,
      0.0005227472548279911,
      0.0005162165691703558,
      0.0004532766061834991,
      0.0004965236399043352,
      0.00042116293617058543,
      0.000449875542758964,
      0.0003974554331973195,
      0.0004306935611506924,
      0.00038967148753115907,
      0.0004246522866468877,
      0.0003486516290274449,
      0.00038071040207054464,
      0.00036077633070759476,
      0.0003279149390966631,
      0.00037551801474299283,
      0.0002917046038596891,
      0.0003226305165793747,
      0.0002941766735119745,
      0.00026129583910573274,
      0.00035851306083146484,
      0.00024681202430045234,
      0.0002538535258406773,
      0.00028408888897392897,
      0.0002854245155840181,
      0.0001775606985297054,
      0.0002550318844616413,
      0.00022339791543548926,
      0.00023370730889961123,
      0.0002163518384564668,
      0.00024288991495268419,
      0.00020357572528766467,
      0.00021296396583784372,
      0.0002156257866648957,
      0.00020339106257772073,
      0.00021870532473316416,
      0.00018951150679262356,
      0.0001859503558417782,
      0.00020865355394314976,
      0.00013568400526186452,
      0.0001919303933973424,
      0.00018103895213454963,
      0.00017127286593546158,
      0.00011323055032640696,
      0.00022046678918180988,
      0.0001833037315425463,
      0.0001444007526151836,
      0.00020417396523058414,
      0.0001487222431076225,
      0.00013340542648453265,
      0.00016705081061692907,
      0.00012266579217975958,
      0.0001303219861490652,
      0.00013647120612906292,
      0.00014322329425718635,
      0.00013533604085911064,
      0.00010782084247795865,
      0.0001094175302842632,
      0.00011850181118119509,
      0.00012851233256398702,
      0.00013545627523679286,
      0.00011215966628864407,
      0.00010166299206321127,
      0.00014903098711161874,
      9.864656538586133e-05,
      0.00011717797494027763,
      0.00012226985516608691,
      9.553344672720413e-05,
      7.97299004427623e-05,
      9.896127445972524e-05,
      0.00011126717343460769,
      9.355372398509645e-05,
      8.278764903545379e-05,
      0.00011603233773959801,
      9.641863341676072e-05,
      6.871127512888052e-05,
      7.089362555416301e-05,
      0.0001015524487674702,
      7.886772169091273e-05,
      6.966634258627892e-05,
      0.0001131152428931091,
      7.852601473918185e-05,
      6.885251624393277e-05,
      9.773893633158878e-05,
      6.574674336239695e-05,
      8.297065536025912e-05,
      7.689256024779752e-05,
      7.638354980153963e-05,
      6.988532729214057e-05,
      7.329858889512251e-05,
      6.368791984976269e-05,
      6.293232203635853e-05,
      5.663346326677129e-05,
      6.014557274873368e-05,
      5.6739768033148723e-05,
      4.8042099214508196e-05,
      7.11236917716451e-05,
      5.3432191084721125e-05,
      4.938681036990602e-05,
      5.6794932512566445e-05,
      5.025467796891462e-05,
      4.371092000976205e-05,
      5.262443517916836e-05,
      4.294312750978861e-05,
      4.308256360644009e-05,
      4.298903129529208e-05,
      5.2195571447373366e-05,
      4.828491293126717e-05,
      3.4613621901371514e-05,
      4.311312082863879e-05,
      4.474385107925627e-05,
      3.918446605210192e-05,
      3.0188907354022378e-05,
      4.0038829690893184e-05,
      4.484225230262382e-05,
      4.064149163139519e-05,
      4.2182743216399106e-05,
      3.1226568111451344e-05,
      3.239733476541005e-05,
      4.032815927290358e-05,
      3.679477330413647e-05,
      3.949800842266996e-05,
      2.264835324109299e-05,
      4.3941314769617745e-05,
      3.274431779922452e-05,
      2.243616400344763e-05,
      2.525331150391139e-05,
      2.945588834962109e-05,
      2.396543243143242e-05,
      3.592575451300945e-05,
      2.405645700986497e-05,
      1.9883271122234875e-05,
      1.814644120517187e-05,
      2.0462240906635998e-05,
      1.702554941904964e-05,
      2.450046287238365e-05,
      2.121308940520976e-05,
      2.0804165508016014e-05,
      2.3634506910457275e-05,
      1.9281795418646653e-05,
      1.8818359425349626e-05,
      1.934851975849597e-05,
      2.651709941914305e-05,
      1.9202002473466564e-05,
      2.0135809140920173e-05,
      1.6537685692310333e-05,
      1.597350351046771e-05,
      1.4831296807387843e-05,
      1.475667840335518e-05,
      1.4411758906353499e-05,
      2.034447312791599e-05,
      1.6954735525359864e-05,
      1.4493800559721421e-05,
      1.6510410554183182e-05,
      1.446302990851109e-05,
      1.3807428849104327e-05,
      1.3571351107675582e-05,
      1.5994119886308908e-05,
      1.306784422515193e-05,
      1.362294212100096e-05,
      1.3264193722861819e-05,
      1.3854869388742373e-05,
      1.4537646516691894e-05,
      1.2736783374275546e-05,
      1.303003762033768e-05,
      1.5392501445894594e-05,
      1.2405970783438534e-05,
      1.2176305020984727e-05,
      1.1632229623792228e-05,
      1.2524319407821167e-05,
      1.0914938788337167e-05,
      1.0322019817249384e-05,
      1.1119438918394736e-05,
      1.0372130494506565e-05,
      1.019444682111498e-05,
      9.99606807337841e-06
    ],
    "eval_losses": [
      0.0032561905245296657,
      0.0024656226219143718,
      0.0023724290448008103,
      0.0023522612278815357,
      0.002553614439442754,
      0.002168188581918366,
      0.002438133459351957,
      0.0021482193605741485,
      0.0021641423322609626,
      0.001881366848020116,
      0.0019387663186062128,
      0.002064028193935519,
      0.002168411593930796,
      0.0021307923149492124,
      0.0019498054027557374,
      0.001992114612343721,
      0.0019945271654287352,
      0.001959079841573839,
      0.0017836840948730242,
      0.0017246999422932277,
      0.0018977002045110567,
      0.0018966507715638726,
      0.0017719743642490356,
      0.0018485026288472,
      0.0017550659606058617,
      0.0018691835585777881,
      0.0016614923807544983,
      0.001793840412623831,
      0.0017100562892621383,
      0.0016757252796043758,
      0.0018605826742888894,
      0.0017146439875468785,
      0.0016791000299803272,
      0.0015442032979684883,
      0.0015398700147983618,
      0.0016435897492046933,
      0.0015469088188154274,
      0.0015787024917997769,
      0.0016675631531659746,
      0.0015903940325984877
    ],