{
  "args": {
    "device": "cuda:8",
    "exp_home": "./results",
    "ds_name": "mnist",
    "mode": "denoising",
    "noise_std": 0.25,
    "down_scale": 2.0,
    "model_type": "conventional",
    "latent_dim": 784,
    "hidden_dims": [
      785,
      785,
      785,
      785,
      785,
      785
    ],
    "wo_Win": false,
    "fix_Win": false,
    "I_Win": false,
    "wo_Wout": false,
    "batch_size": 128,
    "epochs": 30,
    "lr": 0.005,
    "use_augmentation": false,
    "aug_num": 2,
    "run_id": 2,
    "seed": 42
  },
  "training_logs": {
    "train_losses": [
      0.11979446110486984,
      0.11920605730056763,
      0.1192060579252243,
      0.11920605671405793,
      0.11920605726242066,
      0.1192060573387146,
      0.11920605695009232,
      0.11920605731010438,
      0.11920605718135834,
      0.11920605661153794,
      0.11920605734586716,
      0.11920605721950531,
      0.11920574620962143,
      0.11920605698347092,
      0.11920605715274811,
      0.11920605681657791,
      0.11920605722427369,
      0.11920605771303176,
      0.11920605750322343,
      0.11920605720996856,
      0.1192060572552681,
      0.11920605686187744,
      0.11920605751752854,
      0.11920605765342712,
      0.11920605735063552,
      0.119206057202816,
      0.11920605696439743,
      0.11920605709791184,
      0.11920605663061141,
      0.11920605708837509
    ],
    "eval_losses": [
      0.11852424898147583,
      0.11852424898147583,
      0.11852424898147583,
      0.11852424898147583,
      0.11852424898147583,
      0.11852424898147583
    ],
    "psnr": [
      9.263443084716798,
      9.263443084716798,
      9.263443084716798,
      9.263443084716798,
      9.263443084716798,
      9.263443084716798
    ],
    "ssim": [
      0.4039892254829407,
      0.4039892254829407,
      0.4039892254829407,
      0.4039892254829407,
      0.4039892254829407,
      0.4039892254829407
    ],
    "best_epoch": 5,
    "best_step": null,
    "best_eval_loss": 0.11852424898147583
  },
  "test_results": {
    "test_loss": 0.11983156101703644,
    "test_psnr": 9.231913998413086,
    "test_ssim": 0.40462437324523925
  }
}