{
  "args": {
    "device": "cuda:0",
    "exp_home": "./results",
    "ds_name": "mnist",
    "mode": "denoising",
    "noise_std": 0.25,
    "down_scale": 2.0,
    "model_type": "conventional",
    "latent_dim": 784,
    "hidden_dims": [
      1470,
      1470,
      1470,
      1470
    ],
    "wo_Win": true,
    "fix_Win": false,
    "I_Win": false,
    "wo_Wout": true,
    "batch_size": 128,
    "epochs": 30,
    "lr": 0.001,
    "use_augmentation": false,
    "aug_num": 2,
    "run_id": 1,
    "seed": 42
  },
  "training_logs": {
    "train_losses": [
      0.013293145751655102,
      0.009167780577242374,
      0.008112414186894894,
      0.007272179474830627,
      0.006570580598413945,
      0.006054652348607779,
      0.005672996782660485,
      0.005442217200249433,
      0.005217581816017627,
      0.00508889977440238,
      0.004972449022233486,
      0.004855488772988319,
      0.004781080252826214,
      0.004705053514838219,
      0.004641795982718468,
      0.004555688983350992,
      0.0044849518486857415,
      0.004436315055042505,
      0.004361670183688402,
      0.004303688427507877,
      0.004265261665731669,
      0.004192113094180823,
      0.00413909367442131,
      0.004088883117884397,
      0.004038714998662472,
      0.003992425910085439,
      0.003943070068657398,
      0.003889271326959133,
      0.003847269707098603,
      0.003800967667251825
    ],
    "eval_losses": [
      0.006186913023144007,
      0.004841467420756817,
      0.004503923867642879,
      0.004260287111252546,
      0.004038423498719931,
      0.0038303732197731734
    ],
    "psnr": [
      22.088794177246093,
      23.152247470092775,
      23.466327337646483,
      23.707838092041015,
      23.93988551635742,
      24.170116787719728
    ],
    "ssim": [
      0.9251657578468323,
      0.9367116936683655,
      0.9402845345497132,
      0.9433101338386536,
      0.9486625238418579,
      0.9514706809997558
    ],
    "best_epoch": 30,
    "best_step": null,
    "best_eval_loss": 0.0038303732197731734
  },
  "test_results": {
    "test_loss": 0.0038361503664404153,
    "test_psnr": 24.16916014404297,
    "test_ssim": 0.9519865892410279
  }
}