{
  "args": {
    "device": "cuda:8",
    "exp_home": "./results",
    "ds_name": "mnist",
    "mode": "denoising",
    "noise_std": 0.25,
    "down_scale": 2.0,
    "model_type": "conventional",
    "latent_dim": 784,
    "hidden_dims": [
      2870,
      2870,
      2870,
      2870,
      2870,
      2870
    ],
    "wo_Win": false,
    "fix_Win": false,
    "I_Win": false,
    "wo_Wout": false,
    "batch_size": 128,
    "epochs": 30,
    "lr": 0.0005,
    "use_augmentation": false,
    "aug_num": 2,
    "run_id": 1,
    "seed": 42
  },
  "training_logs": {
    "train_losses": [
      0.017433800565302374,
      0.007776854420155287,
      0.006568402402549982,
      0.006065371692329645,
      0.005795478268116713,
      0.0055370337171852585,
      0.005377360343933105,
      0.005223743500709534,
      0.00512039168342948,
      0.00502539781153202,
      0.00492229216337204,
      0.004824751190990209,
      0.00474799964606762,
      0.004648560885339975,
      0.0045865058243274685,
      0.004494528234452009,
      0.004426773529350758,
      0.004373834620416165,
      0.004294976633489132,
      0.0042199827794730665,
      0.004173546355962753,
      0.0040921002224087715,
      0.004027387816309929,
      0.003965593278110027,
      0.003907011957317591,
      0.003838946921080351,
      0.003786313348338008,
      0.003718381055369973,
      0.003661823446750641,
      0.003602075046747923
    ],
    "eval_losses": [
      0.005591539003700018,
      0.004921659473329783,
      0.004523826441168785,
      0.004312311567366123,
      0.004010794424265623,
      0.0037518397644162177
    ],
    "psnr": [
      22.5270147064209,
      23.0806722076416,
      23.447248248291015,
      23.655158334350585,
      23.969697229003906,
      24.260054495239256
    ],
    "ssim": [
      0.9176254936218262,
      0.9143459573745728,
      0.92471744556427,
      0.9318157504081727,
      0.9310150780677795,
      0.938108030128479
    ],
    "best_epoch": 30,
    "best_step": null,
    "best_eval_loss": 0.0037518397644162177
  },
  "test_results": {
    "test_loss": 0.0037512243527919055,
    "test_psnr": 24.267045932006837,
    "test_ssim": 0.939222676563263
  }
}