{
  "args": {
    "device": "cuda:8",
    "exp_home": "./results",
    "ds_name": "mnist",
    "mode": "denoising",
    "noise_std": 0.25,
    "down_scale": 2.0,
    "model_type": "conventional",
    "latent_dim": 784,
    "hidden_dims": [
      905,
      905,
      905,
      905
    ],
    "wo_Win": false,
    "fix_Win": false,
    "I_Win": false,
    "wo_Wout": false,
    "batch_size": 128,
    "epochs": 30,
    "lr": 0.001,
    "use_augmentation": false,
    "aug_num": 2,
    "run_id": 1,
    "seed": 42
  },
  "training_logs": {
    "train_losses": [
      0.017828061507642268,
      0.007750472922176122,
      0.006708391418904066,
      0.006197985402047634,
      0.005872474105209112,
      0.005615781045258045,
      0.005420671019107103,
      0.005269160605072975,
      0.005111426491588354,
      0.0050114337855577465,
      0.004879301209896803,
      0.004804126722067595,
      0.004712192038148642,
      0.004623940564543009,
      0.004558473570197821,
      0.004477734359204769,
      0.004408704758584499,
      0.004348867339938879,
      0.004274787446111441,
      0.0042165371966362,
      0.004162578958272934,
      0.004089702774882317,
      0.0040314823764562606,
      0.003972926993817091,
      0.00391673464357853,
      0.003866425147801638,
      0.0038110139410197736,
      0.003750459209010005,
      0.00369665816642344,
      0.003642598048374057
    ],
    "eval_losses": [
      0.005695351801067591,
      0.005042301578819752,
      0.004539940325170755,
      0.0042913860835134985,
      0.004028338089585305,
      0.0037675816267728804
    ],
    "psnr": [
      22.447153411865234,
      22.97579190673828,
      23.431831515502928,
      23.67586975708008,
      23.950520364379884,
      24.241712005615234
    ],
    "ssim": [
      0.9147956315994262,
      0.9118994284629822,
      0.9183148781776428,
      0.9241979784965515,
      0.9336556913375854,
      0.9362513483047485
    ],
    "best_epoch": 30,
    "best_step": null,
    "best_eval_loss": 0.0037675816267728804
  },
  "test_results": {
    "test_loss": 0.0037500216353684663,
    "test_psnr": 24.268014602661133,
    "test_ssim": 0.937563290977478
  }
}