{
  "args": {
    "device": "cuda:9",
    "exp_home": "./results",
    "ds_name": "mnist",
    "mode": "generative_classification",
    "noise_std": 0.25,
    "down_scale": 2.0,
    "model_type": "conventional",
    "latent_dim": 784,
    "hidden_dims": [
      905,
      905,
      905
    ],
    "wo_Win": true,
    "fix_Win": false,
    "I_Win": false,
    "wo_Wout": true,
    "batch_size": 128,
    "epochs": 50,
    "lr": 0.001,
    "use_augmentation": false,
    "aug_num": 2,
    "run_id": 3,
    "seed": 42
  },
  "training_logs": {
    "train_losses": [
      0.011133312179744243,
      0.005100957637503743,
      0.00386572868719697,
      0.003231127321198583,
      0.0027502919916063545,
      0.00244944951787591,
      0.0022710849826782942,
      0.0020696388847753406,
      0.001838964884877205,
      0.001671018735691905,
      0.0014671695435792209,
      0.001463862030915916,
      0.0013091613034904002,
      0.0012383543055132032,
      0.0011978953984752298,
      0.001109326027110219,
      0.0009750545319542289,
      0.000953497654311359,
      0.000865181794948876,
      0.0008918853530287742,
      0.0007655950072035193,
      0.0007862215431034564,
      0.0006094037827476859,
      0.0006149511378630996,
      0.0006346068055927753,
      0.000568548343917355,
      0.0005972772764042019,
      0.0004897864595614374,
      0.0004186422259081155,
      0.0003568211501277983,
      0.0003889067282155156,
      0.0004205463168956339,
      0.0003814747133478522,
      0.0002893191380240023,
      0.00029357526183128356,
      0.0003476806428655982,
      0.0003046357525419444,
      0.0002530429263133556,
      0.00021881778517272323,
      0.00020245006304699928,
      0.00017067854553926736,
      0.00017144719114061446,
      0.00015211802276782693,
      0.0001543824316095561,
      0.00014110920109786093,
      0.00013636464971117674,
      0.0001227273272536695,
      0.0001181829617684707,
      0.00011004507559817284,
      0.00010604541207198053
    ],
    "eval_losses": [
      0.00457301483694464,
      0.004489845297113061,
      0.003791160496138036,
      0.0034896364806219935,
      0.003690348021360114,
      0.003386415013298392,
      0.003280838192999363,
      0.0030111895637586713,
      0.0031084383107721804,
      0.003049238835228607
    ],
    "psnr": [
      23.74897584838867,
      23.797154312133788,
      24.64515708618164,
      25.087815078735353,
      24.711695959472657,
      25.19858843383789,
      25.487932458496093,
      25.87301469116211,
      25.720206268310548,
      25.881871374511718
    ],
    "ssim": [
      0.9641095119476318,
      0.9682257320404053,
      0.9729551958084106,
      0.9749652418136596,
      0.9751135828018188,
      0.9772057821273804,
      0.9781476930618286,
      0.9799215284347534,
      0.9794792777061463,
      0.9800594979286193
    ],
    "best_epoch": 40,
    "best_step": null,
    "best_eval_loss": 0.0030111895637586713
  },
  "test_results": {
    "test_loss": 0.0028986723381094633,
    "test_psnr": 27.256684100341797,
    "test_ssim": 0.9807867027282715
  }
}