{
  "args": {
    "device": "cuda:6",
    "exp_home": "./results",
    "ds_name": "mnist",
    "mode": "denoising",
    "noise_std": 0.25,
    "down_scale": 2.0,
    "model_type": "conventional",
    "latent_dim": 784,
    "hidden_dims": [
      2870,
      2870
    ],
    "wo_Win": false,
    "fix_Win": false,
    "I_Win": false,
    "wo_Wout": false,
    "batch_size": 128,
    "epochs": 30,
    "lr": 0.001,
    "use_augmentation": false,
    "aug_num": 2,
    "run_id": 3,
    "seed": 42
  },
  "training_logs": {
    "train_losses": [
      0.017742573715746404,
      0.007457263204306364,
      0.006603466051667928,
      0.00620351616114378,
      0.005925227630436421,
      0.00575593903824687,
      0.0055877860616147515,
      0.005407231025844813,
      0.005281262940466404,
      0.005148854625672102,
      0.005055528438687324,
      0.004921952407807112,
      0.0048218108129501345,
      0.0047262082907557484,
      0.004643056437969207,
      0.0045761278985440735,
      0.0044865907457470895,
      0.004415854181051254,
      0.004321325664222241,
      0.0042424458649754524,
      0.004169966879338026,
      0.004099659525603056,
      0.0040157789222896095,
      0.0039708539062738414,
      0.003893674734979868,
      0.0038259221114218234,
      0.003756188035607338,
      0.0036920508462935687,
      0.0036232954716682434,
      0.003567159612774849
    ],
    "eval_losses": [
      0.005938372771441936,
      0.005093408783525229,
      0.004641398390382528,
      0.00435898756980896,
      0.004003814741969108,
      0.003718130838125944
    ],
    "psnr": [
      22.26557625427246,
      22.932286962890625,
      23.33552632751465,
      23.608093057250976,
      23.977321334838866,
      24.298817794799806
    ],
    "ssim": [
      0.9075185070037842,
      0.926570383644104,
      0.9229911420822143,
      0.9228154213905334,
      0.9350924171447754,
      0.9409248649597168
    ],
    "best_epoch": 30,
    "best_step": null,
    "best_eval_loss": 0.003718130838125944
  },
  "test_results": {
    "test_loss": 0.0036855711348354817,
    "test_psnr": 24.34332846069336,
    "test_ssim": 0.9425245357513428
  }
}