{
  "args": {
    "device": "cuda:0",
    "exp_home": "./results",
    "ds_name": "mnist",
    "mode": "denoising",
    "noise_std": 0.25,
    "down_scale": 2.0,
    "model_type": "conventional",
    "latent_dim": 784,
    "hidden_dims": [
      1150
    ],
    "wo_Win": true,
    "fix_Win": false,
    "I_Win": false,
    "wo_Wout": true,
    "batch_size": 128,
    "epochs": 30,
    "lr": 0.0005,
    "use_augmentation": false,
    "aug_num": 2,
    "run_id": 5,
    "seed": 42
  },
  "training_logs": {
    "train_losses": [
      0.01704115470021963,
      0.006116687055081129,
      0.005311589560955763,
      0.004969098645448685,
      0.004821826383769512,
      0.0047038837537169455,
      0.004618294865936041,
      0.004547958586513996,
      0.004496127135157585,
      0.004431751783490181,
      0.004394297443926334,
      0.004355059288293123,
      0.004312017731368542,
      0.004281605609208345,
      0.004250225621312857,
      0.0042063990673422815,
      0.0041846170492470264,
      0.004150044084042311,
      0.004122753516882658,
      0.004111230448931456,
      0.004089725418537855,
      0.004060695026069879,
      0.004041852551698684,
      0.0040266071192920205,
      0.004006435153707862,
      0.003976325774341822,
      0.003962643727660179,
      0.003941670225560665,
      0.0039344391557574274,
      0.003920283894240856
    ],
    "eval_losses": [
      0.0045530019573867325,
      0.004288835541158915,
      0.004123162480443716,
      0.004031146691739559,
      0.003954545203596354,
      0.003899163267761469
    ],
    "psnr": [
      23.419410723876954,
      23.678603018188475,
      23.849650592041016,
      23.947518579101562,
      24.030870809936523,
      24.091942935180665
    ],
    "ssim": [
      0.8937763973236084,
      0.9136904505729675,
      0.9237681323051453,
      0.9289916497230529,
      0.9306219753265381,
      0.9343102313041687
    ],
    "best_epoch": 30,
    "best_step": null,
    "best_eval_loss": 0.003899163267761469
  },
  "test_results": {
    "test_loss": 0.003873918083310127,
    "test_psnr": 24.126270162963866,
    "test_ssim": 0.9359738193511963
  }
}