{
  "args": {
    "device": "cuda:3",
    "exp_home": "./results",
    "ds_name": "mnist",
    "mode": "generative_classification",
    "noise_std": 0.25,
    "down_scale": 2.0,
    "model_type": "conventional",
    "latent_dim": 784,
    "hidden_dims": [
      1150,
      1150,
      1150,
      1150,
      1150,
      1150,
      1150,
      1150,
      1150,
      1150
    ],
    "wo_Win": false,
    "fix_Win": false,
    "I_Win": false,
    "batch_size": 128,
    "epochs": 200,
    "lr": 0.0005,
    "use_augmentation": true,
    "aug_num": 2,
    "run_id": 1,
    "seed": 42
  },
  "training_logs": {
    "train_losses": [
      0.01243908489048481,
      0.006303747982531786,
      0.005582966977506876,
      0.005104772539138794,
      0.004449672375768423,
      0.003938194964826107,
      0.003582713113874197,
      0.003602632168456912,
      0.0034296323619410394,
      0.003013611217290163,
      0.0029009711937606334,
      0.0026527396806329488,
      0.0024460876120626926,
      0.002582756927534938,
      0.0024934051359817386,
      0.0021920934296399356,
      0.0022165404988080265,
      0.0019398845521733164,
      0.002079188322946429,
      0.0019775782988592982,
      0.0018020461708679796,
      0.001825767871644348,
      0.0016482206075266004,
      0.0015989141238853335,
      0.0016611225593835116,
      0.0014266442416235804,
      0.0016710592697188257,
      0.0015260901630297303,
      0.0013527661426365376,
      0.0013187344135995953,
      0.001663255125992,
      0.001435553298741579,
      0.0015637832163646818,
      0.0012475999717414378,
      0.0013777800042554737,
      0.0011388192505016922,
      0.001159448622353375,
      0.0013126194552704692,
      0.0010241629855521023,
      0.001086255346350372,
      0.0010805301395244897,
      0.0010040028404071928,
      0.0011043602135963739,
      0.0012073323014564813,
      0.0010604204520210624,
      0.0010622860788181425,
      0.0011114125657081604,
      0.0009076989763602615,
      0.0010802154492214322,
      0.0009232800381630659,
      0.0008449927164986729,
      0.0009884362083300948,
      0.0008863620509486646,
      0.00096438676469028,
      0.0007696029229369015,
      0.0007274028076976538,
      0.0007913595617003739,
      0.0007571955721825362,
      0.0008389437801577151,
      0.0007824696483649313,
      0.0008514249078929424,
      0.0009648044691048563,
      0.0006738676762208343,
      0.0006810624028556049,
      0.0008060013950429857,
      0.0005859104008041322,
      0.0005395795787125826,
      0.0007156537796184421,
      0.0005846065125055611,
      0.0007137323269620538,
      0.0007067257492430508,
      0.0006645761582627892,
      0.0005902750149834901,
      0.0005647392840776593,
      0.0005911464733071625,
      0.0005762863637600094,
      0.0005509597353637218,
      0.0005470093116816133,
      0.0005670871838647872,
      0.0005299547044374049,
      0.00048565526977181436,
      0.00047909741056151686,
      0.0005480817109439522,
      0.00048235809232108297,
      0.0005446962180547416,
      0.0005308832561317831,
      0.000492047677654773,
      0.00047610292540863156,
      0.0005033943069912494,
      0.00045455835855565964,
      0.0008348585593141616,
      0.0003171850031428039,
      0.00038870339713059366,
      0.00037047316988930105,
      0.0003588420591596514,
      0.0004777976667694747,
      0.00041814274776726964,
      0.0005326344555616379,
      0.0004910568545944989,
      0.0003853885258547962,
      0.0003898544798698276,
      0.0003590704330895096,
      0.0003618949221353978,
      0.0007420522874966264,
      0.00029423667875118554,
      0.00034372570666484537,
      0.0003273599730152637,
      0.000350064868433401,
      0.00036612109522335233,
      0.000321839180579409,
      0.00037471238208003344,
      0.0003730373752955347,
      0.00041196837292052803,
      0.0003298237961344421,
      0.0002914680658746511,
      0.00028130906473845243,
      0.00036943081803619864,
      0.0002833217913005501,
      0.00024718922023661435,
      0.00029152676005847754,
      0.0002520616415608674,
      0.0002676174852065742,
      0.00027056635013781487,
      0.00026287327759899197,
      0.0004567641951330006,
      0.00021200614988338203,
      0.000195121349953115,
      0.00021175190696492792,
      0.00023149645474739372,
      0.00020042807837948202,
      0.0002692453539185226,
      0.00023930464833043515,
      0.00024497648828662933,
      0.00018278811384458095,
      0.0002168297347612679,
      0.00019559476433321832,
      0.00019903165466152132,
      0.00021090460022911428,
      0.0003782996499259025,
      0.0001778318215534091,
      0.0001500482922513038,
      0.00017178076499141753,
      0.00021453217210713773,
      0.00017472772269509732,
      0.000230131323793903,
      0.00018258768981322646,
      0.00018175571934785694,
      0.0001423814212391153,
      0.0001982595599628985,
      0.00016514231032691896,
      0.00014676368528511376,
      0.0001771372479153797,
      0.00011907914452254773,
      0.00013041510107461362,
      0.00014627288134768605,
      0.00020528888355009258,
      0.00017774825711734592,
      0.00013633360128849744,
      0.0001139299127832055,
      0.00015363478194456548,
      0.00012128455315716565,
      0.00014935913935303687,
      0.00011922639841679484,
      0.00013978247778955846,
      0.000103152419552207,
      0.00014585212165489793,
      0.00011233267026022076,
      0.00014295969179831445,
      0.00010592770718038083,
      0.00010539521072525531,
      0.0001185973839648068,
      9.559784751851111e-05,
      8.806927908677608e-05,
      9.970482459291816e-05,
      0.00010673931532539428,
      9.886416458524763e-05,
      0.00013787080062553286,
      0.00011441253981553018,
      0.00010297142206691206,
      0.000122943312600255,
      8.994525032583624e-05,
      8.312671480234712e-05,
      7.87152430228889e-05,
      8.673511894885451e-05,
      8.380440485663712e-05,
      8.039753740653396e-05,
      7.0360188013874e-05,
      6.979050377383829e-05,
      6.933590602595359e-05,
      6.811678936239332e-05,
      6.904918449465185e-05,
      6.476970733143389e-05,
      6.515261049848049e-05,
      6.840718594845384e-05,
      6.406275395769625e-05,
      6.334769617766142e-05,
      6.032518979627639e-05,
      6.164742284920067e-05,
      5.8793711620382966e-05,
      5.923110080882907e-05
    ],
    "eval_losses": [
      0.0051143646448850635,
      0.004375878390669823,
      0.003056064173206687,
      0.0033764178284443917,
      0.0026990252897143366,
      0.002323063169233501,
      0.002574468347732909,
      0.002377905948692933,
      0.002543316201120615,
      0.0024072117440402507,
      0.0020378845256753264,
      0.0026610460402444005,
      0.0024745201032608747,
      0.0020452811239287257,
      0.002436901561007835,
      0.002293671264499426,
      0.0024632185603724794,
      0.009517975696921348,
      0.0022520541796227918,
      0.002124110085051507,
      0.002381132968887687,
      0.002256516697444022,
      0.0021554593680426478,
      0.0020791335294023158,
      0.0019400794082321227,
      0.0021660419812425972,
      0.0022352629015222193,
      0.0018567607366014273,
      0.0018228764079045504,
      0.0018805151814594865,
      0.0019609002630459143,
      0.0021187270717695356,
      0.001977719296584837,
      0.0019033021090552212,
      0.0018887066930299624,
      0.0017977452863939107,
      0.0019014384364010766,
      0.0017988554677693172,
      0.0017950683215400204,
      0.0017225765179959126
    ],