{
  "args": {
    "device": "cuda:4",
    "exp_home": "./results",
    "ds_name": "mnist",
    "mode": "denoising",
    "noise_std": 0.25,
    "down_scale": 2.0,
    "model_type": "conventional",
    "latent_dim": 784,
    "hidden_dims": [
      1150,
      1150,
      1150,
      1150
    ],
    "wo_Win": false,
    "fix_Win": true,
    "I_Win": false,
    "batch_size": 128,
    "epochs": 200,
    "lr": 0.0001,
    "use_augmentation": true,
    "aug_num": 2,
    "run_id": 2,
    "seed": 42
  },
  "training_logs": {
    "train_losses": [
      0.02048258553683758,
      0.008762323149144649,
      0.007323745357990265,
      0.006645272605121135,
      0.006221843156218529,
      0.005948862766325474,
      0.005724572844952345,
      0.005557356453388929,
      0.005415371883660555,
      0.0053058769422769545,
      0.005218864606618881,
      0.00512360484585166,
      0.005050118349939584,
      0.004984696044623852,
      0.0049280626246333125,
      0.0048639249677956105,
      0.004827868592590093,
      0.004777376768290997,
      0.004741377995461225,
      0.004705930365324021,
      0.00466567765802145,
      0.004632867959290743,
      0.0046024412101507185,
      0.004570481955260038,
      0.004539146556705237,
      0.004521271747052669,
      0.004496057656407356,
      0.0044772276033461095,
      0.004451985908001661,
      0.004432068832963705,
      0.00440040929660201,
      0.004376934603005648,
      0.0043678813734650615,
      0.004347536228150129,
      0.004331339446306229,
      0.004315903483480215,
      0.0042974463917315004,
      0.004278712810724974,
      0.004263024981468916,
      0.004252419200539589,
      0.0042302036529779435,
      0.004215997401773929,
      0.004206117121577263,
      0.004189851720631123,
      0.00418102186948061,
      0.004168535856455565,
      0.004148871307522058,
      0.004142904275506735,
      0.004128508846610784,
      0.004111312797218561,
      0.004107501414120198,
      0.004089184876680374,
      0.004083731272816658,
      0.004074453569203615,
      0.004063436273783446,
      0.004052451912611723,
      0.004042099994570017,
      0.004036208771169185,
      0.0040297460328042505,
      0.004014869397133589,
      0.00401076156064868,
      0.003990210783481598,
      0.003988738025575876,
      0.0039727866245806214,
      0.003969271339029074,
      0.0039555333334207535,
      0.00394977359265089,
      0.003945146694332362,
      0.00394094101369381,
      0.003924727758318185,
      0.003917284487783909,
      0.003912613648623228,
      0.0039056231831014155,
      0.003900451601743698,
      0.0038850263111293317,
      0.003882557933777571,
      0.003874119585454464,
      0.0038602949158847333,
      0.0038628249014914036,
      0.0038549146644771097,
      0.003844125572964549,
      0.0038343267023563383,
      0.0038289226923882962,
      0.0038215662863850595,
      0.0038138389083743097,
      0.0038162049455940724,
      0.0038125506156682968,
      0.0038042570903897284,
      0.0037951452314853667,
      0.003794035578221083,
      0.0037881245312839746,
      0.0037785717034339904,
      0.0037767275512218474,
      0.0037627649173140524,
      0.00375832787245512,
      0.0037563491337001325,
      0.0037469876316189765,
      0.0037437425293028355,
      0.0037376823361217975,
      0.0037296908110380175,
      0.003725209046304226,
      0.0037218976485729215,
      0.003710776170194149,
      0.003712624820917845,
      0.0037039444364607333,
      0.003702248361259699,
      0.003693190238326788,
      0.003686859130114317,
      0.00368314061075449,
      0.0036771676260232925,
      0.003677034302949905,
      0.003669549541771412,
      0.0036613092082738875,
      0.0036569282868504525,
      0.0036553572849929335,
      0.0036471878042817116,
      0.003644851407408714,
      0.0036406298157572745,
      0.0036342370834946632,
      0.0036360216410458086,
      0.0036301076989620922,
      0.003624952866137028,
      0.0036147511100769044,
      0.0036175634682178498,
      0.0036108662979304792,
      0.00360317985907197,
      0.0036049943859875204,
      0.003593158174306154,
      0.0035967369709908963,
      0.0035851082730293275,
      0.0035824295684695243,
      0.003580807285234332,
      0.0035768403888493776,
      0.0035706796497106553,
      0.003570847290456295,
      0.0035646029357612134,
      0.003559902296215296,
      0.0035588418816030025,
      0.0035556232380867005,
      0.0035487971046566963,
      0.0035491142210364343,
      0.003547329161018133,
      0.003541023258715868,
      0.0035415116669237612,
      0.003531090122908354,
      0.003525029407441616,
      0.0035234314315021036,
      0.0035196690402925015,
      0.0035139833622425793,
      0.0035124788156896828,
      0.003509265843331814,
      0.0035067625926434995,
      0.0035012228244543074,
      0.003495647943764925,
      0.003493814168423414,
      0.003490257938057184,
      0.0034845293322205546,
      0.0034824024966359137,
      0.003476044738292694,
      0.0034741288189589978,
      0.0034727608833462,
      0.0034729924227297304,
      0.003468475163578987,
      0.003463901624083519,
      0.0034618699318915607,
      0.0034617816829681397,
      0.0034586241459846497,
      0.00345005381539464,
      0.003451947738826275,
      0.0034491936936974525,
      0.0034433866260945795,
      0.003438991656899452,
      0.003439209260120988,
      0.0034400135223567486,
      0.0034310132664442062,
      0.0034299770154058934,
      0.0034304302188009022,
      0.003426544330269098,
      0.003421495070308447,
      0.0034168868090212346,
      0.003416392302811146,
      0.003413083120509982,
      0.0034126446792483328,
      0.0034081232514977457,
      0.0034085150103271007,
      0.0034036647802591323,
      0.003400357978492975,
      0.0033974362970888615,
      0.003393079082220793,
      0.003393601663708687,
      0.0033874436062574387,
      0.003387961027175188,
      0.0033838461047410967,
      0.0033835983046889306,
      0.0033787607120722533,
      0.003380247600749135,
      0.0033787056897580624,
      0.003373760932683945,
      0.0033770243602246047,
      0.0033669627760350702
    ],
    "eval_losses": [
      0.005861873744428158,
      0.0051428313083946705,
      0.004819599507004023,
      0.004660942385345698,
      0.004471883205324411,
      0.004426596747338772,
      0.004291056714951992,
      0.0042897376306355,
      0.004239797658473253,
      0.004184251811355353,
      0.004115439211577177,
      0.0041041199505329135,
      0.004086716889590025,
      0.004058817912638187,
      0.004034931272268295,
      0.003995177552103996,
      0.003969460372626781,
      0.003948074575513601,
      0.003927851594984532,
      0.003902655278891325,
      0.003913937879353762,
      0.003895126885175705,
      0.003874206854403019,
      0.0038620332583785056,
      0.003842193952947855,
      0.003832049909979105,
      0.0038249724946916104,
      0.003805642754584551,
      0.0037947898417711257,
      0.0037913667038083076,
      0.0037755321085453032,
      0.003779086221754551,
      0.0037608662754297258,
      0.0037562641851603983,
      0.003749427093565464,
      0.0037419164694845676,
      0.003731923020631075,
      0.0037278956204652787,
      0.0037214467331767084,
      0.003697218343243003
    ],