{
  "args": {
    "device": "cuda:2",
    "exp_home": "./results",
    "ds_name": "mnist",
    "mode": "generative_classification",
    "noise_std": 0.25,
    "down_scale": 2.0,
    "model_type": "conventional",
    "latent_dim": 784,
    "hidden_dims": [
      1150,
      1150,
      1150,
      1150
    ],
    "wo_Win": false,
    "fix_Win": true,
    "I_Win": false,
    "batch_size": 128,
    "epochs": 100,
    "lr": 0.0001,
    "use_augmentation": true,
    "aug_num": 4,
    "run_id": 1,
    "seed": 42
  },
  "training_logs": {
    "train_losses": [
      0.012388821367025375,
      0.0049511979717761275,
      0.003814009427167475,
      0.003194045441783965,
      0.002726948302257806,
      0.002380562131199986,
      0.0021340252452995627,
      0.0018967092554084957,
      0.0017258583111222834,
      0.0015765738633926958,
      0.0014063645537570118,
      0.0013647947256918997,
      0.0011922220213292168,
      0.001116347682075575,
      0.0010603537259763107,
      0.0009697671359777451,
      0.0008962869906798005,
      0.0008571647219080478,
      0.000826482241298072,
      0.0007011576593946666,
      0.0007330018788878806,
      0.000676884541050531,
      0.000632115970668383,
      0.0006052486419817432,
      0.000565724062807858,
      0.000535081441795919,
      0.0005112316194036975,
      0.00047378477682126686,
      0.00044188240418443456,
      0.00044441946242935955,
      0.0004217881853505969,
      0.00042030197508400306,
      0.00037325205794069914,
      0.00037292481010081245,
      0.0003416529059037566,
      0.00034969255985692143,
      0.0003162039232044481,
      0.0003040178524912335,
      0.00032204638834809884,
      0.0002917246896936558,
      0.0002448959810344968,
      0.00023981350876390933,
      0.00026081746367854065,
      0.00024134006056468935,
      0.0002182198142458219,
      0.00023094819225603715,
      0.00020716065836139024,
      0.00018905792791396378,
      0.00018278270511771553,
      0.00019043961053597742,
      0.00016775094363023527,
      0.00017756807086640039,
      0.000153247414927464,
      0.0001555859802896157,
      0.00014518508697976357,
      0.00013051457355264573,
      0.0001431732281821314,
      0.00014867229227675125,
      0.00012056366631179116,
      0.00012123255111393519,
      0.00011440299907000735,
      0.0001144313266320387,
      0.00011757802254462149,
      0.00010086905366624705,
      0.00010076096987526398,
      8.819206894841046e-05,
      8.239544331794605e-05,
      8.689993565145414e-05,
      7.634613574715331e-05,
      7.504058653081301e-05,
      8.33047229400836e-05,
      5.6528780855005606e-05,
      5.50493362697307e-05,
      6.259857240773272e-05,
      5.703022583213169e-05,
      5.551446605619276e-05,
      4.440634834812954e-05,
      5.1054965454677585e-05,
      4.951335946971085e-05,
      4.259536831639707e-05,
      3.848230838542804e-05,
      3.368320873269113e-05,
      3.663775787048507e-05,
      3.110345720226178e-05,
      3.429481331259012e-05,
      2.4332289635203777e-05,
      2.317301825649338e-05,
      2.807956852368079e-05,
      2.0409136957896407e-05,
      2.038294542551739e-05,
      1.9492771756777075e-05,
      1.7781669444520958e-05,
      1.5345201876189095e-05,
      1.8356252466037403e-05,
      1.530252543394454e-05,
      1.4104344537772704e-05,
      1.4836429911083543e-05,
      1.3209633489605039e-05,
      1.2318351945577888e-05,
      1.195174055173993e-05
    ],
    "eval_losses": [
      0.0035412569984793665,
      0.0029889945633709432,
      0.0029446448849514127,
      0.0029610938236583023,
      0.0026378286015009507,
      0.0028863300670171157,
      0.0025257388347235976,
      0.0022503262636892033,
      0.00253969686741475,
      0.002203338001994416,
      0.0023277268146339337,
      0.002437694418884348,
      0.0022398683414561675,
      0.002167753466381691,
      0.002100818216620246,
      0.0019565799512463854,
      0.0021419897372310513,
      0.0020344423266447846,
      0.0018930404230719433,
      0.0019143993747857166
    ],
    "psnr": [
      24.879407891845702,
      25.60908199157715,
      25.76436107788086,
      25.88917930908203,
      26.6998413269043,
      26.07819822998047,
      26.638987127685546,
      27.564428021240236,
      26.792536975097658,
      27.572843774414064,
      27.329646032714844,
      27.130950677490233,
      27.526938360595704,
      27.855828161621094,
      28.37407713623047,
      28.78268397216797,
      27.984243438720704,
      28.317516442871092,
      28.804228631591798,
      28.851372918701173
    ],
    "ssim": [
      0.9662593305587769,
      0.9736124071121216,
      0.9774729393005371,
      0.9775587173461914,
      0.9807138588905334,
      0.9793850477218627,
      0.9819317154884338,
      0.9835819507598877,
      0.9823086297988891,
      0.9844693567276,
      0.9838521924972534,
      0.9833648683547974,
      0.9833466567993164,
      0.9851188793182373,
      0.9855620422363282,
      0.9867000848770141,
      0.9856244220733642,
      0.9865635481834412,
      0.9876263006210327,
      0.9876479368209838
    ],
    "best_epoch": 95,
    "best_step": null,
    "best_eval_loss": 0.0018930404230719433
  },
  "test_results": {
    "test_loss": 0.0020590522820133628,
    "test_psnr": 32.049994555664064,
    "test_ssim": 0.9868077894210815
  }
}