{
  "args": {
    "device": "cuda:3",
    "exp_home": "./results",
    "ds_name": "mnist",
    "mode": "generative_classification",
    "noise_std": 0.25,
    "down_scale": 2.0,
    "model_type": "conventional",
    "latent_dim": 784,
    "hidden_dims": [
      1150,
      1150,
      1150,
      1150,
      1150,
      1150,
      1150,
      1150,
      1150,
      1150
    ],
    "wo_Win": false,
    "fix_Win": true,
    "I_Win": false,
    "batch_size": 128,
    "epochs": 200,
    "lr": 1e-05,
    "use_augmentation": true,
    "aug_num": 2,
    "run_id": 2,
    "seed": 42
  },
  "training_logs": {
    "train_losses": [
      0.036563913285136224,
      0.006469051176011562,
      0.004121933952644467,
      0.00288826118580997,
      0.0021275758497789504,
      0.0016331358072161674,
      0.0012761693034321069,
      0.001021471960116178,
      0.000855593864172697,
      0.0007548351218178869,
      0.0006481602150946856,
      0.0005992793921753765,
      0.0005107250429317355,
      0.0005048367084376514,
      0.0004658129510190338,
      0.00044465129636228086,
      0.0003796237485483289,
      0.0003962421564385295,
      0.00039780651215463875,
      0.0003590254527144134,
      0.00035754111625254157,
      0.00032200985974632204,
      0.0003519034965429455,
      0.00029644630646333096,
      0.00032044089779257776,
      0.0002657869119150564,
      0.0002509849840588868,
      0.0002950208456069231,
      0.00023949225074611604,
      0.0002475364540144801,
      0.00022901211234740914,
      0.0002443095961539075,
      0.00023799812895711512,
      0.00024861689468380063,
      0.00023237985528074204,
      0.00020655360439326615,
      0.00015863383165095002,
      0.0002522451427951455,
      0.00018706530578434466,
      0.00018255266167223452,
      0.000163419572818093,
      0.00018303281769622116,
      0.00020088413289515302,
      0.0001778985188808292,
      0.00015973973259795457,
      0.00020634791473392398,
      0.00015107790783280506,
      0.00017386860707309097,
      0.00012733489696402104,
      0.00017818382751662285,
      0.00016601427500136196,
      0.00015934073951561005,
      0.00014766069643665106,
      0.00013353853981941938,
      0.00016375568956835196,
      0.0001359660404128954,
      0.00015357682885136454,
      0.0001376516681560315,
      0.00013297520259511657,
      0.00014007541846018285,
      0.00012008669917006046,
      0.00013024603185127489,
      0.00013246177805005573,
      0.0001206395098962821,
      0.0001052996509289369,
      0.000131914132386446,
      0.00011131271009799093,
      0.00013345236116671003,
      0.00011750052646268159,
      8.269689192762599e-05,
      0.00011936311595607549,
      0.00011367994606029242,
      0.0001053100583376363,
      9.39083116967231e-05,
      0.00011177363032009453,
      0.00011332497777882964,
      0.00010765384423080832,
      8.765778366243467e-05,
      8.679324476048351e-05,
      9.646831026300788e-05,
      9.014590990031139e-05,
      0.0001073406229680404,
      9.480476966127754e-05,
      8.331519012339413e-05,
      7.57697511301376e-05,
      9.600828297669068e-05,
      7.541428646771238e-05,
      9.260801316006109e-05,
      8.013926321873442e-05,
      8.011932126479223e-05,
      8.826128979213536e-05,
      7.128845851169899e-05,
      8.75580502464436e-05,
      7.026424597483129e-05,
      6.57737151614856e-05,
      8.518534824950621e-05,
      6.815560154849663e-05,
      6.730466583510861e-05,
      9.170347535284236e-05,
      6.713642422808334e-05,
      8.2522579357028e-05,
      6.797132686013355e-05,
      7.991755277151242e-05,
      7.462447287281975e-05,
      6.261281627579593e-05,
      5.5892694608774036e-05,
      5.145664847455919e-05,
      6.490142567316071e-05,
      8.876307691447437e-05,
      5.869508819188923e-05,
      5.582393027609214e-05,
      7.352505619637668e-05,
      5.300649416283704e-05,
      5.696366626070812e-05,
      4.9769790361169724e-05,
      6.847900885855779e-05,
      6.247973026940599e-05,
      6.988772221491673e-05,
      4.436172888614237e-05,
      4.6322849942371246e-05,
      4.879838372289669e-05,
      4.880485126981512e-05,
      4.7457708384026774e-05,
      5.037893799832091e-05,
      5.4589731158921495e-05,
      5.678821633337066e-05,
      5.662305582081899e-05,
      4.309445032384246e-05,
      4.6333523503271865e-05,
      5.119938664254733e-05,
      4.3333528740331534e-05,
      4.444841429358348e-05,
      4.4927430751267824e-05,
      4.687319377087988e-05,
      4.188333539292216e-05,
      4.459224550286308e-05,
      4.1927470806986096e-05,
      3.48046288441401e-05,
      5.002207500860095e-05,
      3.7110552286030726e-05,
      3.8101789659122006e-05,
      3.435140781395603e-05,
      4.130478230421431e-05,
      3.454010239802301e-05,
      4.0121514096390456e-05,
      4.002340677892789e-05,
      3.4281329500954597e-05,
      3.773896825965494e-05,
      3.500896207173355e-05,
      3.5085275971796366e-05,
      3.171597324311733e-05,
      3.187318722717464e-05,
      3.444471233524382e-05,
      3.889315157430246e-05,
      3.0655141706229186e-05,
      3.083457734552212e-05,
      3.034104544261936e-05,
      2.7886878514545968e-05,
      3.5521939903264865e-05,
      2.9385463302605784e-05,
      2.84834465268068e-05,
      2.8155060902354307e-05,
      3.309478684677742e-05,
      2.877099217323121e-05,
      2.6441359918098898e-05,
      2.795121538452804e-05,
      2.754178738454357e-05,
      3.0051440828246994e-05,
      2.8911777472821994e-05,
      2.5694339967449196e-05,
      2.4631740059703588e-05,
      2.3084574782988056e-05,
      2.363989211153239e-05,
      2.3369138198322617e-05,
      2.4496207115007566e-05,
      2.250186154502444e-05,
      2.403663253528066e-05,
      2.3744567441171967e-05,
      2.2888409341103397e-05,
      2.1072268469724805e-05,
      2.1327574241440742e-05,
      2.085241358319763e-05,
      2.124635535874404e-05,
      2.0954991035396233e-05,
      2.0290837869979443e-05,
      1.9807379791745916e-05,
      1.9629456365364604e-05,
      2.119379344803747e-05,
      2.100302870210726e-05,
      1.985226472548675e-05,
      1.9274498051963748e-05,
      1.9419599379179998e-05,
      1.9222317694220693e-05,
      1.9565128107788043e-05,
      2.027684524538927e-05,
      2.0020154798403382e-05,
      1.940274430322461e-05,
      2.01687677775044e-05,
      1.987252009101212e-05,
      1.8891023928299547e-05
    ],
    "eval_losses": [
      0.0033229663936421277,
      0.0030601489774882795,
      0.002734671226143837,
      0.0027929586585611105,
      0.0027486130062956363,
      0.00265354810631834,
      0.0025765309734269975,
      0.0029218375485390424,
      0.0027134127818048,
      0.0027039827184285967,
      0.002592205907951575,
      0.0025691831773030573,
      0.0027956318003125487,
      0.0026078627597773446,
      0.002479784639645368,
      0.0023861861386336386,
      0.0025225856160803234,
      0.002677749794907868,
      0.00260985579402186,
      0.0026686123947903977,
      0.002466944829118438,
      0.002477160587301478,
      0.0024673715586890467,
      0.0022686252130544745,
      0.00252709041533526,
      0.0023899015950504692,
      0.002443208941537887,
      0.0023753557716729118,
      0.002581195017544087,
      0.002383524141495582,
      0.0023629332781245466,
      0.0024221631791559047,
      0.0022705885971168755,
      0.0022796588268858614,
      0.002310974050028017,
      0.002305718258069828,
      0.002249198695085943,
      0.002253859056305373,
      0.002264999181503663,
      0.0022552549436397383
    ],