{
  "args": {
    "device": "cuda:0",
    "exp_home": "./results",
    "ds_name": "mnist",
    "mode": "denoising",
    "noise_std": 0.25,
    "down_scale": 2.0,
    "model_type": "conventional",
    "latent_dim": 784,
    "hidden_dims": [
      1150,
      1150,
      1150
    ],
    "wo_Win": true,
    "fix_Win": false,
    "I_Win": false,
    "wo_Wout": true,
    "batch_size": 128,
    "epochs": 30,
    "lr": 0.001,
    "use_augmentation": false,
    "aug_num": 2,
    "run_id": 3,
    "seed": 42
  },
  "training_logs": {
    "train_losses": [
      0.012050500713586806,
      0.007337895541787148,
      0.006565764263123274,
      0.005981693789958954,
      0.005574736342579126,
      0.005322328564077616,
      0.005119915908128023,
      0.004974453762322664,
      0.004861811660677195,
      0.004765365754216909,
      0.004687139550447464,
      0.004619735174328089,
      0.004535340789109468,
      0.004491596083790064,
      0.004426804208010435,
      0.004375946016013622,
      0.004323015340417623,
      0.004275339745432138,
      0.0042190533694624905,
      0.004160808212310076,
      0.0041111236724257465,
      0.004072960693389177,
      0.004020928120166064,
      0.0039868787124753,
      0.003930777154266834,
      0.0038837625463306906,
      0.0038370353142917154,
      0.0037986287052184345,
      0.003748631769120693,
      0.0037184137815237045
    ],
    "eval_losses": [
      0.005258401426672936,
      0.004585571397095919,
      0.004314647218585014,
      0.004101618720591068,
      0.003926125201582908,
      0.0037695046968758104
    ],
    "psnr": [
      22.79384101867676,
      23.38775149230957,
      23.652375149536134,
      23.872403720092773,
      24.06210409851074,
      24.23912847290039
    ],
    "ssim": [
      0.9238054924964905,
      0.9338087942123413,
      0.9377766164779663,
      0.9430347156524658,
      0.9461440729141235,
      0.9512093600273133
    ],
    "best_epoch": 30,
    "best_step": null,
    "best_eval_loss": 0.0037695046968758104
  },
  "test_results": {
    "test_loss": 0.0037484760001301764,
    "test_psnr": 24.269590203857422,
    "test_ssim": 0.9520797972679138
  }
}