{
  "args": {
    "device": "cuda:1",
    "exp_home": "./results",
    "ds_name": "mnist",
    "mode": "denoising",
    "noise_std": 0.25,
    "down_scale": 2.0,
    "model_type": "conventional",
    "latent_dim": 784,
    "hidden_dims": [
      1150,
      1150,
      1150,
      1150
    ],
    "wo_Win": false,
    "fix_Win": true,
    "I_Win": true,
    "batch_size": 128,
    "epochs": 100,
    "lr": 0.0005,
    "use_augmentation": true,
    "aug_num": 4,
    "run_id": 2,
    "seed": 42
  },
  "training_logs": {
    "train_losses": [
      0.010952765702307224,
      0.006209493826031685,
      0.00581076060011983,
      0.005567261148542166,
      0.005420520220547915,
      0.005303052642196417,
      0.0052118309926986696,
      0.0051223700208961965,
      0.005038116525262594,
      0.004983988422453404,
      0.004922031942307949,
      0.004874252549260855,
      0.004824024608880282,
      0.004770382045656442,
      0.004743588247746229,
      0.00469988892018795,
      0.004663822014331818,
      0.0046311439621448515,
      0.0045969802086055275,
      0.004572175913155079,
      0.004541950470358133,
      0.004509499649852514,
      0.004491500961184502,
      0.004466127190738916,
      0.004445598004609346,
      0.004416780575811863,
      0.004400148663073778,
      0.004379374614804983,
      0.0043560461089015,
      0.00433300362765789,
      0.004316002381294965,
      0.004298736361414194,
      0.004283357155770063,
      0.004261223650276661,
      0.004245176723897457,
      0.004221520416736603,
      0.0042099140311777595,
      0.004191882790476084,
      0.004178047874420881,
      0.004161891621351242,
      0.0041407539619505405,
      0.004130202498883009,
      0.004119034147411585,
      0.004097112965285778,
      0.004082103342711926,
      0.00407033410936594,
      0.004058481236100197,
      0.0040453809317946435,
      0.004027959439754486,
      0.0040172146318852905,
      0.004001131829321385,
      0.0039870719516277315,
      0.003973875513374805,
      0.003960575351119042,
      0.003950193118005991,
      0.003932096049785614,
      0.0039193920952081684,
      0.003909684230983257,
      0.00389429015904665,
      0.003886383415609598,
      0.003868140882998705,
      0.0038595406246185304,
      0.003844314601868391,
      0.003833806229531765,
      0.00381775979436934,
      0.0038070191906392574,
      0.003789626198858023,
      0.0037830392672121523,
      0.003767741194665432,
      0.0037530979531258343,
      0.0037469981622695924,
      0.003735129170268774,
      0.0037181569216400384,
      0.003705575804784894,
      0.0036907188164442776,
      0.0036774852388352154,
      0.0036666335351765154,
      0.003655962119102478,
      0.0036399026492238045,
      0.00362928370885551,
      0.0036155641101300717,
      0.003599533653333783,
      0.0035885856164246796,
      0.0035796862330287694,
      0.0035657957447320222,
      0.0035486918552219866,
      0.0035371311870217325,
      0.0035256365859508516,
      0.0035105740845203398,
      0.003497253767326474,
      0.0034830661863088606,
      0.003472743753120303,
      0.003458594907671213,
      0.0034456212581694128,
      0.00343378151781857,
      0.003421818049326539,
      0.0034124108096957205,
      0.0034010782438516616,
      0.003389028627574444,
      0.0033805525287985802
    ],
    "eval_losses": [
      0.0050451534315943715,
      0.0047022289618849755,
      0.004450377905368805,
      0.004326496099680662,
      0.004200458354502916,
      0.004136130777001381,
      0.004027107796818018,
      0.003997941851615906,
      0.003912634372711181,
      0.003873619697242975,
      0.003819171154499054,
      0.0037546854071319104,
      0.003715953251719475,
      0.0036553770840168,
      0.0036135567419230937,
      0.0035592275343835356,
      0.003523989924788475,
      0.003472606481611729,
      0.0034486830603331327,
      0.003399874849617481
    ],
    "psnr": [
      22.97251444091797,
      23.27914945678711,
      23.517687283325195,
      23.640474026489258,
      23.768829376220705,
      23.836136096191407,
      23.952122244262696,
      23.98328752746582,
      24.077059188842775,
      24.120519290161134,
      24.182255255126954,
      24.256050607299805,
      24.30128167114258,
      24.372277661132813,
      24.42257596435547,
      24.487764739990233,
      24.53144976501465,
      24.595395858764647,
      24.625068939208983,
      24.687134478759766
    ],
    "ssim": [
      0.9146155355453491,
      0.92670419921875,
      0.9357144513130188,
      0.9371143951416016,
      0.9432578074455261,
      0.9441635882377625,
      0.9451989990234375,
      0.9463750076293945,
      0.9479343348503113,
      0.9474538250923157,
      0.9503521154403687,
      0.9500263460159302,
      0.9531007898330689,
      0.9526917381286621,
      0.9549970094680786,
      0.9550696228027343,
      0.956415398311615,
      0.9571811375617981,
      0.9580263031005859,
      0.9589974576950073
    ],
    "best_epoch": 100,
    "best_step": null,
    "best_eval_loss": 0.003399874849617481
  },
  "test_results": {
    "test_loss": 0.0033989769212901593,
    "test_psnr": 24.694816525268553,
    "test_ssim": 0.9594510321617127
  }
}