{
  "args": {
    "device": "cuda:8",
    "exp_home": "./results",
    "ds_name": "mnist",
    "mode": "generative_classification",
    "noise_std": 0.25,
    "down_scale": 2.0,
    "model_type": "conventional",
    "latent_dim": 784,
    "hidden_dims": [
      1150,
      1150
    ],
    "wo_Win": false,
    "fix_Win": true,
    "I_Win": false,
    "batch_size": 128,
    "epochs": 100,
    "lr": 0.0005,
    "use_augmentation": false,
    "aug_num": 2,
    "run_id": 1,
    "seed": 42
  },
  "training_logs": {
    "train_losses": [
      0.014394127703607082,
      0.004649025099277496,
      0.003077444971203804,
      0.0026212406428158283,
      0.002097333627641201,
      0.0018700013647228479,
      0.0016895189515501261,
      0.001443716036900878,
      0.001298072424456477,
      0.001110752222724259,
      0.0009367225560732186,
      0.0008482176981307566,
      0.0008714722910523415,
      0.0008019178471341729,
      0.0006926081670075655,
      0.000721904288046062,
      0.0006416812473908067,
      0.0005003259001020342,
      0.0005507997142337262,
      0.0005462113768793642,
      0.00045446482563391325,
      0.0003925445667747408,
      0.0003776135257072747,
      0.00031639281339012086,
      0.000372400576621294,
      0.0005875835896283388,
      0.00035882620990742,
      0.0003030001698154956,
      0.00021800798131152988,
      0.00027275719885248693,
      0.0002758528293762356,
      0.000247449516300112,
      0.00035652159227989613,
      0.00034120309649035335,
      0.00022217588268220426,
      0.00017888326301705092,
      0.0001222476140363142,
      0.0001329760333057493,
      0.0003457684228383005,
      0.0003059302165149711,
      0.0001986664681462571,
      0.00012174860660685226,
      0.0001146675853151828,
      0.00011212252735625953,
      0.00018673298710025847,
      0.0002005636425781995,
      0.00010485825485549868,
      0.00014812578837387265,
      0.00030395487925969066,
      0.00014045945941004902,
      9.193503255955875e-05,
      6.295582651626318e-05,
      7.595212413463742e-05,
      6.942904686089605e-05,
      7.08939839946106e-05,
      5.841115004615858e-05,
      5.948267558356747e-05,
      0.00022021811883430928,
      0.00011356034505879506,
      7.101086309645325e-05,
      6.239279810106382e-05,
      4.77015370875597e-05,
      5.1158504571067166e-05,
      4.182151911780238e-05,
      4.313383254222572e-05,
      4.1002173359738665e-05,
      3.905192918959074e-05,
      4.21276037133066e-05,
      4.557864918955602e-05,
      0.00013243939733481965,
      5.028012712718919e-05,
      3.733689581975341e-05,
      3.4799528297735375e-05,
      3.0660826415987686e-05,
      2.8586242602905257e-05,
      2.9103851137915626e-05,
      2.6274193840799853e-05,
      2.5047587843146176e-05,
      4.308329174586106e-05,
      2.5005856650532224e-05,
      2.2644205517717636e-05,
      2.0781086249626242e-05,
      2.1788546463940293e-05,
      2.0555330652277916e-05,
      1.996011263516266e-05,
      2.0014475679490716e-05,
      2.2689996299450284e-05,
      1.6969358966453e-05,
      1.5943622952327133e-05,
      1.5717402848531493e-05,
      1.5057639950537122e-05,
      1.4294914917554706e-05,
      1.3471147262025625e-05,
      1.2699213329469785e-05,
      1.225171850877814e-05,
      1.2481981529272162e-05,
      1.1467901609430555e-05,
      1.1285027578705922e-05,
      1.0692711230367422e-05,
      1.0324549349024891e-05
    ],
    "eval_losses": [
      0.0030175618525594473,
      0.002605075109563768,
      0.0022640144450590013,
      0.002054727270361036,
      0.0026597736235708,
      0.0019523743350058794,
      0.002117969985771924,
      0.001967126164538786,
      0.0021261894929222765,
      0.0018366999808698892,
      0.0017974657542072236,
      0.0017202320341952145,
      0.0016941655965521931,
      0.0018412813583854586,
      0.0016563381282612682,
      0.0016827467471593992,
      0.0016890169160906226,
      0.0016673123736400156,
      0.0016577199732884765,
      0.0016647806261200458
    ],
    "psnr": [
      25.583389529418945,
      26.226476803588866,
      27.027649594116212,
      27.428220141601564,
      26.07909976501465,
      27.81232528076172,
      27.49090690917969,
      27.870133068847657,
      27.317522149658203,
      28.200883294677734,
      28.375204083251955,
      28.63541118774414,
      28.66809462890625,
      28.18766449584961,
      28.77027041015625,
      28.635165643310547,
      28.731017218017577,
      28.74784627685547,
      28.804300939941406,
      28.75279175415039
    ],
    "best_epoch": 75,
    "best_step": null,
    "best_eval_loss": 0.0016563381282612682
  },
  "test_results": {
    "test_loss": 0.0015895986528601498,
    "test_psnr": 31.003459271240235
  }
}