{
  "args": {
    "device": "cuda:6",
    "exp_home": "./results",
    "ds_name": "mnist",
    "mode": "denoising",
    "noise_std": 0.25,
    "down_scale": 2.0,
    "model_type": "conventional",
    "latent_dim": 784,
    "hidden_dims": [
      1150
    ],
    "wo_Win": false,
    "fix_Win": false,
    "I_Win": true,
    "batch_size": 128,
    "epochs": 100,
    "lr": 5e-05,
    "use_augmentation": false,
    "aug_num": 2,
    "run_id": 2,
    "seed": 42
  },
  "training_logs": {
    "train_losses": [
      0.05555282764554024,
      0.022624044605493547,
      0.015485727132260799,
      0.01214234493792057,
      0.010274360956549645,
      0.009110275312662125,
      0.008289817606508732,
      0.007692101970314979,
      0.007225976864993572,
      0.006874125730842352,
      0.006557962667495012,
      0.006312664515078068,
      0.006115083177536726,
      0.005942451838999986,
      0.005797651641964913,
      0.005670184020251036,
      0.005554872517585754,
      0.00547529010027647,
      0.0053822684335708615,
      0.0052920891290903094,
      0.005228455175310373,
      0.005160664806962013,
      0.005110935129225254,
      0.005054410168379545,
      0.005002733805477619,
      0.004961148933470249,
      0.00491880884334445,
      0.004881241735070944,
      0.004835397966057062,
      0.004805065100491047,
      0.004769831390529871,
      0.004742416144013405,
      0.004712548608928919,
      0.004690592134892941,
      0.004669695344418287,
      0.004637785119265318,
      0.004620744294375181,
      0.00460013797968626,
      0.004573013809025288,
      0.0045629904498159886,
      0.004542352427840233,
      0.004525722641050816,
      0.004514766100645065,
      0.004491380954682827,
      0.004472985578328371,
      0.004468201038539409,
      0.004453595513701439,
      0.004426253170371056,
      0.004425991233289242,
      0.004417780446708202,
      0.004401367620825767,
      0.0043920720301568504,
      0.004385329009741545,
      0.004372900658100844,
      0.004359521108269692,
      0.004354535703212023,
      0.004344190554320812,
      0.004331596785336733,
      0.004323309925198555,
      0.004321024255007505,
      0.004310025017261505,
      0.0043073126856982705,
      0.004300415300577879,
      0.004289753049910069,
      0.004276498175263405,
      0.004273733043968678,
      0.004263596814125776,
      0.004265356539934873,
      0.004253101175427437,
      0.004251091050356626,
      0.004246441380232573,
      0.00424126186221838,
      0.004244359383136034,
      0.004217968870699406,
      0.004227754604518414,
      0.004215600285083055,
      0.0042188758981227875,
      0.004212082364112139,
      0.004211998902261257,
      0.004207620273977518,
      0.004198521627783776,
      0.004196554182618857,
      0.004186320294141769,
      0.004184073776304722,
      0.004189581964164972,
      0.004181317501366138,
      0.004174813867509365,
      0.0041720668685436245,
      0.00417149250626564,
      0.004176804949343205,
      0.004164472967982292,
      0.0041608970068395135,
      0.004163842159956694,
      0.004160388916432858,
      0.004161090134084225,
      0.004152788733989,
      0.004155089134722948,
      0.004148668574690819,
      0.004143114530742169,
      0.004153507120460272
    ],
    "eval_losses": [
      0.009273648238182068,
      0.006441647423058749,
      0.005552697572112083,
      0.005112363307178021,
      0.0048539802514016624,
      0.0046715686708688735,
      0.004566018947213888,
      0.004478628516197205,
      0.0044255761913955215,
      0.004354424092173576,
      0.0043193496681749825,
      0.004279246666282415,
      0.00424278202354908,
      0.004233019389957189,
      0.0042158570960164074,
      0.004185575769841671,
      0.00419325210750103,
      0.004176220070570708,
      0.00417802979722619,
      0.004157384868711233
    ],
    "psnr": [
      20.330595541381836,
      21.913054110717773,
      22.55805128479004,
      22.91623185119629,
      23.141803652954103,
      23.30799143371582,
      23.40750382385254,
      23.491564627075196,
      23.54290955200195,
      23.61273942871094,
      23.64810765991211,
      23.68820014038086,
      23.72566286315918,
      23.735906146240236,
      23.753739727783202,
      23.784507385253907,
      23.776884262084963,
      23.79443648376465,
      23.792445504760742,
      23.81407799682617
    ],
    "ssim": [
      0.8359867903709411,
      0.869913996219635,
      0.887475351524353,
      0.8931878757476807,
      0.8998330707550048,
      0.9035136392593384,
      0.9098118488311767,
      0.9085323698043823,
      0.9145502408981323,
      0.9138887180328369,
      0.9150428001403809,
      0.91522203540802,
      0.9156830450057983,
      0.9180472713470459,
      0.9196030686378479,
      0.9191122280120849,
      0.9208950419425964,
      0.9195176183700562,
      0.921209548664093,
      0.9205798075675964
    ],
    "best_epoch": 100,
    "best_step": null,
    "best_eval_loss": 0.004157384868711233
  },
  "test_results": {
    "test_loss": 0.004111789340153336,
    "test_psnr": 23.87068872680664,
    "test_ssim": 0.9230133908271789
  }
}