{
  "args": {
    "device": "cuda:2",
    "exp_home": "./results",
    "ds_name": "imagenet32",
    "mode": "denoising",
    "noise_std": 0.25,
    "down_scale": 2.0,
    "model_type": "conventional",
    "latent_dim": 3072,
    "hidden_dims": [
      3546,
      3546,
      3546,
      3546,
      3546,
      3546,
      3546,
      3546
    ],
    "wo_Win": false,
    "fix_Win": false,
    "I_Win": true,
    "batch_size": 512,
    "epochs": 2,
    "lr": 0.0003,
    "use_augmentation": true,
    "aug_num": 4,
    "run_id": 2,
    "seed": 42
  },
  "training_logs": {
    "train_losses": [
      0.013681920571252703,
      0.009132486728951335,
      0.008511986250057817,
      0.008213137428276241,
      0.007966310151852667,
      0.007820014615543186,
      0.00767698428966105,
      0.007580782893113792,
      0.007487322921864688,
      0.007405702793970704,
      0.007296776166185737,
      0.007249100839719177,
      0.0071863429667428135,
      0.0070928303152322765,
      0.007038335468620062,
      0.006964854497462511,
      0.006902350074611604,
      0.006832728242501617,
      0.006824194937944412,
      0.006719841091893613,
      0.006678457967936992,
      0.00663873502612114,
      0.006558109880425036,
      0.006512151727452874,
      0.006461671736091376,
      0.0064293325748294595,
      0.006371602023951709,
      0.006330282782204449,
      0.006287697608582676,
      0.006236995669081807,
      0.006207683039829135,
      0.0061596273360773925,
      0.006111815323121846,
      0.006073155038058758,
      0.006030643061734736,
      0.005985263987444341,
      0.005946435116231442,
      0.005913134871982038,
      0.005878708053380251,
      0.005840318690985441
    ],
    "eval_losses": [
      0.0081046075335145,
      0.007391326220333576,
      0.007057085698544979,
      0.006783230362385512,
      0.006504214752316475,
      0.0062044264635443686,
      0.0060040892736613755,
      0.005815753567963838
    ],
    "psnr": [
      20.91469726928711,
      21.314848029785157,
      21.515760247802735,
      21.68761356567383,
      21.87010361755371,
      22.075128662719727,
      22.21757901611328,
      22.35608477355957
    ],
    "best_epoch": null,
    "best_step": 20000,
    "best_eval_loss": 0.005815753567963838
  },
  "test_results": {
    "test_loss": 0.005805580081492663,
    "test_psnr": 22.36415168701172
  }
}