{
  "args": {
    "device": "cuda:8",
    "exp_home": "./results",
    "ds_name": "mnist",
    "mode": "denoising",
    "noise_std": 0.25,
    "down_scale": 2.0,
    "model_type": "conventional",
    "latent_dim": 784,
    "hidden_dims": [
      1150,
      1150,
      1150,
      1150,
      1150,
      1150
    ],
    "wo_Win": false,
    "fix_Win": true,
    "I_Win": false,
    "batch_size": 128,
    "epochs": 100,
    "lr": 0.0005,
    "use_augmentation": true,
    "aug_num": 2,
    "run_id": 2,
    "seed": 42
  },
  "training_logs": {
    "train_losses": [
      0.014306414521932601,
      0.0073741786822676654,
      0.006617327368557453,
      0.006241827184408903,
      0.00599976279899478,
      0.005861194160431624,
      0.005723900261819363,
      0.005608313209861517,
      0.005494541763663292,
      0.0054268217650055885,
      0.0053432388906180855,
      0.005265429455190897,
      0.005213743886500597,
      0.005159007317125797,
      0.005134282886981964,
      0.005059610686153173,
      0.0050171037705242635,
      0.004972328881919384,
      0.004941303091943264,
      0.004902437790334225,
      0.004867690702676773,
      0.004823962528854609,
      0.004798203241378069,
      0.004767328244000673,
      0.004735677361190319,
      0.0047080224359035494,
      0.0046796686179935935,
      0.0046624531237781045,
      0.0046215789045393465,
      0.004601050234287977,
      0.004565683686733246,
      0.004541216558665037,
      0.004528520350754261,
      0.004510674387812615,
      0.004480668238997459,
      0.004458344860374928,
      0.004438831704109907,
      0.00441109144538641,
      0.004395154249370098,
      0.004373842219114303,
      0.004348953277021646,
      0.004332045182436704,
      0.004310575352609158,
      0.004294715868383646,
      0.0042768617361783985,
      0.004263042909950018,
      0.004244544806480408,
      0.004226761264652014,
      0.0042061010405421255,
      0.0041814335729181765,
      0.004176971395760775,
      0.004153112180978059,
      0.004138206505477428,
      0.004126103421002627,
      0.004107340366095304,
      0.00408921467512846,
      0.004073138783425093,
      0.004064264317899942,
      0.004047458106130362,
      0.004031371155828237,
      0.004020338114351034,
      0.003993942495584488,
      0.003987330459803343,
      0.0039648625749349594,
      0.003952296992987395,
      0.003934597195982933,
      0.003923418573588133,
      0.003907579045891762,
      0.0038954920168220997,
      0.003874906996935606,
      0.003859990604966879,
      0.003846334554105997,
      0.003831169016957283,
      0.0038171470826864244,
      0.0037981308080255985,
      0.0037860316608846188,
      0.0037693382346630096,
      0.0037478348775207997,
      0.0037422658574581148,
      0.0037237759168446062,
      0.0037064182175695895,
      0.003687349536716938,
      0.0036715012151002885,
      0.0036539510801434517,
      0.0036385117200016977,
      0.0036316313469409943,
      0.00361501096367836,
      0.00359813278272748,
      0.003577116150856018,
      0.0035653517703711987,
      0.003547910268753767,
      0.0035297473722696302,
      0.0035185645547509193,
      0.003496488607674837,
      0.0034823056998103856,
      0.0034715183895826338,
      0.0034530625489354134,
      0.003438852820545435,
      0.003430930943712592,
      0.0034164938425272702
    ],
    "eval_losses": [
      0.005654103863239288,
      0.005197335527092219,
      0.004914901665598154,
      0.004741187269985676,
      0.004555846323817969,
      0.004480222419649363,
      0.00433884665966034,
      0.004292828260362148,
      0.004234805121272802,
      0.004169954868406057,
      0.004057461816817522,
      0.004017032267898321,
      0.0039822642870247366,
      0.0038993618942797185,
      0.0038528056003153325,
      0.003802263010293245,
      0.0037451060228049756,
      0.0036937044493854047,
      0.0036457488778978584,
      0.0036156854942440988
    ],
    "psnr": [
      22.47813522644043,
      22.844123104858397,
      23.087120877075197,
      23.243002087402346,
      23.416178625488282,
      23.488909603881837,
      23.62831875,
      23.674844375610352,
      23.73384306640625,
      23.800311596679688,
      23.91973829345703,
      23.962558392333985,
      24.001292510986328,
      24.091797076416015,
      24.144302056884765,
      24.20166515197754,
      24.26741922302246,
      24.32762770690918,
      24.38448579711914,
      24.420423333740235
    ],
    "best_epoch": 100,
    "best_step": null,
    "best_eval_loss": 0.0036156854942440988
  },
  "test_results": {
    "test_loss": 0.0036119396664202213,
    "test_psnr": 24.43229077758789
  }
}