{
  "args": {
    "device": "cuda:6",
    "exp_home": "./results",
    "ds_name": "mnist",
    "mode": "denoising",
    "noise_std": 0.25,
    "down_scale": 2.0,
    "model_type": "conventional",
    "latent_dim": 784,
    "hidden_dims": [
      1150,
      1150,
      1150,
      1150,
      1150,
      1150,
      1150,
      1150,
      1150,
      1150,
      1150,
      1150,
      1150,
      1150,
      1150
    ],
    "wo_Win": false,
    "fix_Win": true,
    "I_Win": true,
    "batch_size": 128,
    "epochs": 100,
    "lr": 5e-05,
    "use_augmentation": true,
    "aug_num": 2,
    "run_id": 1,
    "seed": 42
  },
  "training_logs": {
    "train_losses": [
      0.02056054824054241,
      0.008488009922802449,
      0.007036442286968231,
      0.006342807487249374,
      0.005916168594807387,
      0.005617072554528714,
      0.005398959647268057,
      0.005222620433419943,
      0.005083076597750187,
      0.004967371102720499,
      0.004869379028081894,
      0.00478229286134243,
      0.004707097517102957,
      0.004639592402279377,
      0.004579451609998941,
      0.004530018161088228,
      0.0044864531800150875,
      0.0044352066785097125,
      0.00439695559233427,
      0.00436026893183589,
      0.0043239831453561785,
      0.004287797729372978,
      0.004259848236590624,
      0.004223946349918842,
      0.004201044827252627,
      0.004168091056644917,
      0.004140834160298109,
      0.004123847753405571,
      0.004101032858639955,
      0.004080234928280115,
      0.004058135564774275,
      0.004033142754733562,
      0.004014556764215231,
      0.004000509399026632,
      0.00397658998593688,
      0.003961088381558657,
      0.003942443746030331,
      0.003923099461048842,
      0.003911454727053642,
      0.0038898630462586878,
      0.003886038685888052,
      0.0038634356859326363,
      0.00384936912342906,
      0.003834232801347971,
      0.003819173718243837,
      0.0038062857869267464,
      0.0037866267409920693,
      0.0037819746428728106,
      0.0037681421761214732,
      0.0037541935747861864,
      0.0037402630269527436,
      0.0037310865189135074,
      0.003720386229902506,
      0.0037089074082672594,
      0.003695678112655878,
      0.00368229441806674,
      0.003675683478862047,
      0.003664439099505544,
      0.003657462458759546,
      0.003640241116434336,
      0.0036365197406709195,
      0.0036260377506911754,
      0.003612524136304855,
      0.003605108000189066,
      0.0035941367979347707,
      0.0035814761358499525,
      0.003578237101212144,
      0.0035721685579419137,
      0.0035575337102264166,
      0.003551930571347475,
      0.0035390291184186936,
      0.0035338610780239104,
      0.0035276732765138147,
      0.003515925521403551,
      0.0035083769051730634,
      0.0035024123461544513,
      0.003494556885957718,
      0.0034870031497627497,
      0.003475535158216953,
      0.003470253781825304,
      0.003464951164275408,
      0.0034579030652344225,
      0.0034541574017703533,
      0.003439098650366068,
      0.003435706274956465,
      0.00343117755189538,
      0.0034247960482537746,
      0.0034218882951140405,
      0.0034138278324902056,
      0.003408399639055133,
      0.003401047872453928,
      0.003392506257072091,
      0.00339025861851871,
      0.003383031674474478,
      0.003385313251018524,
      0.0033729018093645573,
      0.0033751914736628533,
      0.0033672474618256093,
      0.0033582786126434803,
      0.003357978708446026
    ],
    "eval_losses": [
      0.005484937820583582,
      0.00475085419267416,
      0.004431285949796439,
      0.004346176509559155,
      0.004205306053906679,
      0.004105162209272385,
      0.004055414521694184,
      0.004009914036095142,
      0.003981748536974192,
      0.003935607729852199,
      0.003889999887347221,
      0.003847493678331375,
      0.0038382645666599274,
      0.0037966309458017347,
      0.003770859604328871,
      0.003757698881626129,
      0.0037405540615320205,
      0.0037085863523185253,
      0.0036946513429284094,
      0.003687606952339411
    ],
    "psnr": [
      22.610623928833007,
      23.23446424255371,
      23.53678647766113,
      23.62086479797363,
      23.764313845825196,
      23.868809591674804,
      23.92208471069336,
      23.97056918334961,
      24.00100368041992,
      24.052244403076173,
      24.102586837768555,
      24.150327392578124,
      24.16136406555176,
      24.208513781738283,
      24.237394943237305,
      24.252861962890623,
      24.272751025390626,
      24.309848532104493,
      24.326542892456054,
      24.334827612304686
    ],
    "best_epoch": 100,
    "best_step": null,
    "best_eval_loss": 0.003687606952339411
  },
  "test_results": {
    "test_loss": 0.0036791615195572377,
    "test_psnr": 24.352287509155275
  }
}