{
  "args": {
    "device": "cuda:4",
    "exp_home": "./results",
    "ds_name": "mnist",
    "mode": "denoising",
    "noise_std": 0.25,
    "down_scale": 2.0,
    "model_type": "conventional",
    "latent_dim": 784,
    "hidden_dims": [
      1150,
      1150,
      1150,
      1150
    ],
    "wo_Win": false,
    "fix_Win": false,
    "I_Win": false,
    "batch_size": 128,
    "epochs": 200,
    "lr": 0.005,
    "use_augmentation": true,
    "aug_num": 2,
    "run_id": 1,
    "seed": 42
  },
  "training_logs": {
    "train_losses": [
      0.1267245071554184,
      0.12646262407302855,
      0.12646262356042862,
      0.12646262362480162,
      0.1264626238489151,
      0.12646262380599976,
      0.12646262334823608,
      0.12646262341976167,
      0.12646262318849563,
      0.130163863697052,
      0.13017901988744734,
      0.13017901990413666,
      0.13017902015209198,
      0.1301790203523636,
      0.13017902008533477,
      0.1301790199303627,
      0.1301790196466446,
      0.13017901987552644,
      0.13017901995658873,
      0.13017902012348176,
      0.13017902015209198,
      0.13017902000427245,
      0.13017902009010315,
      0.1301790197992325,
      0.13017902019500732,
      0.13017902001857756,
      0.1301790201807022,
      0.13017902019023894,
      0.13017902040243148,
      0.1301790203332901,
      0.1301790200138092,
      0.13017902049064636,
      0.13017902001857756,
      0.13017901969909668,
      0.1301790196275711,
      0.130179019780159,
      0.130179019947052,
      0.13017902033567427,
      0.13017901983976365,
      0.13017901995658873,
      0.1301790199995041,
      0.13017902000904083,
      0.130179019780159,
      0.13017901968479156,
      0.13017902009487153,
      0.1301790195083618,
      0.13017901947498323,
      0.1301790199661255,
      0.13017901988983155,
      0.13017901957035063,
      0.1301790203332901,
      0.13017901978969573,
      0.1301790199327469,
      0.13017901995182038,
      0.1301790191602707,
      0.1301790202331543,
      0.13017902019023894,
      0.13017902007102966,
      0.13017901982307434,
      0.13017902030944825,
      0.13017901989936828,
      0.13017902040958404,
      0.1301790199804306,
      0.1301790204191208,
      0.13017901966571807,
      0.13017901982784272,
      0.13017901997089387,
      0.13017901969909668,
      0.13017901990890504,
      0.13017902006149293,
      0.13017901995182038,
      0.13017902004718782,
      0.13017902004241944,
      0.13017902000427245,
      0.13017902009010315,
      0.13017901977062224,
      0.1301790198945999,
      0.13031991090536119,
      0.13038938751935958,
      0.13038938751220702,
      0.13038938713550569,
      0.1303893868637085,
      0.1305234523868561,
      0.130627232131958,
      0.13062723212718963,
      0.13062723252773284,
      0.13062723261356354,
      0.13062723277568816,
      0.1306272318458557,
      0.13062723248004912,
      0.130627232298851,
      0.1306272326850891,
      0.13062723252534866,
      0.13062723237991333,
      0.13062723244667054,
      0.13062723239421845,
      0.1310852420902252,
      0.13127395470619202,
      0.1312739550638199,
      0.13177404425144196,
      0.14498292566776275,
      0.163049049243927,
      0.16304904913425444,
      0.16304904961585998,
      0.16304904958724975,
      0.16304904974460602,
      0.16304904950618743,
      0.16304904948711396,
      0.16304904940605164,
      0.1630490498971939,
      0.1630490495967865,
      0.16304904962539674,
      0.16304904914855958,
      0.16304904901027678,
      0.1630490496301651,
      0.1630490490579605,
      0.16304904908180237,
      0.16304904893398284,
      0.16304904928207398,
      0.16304904908657075,
      0.16304904901981354,
      0.16304904961585998,
      0.1630490490722656,
      0.16304904924869537,
      0.16304904941558837,
      0.16304904957771302,
      0.16304905014038085,
      0.16304904982566834,
      0.1630490493297577,
      0.16304904942512513,
      0.16304904902935027,
      0.16304904997825623,
      0.16304904881000518,
      0.1630490494775772,
      0.1630490493631363,
      0.16304904965877534,
      0.16304904960155486,
      0.1630490494441986,
      0.16304904996395111,
      0.1630490491247177,
      0.1630490493106842,
      0.16304904909610748,
      0.16304904959201813,
      0.16304904925346375,
      0.16304904957294464,
      0.1630490495157242,
      0.16304904884338378,
      0.16304904963493347,
      0.16304904928684236,
      0.163049049243927,
      0.16304904955863952,
      0.16304904922485353,
      0.16304904973506928,
      0.1630490500497818,
      0.16304904957294464,
      0.16304904941558837,
      0.16304904962062836,
      0.16304904965877534,
      0.16304904945373536,
      0.1630490491247177,
      0.16304904963493347,
      0.16304904895305633,
      0.16304904939174653,
      0.16304904933929443,
      0.16304904984951019,
      0.16304904873371123,
      0.1630490490436554,
      0.1630490494632721,
      0.16304904923439026,
      0.1630490491437912,
      0.16304904975414275,
      0.16304904957294464,
      0.1630490491247177,
      0.16304904935359954,
      0.163049050154686,
      0.16304904953956603,
      0.1630490495491028,
      0.16304904911994933,
      0.16304904917240143,
      0.16304904902458192,
      0.16304904938220977,
      0.1632758673477173,
      0.16409961326122283,
      0.1640996127319336,
      0.16409961316108704,
      0.16409961323738098,
      0.1640996133375168,
      0.16409961314678193,
      0.16409961382865906,
      0.16409961332798004,
      0.1640996134853363,
      0.1640996132707596,
      0.16409961378574373,
      0.164099614109993,
      0.1640996131181717,
      0.16409961353302002,
      0.16409961369991302,
      0.1640996132993698,
      0.16409961349487304,
      0.1640996129989624
    ],
    "eval_losses": [
      0.1255726084113121,
      0.12687594475746156,
      0.12687594475746156,
      0.12687594475746156,
      0.12687594475746156,
      0.12687594475746156,
      0.12687594475746156,
      0.12687594475746156,
      0.12687594475746156,
      0.12687594475746156,
      0.12687594475746156,
      0.12687594475746156,
      0.12687594475746156,
      0.12687594475746156,
      0.12687594475746156,
      0.12698497402668,
      0.1273228992700577,
      0.1273228992700577,
      0.1273228992700577,
      0.1311939393758774,
      0.16157119750976562,
      0.16157119750976562,
      0.16157119750976562,
      0.16157119750976562,
      0.16157119750976562,
      0.16157119750976562,
      0.16157119750976562,
      0.16157119750976562,
      0.16157119750976562,
      0.16157119750976562,
      0.16157119750976562,
      0.16157119750976562,
      0.16157119750976562,
      0.16157119750976562,
      0.16157119750976562,
      0.16157119750976562,
      0.16263108265399934,
      0.16263108265399934,
      0.16263108265399934,
      0.16263108265399934
    ],
    "psnr": [
      9.012254145812989,
      8.96730065460205,
      8.96730065460205,
      8.96730065460205,
      8.96730065460205,
      8.96730065460205,
      8.96730065460205,
      8.96730065460205,
      8.96730065460205,
      8.96730065460205,
      8.96730065460205,
      8.96730065460205,
      8.96730065460205,
      8.96730065460205,
      8.96730065460205,
      8.963546705627442,
      8.951982675170898,
      8.951982675170898,
      8.951982675170898,
      8.821752565002441,
      7.916642929840088,
      7.916642929840088,
      7.916642929840088,
      7.916642929840088,
      7.916642929840088,
      7.916642929840088,
      7.916642929840088,
      7.916642929840088,
      7.916642929840088,
      7.916642929840088,
      7.916642929840088,
      7.916642929840088,
      7.916642929840088,
      7.916642929840088,
      7.916642929840088,
      7.916642929840088,
      7.888240709686279,
      7.888240709686279,
      7.888240709686279,
      7.888240709686279
    ],