{
  "args": {
    "device": "cuda:7",
    "exp_home": "./results",
    "ds_name": "mnist",
    "mode": "denoising",
    "noise_std": 0.25,
    "down_scale": 2.0,
    "model_type": "conventional",
    "latent_dim": 784,
    "hidden_dims": [
      905
    ],
    "wo_Win": false,
    "fix_Win": false,
    "I_Win": false,
    "wo_Wout": false,
    "batch_size": 128,
    "epochs": 30,
    "lr": 0.001,
    "use_augmentation": false,
    "aug_num": 2,
    "run_id": 3,
    "seed": 42
  },
  "training_logs": {
    "train_losses": [
      0.01803875146627426,
      0.007168470525294542,
      0.006240626297444105,
      0.0057892954468727114,
      0.005465081280469895,
      0.005269281069636345,
      0.005108806572258473,
      0.004946789997518063,
      0.004831333319842816,
      0.004731964732110501,
      0.0046402792535722255,
      0.004570386589318514,
      0.004494070322811603,
      0.004436593885868788,
      0.004373332429826259,
      0.004322561756223441,
      0.004269798432141542,
      0.004224190778136253,
      0.004163744304329157,
      0.004107294522970915,
      0.0040601487602293495,
      0.00401212228089571,
      0.003961473405957222,
      0.003929507811665535,
      0.0038821553231775763,
      0.003835868344306946,
      0.0037891601778566836,
      0.0037463081260770558,
      0.0037023049476742746,
      0.0036674064622819426
    ],
    "eval_losses": [
      0.005567022410035133,
      0.004723499882221222,
      0.004412499943375587,
      0.004219519931823015,
      0.003956039737910032,
      0.0037738341704010962
    ],
    "psnr": [
      22.546066131591797,
      23.25974331970215,
      23.55518716430664,
      23.749221618652342,
      24.029328500366212,
      24.23422082519531
    ],
    "ssim": [
      0.8672172496795655,
      0.9168174543380737,
      0.9146489166259766,
      0.9184405772209168,
      0.930537254524231,
      0.9374868810653687
    ],
    "best_epoch": 30,
    "best_step": null,
    "best_eval_loss": 0.0037738341704010962
  },
  "test_results": {
    "test_loss": 0.0037330899871885776,
    "test_psnr": 24.28734591369629,
    "test_ssim": 0.9391625082015991
  }
}