{
  "args": {
    "device": "cuda:9",
    "exp_home": "./results",
    "ds_name": "mnist",
    "mode": "generative_classification",
    "noise_std": 0.25,
    "down_scale": 2.0,
    "model_type": "conventional",
    "latent_dim": 784,
    "hidden_dims": [
      905,
      905,
      905
    ],
    "wo_Win": true,
    "fix_Win": false,
    "I_Win": false,
    "wo_Wout": true,
    "batch_size": 128,
    "epochs": 50,
    "lr": 0.001,
    "use_augmentation": false,
    "aug_num": 2,
    "run_id": 1,
    "seed": 42
  },
  "training_logs": {
    "train_losses": [
      0.0111398311907053,
      0.005293496469706297,
      0.004141516693383455,
      0.0034534013362228872,
      0.002927015068754554,
      0.002550696337521076,
      0.0023436471226811408,
      0.002072597714215517,
      0.0018250660988688469,
      0.0018135654150694608,
      0.0016055904817581176,
      0.001584849346242845,
      0.0013032107745297253,
      0.0012789719954133033,
      0.0012574122805893422,
      0.0011725909997150302,
      0.0010103193742781878,
      0.000977230107486248,
      0.0009352154848352074,
      0.0008572197432816028,
      0.0008497662713192404,
      0.0007824515715055167,
      0.0007388244839757681,
      0.0007058044969663024,
      0.0006816080845519901,
      0.0005852073322981596,
      0.0005587921854108573,
      0.0006640406355261803,
      0.0005213335192203522,
      0.0005074143151473254,
      0.000477193466341123,
      0.0003762777387537062,
      0.0003848241562861949,
      0.0003549045586120337,
      0.0003390160433761775,
      0.00030873927081003785,
      0.00031385664888191966,
      0.00025872786447405814,
      0.0002674190821684897,
      0.00025104254297912123,
      0.00022964377563912421,
      0.0001433299092762172,
      0.000132179904228542,
      0.00012652178316377102,
      0.00011078431392321362,
      9.702010289067402e-05,
      8.853972805896774e-05,
      8.57338698208332e-05,
      7.670577054377645e-05,
      7.018308802274987e-05
    ],
    "eval_losses": [
      0.004605491986125708,
      0.0038976237289607527,
      0.0041784542330540715,
      0.003849241027235985,
      0.0037021735735237597,
      0.0036280967824161054,
      0.0029949419911485167,
      0.0032957090645562856,
      0.003089452730747871,
      0.0029577204486937263
    ],
    "psnr": [
      23.58562840270996,
      24.39234471435547,
      24.07570114135742,
      24.56865415649414,
      24.774564111328125,
      24.964313439941407,
      25.862807513427736,
      25.549111444091796,
      25.98810915527344,
      26.078480090332032
    ],
    "ssim": [
      0.964288430404663,
      0.9704873670578003,
      0.9716178820610046,
      0.9738753849983215,
      0.9745168573379517,
      0.975848526763916,
      0.9800104744911193,
      0.9788337596893311,
      0.980252911567688,
      0.9811966244697571
    ],
    "best_epoch": 50,
    "best_step": null,
    "best_eval_loss": 0.0029577204486937263
  },
  "test_results": {
    "test_loss": 0.002923271414032206,
    "test_psnr": 27.46114825439453,
    "test_ssim": 0.9814066279411315
  }
}