{
  "args": {
    "device": "cuda:8",
    "exp_home": "./results",
    "ds_name": "mnist",
    "mode": "denoising",
    "noise_std": 0.25,
    "down_scale": 2.0,
    "model_type": "conventional",
    "latent_dim": 784,
    "hidden_dims": [
      785,
      785,
      785,
      785
    ],
    "wo_Win": false,
    "fix_Win": false,
    "I_Win": false,
    "wo_Wout": false,
    "batch_size": 128,
    "epochs": 30,
    "lr": 0.0001,
    "use_augmentation": false,
    "aug_num": 2,
    "run_id": 2,
    "seed": 42
  },
  "training_logs": {
    "train_losses": [
      0.029251345692873,
      0.01097775444626808,
      0.008525365532040596,
      0.007497239365279675,
      0.00684585148870945,
      0.0064186765855550765,
      0.006091289753615856,
      0.005847233829945325,
      0.005648678760230542,
      0.005503590014129877,
      0.0053555634021759035,
      0.005246633999943733,
      0.005146050997674465,
      0.0050606309613585474,
      0.004986423572003841,
      0.004912126686125994,
      0.004847220588773489,
      0.004811439605355263,
      0.004753974544852972,
      0.004704265320301056,
      0.004665383801013231,
      0.004622082630097866,
      0.004594760048389435,
      0.004560005073696375,
      0.004527268685847521,
      0.004505192979872227,
      0.004485097192525864,
      0.004459516138732434,
      0.004434347225874663,
      0.004417061712443829
    ],
    "eval_losses": [
      0.006343713986873627,
      0.005298271428793668,
      0.0049341374829411505,
      0.004690490237623453,
      0.004553558304160834,
      0.004477112688869238
    ],
    "psnr": [
      21.979800390625,
      22.761720651245117,
      23.0710632019043,
      23.29019318847656,
      23.419215023803712,
      23.492802618408202
    ],
    "ssim": [
      0.8816020257949829,
      0.905025578212738,
      0.9139544705390931,
      0.9197089563369751,
      0.9226626879692078,
      0.92548168258667
    ],
    "best_epoch": 30,
    "best_step": null,
    "best_eval_loss": 0.004477112688869238
  },
  "test_results": {
    "test_loss": 0.004422875312715769,
    "test_psnr": 23.555296084594726,
    "test_ssim": 0.9274351894378662
  }
}