{
  "args": {
    "device": "cuda:1",
    "exp_home": "./results",
    "ds_name": "mnist",
    "mode": "generative_classification",
    "noise_std": 0.25,
    "down_scale": 2.0,
    "model_type": "conventional",
    "latent_dim": 784,
    "hidden_dims": [
      1150
    ],
    "wo_Win": false,
    "fix_Win": true,
    "I_Win": true,
    "batch_size": 128,
    "epochs": 100,
    "lr": 0.0001,
    "use_augmentation": false,
    "aug_num": 2,
    "run_id": 2,
    "seed": 42
  },
  "training_logs": {
    "train_losses": [
      0.03601546610444784,
      0.011647353545725346,
      0.00900289192661643,
      0.00756733556047082,
      0.006611346855461597,
      0.005910928873568773,
      0.005389637622237205,
      0.004986209768205881,
      0.00460347012013197,
      0.004294389454573393,
      0.004017068932950497,
      0.0037834749940782787,
      0.0035849879576265813,
      0.0033804046654701235,
      0.0032130003382265567,
      0.0030424505323171616,
      0.0029200115860253573,
      0.002788620022535324,
      0.0026602232023328542,
      0.0025659780114889144,
      0.002448957462832332,
      0.0023529518646001816,
      0.0022816426104307177,
      0.0022092132628709076,
      0.0021507108963280917,
      0.0020715001691132785,
      0.0020098075169324874,
      0.001955684876218438,
      0.0018894887562096118,
      0.0018389063268899918,
      0.0017881667498499156,
      0.0017472457371652127,
      0.0017104323168471455,
      0.0016631863614171743,
      0.0016410791847109795,
      0.00159725118085742,
      0.0015687498500198125,
      0.001522941142320633,
      0.0015184761844575405,
      0.001476032833829522,
      0.0014409875755384564,
      0.0014250251415371894,
      0.0014007348146662117,
      0.0013767034818977118,
      0.0013504539468884467,
      0.0013362369262054563,
      0.0013158179208263754,
      0.0012900315934792162,
      0.0012697964074462652,
      0.0012576169554889202,
      0.0012401189504563808,
      0.0012140822798758744,
      0.0012169810910895467,
      0.0011915817294642329,
      0.0011862336748093367,
      0.0011718707253038883,
      0.0011596126025542617,
      0.0011499652906134725,
      0.00113048613242805,
      0.0011218963377550245,
      0.0011020585898309945,
      0.001100478920377791,
      0.0010879751577600838,
      0.00107157951541245,
      0.0010706612337008118,
      0.0010475170657783747,
      0.0010453563813865184,
      0.0010341532109118998,
      0.0010338889802619816,
      0.0010271394235268235,
      0.0010082266616821289,
      0.0009983337200060486,
      0.0009988680203258991,
      0.0009882862715423107,
      0.000978441693317145,
      0.0009696516827121377,
      0.0009698822706565261,
      0.0009711581237241626,
      0.0009524428426101804,
      0.0009434356942400336,
      0.0009390618341602385,
      0.0009423168071731926,
      0.000924446152485907,
      0.0009209370329417288,
      0.00091776321567595,
      0.0009091850350610911,
      0.0009111111626774073,
      0.0009066899079456925,
      0.0009024334961175919,
      0.0008960367140918971,
      0.0008921850811317564,
      0.0008929023116081953,
      0.0008917191172018648,
      0.0008821856907941401,
      0.0008842410468123854,
      0.000871644999179989,
      0.0008689026783034205,
      0.0008637206303328276,
      0.0008586899477243423,
      0.0008575987745635212
    ],
    "eval_losses": [
      0.007119642981141806,
      0.005984043483436108,
      0.0056869865506887435,
      0.005455328501015901,
      0.005282388711720705,
      0.005098497742414474,
      0.004905394665896893,
      0.004949605438858271,
      0.004961633885651827,
      0.00482579859495163,
      0.004776839168742299,
      0.004879764975607395,
      0.0048375405199825765,
      0.004609277016669511,
      0.004886762422323227,
      0.0047457435473799705,
      0.004769364378228783,
      0.004850058818608522,
      0.0046092560097575185,
      0.0046835341237485405
    ],
    "psnr": [
      21.57619953918457,
      22.350953411865234,
      22.565816314697265,
      22.754335522460938,
      22.89053894958496,
      23.064711282348632,
      23.21894049987793,
      23.19609910583496,
      23.187841134643556,
      23.306676333618164,
      23.3689908782959,
      23.26666316833496,
      23.29183238220215,
      23.511408322143556,
      23.24072171020508,
      23.38564966430664,
      23.356002587890625,
      23.29847237548828,
      23.52155903930664,
      23.44474292297363
    ],
    "best_epoch": 95,
    "best_step": null,
    "best_eval_loss": 0.0046092560097575185
  },
  "test_results": {
    "test_loss": 0.004708589296601713,
    "test_psnr": 23.895559619140624
  }
}