{
  "args": {
    "device": "cuda:2",
    "exp_home": "./results",
    "ds_name": "mnist",
    "mode": "generative_classification",
    "noise_std": 0.25,
    "down_scale": 2.0,
    "model_type": "conventional",
    "latent_dim": 784,
    "hidden_dims": [
      785,
      785,
      785,
      785
    ],
    "wo_Win": true,
    "fix_Win": false,
    "I_Win": false,
    "wo_Wout": true,
    "batch_size": 128,
    "epochs": 100,
    "lr": 0.0001,
    "use_augmentation": true,
    "aug_num": 4,
    "run_id": 1,
    "seed": 42
  },
  "training_logs": {
    "train_losses": [
      0.01478107185959816,
      0.005311596618741751,
      0.003951000624373555,
      0.003202759253010154,
      0.0026948335857875645,
      0.002320736507028341,
      0.0020780294220522047,
      0.0018354033660702407,
      0.0016666792007908225,
      0.0015128520475141704,
      0.0014016815790813416,
      0.001276553965266794,
      0.0011985250675771385,
      0.001104002105752006,
      0.001030392692135647,
      0.000969285773448646,
      0.0009175727134756743,
      0.00083431506046094,
      0.0008139087718585506,
      0.0007613132018269971,
      0.0007251468651881442,
      0.0007112994277942926,
      0.0006314450537459925,
      0.0006506545320013539,
      0.0006146463899454102,
      0.0005555218568816781,
      0.0005413841748656705,
      0.0005201162301469594,
      0.0005315625255741179,
      0.00046305748677346855,
      0.000468462079577148,
      0.00043725630529224875,
      0.00043175203511025757,
      0.0004095154449529946,
      0.0003841743508959189,
      0.00038294415840413424,
      0.0003700522387214005,
      0.0003427505277702585,
      0.00033219018899835646,
      0.0003191287495661527,
      0.0003052226801542565,
      0.0003137485007429495,
      0.00028769815743900836,
      0.0002729361985437572,
      0.00027842579807154836,
      0.0002692404896533117,
      0.00023887609278783203,
      0.00024801992912776766,
      0.00021726289372192694,
      0.00020345555088715627,
      0.00023103245698148384,
      0.00019830722712446005,
      0.00020648223945172504,
      0.00018695118953241036,
      0.00018690825127530843,
      0.00018305292695062236,
      0.0001747758121066727,
      0.00017387962345266714,
      0.0001585968164470978,
      0.00017458755389321596,
      0.00014967226057080552,
      0.00014639823186327704,
      0.00013778447199845687,
      0.00013495412403484808,
      0.00013400441939244047,
      0.00011816838235128671,
      0.00012088953939266503,
      0.00011663882842287421,
      0.00011099770183674991,
      9.929594858083875e-05,
      9.146840140689164e-05,
      9.273975789546967e-05,
      9.821315792389215e-05,
      8.9336748579517e-05,
      8.218672351213172e-05,
      7.69813887483906e-05,
      7.93644853879232e-05,
      6.876054996042513e-05,
      6.605767492204904e-05,
      7.20121493935585e-05,
      5.853095339727588e-05,
      5.802727725007571e-05,
      5.527695451513864e-05,
      5.392726426012814e-05,
      5.040277811116539e-05,
      4.8354426723672075e-05,
      4.561845112824812e-05,
      4.614321688539348e-05,
      4.35074564232491e-05,
      4.062427178956568e-05,
      3.957789051462896e-05,
      3.6077037105569614e-05,
      3.4862165693193675e-05,
      3.4622703597415236e-05,
      3.300087738200091e-05,
      3.2589391914661974e-05,
      3.1263566649286076e-05,
      2.943343580351211e-05,
      3.0035788906970993e-05,
      2.8786616605939344e-05
    ],
    "eval_losses": [
      0.0034519412232097237,
      0.0031453868101962144
    ],
    "psnr": [
      25.18595319824219,
      25.68920098876953
    ],
    "ssim": [
      0.978069792175293,
      0.9801506901741028
    ],
    "best_epoch": 100,
    "best_step": null,
    "best_eval_loss": 0.0031453868101962144
  },
  "test_results": {
    "test_loss": 0.0032579540317208737,
    "test_psnr": 27.238012921142577,
    "test_ssim": 0.9799462368011475
  }
}