{
  "args": {
    "device": "cuda:1",
    "exp_home": "./results",
    "ds_name": "mnist",
    "mode": "denoising",
    "noise_std": 0.25,
    "down_scale": 2.0,
    "model_type": "conventional",
    "latent_dim": 784,
    "hidden_dims": [
      1150
    ],
    "wo_Win": false,
    "fix_Win": false,
    "I_Win": true,
    "batch_size": 128,
    "epochs": 100,
    "lr": 5e-05,
    "use_augmentation": true,
    "aug_num": 4,
    "run_id": 1,
    "seed": 42
  },
  "training_logs": {
    "train_losses": [
      0.028308343509435653,
      0.009520228261351585,
      0.007250251995325089,
      0.006320604131519795,
      0.00582234751611948,
      0.005504007918089629,
      0.005286367343664169,
      0.005129699241071939,
      0.005019824809283018,
      0.004911459640860557,
      0.004836255615055561,
      0.0047697592629492285,
      0.004712821785062551,
      0.004658243465870618,
      0.00462033259421587,
      0.00457791489392519,
      0.004542619715631008,
      0.004511997377574444,
      0.004483509883731604,
      0.004455475525707006,
      0.004428118831813335,
      0.00440492899954319,
      0.004387510022670031,
      0.004367849271297455,
      0.004346617678552866,
      0.004329274849891662,
      0.004310599710643292,
      0.004293756370097399,
      0.004280764150619507,
      0.004264971008449793,
      0.004252745416015387,
      0.004241440647989512,
      0.00421958559691906,
      0.004213658270835877,
      0.0042021407081186775,
      0.0041903697350621225,
      0.004181209405362606,
      0.00416991102039814,
      0.004157373047471047,
      0.004145007278323174,
      0.0041408332927525045,
      0.004132226468324661,
      0.004120038750469685,
      0.00411534918949008,
      0.004107748868763447,
      0.0041018957923352715,
      0.004091143775731325,
      0.004087236667871475,
      0.004077812504768371,
      0.0040724241085350514,
      0.004064053441882133,
      0.004058507550507784,
      0.004049836051464081,
      0.004049234005063772,
      0.004039759400188923,
      0.004032547267824411,
      0.004030889014005661,
      0.004024148956686258,
      0.004017378533631563,
      0.004013361030369997,
      0.004007023365274072,
      0.004002628977894783,
      0.0039994258587062355,
      0.003991680375784635,
      0.003989861353486776,
      0.00398551023080945,
      0.003984776336550712,
      0.003980366468429565,
      0.003972451767176389,
      0.0039703829703480005,
      0.003967110461294651,
      0.003964371674209833,
      0.003961692976206541,
      0.00395732121527195,
      0.003954733978509903,
      0.003954284384846687,
      0.00394797712430358,
      0.003945499164909124,
      0.003943235028088092,
      0.003940230706483126,
      0.003939198713898659,
      0.0039356829798221585,
      0.003931346881836653,
      0.003927772567421198,
      0.003927434058338404,
      0.0039263998547196385,
      0.003925741107463836,
      0.003921381922364235,
      0.003918588124662638,
      0.003917905413657427,
      0.003914843625575304,
      0.003914030023217201,
      0.003910367327481509,
      0.003909918651282787,
      0.0039109897537529465,
      0.003908451417684555,
      0.003907790561169386,
      0.003904882715791464,
      0.0039030160961300133,
      0.003903462665975094
    ],
    "eval_losses": [
      0.005387286357581615,
      0.004670273767411709,
      0.0044201466120779515,
      0.004313771589100361,
      0.004229588738828898,
      0.004156345859915018,
      0.004078823335468769,
      0.00406778079494834,
      0.004016508988291025,
      0.0039984324976801875,
      0.003969839539378881,
      0.003932652748376131,
      0.003937425328046084,
      0.0038997844599187375,
      0.0038965029366314413,
      0.0038941521428525446,
      0.0038879250921308992,
      0.0038731036216020586,
      0.0038740288615226747,
      0.0038574292078614233
    ],
    "psnr": [
      22.688726217651368,
      23.30851437072754,
      23.54775118408203,
      23.653303756713868,
      23.739165173339845,
      23.814566311645507,
      23.896520556640624,
      23.908528106689452,
      23.963627703857423,
      23.98313074951172,
      24.014394039916994,
      24.054846240234376,
      24.04982311706543,
      24.091515057373048,
      24.095030065917967,
      24.097907778930665,
      24.10471640930176,
      24.121115756225585,
      24.120385174560546,
      24.138684509277343
    ],
    "ssim": [
      0.8815408540725708,
      0.895760867023468,
      0.9054861698150635,
      0.9114206837654114,
      0.9110842733383179,
      0.918713946723938,
      0.9216881172180176,
      0.9257217670440674,
      0.9251179938316345,
      0.9282817510604858,
      0.9311813255310059,
      0.93025240650177,
      0.9307585010528564,
      0.9320204916000366,
      0.9347123181343079,
      0.9337542630195618,
      0.9340219114303588,
      0.9350862261772156,
      0.9362384527206421,
      0.9348288223266602
    ],
    "best_epoch": 100,
    "best_step": null,
    "best_eval_loss": 0.0038574292078614233
  },
  "test_results": {
    "test_loss": 0.003825927520543337,
    "test_psnr": 24.180087118530274,
    "test_ssim": 0.9367612036705018
  }
}