{
  "args": {
    "device": "cuda:1",
    "exp_home": "./results",
    "ds_name": "mnist",
    "mode": "denoising",
    "noise_std": 0.25,
    "down_scale": 2.0,
    "model_type": "conventional",
    "latent_dim": 784,
    "hidden_dims": [
      785,
      785,
      785
    ],
    "wo_Win": false,
    "fix_Win": false,
    "I_Win": false,
    "wo_Wout": false,
    "batch_size": 128,
    "epochs": 100,
    "lr": 0.001,
    "use_augmentation": true,
    "aug_num": 4,
    "run_id": 1,
    "seed": 42
  },
  "training_logs": {
    "train_losses": [
      0.010377112818956376,
      0.0060518580968678,
      0.005489477069675923,
      0.0052673982827365394,
      0.005154916673451662,
      0.005069951990991831,
      0.004999171561896801,
      0.004940106868892908,
      0.004898074553906917,
      0.004848063530772924,
      0.004816842048913241,
      0.0047803936870396135,
      0.004746208134591579,
      0.004721988652050495,
      0.004697523619681597,
      0.004674450260400772,
      0.004652522947490216,
      0.00463260156661272,
      0.004615792267620563,
      0.004596188146919012,
      0.0045798959910869595,
      0.00456738334402442,
      0.004550559115409851,
      0.004537606583684683,
      0.004516234208345413,
      0.004502326904535294,
      0.004484411749243736,
      0.004469404713958501,
      0.004456584473401308,
      0.0044381137183308605,
      0.004422467608600855,
      0.0044054607717692856,
      0.004384963822066784,
      0.004374254985302687,
      0.004362417991608381,
      0.004339801832735538,
      0.004327778542041779,
      0.004311294715553522,
      0.004290072261840105,
      0.004276651534438133,
      0.00425995950832963,
      0.004246787107288838,
      0.004226338469535113,
      0.0042165987958014016,
      0.00419868888258934,
      0.004187642466276884,
      0.00417098464012146,
      0.004159974920004607,
      0.004138710655868054,
      0.004127535011917352,
      0.004112516489177942,
      0.004097951036840677,
      0.00408423668846488,
      0.004072635178118944,
      0.004054805774539709,
      0.004039758475124836,
      0.004030066717714071,
      0.004016692108660937,
      0.00400003515355289,
      0.003988696202784777,
      0.003974082650616765,
      0.0039593784776329995,
      0.003945673511624336,
      0.003929125273302197,
      0.0039164487263560295,
      0.003903066313564777,
      0.0038908995217084887,
      0.003876664956137538,
      0.003859164688140154,
      0.003849174379631877,
      0.00383340558424592,
      0.0038200801641494037,
      0.003806978035271168,
      0.003794865454360843,
      0.0037799932684004305,
      0.0037654455304145813,
      0.0037512189517915247,
      0.0037355627118051053,
      0.0037207279820740224,
      0.003705488668829203,
      0.003691897993311286,
      0.0036773084001243115,
      0.003660690520480275,
      0.0036435202746838333,
      0.0036306097992509605,
      0.0036168177470564844,
      0.00360133429042995,
      0.0035840114783495663,
      0.003567731627672911,
      0.003553304893150926,
      0.003536910679042339,
      0.003521765011548996,
      0.0035043790405243636,
      0.0034895238844305275,
      0.0034754994727671145,
      0.0034608922859281303,
      0.0034446282461285593,
      0.003430356741249561,
      0.003414028907418251,
      0.0034049078076332806
    ],
    "eval_losses": [
      0.005081556633859873,
      0.004820446299761534,
      0.004701624126732349,
      0.00459607703089714,
      0.0044953572727739815,
      0.004466589899361133,
      0.004339099582284689,
      0.0042902124240994455,
      0.004194351434707641,
      0.0041185092844069,
      0.004033489424735308,
      0.00396087249815464,
      0.003910249573737383,
      0.0038144259996712206,
      0.003782620891928673,
      0.0036978042609989645,
      0.003648882836848497,
      0.0035798903197050095,
      0.0035162459224462508,
      0.00344005060531199
    ],
    "psnr": [
      22.941570010375976,
      23.170366580200195,
      23.27870881652832,
      23.37755626220703,
      23.47412424621582,
      23.501574114990234,
      23.627502993774414,
      23.676569149780274,
      23.774861096191405,
      23.854522393798828,
      23.944689135742188,
      24.02334676513672,
      24.07962716369629,
      24.187622824096678,
      24.22363151245117,
      24.322194622802733,
      24.379955252075195,
      24.462801602172853,
      24.540984323120117,
      24.635918911743165
    ],
    "ssim": [
      0.915519409751892,
      0.9292968660354615,
      0.9301218561172485,
      0.930382937335968,
      0.9344083589553833,
      0.9374790705680848,
      0.9366942944526673,
      0.9372063575744629,
      0.9406050505638123,
      0.9416040798187256,
      0.9397918901443482,
      0.939946388912201,
      0.9414847547531128,
      0.9449001211166382,
      0.9436467178344726,
      0.9461370050430298,
      0.9471530744552612,
      0.9482700842857361,
      0.9506841727256775,
      0.9506248517036437
    ],
    "best_epoch": 100,
    "best_step": null,
    "best_eval_loss": 0.00344005060531199
  },
  "test_results": {
    "test_loss": 0.0034244764160364866,
    "test_psnr": 24.661797827148437,
    "test_ssim": 0.9518034749984742
  }
}