{
  "args": {
    "device": "cuda:2",
    "exp_home": "./results",
    "ds_name": "mnist",
    "mode": "generative_classification",
    "noise_std": 0.25,
    "down_scale": 2.0,
    "model_type": "conventional",
    "latent_dim": 784,
    "hidden_dims": [
      1150
    ],
    "wo_Win": true,
    "fix_Win": false,
    "I_Win": false,
    "batch_size": 128,
    "epochs": 100,
    "lr": 0.0001,
    "use_augmentation": true,
    "aug_num": 2,
    "run_id": 3,
    "seed": 42
  },
  "training_logs": {
    "train_losses": [
      0.03149260404676199,
      0.011968219375908374,
      0.009465372645258903,
      0.008199807379543782,
      0.007349499242603779,
      0.00668487916469574,
      0.006186338886767626,
      0.005787506850063801,
      0.005423858988136053,
      0.00509123625651002,
      0.004842685835212469,
      0.004572910148799419,
      0.004394033531397581,
      0.004168899444490671,
      0.004003214219361543,
      0.0038321897400915624,
      0.003699029240608215,
      0.003588332880139351,
      0.003452953513413668,
      0.003365640119612217,
      0.003239501199126244,
      0.00314642966479063,
      0.0030856546391546725,
      0.0029956624732911585,
      0.0029069854244589805,
      0.002855545374751091,
      0.002785294895619154,
      0.002725055511966348,
      0.0026684743286669254,
      0.0026178383201360704,
      0.002570234796255827,
      0.002517959454879165,
      0.0024689660857617856,
      0.002427441040053964,
      0.0024031881210952997,
      0.0023386394579708574,
      0.002308633365184069,
      0.0022905472519248724,
      0.002259066635295749,
      0.0022169989608228206,
      0.002178065373301506,
      0.002159273007661104,
      0.002136098230779171,
      0.0021080850358307364,
      0.002095651098713279,
      0.0020695415261387825,
      0.0020475004999339582,
      0.00201513592839241,
      0.0019849770213663577,
      0.001980869193226099,
      0.0019560091847926377,
      0.0019278452871739865,
      0.001903440365344286,
      0.001898810472264886,
      0.0018671798603236676,
      0.0018505080376565457,
      0.0018439743694663047,
      0.0018278644531220197,
      0.0018128567203879356,
      0.001790958085358143,
      0.0017949537481367589,
      0.0017630235198885203,
      0.001753098162189126,
      0.0017428630250692367,
      0.0017319784197211265,
      0.0017226028532534839,
      0.001703281174302101,
      0.001686701351031661,
      0.001684063863158226,
      0.0016662425170838834,
      0.0016656471015512944,
      0.0016541246066242457,
      0.001641392189413309,
      0.001637085190191865,
      0.001616380172520876,
      0.0016058317268639803,
      0.001596442769765854,
      0.0015979748445749283,
      0.0015767091724276543,
      0.0015706144934147597,
      0.0015658180813491345,
      0.001555447045713663,
      0.0015542387989908456,
      0.0015397918356955052,
      0.0015240084363147615,
      0.0015294770262390374,
      0.0015170036513358354,
      0.0015186256866157055,
      0.0015016385198384523,
      0.0014902964151650667,
      0.001489164436608553,
      0.0014795711656659842,
      0.0014684971094876527,
      0.0014733013813197614,
      0.0014647194427251816,
      0.00145753592453897,
      0.0014563201980292797,
      0.0014456578915938735,
      0.0014404234041273593,
      0.001442051082700491
    ],
    "eval_losses": [
      0.008380234850943089,
      0.007274548348784447,
      0.0067435148164629935,
      0.006447553496807814,
      0.006511548094451427,
      0.006604903621226549,
      0.006285717049241066,
      0.006170993732661009,
      0.006331807453930378,
      0.006148776910454035,
      0.0062974591515958305,
      0.006217366078495979,
      0.006063450807332993,
      0.006292468851804733,
      0.0060124939352273945,
      0.006102725801616907,
      0.006172930952906609,
      0.006117611285299062,
      0.00589495742842555,
      0.005859458944946528
    ],
    "psnr": [
      20.83570922241211,
      21.455143194580078,
      21.80819194946289,
      21.997143142700196,
      21.95975114440918,
      21.904588296508788,
      22.12304566345215,
      22.196267498779296,
      22.084746188354494,
      22.222404144287108,
      22.114589880371092,
      22.171097393798828,
      22.284372055053712,
      22.11009696044922,
      22.324987911987304,
      22.24685521850586,
      22.19819083862305,
      22.241966278076173,
      22.416643014526368,
      22.438282901000978
    ],
    "best_epoch": 100,
    "best_step": null,
    "best_eval_loss": 0.005859458944946528
  },
  "test_results": {
    "test_loss": 0.005654166916757822,
    "test_psnr": 22.9777776763916
  }
}