{
  "args": {
    "device": "cuda:3",
    "exp_home": "./results",
    "ds_name": "mnist",
    "mode": "generative_classification",
    "noise_std": 0.25,
    "down_scale": 2.0,
    "model_type": "conventional",
    "latent_dim": 784,
    "hidden_dims": [
      1150,
      1150,
      1150,
      1150
    ],
    "wo_Win": true,
    "fix_Win": false,
    "I_Win": false,
    "batch_size": 128,
    "epochs": 200,
    "lr": 0.0001,
    "use_augmentation": true,
    "aug_num": 2,
    "run_id": 1,
    "seed": 42
  },
  "training_logs": {
    "train_losses": [
      0.014590613372027874,
      0.004197666791975498,
      0.0029409068758785724,
      0.0023711235814448447,
      0.001921975812241435,
      0.0017366988562047482,
      0.0014911227571591736,
      0.0013634171527251602,
      0.0012277902313880622,
      0.001181826334130019,
      0.0010709062243811785,
      0.0010040816513076426,
      0.0008826150719542056,
      0.0008574815759435296,
      0.0007498596641421318,
      0.0007881099580880254,
      0.000775776406750083,
      0.0006591511991107836,
      0.0006539181156922132,
      0.0006029061872791499,
      0.0005967440077010542,
      0.0006162561023444869,
      0.0005549876736523583,
      0.0005423914976767265,
      0.0004940470253583044,
      0.000500635714395903,
      0.000467149966461584,
      0.0004855027276230976,
      0.00042247928036376835,
      0.0003882922455528751,
      0.00043307180889416485,
      0.0003971952487155795,
      0.0003775300400797278,
      0.0004095101190591231,
      0.00037341634971089664,
      0.00036948343724478035,
      0.0003354713575122878,
      0.0003430270462995395,
      0.0003371136190602556,
      0.00027312088734004645,
      0.0003099515175353736,
      0.00033719540901947767,
      0.0002957786418241449,
      0.0002499215274676681,
      0.00028848755910992625,
      0.00027957445912295953,
      0.00023101763319224118,
      0.00027525968581438063,
      0.00021060341849690303,
      0.0002416421940852888,
      0.00023838299171999097,
      0.0002675730112520978,
      0.00018739950439194218,
      0.00024206077012233436,
      0.0002341559956385754,
      0.0001873113086912781,
      0.0002223971753846854,
      0.00020823409236501902,
      0.00019045318020740525,
      0.0002050557412300259,
      0.00017545151220401748,
      0.0001986604061361868,
      0.00015413073122501374,
      0.00018669828143203632,
      0.00018075428317766636,
      0.00015051531933713705,
      0.0001451920346263796,
      0.00017914835368981584,
      0.0001709984412789345,
      0.00017452987810596824,
      0.00013941306348890065,
      0.00015974453874630855,
      0.00015467282617231831,
      0.0001523301268136129,
      0.00015205583065981045,
      0.00014459748189430685,
      0.00012332776647759603,
      0.00012965806291555053,
      0.00013881288797827436,
      0.00010914004916965496,
      0.00013559579063905403,
      0.00012479821092216298,
      0.00011129388160072267,
      0.00013562585846753792,
      9.803454746725037e-05,
      0.0001105065490724519,
      8.644544358830899e-05,
      0.00011467457387363539,
      9.24612120341044e-05,
      0.00011426172915555071,
      0.00011575934756547213,
      0.00011977891555405221,
      9.290721640107222e-05,
      8.662963628012222e-05,
      8.023716723662801e-05,
      9.71009383467026e-05,
      7.574234109837561e-05,
      8.943804429320153e-05,
      8.086553325760178e-05,
      7.442975567886606e-05,
      6.583493940415792e-05,
      0.00010420415248256177,
      7.604545357462485e-05,
      7.838231148896739e-05,
      6.626642874092795e-05,
      0.00010634259263286367,
      6.530461219139397e-05,
      4.736357876565307e-05,
      4.885603039176203e-05,
      8.786707322055008e-05,
      6.993134895106778e-05,
      6.76317287236452e-05,
      6.591290035634302e-05,
      7.143960979417898e-05,
      6.347361550666391e-05,
      5.522713218699209e-05,
      6.914683440700174e-05,
      3.4614273381303067e-05,
      7.061347644543276e-05,
      5.4681338992668314e-05,
      6.257775269215926e-05,
      4.544826866127551e-05,
      3.868818134302273e-05,
      4.865398451627698e-05,
      5.9827987114549614e-05,
      5.1891400513704865e-05,
      4.443324395513628e-05,
      3.977182890870608e-05,
      3.9403850829112346e-05,
      3.0057839276851156e-05,
      5.031943053589202e-05,
      4.1368367789546026e-05,
      3.2817143644206225e-05,
      3.991810301144142e-05,
      5.588246154715307e-05,
      4.161909759510308e-05,
      2.6343012846191414e-05,
      3.3166211835341525e-05,
      2.7503473096876406e-05,
      3.447634312033188e-05,
      2.889073444879614e-05,
      2.5021883503650316e-05,
      3.7382904484984464e-05,
      2.2946851431624962e-05,
      2.05691859748913e-05,
      2.3101899217290338e-05,
      2.4815607825876215e-05,
      2.9594784599903505e-05,
      1.3026918680407107e-05,
      2.5867706189164893e-05,
      3.1674784234492106e-05,
      2.1319509873283094e-05,
      1.981996071524918e-05,
      2.4932875515078196e-05,
      1.0366087567817886e-05,
      1.4397394712432287e-05,
      1.5679927984019743e-05,
      2.1521017134655266e-05,
      1.5279622075031512e-05,
      1.4463009612227325e-05,
      1.062909961969126e-05,
      8.455421559920069e-06,
      2.2581013168382925e-05,
      1.2042609163327143e-05,
      1.0949022443965077e-05,
      1.3967243654769845e-05,
      1.1545054585149045e-05,
      1.4615693686355372e-05,
      1.0944988111587009e-05,
      7.365977503941395e-06,
      1.0357655740517657e-05,
      7.621008550922852e-06,
      6.918255338678136e-06,
      9.069065494113602e-06,
      1.4994727175799199e-05,
      9.61240275471937e-06,
      5.4677449289010835e-06,
      5.272073025989812e-06,
      5.107644124946091e-06,
      4.430126998049673e-06,
      5.199131871922873e-06,
      5.968641424551606e-06,
      5.737156372633762e-06,
      4.45455564535223e-06,
      4.839687890926143e-06,
      5.2679969617747705e-06,
      5.562839383201208e-06,
      4.624886434467044e-06,
      4.583465892355889e-06,
      4.769775749009569e-06,
      4.8007394981686955e-06,
      4.888800350599922e-06,
      3.3893397665815427e-06,
      3.5079225801746362e-06,
      3.5989245140808634e-06,
      4.5427609424223195e-06,
      3.036805715528317e-06,
      2.91437400461291e-06,
      4.085182434937451e-06,
      2.971838062512688e-06
    ],
    "eval_losses": [
      0.004118712609261274,
      0.00419715866134502,
      0.0032647703932132573,
      0.003689068267121911,
      0.003843945799570065,
      0.003574194771796465,
      0.0034329005668871106,
      0.003433704687003046,
      0.002811411171592772,
      0.00297059393201489,
      0.003301732017006725,
      0.0030054118159343487,
      0.0028594843778642826,
      0.0030035774542368017,
      0.0026717437374405564,
      0.0027459522992314307,
      0.0027327166487346403,
      0.002828896379005164,
      0.0030148927937669215,
      0.003015473781421315,
      0.0030290892174612964,
      0.0028648851215373724,
      0.0029828465005324687,
      0.0029031720647471958,
      0.002960682054143399,
      0.0031557958272169346,
      0.0028492622704710813,
      0.002928806275789975,
      0.002684817739063874,
      0.0026191382870078086,
      0.002495058357459493,
      0.0027143221117206847,
      0.002810454230150208,
      0.0024209830313338897,
      0.0025278226153575816,
      0.002481111528223846,
      0.0025942151000373998,
      0.0025876270600128917,
      0.0025699643279833255,
      0.0024870392617653125
    ],