{
  "args": {
    "device": "cuda:3",
    "exp_home": "./results",
    "ds_name": "mnist",
    "mode": "generative_classification",
    "noise_std": 0.25,
    "down_scale": 2.0,
    "model_type": "conventional",
    "latent_dim": 784,
    "hidden_dims": [
      1150,
      1150,
      1150,
      1150,
      1150,
      1150,
      1150,
      1150,
      1150,
      1150
    ],
    "wo_Win": false,
    "fix_Win": true,
    "I_Win": false,
    "batch_size": 128,
    "epochs": 200,
    "lr": 1e-05,
    "use_augmentation": true,
    "aug_num": 2,
    "run_id": 3,
    "seed": 42
  },
  "training_logs": {
    "train_losses": [
      0.036424755662381646,
      0.006561689774915576,
      0.004161044564247132,
      0.0029391502429544926,
      0.002149716185517609,
      0.0016013844725489617,
      0.0012705009629949927,
      0.0010301129416935145,
      0.0008368500708602369,
      0.0007038302107900381,
      0.0006183070729859173,
      0.0006170657666772604,
      0.0005254424895253032,
      0.0004775849005300552,
      0.000480867253318429,
      0.00042435078544542196,
      0.00040919050332158805,
      0.00037212488212622703,
      0.0003429301635082811,
      0.00036964339768514036,
      0.00035708822189830245,
      0.00031499040827155113,
      0.0002972510404419154,
      0.0002942055195197463,
      0.0002970971048809588,
      0.0002810099784750491,
      0.00025967738965991885,
      0.00024762429990805683,
      0.0002360245082853362,
      0.00024885685020126404,
      0.00026249387488234786,
      0.00023992442924063653,
      0.0002197642796067521,
      0.00021760866922326385,
      0.00021196472577750684,
      0.00021262222157791258,
      0.00018174898591358213,
      0.00020380420440342277,
      0.00021698160121683032,
      0.0001680126394634135,
      0.00017645812719594686,
      0.00021648481263080612,
      0.0001735085443034768,
      0.0001616053834138438,
      0.00014994399797637015,
      0.0001857906572613865,
      0.0001785750281298533,
      0.00015620018263813107,
      0.00014974773103371264,
      0.00016602109833154828,
      0.00015145843618083745,
      0.00015009374692337587,
      0.00012682453388813882,
      0.00012665984131395816,
      0.00015532888111658395,
      0.00014415547556709499,
      0.00013575294243637473,
      0.00011299124169629067,
      0.00013064831709023566,
      0.00012067568293306976,
      0.00012131920327199624,
      0.0001322913753427565,
      0.00012381747478153556,
      0.00011303995703347027,
      0.0001302176387188956,
      0.00013195626164320856,
      0.00010483139392919838,
      0.00010324716364732012,
      0.00012510181830264629,
      0.00010721424367744475,
      0.00011992359344381839,
      0.00011516793658258394,
      8.920992763829417e-05,
      0.0001126163201709278,
      9.950479122577235e-05,
      9.449349054135383e-05,
      0.0001168904160382226,
      9.490333640365861e-05,
      9.729211596539244e-05,
      0.00011400288544362411,
      9.257471826160327e-05,
      6.899024532875047e-05,
      8.520971940481104e-05,
      7.486723996233195e-05,
      7.769412650959566e-05,
      9.00979376793839e-05,
      0.0001053523049573414,
      8.163684534607456e-05,
      7.165534602245315e-05,
      6.050326760625467e-05,
      8.315403908491134e-05,
      9.024524209089577e-05,
      5.625137947150506e-05,
      7.267963094636797e-05,
      7.845382337458432e-05,
      8.060617671115325e-05,
      8.304348085075617e-05,
      7.954974315594881e-05,
      6.356661909958348e-05,
      6.588244153885171e-05,
      7.008142501115799e-05,
      5.872789203189314e-05,
      5.45138232386671e-05,
      7.546488207764924e-05,
      6.399640507414006e-05,
      5.575070250080898e-05,
      4.565222865901887e-05,
      7.199004887836054e-05,
      6.569540725206025e-05,
      5.1458156895823774e-05,
      6.705249802907929e-05,
      5.45002631819807e-05,
      5.5440585798351095e-05,
      4.758176063420251e-05,
      6.372604262782261e-05,
      5.9355571815976876e-05,
      5.316289391834289e-05,
      5.246460434049368e-05,
      4.456846727640368e-05,
      4.7238971138140184e-05,
      4.889368339208886e-05,
      5.2084965384565295e-05,
      4.4553892485564576e-05,
      4.556967901298776e-05,
      5.9881468508392575e-05,
      4.573208161164075e-05,
      3.630303080310114e-05,
      5.4825956970453264e-05,
      4.055892054107972e-05,
      3.724769095657394e-05,
      3.653571697417647e-05,
      5.429114344529808e-05,
      3.944549821782857e-05,
      3.789969502016902e-05,
      4.282917029457167e-05,
      3.5819262058939785e-05,
      3.5170526932924984e-05,
      3.667192136053927e-05,
      3.0208927132189275e-05,
      3.639667567214929e-05,
      4.123796459054574e-05,
      4.304563048761338e-05,
      2.94823703286238e-05,
      3.1696104165166614e-05,
      2.372646973002702e-05,
      3.269313459051773e-05,
      3.370087306946516e-05,
      2.9331743987859225e-05,
      3.1694004512391984e-05,
      2.546866050164681e-05,
      3.388758568791673e-05,
      2.9496185113675894e-05,
      2.9899191744625568e-05,
      2.3606953672133387e-05,
      2.5691741567570715e-05,
      3.0575673603452745e-05,
      2.6507212817668916e-05,
      2.763988905819133e-05,
      2.690813889261335e-05,
      2.4688462305348366e-05,
      2.496604605461471e-05,
      2.6209375340840778e-05,
      2.1625652969814836e-05,
      2.1891838187584655e-05,
      2.3715581393335014e-05,
      2.3010704930638895e-05,
      2.1710784669267015e-05,
      2.007689729332924e-05,
      2.1992767936899328e-05,
      2.1433756477199495e-05,
      2.1682379696285352e-05,
      2.5532180872978642e-05,
      2.2373392526060342e-05,
      2.1504908106289804e-05,
      2.1408472492475994e-05,
      2.2992873224429786e-05,
      2.1091260085231626e-05,
      1.9411510438658298e-05,
      2.0528784563066438e-05,
      2.012026751996018e-05,
      2.068165429751389e-05,
      1.9379646974848585e-05,
      2.109751099778805e-05,
      1.9042068075505084e-05,
      1.968752412009053e-05,
      1.90269590949174e-05,
      1.9676359683508054e-05,
      1.9475776363397018e-05,
      1.9145971353864297e-05,
      1.8200167288887314e-05,
      2.004367123474367e-05,
      2.0967384257819504e-05,
      1.9326872699311936e-05,
      1.8429132365854455e-05,
      1.787392274069134e-05,
      1.767635340394918e-05,
      1.808896161383018e-05,
      1.886088304745499e-05,
      1.7680037994869055e-05,
      1.7688620875705965e-05
    ],
    "eval_losses": [
      0.0036371919889003038,
      0.0029802123489789663,
      0.002893436485924758,
      0.0027030323490151204,
      0.002970526057831012,
      0.002815950441779569,
      0.0026367209110991097,
      0.0025831154441926627,
      0.0027920625110156834,
      0.002647798668476753,
      0.002677960455464199,
      0.002613783021242125,
      0.0025531983330438377,
      0.002561259528138908,
      0.002471049579285318,
      0.002746757333673304,
      0.0026830230054009007,
      0.0025020086780656128,
      0.0024979770668054698,
      0.0026140798842767252,
      0.0027187297785072587,
      0.0023082164007704707,
      0.002645633865770651,
      0.002565247703224304,
      0.00231308675937762,
      0.002383811776491348,
      0.0023597772519133287,
      0.00251965331096726,
      0.002322191263062996,
      0.0021701926179346627,
      0.0021605091223987983,
      0.0021495670803822575,
      0.002029600422616932,
      0.0021471064883837243,
      0.002160232004134741,
      0.0020414805340347813,
      0.0021614369046757927,
      0.0022040427704516333,
      0.002109707205655286,
      0.0020828557454311523
    ],