{
  "args": {
    "device": "cuda:7",
    "exp_home": "./results",
    "ds_name": "mnist",
    "mode": "denoising",
    "noise_std": 0.25,
    "down_scale": 2.0,
    "model_type": "conventional",
    "latent_dim": 784,
    "hidden_dims": [
      785,
      785,
      785,
      785,
      785,
      785
    ],
    "wo_Win": false,
    "fix_Win": false,
    "I_Win": false,
    "wo_Wout": false,
    "batch_size": 128,
    "epochs": 30,
    "lr": 0.001,
    "use_augmentation": false,
    "aug_num": 2,
    "run_id": 3,
    "seed": 42
  },
  "training_logs": {
    "train_losses": [
      0.018068505592644214,
      0.008088622624725103,
      0.006927974137812853,
      0.006389372355788946,
      0.006017014744281768,
      0.005804491866976022,
      0.005586178013980389,
      0.005396968030184507,
      0.005242032458335161,
      0.005107093890756369,
      0.005001682351529598,
      0.004884524518549442,
      0.004784477903991937,
      0.004691535388678312,
      0.004612937434762716,
      0.00455921295195818,
      0.004478268534690142,
      0.004408754233419895,
      0.004330042077302932,
      0.00425369889870286,
      0.004192083960026503,
      0.00413373371064663,
      0.004058474800884723,
      0.004016859008073807,
      0.003947564853802324,
      0.0038858417589217424,
      0.0038245081566274167,
      0.00376120725505054,
      0.003699672401249409,
      0.0036433113533258436
    ],
    "eval_losses": [
      0.006010472577065229,
      0.00505711220279336,
      0.0046527785681188105,
      0.0043248866178095344,
      0.00404388594403863,
      0.0037864636041224004
    ],
    "psnr": [
      22.212932153320313,
      22.96331928100586,
      23.324966943359374,
      23.64204880371094,
      23.934100888061522,
      24.219745428466798
    ],
    "ssim": [
      0.8998001090049743,
      0.9206413204193116,
      0.9153691428184509,
      0.9231338088989258,
      0.9321302888870239,
      0.9383579534530639
    ],
    "best_epoch": 30,
    "best_step": null,
    "best_eval_loss": 0.0037864636041224004
  },
  "test_results": {
    "test_loss": 0.0037495800644159315,
    "test_psnr": 24.26893165588379,
    "test_ssim": 0.9400046668052673
  }
}