{
  "args": {
    "device": "cuda:1",
    "exp_home": "./results",
    "ds_name": "mnist",
    "mode": "generative_classification",
    "noise_std": 0.25,
    "down_scale": 2.0,
    "model_type": "conventional",
    "latent_dim": 784,
    "hidden_dims": [
      1150,
      1150,
      1150,
      1150,
      1150,
      1150
    ],
    "wo_Win": false,
    "fix_Win": false,
    "I_Win": true,
    "batch_size": 128,
    "epochs": 200,
    "lr": 0.0001,
    "use_augmentation": true,
    "aug_num": 2,
    "run_id": 5,
    "seed": 42
  },
  "training_logs": {
    "train_losses": [
      0.012301723033487796,
      0.00421810588568449,
      0.0032052372858673334,
      0.002787646751664579,
      0.0023798212009295823,
      0.0021741104532778262,
      0.0019524871379882098,
      0.0017421183989569545,
      0.001652819915022701,
      0.0015213796202093364,
      0.001445227815285325,
      0.0013348789796419442,
      0.0012475620406493546,
      0.0011982936004642398,
      0.001128617353886366,
      0.00105106986079365,
      0.0009887649323605,
      0.0009681342000793665,
      0.0009288365257158875,
      0.0009312093895021826,
      0.0008472322085313499,
      0.0007937739215465263,
      0.0007429587763641029,
      0.0007630431932583451,
      0.0006743223863467574,
      0.0007238548807334155,
      0.0007063208192866295,
      0.0006945424484182149,
      0.0006017797747440636,
      0.0005926392329437658,
      0.0005800262421974912,
      0.0006016309804772027,
      0.0005577575650578364,
      0.0005251118071796372,
      0.0005355486278096214,
      0.0005073428449267522,
      0.0004961965809855611,
      0.0005269456676021218,
      0.00045942154087126255,
      0.00046729227208998055,
      0.000432943180417642,
      0.0004387366675352678,
      0.0003857934971805662,
      0.0004342289331043139,
      0.00039141867771279066,
      0.00039478082208661364,
      0.00035699752342887225,
      0.0004052913008024916,
      0.00034575263104867193,
      0.00039175152886193246,
      0.0003292654410889372,
      0.0003094262761878781,
      0.00036336280918680133,
      0.0003499862436391413,
      0.00030929376975400374,
      0.00031145099499961363,
      0.0003130811189278029,
      0.0003171072337194346,
      0.00023669271239079535,
      0.000273435532648582,
      0.00028510803225683046,
      0.0003059744643303566,
      0.00026066950372885913,
      0.00024742968279635534,
      0.00023558113439474255,
      0.00023368110825540498,
      0.0002582117515942082,
      0.00025447007175767795,
      0.00022059221449773758,
      0.00022778222033986823,
      0.00024096381364623084,
      0.00021430048461188562,
      0.00019485714450711384,
      0.0002370508194307331,
      0.0001847170479223132,
      0.0002025834751687944,
      0.0002066546100284904,
      0.00015348071776446887,
      0.0001988550331443548,
      0.00020995651764795184,
      0.00020703709251713008,
      0.00018229873150587083,
      0.00015856612715637312,
      0.00014142125883954577,
      0.00017269965385319664,
      0.00018344031774206087,
      0.00015630155266844667,
      0.0001642876457213424,
      0.00016331284924875946,
      0.00016350513221696019,
      0.0001525920345983468,
      0.00014603684588335454,
      0.00015828052660333923,
      0.00016080347083392553,
      0.00012165270649944432,
      0.00017820014799712226,
      0.0001434589907398913,
      0.00011204278805409558,
      0.00011043932536267676,
      0.0001550413241959177,
      0.0001382037631922867,
      0.0001164985535130836,
      0.00012024428324890322,
      0.00012757083886070177,
      0.00013521204989054241,
      0.00010982581521500833,
      9.056365829659626e-05,
      0.00010025818695605266,
      0.0001302174434508197,
      0.00011033600210910663,
      0.0001204171686648624,
      9.125941466190852e-05,
      0.00010961137320846319,
      9.522543634986505e-05,
      8.708660786156543e-05,
      9.110897735343315e-05,
      0.00010419482498196885,
      0.00010458109389408491,
      7.556896479101851e-05,
      8.2833924688166e-05,
      0.00011088598500820808,
      8.087317483965307e-05,
      6.881624493456911e-05,
      6.503394833183847e-05,
      0.000103881571496604,
      6.544586535310373e-05,
      6.41592642449541e-05,
      5.176548374001868e-05,
      6.003196257224772e-05,
      8.235232027887833e-05,
      6.491578403220046e-05,
      7.021998237236402e-05,
      8.144552359881345e-05,
      5.6010302933864294e-05,
      7.262836501002311e-05,
      4.9136244028341024e-05,
      4.925044805451762e-05,
      5.934551608399488e-05,
      6.346505994035397e-05,
      5.254024782276247e-05,
      5.260576489148662e-05,
      4.1023592241690493e-05,
      5.318420450261329e-05,
      5.702451112039853e-05,
      4.990348025690764e-05,
      5.1025662578758786e-05,
      3.525301317044068e-05,
      5.248478503432125e-05,
      5.136563397361897e-05,
      4.561020563123748e-05,
      3.601270294369897e-05,
      3.0427661778521724e-05,
      3.9236496173252816e-05,
      3.488442828529514e-05,
      3.9292748593143185e-05,
      3.922924229525961e-05,
      3.480239549244288e-05,
      3.9102282666717655e-05,
      4.066439111833461e-05,
      3.84358836436877e-05,
      2.3128690411977005e-05,
      3.0253601384465582e-05,
      3.409200021473225e-05,
      2.9505666893383022e-05,
      3.284568875853438e-05,
      2.695774884254206e-05,
      2.878923883137759e-05,
      2.2495506913692226e-05,
      2.026690934377257e-05,
      2.8105842535733244e-05,
      2.4916282299673184e-05,
      2.345116603479255e-05,
      2.097738944590674e-05,
      1.5761866884713526e-05,
      1.7319155411969404e-05,
      1.5274185925372876e-05,
      1.618522599164862e-05,
      1.9108181364135818e-05,
      1.3294489397667348e-05,
      1.2737563460250385e-05,
      1.023080261569703e-05,
      1.1298685049114284e-05,
      1.011429959704401e-05,
      1.3529573233390692e-05,
      9.45364880928537e-06,
      1.2957494372676592e-05,
      1.0373193461273332e-05,
      7.200602458033245e-06,
      5.886491503333673e-06,
      8.694137730781222e-06,
      6.509123806026764e-06,
      7.673763117054478e-06,
      5.151659060502425e-06,
      4.71616398281185e-06,
      4.9135224256315266e-06,
      4.415477478178218e-06,
      5.699956043099519e-06,
      4.294024744303897e-06,
      4.0578315495804415e-06,
      5.265192989027128e-06
    ],
    "eval_losses": [
      0.0028482836015988142,
      0.002509187326207757,
      0.0023792910440592094,
      0.0024785496395081283,
      0.002180634913779795,
      0.0019538574610836806,
      0.002448309285752475,
      0.002171939596172888,
      0.0020948240350175183,
      0.0019534673865127844,
      0.0019723781934240835,
      0.002128240967768943,
      0.0020656353792146546,
      0.002140664904145524,
      0.0020807231775019316,
      0.002139325586834457,
      0.002164055975835072,
      0.0019273041697888402,
      0.0018651830383605557,
      0.002051312475898885,
      0.0020602804873313288,
      0.001989472303382354,
      0.0019048924670001725,
      0.0019230274043511599,
      0.002098278713414038,
      0.001961047332236194,
      0.001983885373699013,
      0.0019455496632348513,
      0.001997579760372173,
      0.0018595169895183061,
      0.0018768282659460966,
      0.001856938370528951,
      0.001853715470638781,
      0.001820318950239016,
      0.0017778726740463754,
      0.0017074345865796205,
      0.0017447701893150225,
      0.0017209236895945651,
      0.0017150486687332886,
      0.001697715912491367
    ],