{
  "args": {
    "device": "cuda:8",
    "exp_home": "./results",
    "ds_name": "mnist",
    "mode": "denoising",
    "noise_std": 0.25,
    "down_scale": 2.0,
    "model_type": "hourglass",
    "latent_dim": 785,
    "hidden_dims": [
      115,
      115,
      115,
      115,
      115,
      115,
      115
    ],
    "wo_Win": false,
    "fix_Win": true,
    "I_Win": false,
    "wo_Wout": false,
    "batch_size": 128,
    "epochs": 30,
    "lr": 0.01,
    "use_augmentation": false,
    "aug_num": 2,
    "run_id": 1,
    "seed": 42
  },
  "training_logs": {
    "train_losses": [
      0.11518171399116515,
      0.1153291255569458,
      0.11538094462156295,
      0.11548465106725693,
      0.11548465144157409,
      0.11548465136528015,
      0.11548465122699737,
      0.11548465095758438,
      0.11548465099811554,
      0.11548465110301971,
      0.11548465133190156,
      0.11548465178012848,
      0.1154846521115303,
      0.11548465116262437,
      0.11548465065956116,
      0.11548465111732482,
      0.11548465116024018,
      0.11548465090990066,
      0.1154846513748169,
      0.11548465084314347,
      0.11548465111494065,
      0.11548465115785599,
      0.11548465148925781,
      0.11548465126514434,
      0.11548465116739273,
      0.11548465122699737,
      0.11548465121746063,
      0.11548465151309967,
      0.11548465121030807,
      0.11548465116024018
    ],
    "eval_losses": [
      0.1145812840461731,
      0.1145812840461731,
      0.1145812840461731,
      0.1145812840461731,
      0.1145812840461731,
      0.1145812840461731
    ],
    "psnr": [
      9.410951708984374,
      9.410951708984374,
      9.410951708984374,
      9.410951708984374,
      9.410951708984374,
      9.410951708984374
    ],
    "ssim": [
      0.4191177637577057,
      0.4191177637577057,
      0.4191177637577057,
      0.4191177637577057,
      0.4191177637577057,
      0.4191177637577057
    ],
    "best_epoch": 5,
    "best_step": null,
    "best_eval_loss": 0.1145812840461731
  },
  "test_results": {
    "test_loss": 0.1164601187467575,
    "test_psnr": 9.361135697937012,
    "test_ssim": 0.41831891927719117
  }
}