{
  "args": {
    "device": "cuda:9",
    "exp_home": "./results",
    "ds_name": "mnist",
    "mode": "generative_classification",
    "noise_std": 0.25,
    "down_scale": 2.0,
    "model_type": "conventional",
    "latent_dim": 784,
    "hidden_dims": [
      1150,
      1150
    ],
    "wo_Win": true,
    "fix_Win": false,
    "I_Win": false,
    "batch_size": 128,
    "epochs": 100,
    "lr": 0.0001,
    "use_augmentation": true,
    "aug_num": 2,
    "run_id": 1,
    "seed": 42
  },
  "training_logs": {
    "train_losses": [
      0.01957816272586584,
      0.00585360263466835,
      0.004176198078840971,
      0.003271621131449938,
      0.0026642518313229084,
      0.0022604198949038984,
      0.001949294362962246,
      0.0016899045420996845,
      0.0015044569997861982,
      0.00139924505867064,
      0.0012023480750992894,
      0.0010761082463338972,
      0.0009733710589259863,
      0.0009528310637548565,
      0.0008312812821567059,
      0.0007734853729233146,
      0.0007282960768789053,
      0.0006674041210114956,
      0.0006362159490399062,
      0.000631409154869616,
      0.0005348361024353653,
      0.0005474042135477066,
      0.000534417157433927,
      0.0004625529851578176,
      0.00043755869472399356,
      0.0004161099966056645,
      0.00037832967888563873,
      0.0003622728065541014,
      0.00036567825378850104,
      0.0003385326785035431,
      0.00035872139455750586,
      0.00033604895688593386,
      0.0002845697810035199,
      0.0003112235267274082,
      0.00028448889827355743,
      0.0002548900467529893,
      0.00026537384414114057,
      0.0002563216697331518,
      0.0002347288977727294,
      0.0002465889443643391,
      0.00024150650574825705,
      0.00019610360210761427,
      0.00021649354024790227,
      0.00023293115748092532,
      0.00017277839974034578,
      0.00018527858791872858,
      0.00019521944095380605,
      0.0001649748117197305,
      0.0001897314637992531,
      0.000161654752464965,
      0.00013704003712162376,
      0.0001556838053651154,
      0.0001550783075718209,
      0.0001568299304973334,
      0.0001476745181437582,
      0.00011769517437554896,
      0.00012788060881197452,
      0.00012435911039821804,
      0.0001080889403540641,
      0.0001146739655174315,
      0.00011544802105985581,
      0.00010197358103934676,
      9.593440646771342e-05,
      0.00010372255607042462,
      9.774904802441598e-05,
      9.20060664601624e-05,
      9.358989046886564e-05,
      9.070035431068391e-05,
      7.694706592243165e-05,
      8.924628374632448e-05,
      8.649814868345857e-05,
      8.915869088843465e-05,
      8.079028231557458e-05,
      7.595111386384815e-05,
      7.864773731213063e-05,
      6.903875915333629e-05,
      6.468152096960693e-05,
      7.520339611684903e-05,
      6.450649930629879e-05,
      6.345053226221352e-05,
      6.412803095299751e-05,
      5.784942487254739e-05,
      5.6625783429481086e-05,
      5.5926121417433026e-05,
      5.871462290640921e-05,
      5.3427339224144816e-05,
      5.502661341335625e-05,
      5.169920310843736e-05,
      5.1026127703953534e-05,
      4.985625984147191e-05,
      4.8890989164356145e-05,
      4.767130693886429e-05,
      4.640544869471341e-05,
      4.6062360035721214e-05,
      4.426120810676366e-05,
      4.359365890035406e-05,
      4.3650648894254116e-05,
      4.170483961002901e-05,
      4.166345788398757e-05,
      4.201179502066225e-05
    ],
    "eval_losses": [
      0.005103713501989841,
      0.004756377536058426,
      0.004244815587997436,
      0.004477094849944114,
      0.004464250257611275,
      0.004203888490796089,
      0.004023989494144916,
      0.004092782501131296,
      0.003401078025251627,
      0.0035200520254671575,
      0.003747849975526333,
      0.0036298022214323283,
      0.0035447675816714765,
      0.003510268464684486,
      0.003330920680612326,
      0.0034979757390916346,
      0.003559460801258683,
      0.003677811803296208,
      0.0034472501045092942,
      0.0036229290056973697
    ],
    "psnr": [
      23.09590687561035,
      23.47640388183594,
      24.033799923706056,
      23.826712771606445,
      23.81808553466797,
      24.089904681396483,
      24.295839633178712,
      24.230898516845702,
      25.065349255371093,
      24.94292430114746,
      24.658203878784178,
      24.816190133666993,
      24.87879765319824,
      24.909165609741212,
      25.206171588134765,
      25.00007507019043,
      24.846521127319335,
      24.681676092529298,
      25.07098125,
      24.85454112854004
    ],
    "best_epoch": 75,
    "best_step": null,
    "best_eval_loss": 0.003330920680612326
  },
  "test_results": {
    "test_loss": 0.0031209372728073503,
    "test_psnr": 26.822555786132813
  }
}