{
  "args": {
    "device": "cuda:2",
    "exp_home": "./results",
    "ds_name": "mnist",
    "mode": "generative_classification",
    "noise_std": 0.25,
    "down_scale": 2.0,
    "model_type": "conventional",
    "latent_dim": 784,
    "hidden_dims": [
      785,
      785
    ],
    "wo_Win": true,
    "fix_Win": false,
    "I_Win": false,
    "wo_Wout": true,
    "batch_size": 128,
    "epochs": 100,
    "lr": 0.0001,
    "use_augmentation": true,
    "aug_num": 4,
    "run_id": 1,
    "seed": 42
  },
  "training_logs": {
    "train_losses": [
      0.021060391114354135,
      0.007746941230744124,
      0.005946227608621121,
      0.005019405322372913,
      0.004389643678218126,
      0.0038801917161047457,
      0.0034949129582196475,
      0.003195459709316492,
      0.0028790612258762123,
      0.0026959829519316554,
      0.00248227037794888,
      0.002309904938265681,
      0.002160615799091756,
      0.0020232075504027307,
      0.0018955470231920481,
      0.00177976418774575,
      0.0016543256172910333,
      0.0015775576005876064,
      0.001525127630084753,
      0.0014011100289598108,
      0.0013664571429044007,
      0.001295372057594359,
      0.0012217447848804294,
      0.0011926010911539196,
      0.0011299390939809382,
      0.001082463604938239,
      0.0010264162012375891,
      0.000992596175353974,
      0.0009520579556189478,
      0.0009070200666598976,
      0.0008753079119324684,
      0.0008679676608555019,
      0.0008225123571138829,
      0.0007958884915150702,
      0.0007780986443720758,
      0.0007484235314466059,
      0.0007233287729322911,
      0.0006889409254677594,
      0.0006798817100282759,
      0.0006471772352606058,
      0.0006378431955352425,
      0.0006153220454603434,
      0.0005972024706657976,
      0.0005861245451867581,
      0.000564864429179579,
      0.0005583565040491521,
      0.0005480390983074904,
      0.0005154987978935241,
      0.0005117348549328744,
      0.0004962009458616376,
      0.0004945530612487346,
      0.00047737654712051155,
      0.0004516551109775901,
      0.0004565957851521671,
      0.000442512627709657,
      0.00043006731445435433,
      0.00041899722850881517,
      0.00041522154387086627,
      0.0003953593790251762,
      0.0003828430196363479,
      0.0003817201295122504,
      0.00036065684628672895,
      0.0003634179698117077,
      0.00035185321443714204,
      0.00034952499084640296,
      0.00033534409436397253,
      0.00032661590518429876,
      0.0003205019110441208,
      0.0003176237743254751,
      0.00031121301176957784,
      0.00030474206876009705,
      0.0002985917630698532,
      0.0002909126856736839,
      0.0002821319326199591,
      0.00027729081390425565,
      0.0002716747286031023,
      0.00026465001109056175,
      0.0002585218421090394,
      0.0002533723327051848,
      0.0002505870836135,
      0.0002435864106239751,
      0.00023706627962645144,
      0.00023911979030817747,
      0.0002319569154502824,
      0.000228138947119005,
      0.0002253722865646705,
      0.00021590960076078774,
      0.00021218632522504777,
      0.00021204122297465802,
      0.00021056087523233145,
      0.00020590674918610603,
      0.00020171784876380115,
      0.0002002782578766346,
      0.000199517712588422,
      0.00019400510055013001,
      0.00019124037090223283,
      0.00018945503467693924,
      0.00018692788370884954,
      0.00018499618656933308,
      0.00018329959866590797
    ],
    "eval_losses": [
      0.005479448286630213,
      0.005397434012964368
    ],
    "psnr": [
      22.91022653503418,
      22.99118921508789
    ],
    "ssim": [
      0.9607992443084716,
      0.9626399709701539
    ],
    "best_epoch": 100,
    "best_step": null,
    "best_eval_loss": 0.005397434012964368
  },
  "test_results": {
    "test_loss": 0.005101026262715459,
    "test_psnr": 23.92177157897949,
    "test_ssim": 0.9643019450187683
  }
}