{
  "args": {
    "device": "cuda:6",
    "exp_home": "./results",
    "ds_name": "mnist",
    "mode": "denoising",
    "noise_std": 0.25,
    "down_scale": 2.0,
    "model_type": "conventional",
    "latent_dim": 784,
    "hidden_dims": [
      785,
      785
    ],
    "wo_Win": false,
    "fix_Win": false,
    "I_Win": false,
    "wo_Wout": false,
    "batch_size": 128,
    "epochs": 30,
    "lr": 0.001,
    "use_augmentation": false,
    "aug_num": 2,
    "run_id": 5,
    "seed": 42
  },
  "training_logs": {
    "train_losses": [
      0.018158159303665163,
      0.007454171683043242,
      0.006449979871213436,
      0.005923531212955713,
      0.005627024709135294,
      0.005412772525697947,
      0.0051948736527562146,
      0.0050449022352695464,
      0.004929085100442171,
      0.004823169538676739,
      0.004725357149839402,
      0.004640718884021044,
      0.004573594658672809,
      0.004482784868329763,
      0.004428368896096945,
      0.00435397259965539,
      0.004304400984346867,
      0.004245446224361658,
      0.0041895718854665755,
      0.004141465298384428,
      0.004086177882552147,
      0.004030760470330715,
      0.003989581767171621,
      0.003932150816768408,
      0.003881048829033971,
      0.0038289349767565727,
      0.00377345028758049,
      0.003724259172976017,
      0.003677576036080718,
      0.003635097970440984
    ],
    "eval_losses": [
      0.005468078456073999,
      0.004874867207556963,
      0.004448183958232403,
      0.004223189626634121,
      0.003993234265595675,
      0.003764534738659859
    ],
    "psnr": [
      22.624151962280273,
      23.12253066711426,
      23.51984725036621,
      23.745236303710936,
      23.98856962890625,
      24.244595321655275
    ],
    "ssim": [
      0.902027614402771,
      0.9127625444412232,
      0.9210896244049073,
      0.9264846319198609,
      0.93342886428833,
      0.9381798138618469
    ],
    "best_epoch": 30,
    "best_step": null,
    "best_eval_loss": 0.003764534738659859
  },
  "test_results": {
    "test_loss": 0.0037329852651804686,
    "test_psnr": 24.28783535461426,
    "test_ssim": 0.9399285677909851
  }
}