{
  "args": {
    "device": "cuda:1",
    "exp_home": "./results",
    "ds_name": "mnist",
    "mode": "generative_classification",
    "noise_std": 0.25,
    "down_scale": 2.0,
    "model_type": "conventional",
    "latent_dim": 784,
    "hidden_dims": [
      1150,
      1150,
      1150,
      1150,
      1150,
      1150
    ],
    "wo_Win": false,
    "fix_Win": false,
    "I_Win": false,
    "batch_size": 128,
    "epochs": 200,
    "lr": 5e-05,
    "use_augmentation": true,
    "aug_num": 2,
    "run_id": 5,
    "seed": 42
  },
  "training_logs": {
    "train_losses": [
      0.01551525026679039,
      0.0038535641717910765,
      0.0027087877051346003,
      0.002137978984490037,
      0.001889686893709004,
      0.0016128368696011603,
      0.0014142734251730144,
      0.0013098263468407094,
      0.0011679055639076978,
      0.0011188682409841568,
      0.0010276355939824134,
      0.000975924045369029,
      0.0008948822120437398,
      0.0008557421524357051,
      0.0007750461382512004,
      0.0007756885145884007,
      0.0007344952016323804,
      0.0006665861884597689,
      0.0006443140458501876,
      0.0006743493281863629,
      0.000620190647803247,
      0.0006257972986856476,
      0.0005696244586631655,
      0.0005216074706730433,
      0.0005754331724718213,
      0.0005556543663190678,
      0.0005606868994794785,
      0.00046833980600815265,
      0.000431066829203628,
      0.0005029611039767042,
      0.00041310637849848716,
      0.0004657012269180268,
      0.00043158260043710473,
      0.00038740136834094303,
      0.00041659149235580116,
      0.00037870876087108625,
      0.0003985283969715238,
      0.00034167745341546834,
      0.000385081089194864,
      0.0003426766016613692,
      0.0003235049103316851,
      0.00033935099249705674,
      0.0003766963865980506,
      0.00029995433213654907,
      0.00029792113217525185,
      0.0002780403582751751,
      0.00033333732924889774,
      0.00029980760956648737,
      0.0002966701782587916,
      0.00026522516975644974,
      0.0002984824853017926,
      0.00023397287090308965,
      0.00026476906872354447,
      0.00028162307788152246,
      0.000267984916632995,
      0.0002123308444453869,
      0.0002542373194685206,
      0.0002186564208311029,
      0.0002050744771771133,
      0.00020116002420894803,
      0.0002582205575797707,
      0.0002683614331902936,
      0.00021468638696474953,
      0.00018028167265234516,
      0.00019462636039592324,
      0.00018850029434775933,
      0.0002637208446115255,
      0.0001922744488506578,
      0.0001965648710192181,
      0.0001781560351839289,
      0.00014595363024505787,
      0.00019733909948379733,
      0.0001918435575417243,
      0.00018945844599744304,
      0.00016462516270112246,
      0.0001923092330642976,
      0.00013731102777179332,
      0.0001689921116223559,
      0.0001533139609801583,
      0.00015487284150673077,
      0.00015709232898429036,
      0.00018278787201736122,
      0.0001529400451737456,
      0.0001457510275603272,
      0.00012913670528680085,
      0.00010620565619785338,
      0.0001351678960735444,
      0.00011141610994702205,
      0.00013501054304419086,
      0.00014074808089528234,
      0.00013037128868279978,
      0.0001333210088359192,
      9.467963870265521e-05,
      0.00012409029493341223,
      0.0001311407856066944,
      9.920227817841806e-05,
      0.00012602435060078278,
      8.739780844771303e-05,
      0.00011571823136764579,
      9.647401343332604e-05,
      0.00011672965174540877,
      9.215115693164989e-05,
      9.360822152928449e-05,
      9.359166644047945e-05,
      0.0001084604627918452,
      0.0001072845600207802,
      8.703488447936252e-05,
      8.595354709366803e-05,
      6.98892221332062e-05,
      7.947806138894521e-05,
      5.857093799160793e-05,
      9.008813445223496e-05,
      8.45235140749719e-05,
      7.45172741310671e-05,
      5.621119016665034e-05,
      7.286268440191635e-05,
      7.733842752291821e-05,
      8.829789926880039e-05,
      6.593919820385054e-05,
      6.36301830271259e-05,
      6.256190869200509e-05,
      7.100373359047807e-05,
      4.865152942948043e-05,
      7.224844330223278e-05,
      6.825154571095481e-05,
      5.759328599087894e-05,
      4.96262396289967e-05,
      4.8752151997759936e-05,
      7.891571982298046e-05,
      7.35306255397154e-05,
      6.523547464224976e-05,
      5.530298608675366e-05,
      6.202990969351958e-05,
      4.7641577024478465e-05,
      6.142670179367996e-05,
      4.651172257144935e-05,
      4.5521985077648426e-05,
      4.145838700700551e-05,
      5.6941236095153724e-05,
      3.698355097556487e-05,
      6.373185954405926e-05,
      4.588763851905241e-05,
      3.597102396422997e-05,
      3.1514443117775956e-05,
      4.7604080762248486e-05,
      5.168542856641579e-05,
      3.132712290098425e-05,
      5.074470112158451e-05,
      5.2123051180969926e-05,
      4.010490852582734e-05,
      3.7291821355174764e-05,
      4.074450636631809e-05,
      3.6145850511384194e-05,
      2.9426723497454078e-05,
      3.0092835316900166e-05,
      3.6307284171925855e-05,
      2.8689672153559512e-05,
      2.8799205231480302e-05,
      2.7995410491421354e-05,
      3.623677255352959e-05,
      2.94219699857058e-05,
      3.383007109514438e-05,
      2.7784880183753556e-05,
      1.9882786820526234e-05,
      3.161788022145629e-05,
      2.6855407876428216e-05,
      2.2911099375924097e-05,
      2.3839098176686094e-05,
      2.4945196497719737e-05,
      2.5381739518488757e-05,
      1.9821026140416507e-05,
      1.9164980895584448e-05,
      1.7257836260832847e-05,
      2.2128952292259784e-05,
      2.808433264872292e-05,
      1.9005276545067318e-05,
      1.6347115514217875e-05,
      1.7405573090072722e-05,
      1.7959121989551932e-05,
      1.592382995528169e-05,
      1.6751984475704377e-05,
      1.630640442977892e-05,
      1.8161817645886915e-05,
      1.6648066336056216e-05,
      1.5766729863826184e-05,
      1.5228946358547546e-05,
      1.4812776499893517e-05,
      1.5720993939903566e-05,
      1.4218644619104452e-05,
      1.3473636201524642e-05,
      1.3124569810461253e-05,
      1.2938096807338298e-05,
      1.2900965203589293e-05,
      1.3184640302788466e-05,
      1.2707098927348852e-05,
      1.2745329139870592e-05,
      1.3083613650815095e-05,
      1.25291833904339e-05,
      1.2404183222679421e-05,
      1.268892658787081e-05
    ],
    "eval_losses": [
      0.0027691739989910273,
      0.0022509643563069404,
      0.0024245667445939034,
      0.0026651650190586225,
      0.0023715737891383468,
      0.00207050609998405,
      0.002347077399259433,
      0.002075135790614877,
      0.002096071595675312,
      0.0022174274276010692,
      0.002007995218411088,
      0.0020221770798554643,
      0.002031831714825239,
      0.002176472355844453,
      0.0020925867223762907,
      0.0022038727721228495,
      0.0019480282828968484,
      0.001940949183018529,
      0.0018379618355858838,
      0.0020260159940895394,
      0.0019762999060796574,
      0.0018754407655564138,
      0.0017644958924982346,
      0.0019421069711213932,
      0.0019259064953643247,
      0.0018820361049904021,
      0.0019746250736090588,
      0.0016886065839367803,
      0.0018367166610027197,
      0.0017985694110640906,
      0.0016984741370964912,
      0.0017441332446760497,
      0.0017721974060907087,
      0.0018276970062055624,
      0.0017691522800305393,
      0.0017063033427431947,
      0.0016817858534341212,
      0.0015773988873814234,
      0.0016283558307986822,
      0.0016026318947435357
    ],