{
  "args": {
    "device": "cuda:9",
    "exp_home": "./results",
    "ds_name": "mnist",
    "mode": "generative_classification",
    "noise_std": 0.25,
    "down_scale": 2.0,
    "model_type": "conventional",
    "latent_dim": 784,
    "hidden_dims": [
      1150,
      1150,
      1150,
      1150
    ],
    "wo_Win": true,
    "fix_Win": false,
    "I_Win": false,
    "wo_Wout": true,
    "batch_size": 128,
    "epochs": 50,
    "lr": 0.001,
    "use_augmentation": false,
    "aug_num": 2,
    "run_id": 3,
    "seed": 42
  },
  "training_logs": {
    "train_losses": [
      0.011350660226643085,
      0.005739621738046407,
      0.004507660500854254,
      0.003753631531447172,
      0.003292116832062602,
      0.0031458617938309908,
      0.0027227355100214483,
      0.002562185609228909,
      0.00240699109070003,
      0.0022826810163259505,
      0.002207356225028634,
      0.002079703451767564,
      0.0017615014071017503,
      0.0018202063402161003,
      0.0018161570167541505,
      0.001705855914875865,
      0.0016323922713845967,
      0.0016019586454331875,
      0.001289487787000835,
      0.0013809579452127218,
      0.0012704055784270166,
      0.0011164014875516296,
      0.001333581078350544,
      0.0010654851518943906,
      0.001093661631103605,
      0.0011144840517640115,
      0.0008756308535672724,
      0.000884725036509335,
      0.0009033764516934753,
      0.0007965095911175012,
      0.0007440957637131215,
      0.0006800218307599426,
      0.0007410651552118361,
      0.0007338015230745077,
      0.0007378966971300542,
      0.0006134280022978783,
      0.0005488590020500124,
      0.0005615395172499121,
      0.00047611206972040236,
      0.0004410660394374281,
      0.00045690335014835,
      0.0004046012336947024,
      0.00035450832194648685,
      0.0003732344135735184,
      0.0003450895353872329,
      0.0003220397609611973,
      0.0002871834273915738,
      0.0002752122768294066,
      0.0002529603988165036,
      0.00023601414368953555
    ],
    "eval_losses": [
      0.004742693541385234,
      0.004857261698506772,
      0.004214360041171312,
      0.004290850527584553,
      0.003974467393709347,
      0.0037871367909014225,
      0.003497793865064159,
      0.003783206604165025,
      0.003678857593808789,
      0.0035608772067236712
    ],
    "psnr": [
      23.533090002441405,
      23.406392184448244,
      24.110627279663085,
      23.967769674682618,
      24.43388953857422,
      24.711945822143555,
      25.040858856201172,
      24.776670983886717,
      24.945700677490233,
      25.125361932373046
    ],
    "ssim": [
      0.962354465675354,
      0.9643648588180542,
      0.9708949569702149,
      0.971406760597229,
      0.9751064027786255,
      0.9752512303352356,
      0.9777058547973633,
      0.9772716222763062,
      0.9784399557113648,
      0.9796603956222534
    ],
    "best_epoch": 35,
    "best_step": null,
    "best_eval_loss": 0.003497793865064159
  },
  "test_results": {
    "test_loss": 0.0033350396308116613,
    "test_psnr": 26.279978091430664,
    "test_ssim": 0.9791959299087525
  }
}