{
  "args": {
    "device": "cuda:2",
    "exp_home": "./results",
    "ds_name": "mnist",
    "mode": "generative_classification",
    "noise_std": 0.25,
    "down_scale": 2.0,
    "model_type": "conventional",
    "latent_dim": 784,
    "hidden_dims": [
      1150,
      1150,
      1150,
      1150
    ],
    "wo_Win": false,
    "fix_Win": false,
    "I_Win": false,
    "batch_size": 128,
    "epochs": 100,
    "lr": 0.0001,
    "use_augmentation": true,
    "aug_num": 4,
    "run_id": 1,
    "seed": 42
  },
  "training_logs": {
    "train_losses": [
      0.012030793170630933,
      0.004905856663361192,
      0.0038206845866702497,
      0.003219957625120878,
      0.002834134755637497,
      0.002431321635451168,
      0.002212810014951974,
      0.0019904721247404815,
      0.0018056640949379653,
      0.0016193275128863751,
      0.0014816273968014865,
      0.0013825560715049505,
      0.0012904136728215962,
      0.0011761073527717964,
      0.0011237059573084116,
      0.001019341966547072,
      0.0009359301148913801,
      0.0008772375461785123,
      0.0008294276877166704,
      0.0007607414115639404,
      0.000744879917553626,
      0.0007065478300955146,
      0.0006664930124627426,
      0.0006204108311329037,
      0.0006045256515988149,
      0.0005692292965576053,
      0.0005366295162425376,
      0.0005144299197150394,
      0.00047956365146907044,
      0.00046832658192608504,
      0.0004388786334940232,
      0.0004413471889635548,
      0.0003899449986941181,
      0.0003750587818911299,
      0.0003507631976925768,
      0.00035754923938773574,
      0.000313375894643832,
      0.0003389256676938385,
      0.00028945395553251727,
      0.00029629262609640137,
      0.00026476930207340046,
      0.000275852250411408,
      0.00027213995811063794,
      0.0002472998702013865,
      0.00023461646329262295,
      0.00022492822020780295,
      0.00022479272640426643,
      0.0002182399815309327,
      0.0002098165595496539,
      0.0001842487001081463,
      0.00017712509900564327,
      0.00019115418450324796,
      0.00016028740587295033,
      0.00015203671402763574,
      0.00015840452760690823,
      0.00014702602531178855,
      0.0001453688250097912,
      0.00014775897013954818,
      0.0001418451708671637,
      0.00011467536840180401,
      0.00010693947826919611,
      0.00011567974708101247,
      0.00010651704106188845,
      0.00010371716619934886,
      9.680149381340016e-05,
      0.00010852755484113004,
      8.173071648809127e-05,
      8.78596776642371e-05,
      7.400673531985376e-05,
      8.383463349251543e-05,
      7.053667175816372e-05,
      6.221518271020614e-05,
      6.644925314001738e-05,
      4.8844759232015346e-05,
      5.272580873395782e-05,
      5.71268962987233e-05,
      5.197310115385335e-05,
      4.752395347924903e-05,
      4.68881324029644e-05,
      3.8742805497604424e-05,
      4.13255296315765e-05,
      3.5982101015688383e-05,
      3.447219923720695e-05,
      3.0666346163197886e-05,
      3.082508462044643e-05,
      2.839458693022607e-05,
      2.8509988925070503e-05,
      2.2438672960852274e-05,
      2.7281957352533937e-05,
      2.1887865036551374e-05,
      1.993875568936346e-05,
      2.101400233543245e-05,
      2.0946445972658694e-05,
      1.7382739871682133e-05,
      1.769094918068731e-05,
      1.4475646564678754e-05,
      1.4524855810741428e-05,
      1.4430119859462139e-05,
      1.3873557639162755e-05,
      1.2579891667119227e-05
    ],
    "eval_losses": [
      0.0033381420813500882,
      0.003048030465049669,
      0.0027233391253394077,
      0.0025835702490527184,
      0.002659281009202823,
      0.0024432887898758054,
      0.0023664024823578074,
      0.0023309465134516358,
      0.002128095821297029,
      0.00221809286379721,
      0.0024224538939713967,
      0.0022232304441102313,
      0.0021529769851797026,
      0.0019034338362020208,
      0.0019564959164214087,
      0.0022202697913191512,
      0.0021018772418843583,
      0.0020241958597354824,
      0.001820476051636797,
      0.0018567173590738094
    ],
    "psnr": [
      25.169730422973632,
      25.5742763671875,
      26.35060687866211,
      26.44614602050781,
      26.348142071533204,
      26.883879837036133,
      27.162079040527345,
      27.164428924560546,
      28.048954077148437,
      27.54921826171875,
      27.132747698974608,
      27.365260467529296,
      27.582847607421876,
      28.380909204101563,
      28.508567034912108,
      27.681220922851562,
      28.063306939697267,
      28.23187037963867,
      28.952978759765625,
      28.890398168945314
    ],
    "ssim": [
      0.9677185346603393,
      0.9744326955795288,
      0.978778828907013,
      0.979455250453949,
      0.9807419322013855,
      0.9826526180267334,
      0.9826063623428345,
      0.9830681516647339,
      0.9850579204559327,
      0.9848320180892944,
      0.9835888055801392,
      0.9843728538513183,
      0.9852888622283935,
      0.9867230720520019,
      0.9866638200759887,
      0.9854656127929687,
      0.9864839154243469,
      0.9868900186538696,
      0.9882788168907165,
      0.9881835788726807
    ],
    "best_epoch": 95,
    "best_step": null,
    "best_eval_loss": 0.001820476051636797
  },
  "test_results": {
    "test_loss": 0.0019727595953143466,
    "test_psnr": 31.73172626953125,
    "test_ssim": 0.9871327328681946
  }
}