{
  "args": {
    "device": "cuda:6",
    "exp_home": "./results",
    "ds_name": "mnist",
    "mode": "denoising",
    "noise_std": 0.25,
    "down_scale": 2.0,
    "model_type": "conventional",
    "latent_dim": 784,
    "hidden_dims": [
      1150,
      1150,
      1150,
      1150,
      1150,
      1150,
      1150,
      1150,
      1150,
      1150
    ],
    "wo_Win": false,
    "fix_Win": false,
    "I_Win": false,
    "batch_size": 128,
    "epochs": 100,
    "lr": 0.0005,
    "use_augmentation": false,
    "aug_num": 2,
    "run_id": 2,
    "seed": 42
  },
  "training_logs": {
    "train_losses": [
      0.017855212441682814,
      0.008193067806363107,
      0.006944545306116342,
      0.006510914930999279,
      0.006143255334794521,
      0.005938297137618065,
      0.005767081488370895,
      0.005601204849332571,
      0.005531885510981083,
      0.0053912549471855165,
      0.005324048734158277,
      0.005206816367805004,
      0.005158145359307528,
      0.005129844747334719,
      0.00503822156086564,
      0.00496426925867796,
      0.004910279676914215,
      0.004883726645261049,
      0.004825493340194225,
      0.00476633534103632,
      0.004712464330047369,
      0.0046805371488630775,
      0.004641608282476664,
      0.00460548367574811,
      0.004572835807651282,
      0.00453256063580513,
      0.004481988024115562,
      0.004471631801426411,
      0.004426715970039368,
      0.004391148154884577,
      0.004371892848461866,
      0.004338703031539917,
      0.004309672916829586,
      0.004291828256696463,
      0.004270660086870193,
      0.004227384221851826,
      0.00420395449578762,
      0.00417763857871294,
      0.004156571637094021,
      0.004140439606755972,
      0.004105154904723168,
      0.00409782978400588,
      0.004074764321148396,
      0.004039796165674925,
      0.00401543033927679,
      0.004005369638353586,
      0.0039895920480787755,
      0.0039515830013901,
      0.003946613839417696,
      0.003921581789106131,
      0.003902716296762228,
      0.0038845367856323717,
      0.0038623177707195282,
      0.003847357163131237,
      0.0038309173612296583,
      0.003817085419371724,
      0.003793329964801669,
      0.0037762267277389764,
      0.003750037619620562,
      0.0037441001798957587,
      0.0037142404498159884,
      0.003711379467621446,
      0.0036922585908323526,
      0.0036737412094324825,
      0.0036484787610173226,
      0.0036363984368741513,
      0.003615156994536519,
      0.0036025590045005084,
      0.0035848618596792223,
      0.0035713407126814127,
      0.003555028904378414,
      0.003531490715816617,
      0.0035183806489408015,
      0.003493878046274185,
      0.0034823540947586298,
      0.003462968828678131,
      0.003453246628344059,
      0.0034314029863476755,
      0.003418150624036789,
      0.003400958996787667,
      0.0033838475805521013,
      0.003366084585338831,
      0.0033472481440752744,
      0.003331964097842574,
      0.0033195248955488203,
      0.0033030411735922097,
      0.0032766718365252016,
      0.0032597472842782736,
      0.003243241454809904,
      0.00322640679448843,
      0.003206272806972265,
      0.003187136978432536,
      0.003175010163784027,
      0.0031561133672297,
      0.003138541978225112,
      0.0031201244031637907,
      0.003104167411997914,
      0.003085185142159462,
      0.003072239979207516,
      0.0030633714850246906
    ],
    "eval_losses": [
      0.005903355330973864,
      0.00528783755004406,
      0.005013349118083716,
      0.004752888572961092,
      0.004615136909484863,
      0.004456167808175087,
      0.00441349058970809,
      0.004276633951812983,
      0.004200418277829886,
      0.004102140770107508,
      0.004044004122167826,
      0.003963560739904642,
      0.0038841019853949545,
      0.003864440767467022,
      0.0038061914421617985,
      0.003741003828495741,
      0.0037056890584528444,
      0.0036630504898726942,
      0.0036301700063049794,
      0.0035805105455219747
    ],
    "psnr": [
      22.291254037475586,
      22.76970298461914,
      23.00092061767578,
      23.231812841796874,
      23.359852731323244,
      23.512274871826172,
      23.554344302368165,
      23.691006100463866,
      23.769026190185546,
      23.87147614746094,
      23.93369526977539,
      24.02090802307129,
      24.10919620361328,
      24.131384124755858,
      24.19765668334961,
      24.27212467956543,
      24.31377030944824,
      24.363592877197267,
      24.403022988891603,
      24.463107681274415
    ],
    "ssim": [
      0.8953976145744323,
      0.9175142858505249,
      0.9218337652206421,
      0.9244590375900269,
      0.9268360319137573,
      0.931557624053955,
      0.9361631596565246,
      0.9379979682922364,
      0.9384096893310547,
      0.9395821182250976,
      0.9431786257743835,
      0.9445370718002319,
      0.9448057890892029,
      0.9455940872192383,
      0.9482621223449706,
      0.949924889755249,
      0.9506005432128907,
      0.950802463722229,
      0.9527585545539856,
      0.9522333145141602
    ],
    "best_epoch": 100,
    "best_step": null,
    "best_eval_loss": 0.0035805105455219747
  },
  "test_results": {
    "test_loss": 0.003572236017882824,
    "test_psnr": 24.480121817016602,
    "test_ssim": 0.9531158945083619
  }
}