{
  "args": {
    "device": "cuda:2",
    "exp_home": "./results",
    "ds_name": "mnist",
    "mode": "generative_classification",
    "noise_std": 0.25,
    "down_scale": 2.0,
    "model_type": "conventional",
    "latent_dim": 784,
    "hidden_dims": [
      1150
    ],
    "wo_Win": false,
    "fix_Win": true,
    "I_Win": true,
    "batch_size": 128,
    "epochs": 200,
    "lr": 5e-05,
    "use_augmentation": true,
    "aug_num": 2,
    "run_id": 2,
    "seed": 42
  },
  "training_logs": {
    "train_losses": [
      0.044190752202272414,
      0.016712111600637437,
      0.012417268334329129,
      0.01057616919785738,
      0.009431922465860844,
      0.008649163365662097,
      0.008023394868075847,
      0.007506517661213875,
      0.007077492530047894,
      0.006734168836176395,
      0.00640077630341053,
      0.006108504502177239,
      0.0058456662723422054,
      0.005600933225750923,
      0.005400387269854545,
      0.005170814028531313,
      0.004999079803079367,
      0.004823049188926816,
      0.004664508748054504,
      0.0045090620163083074,
      0.00438539017803967,
      0.004253260122537613,
      0.004127079508006573,
      0.004001626726388931,
      0.0038959323121607304,
      0.0038082945280522107,
      0.0037265058495104314,
      0.0036143312349915502,
      0.0035396435886621475,
      0.0034559076876938344,
      0.0033831514612585305,
      0.003311152033954859,
      0.0032587754076719285,
      0.003186243807822466,
      0.003118024324476719,
      0.0030767359191179277,
      0.0030327915009856223,
      0.00294196722060442,
      0.002905646154731512,
      0.002865734687373042,
      0.0028234653280675413,
      0.002788141053169966,
      0.0027368979711830618,
      0.002689749660938978,
      0.002659025218039751,
      0.002619025727510452,
      0.0025878265457600354,
      0.0025597158063948152,
      0.0025356958597898484,
      0.0025034903149306776,
      0.0024722111064195635,
      0.0024374799360334875,
      0.0024026296415179966,
      0.0023816297263652086,
      0.0023653099562227727,
      0.0023416666524857283,
      0.002308596374541521,
      0.0022962782625108955,
      0.002278195545375347,
      0.0022527930687367918,
      0.0022276127791404725,
      0.0021996489975601437,
      0.0021981631838530304,
      0.0021591395214945078,
      0.0021455246694386007,
      0.002134061497673392,
      0.002116282384842634,
      0.002104305822774768,
      0.002081801758855581,
      0.0020728570082783697,
      0.0020613127973675726,
      0.002042202358953655,
      0.002033552679270506,
      0.0020151570347696542,
      0.001990910962894559,
      0.0019883245368301867,
      0.0019771219693869354,
      0.001964490647353232,
      0.0019426952686160803,
      0.0019368539986014367,
      0.0019276121095567942,
      0.0019128199888765812,
      0.0019058075991272927,
      0.001896410256586969,
      0.0018911946131289004,
      0.0018697534041851758,
      0.0018614816708117723,
      0.0018491926988214254,
      0.0018432304822653533,
      0.0018325369721651078,
      0.0018273958724737166,
      0.0018090001099556685,
      0.0018018723525106907,
      0.0017963210208714008,
      0.0017821098089963198,
      0.0017757047630101441,
      0.0017672408486157655,
      0.0017620624449849129,
      0.0017502073584869503,
      0.0017453215298056603,
      0.0017403237994760275,
      0.0017335811686515809,
      0.001735786562860012,
      0.0017080100153386592,
      0.0017064443878084421,
      0.0016988155986368656,
      0.001695073131918907,
      0.001696283014640212,
      0.001682409221380949,
      0.0016743109703063965,
      0.0016602889031916857,
      0.0016629943381249906,
      0.0016560253880918026,
      0.0016583056543767452,
      0.0016446071512997151,
      0.0016458969087898732,
      0.0016311414191126823,
      0.0016234428548067808,
      0.001627818804755807,
      0.0016131393344700337,
      0.0016111290422827006,
      0.0015967435187101363,
      0.0016112643578276038,
      0.0015923137308657168,
      0.0015923066943883896,
      0.0015929476761072875,
      0.0015863953165709973,
      0.0015763823513686656,
      0.0015721143297106027,
      0.0015709104086086155,
      0.0015601736791431905,
      0.0015525408923625947,
      0.0015525469925999642,
      0.001550391011238098,
      0.0015495938845723868,
      0.0015424285005778075,
      0.0015352011448144913,
      0.0015354445553943516,
      0.0015296666248887777,
      0.0015299540568143128,
      0.0015249708788096904,
      0.001510616560354829,
      0.0015060979519039392,
      0.0015104308680444955,
      0.00149648623585701,
      0.0015028339596092702,
      0.0014969431569427252,
      0.0014919093748182058,
      0.0014955529449880124,
      0.0014942626917734741,
      0.0014817170222848654,
      0.0014736560310423374,
      0.001483525807335973,
      0.0014716937949508428,
      0.00147242879986763,
      0.0014744929614663124,
      0.001465647652000189,
      0.001459314975850284,
      0.001462832219861448,
      0.0014560787868499756,
      0.001460061774328351,
      0.0014522687431424855,
      0.0014461736933887004,
      0.0014486791787296533,
      0.0014418681363761426,
      0.0014431258949637413,
      0.0014482539354264735,
      0.0014373387790471315,
      0.001430017812103033,
      0.0014277773475646972,
      0.0014266438984125852,
      0.0014268490850925446,
      0.001416805075854063,
      0.0014225585061311721,
      0.0014249853213131427,
      0.0014147763222455978,
      0.0014123973861336707,
      0.0014082595447450876,
      0.0014061751087009907,
      0.001399135034903884,
      0.001406211465857923,
      0.0014059659935534,
      0.0013947616765648126,
      0.00141014786593616,
      0.0013949566043168307,
      0.0014003948238492012,
      0.0013943957464024426,
      0.001393220849223435,
      0.0013901445032656193,
      0.0013866910893470048,
      0.0013866036096960306,
      0.0013805828604102136,
      0.0013843474788218736,
      0.0013902864606678486,
      0.0013854685489088298,
      0.0013829569632932545,
      0.0013743049255013466,
      0.00137087484896183,
      0.0013745542603731155,
      0.001365684183910489
    ],
    "eval_losses": [
      0.009860484319925308,
      0.008267033748328685,
      0.0075154154479503636,
      0.007030938494205475,
      0.006897677491605282,
      0.0066563549801707264,
      0.006667371764779091,
      0.006508525383472442,
      0.006494843392074108,
      0.006333932338654995,
      0.006348143224418163,
      0.006345902153849602,
      0.006465137827396393,
      0.0063780359968543055,
      0.006160858409106731,
      0.006283386009931564,
      0.006177383659780026,
      0.006379590909183025,
      0.006306822666525841,
      0.006152729669213295,
      0.006154004362225533,
      0.006265662851929665,
      0.006093095278739929,
      0.006157806923985481,
      0.006205834013223648,
      0.006235967352986336,
      0.006104231137037277,
      0.006039638347923756,
      0.006103703650832177,
      0.005995247067511081,
      0.006329409508407116,
      0.0060197998508811,
      0.006112598457187414,
      0.006063657312095165,
      0.006143748730421067,
      0.006038233870267868,
      0.0061974612787365916,
      0.006068606622517109,
      0.0063161230504512784,
      0.006208231009542942
    ],