{
  "args": {
    "device": "cuda:9",
    "exp_home": "./results",
    "ds_name": "mnist",
    "mode": "generative_classification",
    "noise_std": 0.25,
    "down_scale": 2.0,
    "model_type": "conventional",
    "latent_dim": 784,
    "hidden_dims": [
      1150,
      1150,
      1150,
      1150,
      1150,
      1150
    ],
    "wo_Win": false,
    "fix_Win": true,
    "I_Win": true,
    "batch_size": 128,
    "epochs": 200,
    "lr": 5e-05,
    "use_augmentation": true,
    "aug_num": 4,
    "run_id": 5,
    "seed": 42
  },
  "training_logs": {
    "train_losses": [
      0.014716071442365647,
      0.005055780995339155,
      0.003687538650482893,
      0.002993148037791252,
      0.002497488669808954,
      0.0021841297026909887,
      0.0019378312226012349,
      0.001739552349364385,
      0.001576019963659346,
      0.0014240004209429026,
      0.0013087165248580276,
      0.0012512932603061199,
      0.001142986772027798,
      0.00109473218054045,
      0.0009820781228784472,
      0.000981229475834407,
      0.00088538360404782,
      0.0008411193554010242,
      0.0008259496490564197,
      0.0007489486197149382,
      0.0007029662411706522,
      0.0006972762534325012,
      0.0006698231943557039,
      0.0006487116912566126,
      0.0006070084048924036,
      0.0005908197652897797,
      0.0005550739705143497,
      0.0005498989153769799,
      0.0005582043465494644,
      0.00049937757283682,
      0.0004954340933728963,
      0.0004953411347419024,
      0.0004978735432773828,
      0.00043894344352418555,
      0.00043781821481185036,
      0.0004115797474584542,
      0.0004192266873642802,
      0.0004205138140823692,
      0.00038419858677429147,
      0.00038824011021642944,
      0.0003745933220884763,
      0.0003416226356779225,
      0.000354196940001566,
      0.00034891742946812883,
      0.0003292284224531613,
      0.00028618823785101996,
      0.0003185252425086219,
      0.0003172437421197537,
      0.0003052036943752319,
      0.00029951536456006576,
      0.00025349064872832967,
      0.00026970031354227103,
      0.00027244115625042466,
      0.0002684732191660441,
      0.0002532307504978962,
      0.00025673984441906215,
      0.0002417447467253078,
      0.0002460702560050413,
      0.00023789124255767092,
      0.00025732902126968836,
      0.0002131187154271174,
      0.0002112154052441474,
      0.00021008804585784675,
      0.00020772319909418002,
      0.00019247836103895678,
      0.00020879982816521077,
      0.00020513820969499647,
      0.00017295042069570627,
      0.0002030995779350633,
      0.00016428239305503668,
      0.00017401999847847037,
      0.00019130112906917928,
      0.00016101564520096872,
      0.0001766948626912199,
      0.0001783489644166548,
      0.00015259302624152043,
      0.00014899117923807353,
      0.00015819451089424546,
      0.0001479039347206708,
      0.00013805098696087953,
      0.0001503851840592688,
      0.00011751993784972001,
      0.00014572063768282533,
      0.00014466036008903757,
      0.0001389394915336743,
      0.00012096843314240687,
      0.00011125854718236951,
      0.00012844743559486233,
      0.00011577155961596873,
      0.0001244326798914699,
      0.00011272714614111464,
      0.00012622225536382758,
      0.00010826009506243282,
      0.00011073634851083626,
      8.867372255015653e-05,
      0.00011840938712703064,
      0.00010158143981883768,
      0.00010424977891379967,
      9.066993353480939e-05,
      8.493797124887351e-05,
      9.596152599726338e-05,
      9.237834914703854e-05,
      8.887331300298684e-05,
      0.00010055619782098802,
      9.278385577141308e-05,
      7.964251065917779e-05,
      7.586428320035339e-05,
      7.701181189739145e-05,
      7.152230121137108e-05,
      8.806153989338782e-05,
      6.78784464483033e-05,
      6.767487035016529e-05,
      7.565275240835035e-05,
      6.388445425429381e-05,
      6.154459686134941e-05,
      6.156561466865241e-05,
      7.526379676302895e-05,
      5.6292584342591e-05,
      5.0966289386851714e-05,
      6.992809009941993e-05,
      4.7055328743590505e-05,
      6.364126352855237e-05,
      6.310418470849982e-05,
      5.3890770725847686e-05,
      4.9146198933303824e-05,
      4.852179674897343e-05,
      4.4333819109597245e-05,
      5.072343904495938e-05,
      4.391502264799783e-05,
      5.3116685785062145e-05,
      4.3579308484622745e-05,
      4.441945109691005e-05,
      4.8534101107215976e-05,
      4.5800816496484914e-05,
      2.9868713099858723e-05,
      3.4064023788960186e-05,
      4.306660726695554e-05,
      3.386994472733932e-05,
      3.256641566840699e-05,
      3.39119622000726e-05,
      3.4420719941263085e-05,
      2.8881484634475783e-05,
      2.994093274115585e-05,
      2.8316992069594563e-05,
      3.123272088909289e-05,
      3.422103038465139e-05,
      2.1899574238923378e-05,
      3.004831784986891e-05,
      3.0645529444445854e-05,
      2.6538270536693744e-05,
      2.7038644543936243e-05,
      2.5626812629488994e-05,
      2.26811539256596e-05,
      2.356040078942897e-05,
      2.0172906656953273e-05,
      2.410933108694735e-05,
      1.747719243634492e-05,
      1.6693336088355863e-05,
      2.1576314782578267e-05,
      1.6961185688560362e-05,
      1.85804783461208e-05,
      1.9998243666195776e-05,
      1.579942067633965e-05,
      1.4723286039516096e-05,
      1.98904238716932e-05,
      1.4848656605608995e-05,
      1.5483970498753478e-05,
      1.422052220121259e-05,
      1.4345338364655617e-05,
      1.2847028553514975e-05,
      1.194790019726497e-05,
      1.133405928281718e-05,
      1.157065623512608e-05,
      1.1595593340753112e-05,
      8.9170576367178e-06,
      9.668754362210166e-06,
      1.0641933409206104e-05,
      9.995100999367424e-06,
      7.90845437120879e-06,
      9.292077423160663e-06,
      7.494358424155507e-06,
      8.12956830697658e-06,
      6.600648658059072e-06,
      6.828999002609635e-06,
      5.773228039470268e-06,
      6.096453967693378e-06,
      5.854322692175629e-06,
      6.501770755712641e-06,
      6.737208543054294e-06,
      5.293564638413955e-06,
      6.341292230572435e-06,
      5.233326324232621e-06,
      5.325527142631472e-06,
      5.3486541649908755e-06,
      5.504889397416264e-06,
      5.1309953894815405e-06,
      4.834732135932427e-06,
      5.230000357114477e-06,
      4.580100961684365e-06,
      4.641467101464514e-06
    ],
    "eval_losses": [
      0.004816407977044582,
      0.004733006613701582,
      0.003910243073350284,
      0.004151689835393335,
      0.003973345741722732,
      0.003697273081354797,
      0.0034928214233368635,
      0.0036442247552098705,
      0.003657578435726464,
      0.0035922716079396194,
      0.0031442647819640117,
      0.003434478971187491,
      0.0033630818060279124,
      0.0034902105992194263,
      0.00323201935403049,
      0.0035571505565880216,
      0.0033858130026404977,
      0.003214585068821907,
      0.003171769913774915,
      0.0034029495509093977,
      0.0035323349183658138,
      0.0032496386788174276,
      0.0030597357351660323,
      0.00306610073101765,
      0.003442259697906411,
      0.0035964600641469587,
      0.003052705471742229,
      0.0031583427643636242,
      0.003094135896222724,
      0.003035957028111443,
      0.002947129639988998,
      0.003264202596036921,
      0.0034182204294673285,
      0.0035088729829643854,
      0.0031311203214791023,
      0.0028903108499343942,
      0.002915669373916535,
      0.002867316714825574,
      0.003109842292857502,
      0.0031670741276684567
    ],