{
  "args": {
    "device": "cuda:9",
    "exp_home": "./results",
    "ds_name": "mnist",
    "mode": "generative_classification",
    "noise_std": 0.25,
    "down_scale": 2.0,
    "model_type": "conventional",
    "latent_dim": 784,
    "hidden_dims": [
      1150,
      1150,
      1150,
      1150,
      1150,
      1150
    ],
    "wo_Win": true,
    "fix_Win": false,
    "I_Win": false,
    "wo_Wout": true,
    "batch_size": 128,
    "epochs": 50,
    "lr": 0.0005,
    "use_augmentation": false,
    "aug_num": 2,
    "run_id": 2,
    "seed": 42
  },
  "training_logs": {
    "train_losses": [
      0.010443283127844333,
      0.004771682193279266,
      0.003671901639178395,
      0.0031309095622226598,
      0.002581201982796192,
      0.0023743428689241407,
      0.0020742170955985783,
      0.0018847540614008904,
      0.0017022390883788467,
      0.0015170355325192213,
      0.0014823208324611188,
      0.0013782195795513689,
      0.0011994925982505083,
      0.0010890670916624367,
      0.0011204101065732538,
      0.0010398635319620372,
      0.0008397733082436026,
      0.0008050177319720387,
      0.0008603669830597937,
      0.0007305714754574001,
      0.00060261971950531,
      0.0006720518188178539,
      0.0007242547171935439,
      0.0006309256405010819,
      0.0005414452475775033,
      0.00045284219493158163,
      0.0005001569232530892,
      0.0004782189019722864,
      0.00037000759610906244,
      0.0003633815544098616,
      0.0003342333703208715,
      0.00031051084251143037,
      0.0003061099426774308,
      0.00030148233005777,
      0.00026198718918254597,
      0.00019446038142312318,
      0.00021218900848645717,
      0.00020953154016286135,
      0.0001569373206119053,
      0.0001543317322153598,
      0.00014227614131290465,
      0.00013908593228086828,
      0.00010986797455232591,
      0.00012082789261825382,
      0.00011335274881450459,
      9.132943627657368e-05,
      8.623969002859667e-05,
      7.586956684710458e-05,
      7.171744036255404e-05,
      6.463121771113947e-05
    ],
    "eval_losses": [
      0.004745573475398123,
      0.003863889555260539,
      0.0038654864851385357,
      0.0034833919163560494,
      0.0032181110427714882,
      0.003155778099782765,
      0.0028059694463037884,
      0.0029463383561349472,
      0.002868616844038479,
      0.0026662574835005217
    ],
    "psnr": [
      23.542205041503905,
      24.61796960449219,
      24.4880143371582,
      25.145137017822265,
      25.398716567993166,
      25.779576922607422,
      26.29395704345703,
      26.08041753540039,
      26.34720082397461,
      26.914620642089844
    ],
    "ssim": [
      0.9598123346328735,
      0.972868810081482,
      0.9729450517654419,
      0.9764711787223815,
      0.978474993610382,
      0.9794168493270874,
      0.9815629469871521,
      0.9809804719924927,
      0.9813841236114502,
      0.9830280101776123
    ],
    "best_epoch": 50,
    "best_step": null,
    "best_eval_loss": 0.0026662574835005217
  },
  "test_results": {
    "test_loss": 0.0028338818155782064,
    "test_psnr": 28.29899855957031,
    "test_ssim": 0.9821810111999512
  }
}