{
  "args": {
    "device": "cuda:6",
    "exp_home": "./results",
    "ds_name": "mnist",
    "mode": "denoising",
    "noise_std": 0.25,
    "down_scale": 2.0,
    "model_type": "conventional",
    "latent_dim": 784,
    "hidden_dims": [
      2870,
      2870,
      2870
    ],
    "wo_Win": false,
    "fix_Win": false,
    "I_Win": false,
    "wo_Wout": false,
    "batch_size": 128,
    "epochs": 30,
    "lr": 0.005,
    "use_augmentation": false,
    "aug_num": 2,
    "run_id": 4,
    "seed": 42
  },
  "training_logs": {
    "train_losses": [
      0.14365155742168426,
      0.14327231705665588,
      0.14327231737613677,
      0.1432723178434372,
      0.14327231768131257,
      0.14327231726646422,
      0.143272317404747,
      0.1432723171567917,
      0.14327231810092925,
      0.1432723176574707,
      0.1432723172712326,
      0.14327231713294983,
      0.14327231753826142,
      0.1432723178911209,
      0.14327231739044188,
      0.1432723168706894,
      0.1432723172044754,
      0.14327231737136842,
      0.14327231751441954,
      0.14327231832504272,
      0.14327231719493866,
      0.14327231701374055,
      0.1432723175096512,
      0.14327231757164002,
      0.1432723178911209,
      0.1432723174571991,
      0.14327231719017028,
      0.14327231728076933,
      0.14327231737613677,
      0.14327231766700746
    ],
    "eval_losses": [
      0.14281746950149535,
      0.14281746950149535,
      0.14281746950149535,
      0.14281746950149535,
      0.14281746950149535,
      0.14281746950149535
    ],
    "psnr": [
      8.452636360168457,
      8.452636360168457,
      8.452636360168457,
      8.452636360168457,
      8.452636360168457,
      8.452636360168457
    ],
    "ssim": [
      0.3432130874633789,
      0.3432130874633789,
      0.3432130874633789,
      0.3432130874633789,
      0.3432130874633789,
      0.3432130874633789
    ],
    "best_epoch": 5,
    "best_step": null,
    "best_eval_loss": 0.14281746950149535
  },
  "test_results": {
    "test_loss": 0.14332248246669768,
    "test_psnr": 8.4404642578125,
    "test_ssim": 0.3456773893356323
  }
}