{
  "args": {
    "device": "cuda:6",
    "exp_home": "./results",
    "ds_name": "mnist",
    "mode": "denoising",
    "noise_std": 0.25,
    "down_scale": 2.0,
    "model_type": "conventional",
    "latent_dim": 784,
    "hidden_dims": [
      1150
    ],
    "wo_Win": false,
    "fix_Win": false,
    "I_Win": true,
    "batch_size": 128,
    "epochs": 100,
    "lr": 5e-05,
    "use_augmentation": false,
    "aug_num": 2,
    "run_id": 1,
    "seed": 42
  },
  "training_logs": {
    "train_losses": [
      0.055652171370983126,
      0.022531302168369294,
      0.015490073602199554,
      0.012131604061424732,
      0.0102617466288805,
      0.00906464290767908,
      0.008241291337311267,
      0.007665959161520004,
      0.007191079290062189,
      0.00684697611823678,
      0.006544434835761785,
      0.006303682883828879,
      0.006117023811340332,
      0.0059388766720891,
      0.0058060466864705085,
      0.005672977242320776,
      0.005565467435866595,
      0.00547511227607727,
      0.005381263881474733,
      0.005301244188398123,
      0.0052330111722648145,
      0.0051668129628896714,
      0.005094464323371649,
      0.005054839332699776,
      0.005005305264145136,
      0.004960381420403719,
      0.004919930297136307,
      0.004879668316692114,
      0.004846325780898332,
      0.004807460769563913,
      0.004774597816169262,
      0.0047551659034192565,
      0.0047155019730329515,
      0.004699887835383415,
      0.004668922597318888,
      0.004645202166289091,
      0.004626706954091788,
      0.004615711418092251,
      0.004577969748526812,
      0.004562201059013605,
      0.00454739107504487,
      0.004526269140690565,
      0.004508468098640442,
      0.004500752659887076,
      0.004488651191741228,
      0.0044773469743132595,
      0.004451315256357193,
      0.004443116001486778,
      0.004432641272395849,
      0.004422076620459557,
      0.004404180268794298,
      0.0043973206169903275,
      0.0043758512781560425,
      0.004375933519899845,
      0.004369562146067619,
      0.00435512810871005,
      0.004343396743834019,
      0.0043318203240633015,
      0.004333126910328865,
      0.004313260225504637,
      0.004316232367008925,
      0.004303271191567182,
      0.004296188798844814,
      0.00429238653704524,
      0.004284645741134882,
      0.004285199268609285,
      0.004275179146975279,
      0.004257773892432451,
      0.0042550172932446,
      0.004261460418850184,
      0.004249512914866209,
      0.004245144292712211,
      0.004240606984198094,
      0.004235905439853668,
      0.004233063040673733,
      0.004216847856193781,
      0.004213456929326057,
      0.004214775026887655,
      0.004210258039832115,
      0.004204057204574347,
      0.0042085765275359155,
      0.004194472065567971,
      0.0041905060529708864,
      0.004184468484669924,
      0.004181189740151167,
      0.004180684386342764,
      0.004183871429860592,
      0.0041664876593649385,
      0.004176590587645769,
      0.0041688311718404295,
      0.004173025219887495,
      0.0041670146597921846,
      0.004164682561606169,
      0.00416015830591321,
      0.004156790131777525,
      0.004165685317516327,
      0.004152903521209955,
      0.0041579857988655565,
      0.004153274453282356,
      0.004145010298788548
    ],
    "eval_losses": [
      0.00921567144691944,
      0.006424996539205313,
      0.005530289325863123,
      0.005118180811405182,
      0.004849252924323082,
      0.00466741684153676,
      0.004567151458561421,
      0.004483876324445009,
      0.004406763575226068,
      0.004362466131150723,
      0.004319945269078016,
      0.004277899817377329,
      0.004265847543627023,
      0.0042263006918132305,
      0.004215655037760734,
      0.004194876078516245,
      0.004178714664280415,
      0.0041709794923663135,
      0.004167854207754135,
      0.004149056009203195
    ],
    "psnr": [
      20.358349462890626,
      21.924610162353517,
      22.57583073730469,
      22.91174153442383,
      23.1457123046875,
      23.31213864135742,
      23.406414208984376,
      23.485631735229493,
      23.561390997314454,
      23.605547885131838,
      23.647377868652345,
      23.69012303161621,
      23.70235246887207,
      23.742845178222655,
      23.753712844848632,
      23.774796548461914,
      23.79216326599121,
      23.799872030639648,
      23.80317459411621,
      23.822504956054686
    ],
    "ssim": [
      0.8319526573181152,
      0.8718232273101807,
      0.8850985461235047,
      0.8934446004867553,
      0.900880628490448,
      0.9058631690979004,
      0.9065229047775268,
      0.9086749084472656,
      0.9132093708992004,
      0.9120025159835815,
      0.9135507466316223,
      0.915539150428772,
      0.9188908936500549,
      0.9163466793060303,
      0.9177642375946045,
      0.918079974269867,
      0.9176559831619263,
      0.9206823124885559,
      0.9203809673309327,
      0.9199156234741211
    ],
    "best_epoch": 100,
    "best_step": null,
    "best_eval_loss": 0.004149056009203195
  },
  "test_results": {
    "test_loss": 0.004128863127157092,
    "test_psnr": 23.851952368164064,
    "test_ssim": 0.9218436273574829
  }
}