{
  "args": {
    "device": "cuda:7",
    "exp_home": "./results",
    "ds_name": "mnist",
    "mode": "denoising",
    "noise_std": 0.25,
    "down_scale": 2.0,
    "model_type": "conventional",
    "latent_dim": 784,
    "hidden_dims": [
      1150,
      1150,
      1150,
      1150,
      1150,
      1150
    ],
    "wo_Win": false,
    "fix_Win": false,
    "I_Win": false,
    "wo_Wout": false,
    "batch_size": 128,
    "epochs": 30,
    "lr": 0.0001,
    "use_augmentation": false,
    "aug_num": 2,
    "run_id": 5,
    "seed": 42
  },
  "training_logs": {
    "train_losses": [
      0.024481302887797356,
      0.009547811628878116,
      0.007694710982888937,
      0.006793183812499047,
      0.006299328665882349,
      0.005947510357797146,
      0.005674010127335787,
      0.005469374349415302,
      0.005302270438075065,
      0.005155694477260113,
      0.005049152737259865,
      0.004943610438853502,
      0.004844704582989216,
      0.004768424913734198,
      0.004698185666948557,
      0.004625375739634037,
      0.004568433579355478,
      0.004504238200634718,
      0.004451822833120823,
      0.004417917270213366,
      0.004383594506084919,
      0.004334241761863231,
      0.004300411232113838,
      0.004270351540446282,
      0.004236201330274344,
      0.004192958424538374,
      0.004164395472705364,
      0.004136468528956175,
      0.0041158327229321,
      0.004095027431547642
    ],
    "eval_losses": [
      0.0059629470363259315,
      0.00516170206591487,
      0.0047177222147583965,
      0.00448249526694417,
      0.004334493815153837,
      0.0042329295940697195
    ],
    "psnr": [
      22.24818059082031,
      22.87467258300781,
      23.265105679321287,
      23.48700172729492,
      23.633038385009765,
      23.73583426208496
    ],
    "ssim": [
      0.8944523303985595,
      0.910205872631073,
      0.9181570735931397,
      0.9257875121116638,
      0.9282126507759094,
      0.9319582399368286
    ],
    "best_epoch": 30,
    "best_step": null,
    "best_eval_loss": 0.0042329295940697195
  },
  "test_results": {
    "test_loss": 0.004193418326601386,
    "test_psnr": 23.785618630981446,
    "test_ssim": 0.9335551809310914
  }
}