{
  "args": {
    "device": "cuda:5",
    "exp_home": "./results",
    "ds_name": "mnist",
    "mode": "denoising",
    "noise_std": 0.25,
    "down_scale": 2.0,
    "model_type": "conventional",
    "latent_dim": 784,
    "hidden_dims": [
      1150,
      1150,
      1150,
      1150,
      1150,
      1150
    ],
    "wo_Win": false,
    "fix_Win": false,
    "I_Win": false,
    "batch_size": 128,
    "epochs": 200,
    "lr": 0.0005,
    "use_augmentation": true,
    "aug_num": 2,
    "run_id": 2,
    "seed": 42
  },
  "training_logs": {
    "train_losses": [
      0.013631587957441807,
      0.006816235052794218,
      0.006126532401442528,
      0.00578382384493947,
      0.0055545697255432605,
      0.005406750104278326,
      0.0052691625200212006,
      0.0051506840819120405,
      0.005033848638534546,
      0.00495441080391407,
      0.004858350136578083,
      0.00479997709736228,
      0.004740545224547386,
      0.0046875748126208785,
      0.00464599550575018,
      0.004596928420066834,
      0.004558261128664017,
      0.004524524660557508,
      0.004493353435844183,
      0.004469683323949576,
      0.0044404865425825115,
      0.004411388293653727,
      0.004391706151664257,
      0.004370367288589478,
      0.004351362453997135,
      0.004331970982253551,
      0.004307075453698635,
      0.004296481653153896,
      0.004272928282916546,
      0.004261715823411941,
      0.00423861027508974,
      0.0042284096117317675,
      0.004216350487619638,
      0.004196894565373659,
      0.004190620774626732,
      0.004171229115575552,
      0.004164246311336756,
      0.004147131534665823,
      0.004135169795304537,
      0.004125035193264484,
      0.004112640819549561,
      0.0040998967024683955,
      0.004093187988996506,
      0.0040811836142838,
      0.004070304471999407,
      0.004064439163804054,
      0.004052617054879666,
      0.004043177717626095,
      0.004033362204432488,
      0.004023298881426453,
      0.004021052563339472,
      0.0040044287748634815,
      0.004000127428174019,
      0.003994024619162082,
      0.003984390101283789,
      0.003973107703179121,
      0.003966880200505256,
      0.003962264454513789,
      0.00395509674847126,
      0.0039442848888039585,
      0.003939736637771129,
      0.003927649626880884,
      0.003924935141801834,
      0.003910568445920944,
      0.003906863509565592,
      0.003898403020054102,
      0.0038907143197953703,
      0.0038879944674670695,
      0.0038803094685077666,
      0.0038703856156766417,
      0.0038622618222236634,
      0.003858447402715683,
      0.0038489934065937996,
      0.0038394026218354703,
      0.003838571285456419,
      0.003824426994174719,
      0.0038171455091238022,
      0.003806003990471363,
      0.003808467669188976,
      0.0038035090589523314,
      0.003791192150563002,
      0.003779955955594778,
      0.003776931950226426,
      0.003766668803691864,
      0.003761241038516164,
      0.0037613376731425526,
      0.003753413136303425,
      0.0037484477335214617,
      0.003731887627542019,
      0.003729340470433235,
      0.0037239686396718023,
      0.003713779507428408,
      0.003715137283951044,
      0.003695882859826088,
      0.003694523983374238,
      0.0036944106864929198,
      0.003677658173292875,
      0.0036755926886945962,
      0.0036717374768853186,
      0.0036593848863244057,
      0.0036511473951488732,
      0.003646099748760462,
      0.0036389505548775195,
      0.0036320946776866913,
      0.0036281680834293365,
      0.003620906069949269,
      0.0036117545459419488,
      0.0036022104378789664,
      0.003597997210994363,
      0.00359050395257771,
      0.0035829983009397983,
      0.003575004636347294,
      0.0035672067904472353,
      0.0035599731051176786,
      0.0035588915788382293,
      0.003548044616430998,
      0.0035405796721577646,
      0.003534391793757677,
      0.0035292204263061284,
      0.0035224387957155704,
      0.00351570114210248,
      0.003507634679675102,
      0.0034975562763959168,
      0.0034991118934005498,
      0.00348442448168993,
      0.003477801663354039,
      0.0034752203671634197,
      0.0034611433622986076,
      0.0034582318203151227,
      0.0034517112328112127,
      0.0034421760225296022,
      0.0034350264950096607,
      0.003429485204145312,
      0.003423126497119665,
      0.003420748534798622,
      0.0034083734565973282,
      0.0033996208905428646,
      0.0033937465722858906,
      0.0033901635620743036,
      0.0033828498905897142,
      0.003374620509445667,
      0.0033669114799797536,
      0.0033591329884529115,
      0.003356234559640288,
      0.003346270897164941,
      0.003335990108773112,
      0.0033272603387385605,
      0.0033200374443084,
      0.0033093967154622077,
      0.0033063222627341747,
      0.003297493145242333,
      0.003289859057664871,
      0.0032801961010694505,
      0.003274505572244525,
      0.0032674159578979017,
      0.0032584556406736374,
      0.003248619043827057,
      0.003243070387020707,
      0.0032340090364962816,
      0.0032256775964796544,
      0.003219365148767829,
      0.0032117473904788494,
      0.0032057949910312892,
      0.0031957116942852738,
      0.003190904528424144,
      0.0031806137524545194,
      0.0031751848217099906,
      0.003161137181892991,
      0.003156716603860259,
      0.0031509232857078314,
      0.0031417197500169278,
      0.003130493004769087,
      0.003122552677616477,
      0.0031181073363125322,
      0.0031078267849236727,
      0.0031005849497765304,
      0.0030977494121342897,
      0.0030845757550001145,
      0.003076634929180145,
      0.0030691267992556093,
      0.0030622520416229964,
      0.0030519425270706417,
      0.0030455164585262537,
      0.0030377428755164145,
      0.003031801756992936,
      0.003023733915835619,
      0.0030151637452840805,
      0.0030091714422404766,
      0.00299944072984159,
      0.0029944542492181063,
      0.002984914279654622,
      0.0029780818926543,
      0.0029707041750848292,
      0.0029652201595902444,
      0.0029587885811924934,
      0.002955014424175024,
      0.0029510597398132088,
      0.0029386193626374005,
      0.002938836752474308,
      0.0029279323779046536
    ],
    "eval_losses": [
      0.00533699332177639,
      0.00488931437432766,
      0.004621609223634005,
      0.004517551749199628,
      0.0043376442320644856,
      0.004272248542308807,
      0.004200116617977619,
      0.004123746885359287,
      0.0041406471475958825,
      0.0040508406504988674,
      0.004006303496658802,
      0.00399171662479639,
      0.003979636258631945,
      0.003881452503800392,
      0.003901960898190737,
      0.0038593913309276106,
      0.003814229977875948,
      0.003789986174553633,
      0.0037628100901842118,
      0.0037316572293639183,
      0.0037180136375129223,
      0.003710353323072195,
      0.0036697319842875003,
      0.003637207857891917,
      0.003619984840974212,
      0.003608943071961403,
      0.0035852143689990043,
      0.0035567560464143753,
      0.003542841752246022,
      0.003526322885602713,
      0.0035177631955593826,
      0.0035072406597435476,
      0.0034924199000000954,
      0.0034844064302742483,
      0.003469585019722581,
      0.0034596405774354935,
      0.003450836605578661,
      0.0034429818291217087,
      0.0034342831913381816,
      0.0034122151274234057
    ],