{
  "args": {
    "device": "cuda:4",
    "exp_home": "./results",
    "ds_name": "imagenet32",
    "mode": "denoising",
    "noise_std": 0.25,
    "down_scale": 2.0,
    "model_type": "hourglass",
    "latent_dim": 3546,
    "hidden_dims": [
      270,
      270,
      270,
      270,
      270
    ],
    "wo_Win": false,
    "fix_Win": false,
    "I_Win": false,
    "batch_size": 512,
    "epochs": 4,
    "lr": 0.0003,
    "use_augmentation": true,
    "aug_num": 4,
    "run_id": 12,
    "seed": 42
  },
  "training_logs": {
    "train_losses": [
      0.013275020718574525,
      0.008809561774134635,
      0.008169827247038484,
      0.00779159058816731,
      0.007659599298611284,
      0.0075006545847281815,
      0.0074070231579244136,
      0.007347901104949415,
      0.007308333337306976,
      0.007273243392817676,
      0.007225545672699809,
      0.007181237351149321,
      0.007159569405950606,
      0.007122866375371814,
      0.007085446865297854,
      0.007076227106153965,
      0.00704455406870693,
      0.007028651588596404,
      0.006980935959145427,
      0.00696557020675391,
      0.006970017814077437,
      0.006913551540113985,
      0.006893275422044098,
      0.006875024923123419,
      0.006849452185444534,
      0.006841554121114314,
      0.0068121379883959885,
      0.006802977810613811,
      0.006773224252276122,
      0.006763234560377896,
      0.006738638523966074,
      0.006727538080886006,
      0.006700427292846143,
      0.006702962459996343,
      0.006677215592004359,
      0.006666394700296223,
      0.0066547533990815285,
      0.006627979887649417,
      0.006608987323008478,
      0.006600035227835178,
      0.0065868412461131814,
      0.006567435156553983,
      0.006557070659473538,
      0.006546419071033597,
      0.006526160029694438,
      0.006509927443228662,
      0.006504950230941177,
      0.00649115143250674,
      0.0064795197192579505,
      0.006454813041724265,
      0.006436606342904269,
      0.006428803307935596,
      0.006420885535888374,
      0.006414837343618274,
      0.006401633765548468,
      0.00638953176792711,
      0.0063655678993090985,
      0.006356380159035325,
      0.0063362456355243926,
      0.006330101881176233,
      0.006323012279346585,
      0.006312161929905415,
      0.006292410956695676,
      0.006283357609063387,
      0.00627242979221046,
      0.006262636444531381,
      0.006246559442952275,
      0.006239657750353217,
      0.006230222251266241,
      0.0062214920483529565,
      0.006199868366122246,
      0.006197991587221623,
      0.006182382707484066,
      0.006175103723071515,
      0.006158546428196132,
      0.006147386986762285,
      0.006136898916214705,
      0.006119920815341175,
      0.006122970254160464,
      0.006112453682348132
    ],
    "eval_losses": [
      0.007628676750957966,
      0.00731601394712925,
      0.007133528589010238,
      0.00695071211501956,
      0.00682857568308711,
      0.006774749007672071,
      0.0067285686007142066,
      0.0066151149302721025,
      0.006528581399470568,
      0.0064560399846732616,
      0.00646568661570549,
      0.006331874075680971,
      0.006266292485445738,
      0.006199990382641554,
      0.006142685560882092,
      0.006094094671756029
    ],
    "psnr": [
      21.177456304931642,
      21.35908853942871,
      21.468800324707033,
      21.58162747375488,
      21.658633814086915,
      21.692954750366212,
      21.722612702026368,
      21.796508219604494,
      21.85381346496582,
      21.902335338134765,
      21.89584142578125,
      21.98665898010254,
      22.03195537109375,
      22.07801594848633,
      22.11840099182129,
      22.152899821166994
    ],
    "ssim": [
      0.6480775890159607,
      0.6570282858467102,
      0.6623297134780883,
      0.6659516842842103,
      0.6685903021621704,
      0.6725221819877625,
      0.6732962132453918,
      0.6782771142578125,
      0.6799448740196228,
      0.6822969110107422,
      0.6835414056777954,
      0.6873621508979797,
      0.6894705922698975,
      0.6920236384010315,
      0.6940375420570374,
      0.6958513982200623
    ],
    "best_epoch": null,
    "best_step": 40000,
    "best_eval_loss": 0.006094094671756029
  },
  "test_results": {
    "test_loss": 0.006086548973619938,
    "test_psnr": 22.158795175170898,
    "test_ssim": 0.6960436594963074
  }
}