{
  "args": {
    "device": "cuda:9",
    "exp_home": "./results",
    "ds_name": "mnist",
    "mode": "generative_classification",
    "noise_std": 0.25,
    "down_scale": 2.0,
    "model_type": "conventional",
    "latent_dim": 784,
    "hidden_dims": [
      1150,
      1150,
      1150,
      1150,
      1150,
      1150
    ],
    "wo_Win": false,
    "fix_Win": true,
    "I_Win": false,
    "batch_size": 128,
    "epochs": 200,
    "lr": 5e-05,
    "use_augmentation": true,
    "aug_num": 4,
    "run_id": 3,
    "seed": 42
  },
  "training_logs": {
    "train_losses": [
      0.014017457436472178,
      0.004983706812635064,
      0.003681437521465123,
      0.0030018086272664366,
      0.0026064773586019874,
      0.00223903449613601,
      0.002001203463226557,
      0.0017918144137226044,
      0.001628866587714292,
      0.0014856905506365002,
      0.0014344493963057176,
      0.0013171549587370828,
      0.0011979368311911822,
      0.0011366337394108997,
      0.001073942493009381,
      0.0010413241874985396,
      0.0009861118957586587,
      0.0009106531572015956,
      0.0008726693281438201,
      0.0008299262566352263,
      0.0007877823516493663,
      0.0007558358699269593,
      0.0007199771215231158,
      0.0006861667740019038,
      0.000681516038486734,
      0.0006370773742324673,
      0.0006194592839712277,
      0.0005847283344483003,
      0.0005893446134310216,
      0.0005740807425975799,
      0.000512409980574157,
      0.0005185322374850512,
      0.0004982123757898807,
      0.0004934691254724748,
      0.0004827098814980127,
      0.0004676510634063743,
      0.00043669595712097364,
      0.0004205628211493604,
      0.00043362704790197315,
      0.00040264954634243623,
      0.000382822458751034,
      0.0004163089482183568,
      0.000366806410914287,
      0.00035191176749765874,
      0.0003560225616279058,
      0.0003506264723406639,
      0.00033212313684402036,
      0.0003233486898941919,
      0.0003205956782330759,
      0.0003299721052928362,
      0.00031625006924383345,
      0.0002835405990574509,
      0.0002918651760194916,
      0.0002943930705112871,
      0.0002698910839529708,
      0.0002591005999885965,
      0.0002651794050866738,
      0.0002605512213183101,
      0.0002905939010356087,
      0.00023742748456075788,
      0.00022415503938798793,
      0.00024880459489068016,
      0.00022077949832892044,
      0.00022114700980833732,
      0.00022120006920071318,
      0.00023726253154338338,
      0.00021175322554889135,
      0.0002080985999677796,
      0.00020595302607049235,
      0.00019345358336693606,
      0.00020746700494026299,
      0.00016126507871435023,
      0.000192855158886523,
      0.0001858733782795025,
      0.0002061383896850748,
      0.00015585376412898766,
      0.00017119513130455744,
      0.0001615773916046601,
      0.00014430074149393476,
      0.00017233017232851124,
      0.00016703267243807203,
      0.0001497063214943046,
      0.00014761865391163154,
      0.0001499890682339901,
      0.00013819300940958782,
      0.00013828054483339656,
      0.00014071498550241812,
      0.00014491741449804976,
      0.00012148615989368409,
      0.00012923094264639075,
      0.00012945215677202213,
      0.00013061903158493807,
      0.00013455059983709361,
      0.0001242326960992068,
      0.00011198259173776023,
      0.00010680610010633245,
      0.00010845810022379737,
      0.00011699662842729595,
      0.00011961762834544061,
      0.00010279519685427658,
      9.888452519953716e-05,
      0.00010029260549723404,
      0.0001002554050181061,
      9.496136559348088e-05,
      8.770887605118332e-05,
      0.0001008807437098585,
      9.884907106723404e-05,
      8.224520865711384e-05,
      8.658390516968211e-05,
      8.334661241329741e-05,
      7.775111590162851e-05,
      8.040258312947116e-05,
      6.28776391930296e-05,
      9.498958319745725e-05,
      8.248952994850697e-05,
      6.087541068525752e-05,
      8.262072494631867e-05,
      8.757524924294558e-05,
      6.491957507823826e-05,
      6.892115873517469e-05,
      6.849099275510526e-05,
      6.586186141474173e-05,
      5.582394334807759e-05,
      6.85237136745127e-05,
      5.1654560315655544e-05,
      6.336867889243876e-05,
      5.554816824820591e-05,
      4.943060492252698e-05,
      5.5237988171575125e-05,
      5.668360583833419e-05,
      5.0541215014527554e-05,
      5.281757728633238e-05,
      4.4022229609254285e-05,
      5.2531357304542326e-05,
      4.765088632411789e-05,
      5.384918182506226e-05,
      3.708841431507608e-05,
      4.261627636326011e-05,
      4.4027916197665034e-05,
      3.9302890514663885e-05,
      3.9381949898670424e-05,
      3.6772699252469464e-05,
      4.194780880818144e-05,
      3.8871877113269874e-05,
      3.20334120078769e-05,
      3.321856270253193e-05,
      4.1686282023292734e-05,
      2.417479472584091e-05,
      3.3332410143339076e-05,
      4.072511118749389e-05,
      2.735689116845606e-05,
      2.82472924128524e-05,
      2.2421850037644617e-05,
      3.442753686831565e-05,
      2.1970938553131418e-05,
      2.458695456283749e-05,
      2.4406634496699552e-05,
      2.1268425326852592e-05,
      2.193292897864012e-05,
      2.0033888050966198e-05,
      3.3904962448432345e-05,
      2.7671253595472082e-05,
      2.4626489090442192e-05,
      2.4322998684219783e-05,
      2.0311917623330375e-05,
      2.0482497966149823e-05,
      2.071313859007205e-05,
      2.3328907080722276e-05,
      1.659490694757551e-05,
      1.6934344706387492e-05,
      1.4457609645469346e-05,
      1.8996796889550752e-05,
      1.3965806260530371e-05,
      1.9118499048345256e-05,
      1.6707655678619632e-05,
      1.4342896981688682e-05,
      1.1460893420007778e-05,
      1.68083300156286e-05,
      1.3666885530255968e-05,
      1.1032651317655109e-05,
      1.0694101097615203e-05,
      1.1676779520057607e-05,
      1.1903082870703656e-05,
      1.1766224797611358e-05,
      1.0202587291423697e-05,
      1.028381911222823e-05,
      1.0441531945543829e-05,
      1.046615113846201e-05,
      9.440396467907703e-06,
      9.680144517624285e-06,
      9.068307481211377e-06,
      1.0297969212479074e-05,
      9.18854882766027e-06,
      9.286492947867373e-06,
      8.771315976046026e-06,
      9.45903898216784e-06,
      8.72415501085925e-06,
      8.0361034188536e-06,
      8.316856441088021e-06,
      8.309194874818786e-06
    ],
    "eval_losses": [
      0.003873694633762352,
      0.003172614988288842,
      0.0030075375491403974,
      0.0031306529611349106,
      0.0028820397923351266,
      0.0028580679073464126,
      0.002743261516466737,
      0.002468344113830244,
      0.0029364217435824684,
      0.002494256998994388,
      0.002596185979247093,
      0.0022757824984379112,
      0.0021275939454702894,
      0.0024484822941594755,
      0.0022328104466199875,
      0.002178967285368708,
      0.002358915727119893,
      0.002243687700049486,
      0.002220657018250495,
      0.0021598951163105083,
      0.0023447287624920135,
      0.0024697180114038927,
      0.002217680495363311,
      0.0021785358600078324,
      0.002371770089209167,
      0.002030978942313959,
      0.0021273936898774993,
      0.0022818917185904865,
      0.002107104847791925,
      0.0022288038822189265,
      0.0023517542144923936,
      0.0025861746952752585,
      0.002155470642883665,
      0.0020052161882340444,
      0.0021130365863904444,
      0.0019934896597591433,
      0.0019142832405355875,
      0.001923023547530829,
      0.002016672686283346,
      0.001988314160680966
    ],