{
  "args": {
    "device": "cuda:6",
    "exp_home": "./results",
    "ds_name": "mnist",
    "mode": "denoising",
    "noise_std": 0.25,
    "down_scale": 2.0,
    "model_type": "conventional",
    "latent_dim": 784,
    "hidden_dims": [
      785
    ],
    "wo_Win": false,
    "fix_Win": false,
    "I_Win": false,
    "wo_Wout": false,
    "batch_size": 128,
    "epochs": 30,
    "lr": 0.001,
    "use_augmentation": false,
    "aug_num": 2,
    "run_id": 5,
    "seed": 42
  },
  "training_logs": {
    "train_losses": [
      0.018563168038725854,
      0.007240394257009029,
      0.006267865638136864,
      0.0057494597813487055,
      0.005460251484811306,
      0.0052629965615272525,
      0.0050589839594066145,
      0.004928632776886225,
      0.004806478317975998,
      0.0047206257879734035,
      0.0046291903881728646,
      0.004557359276711941,
      0.004488575315475464,
      0.004414113904535771,
      0.004366679579764604,
      0.004300632861852646,
      0.004257928533256054,
      0.004201597603559494,
      0.0041502083446085455,
      0.004110860554277897,
      0.004072129773646593,
      0.004019146608859301,
      0.00398255072683096,
      0.003930022496134043,
      0.0038887006363272666,
      0.003842088456451893,
      0.0037993434648215772,
      0.003754624463915825,
      0.003717049556598067,
      0.003680358767360449
    ],
    "eval_losses": [
      0.0053272861644625665,
      0.004764814942330122,
      0.0043769871056079865,
      0.004178099647164345,
      0.003970906826853752,
      0.003781329670548439
    ],
    "psnr": [
      22.737266949462892,
      23.22187384338379,
      23.59010566711426,
      23.791829431152344,
      24.012903756713868,
      24.225103079223633
    ],
    "ssim": [
      0.9064965381622314,
      0.9150731163024902,
      0.9201472478866577,
      0.9257811754226685,
      0.9323243160247803,
      0.9370982149124145
    ],
    "best_epoch": 30,
    "best_step": null,
    "best_eval_loss": 0.003781329670548439
  },
  "test_results": {
    "test_loss": 0.0037506734386086463,
    "test_psnr": 24.26694496459961,
    "test_ssim": 0.9387646486282348
  }
}