{
  "args": {
    "device": "cuda:0",
    "exp_home": "./results",
    "ds_name": "mnist",
    "mode": "denoising",
    "noise_std": 0.25,
    "down_scale": 2.0,
    "model_type": "conventional",
    "latent_dim": 784,
    "hidden_dims": [
      1470,
      1470,
      1470,
      1470,
      1470
    ],
    "wo_Win": true,
    "fix_Win": false,
    "I_Win": false,
    "wo_Wout": true,
    "batch_size": 128,
    "epochs": 30,
    "lr": 0.0005,
    "use_augmentation": false,
    "aug_num": 2,
    "run_id": 1,
    "seed": 42
  },
  "training_logs": {
    "train_losses": [
      0.012114812610447407,
      0.00706016489431262,
      0.0059939048075675965,
      0.005515211945474148,
      0.00526132586017251,
      0.0050644410967826846,
      0.004928806042224169,
      0.004835787595212459,
      0.004726719128191471,
      0.0046556586053967475,
      0.004552859467118978,
      0.00446969690605998,
      0.004421549229621887,
      0.004351498747617006,
      0.0043016305691003795,
      0.004222270946800709,
      0.004172052601128817,
      0.004125035131722688,
      0.0040592986735701565,
      0.004012494899183512,
      0.003971671066135168,
      0.003908211733549834,
      0.0038567122811079026,
      0.003812102181762457,
      0.0037661196617782117,
      0.00372021935403347,
      0.003680489635169506,
      0.003630057288259268,
      0.0035939200139790775,
      0.0035521220496296884
    ],
    "eval_losses": [
      0.005175864490121603,
      0.004468763617426157,
      0.0042608613945543765,
      0.004037227565795183,
      0.0038562327139079573,
      0.0036872739337384703
    ],
    "psnr": [
      22.86233561706543,
      23.499787692260742,
      23.706785791015626,
      23.940826519775392,
      24.14013455810547,
      24.335165759277345
    ],
    "ssim": [
      0.9184406039237976,
      0.9281932963371277,
      0.9363581073760986,
      0.9429591196060181,
      0.949198131275177,
      0.9529399415969849
    ],
    "best_epoch": 30,
    "best_step": null,
    "best_eval_loss": 0.0036872739337384703
  },
  "test_results": {
    "test_loss": 0.0036957040343433617,
    "test_psnr": 24.33142250366211,
    "test_ssim": 0.9533699341773987
  }
}