{
  "args": {
    "device": "cuda:9",
    "exp_home": "./results",
    "ds_name": "mnist",
    "mode": "generative_classification",
    "noise_std": 0.25,
    "down_scale": 2.0,
    "model_type": "conventional",
    "latent_dim": 784,
    "hidden_dims": [
      785,
      785,
      785
    ],
    "wo_Win": true,
    "fix_Win": false,
    "I_Win": false,
    "wo_Wout": true,
    "batch_size": 128,
    "epochs": 50,
    "lr": 0.001,
    "use_augmentation": false,
    "aug_num": 2,
    "run_id": 1,
    "seed": 42
  },
  "training_logs": {
    "train_losses": [
      0.011078190934211016,
      0.005073770146071911,
      0.00384093406021595,
      0.0032080231343954804,
      0.0027169651257991792,
      0.002392249665111303,
      0.0022592276349663733,
      0.001923559516519308,
      0.0017220030251145363,
      0.0016391226563230157,
      0.0014991642738878728,
      0.0013442160730995237,
      0.0012237479249574243,
      0.0011502678837254643,
      0.0011252841718494891,
      0.0011323400788754224,
      0.0009781880339421332,
      0.0009114695143327117,
      0.0007675040492415428,
      0.0007148496187850833,
      0.0006815882333181799,
      0.0006772848914936185,
      0.0007114371175691485,
      0.0006377817100659013,
      0.0005984660764969885,
      0.000529206782374531,
      0.0005297646356746554,
      0.0004975476794224233,
      0.00039810786785557866,
      0.0003336653920309618,
      0.00032909369125030935,
      0.00031355203154031185,
      0.000363275939701125,
      0.000295198939666152,
      0.00026053252431564033,
      0.00020238059361930936,
      0.00018851838970091193,
      0.00020201412624679506,
      0.00021689267819281668,
      0.000170856696725823,
      0.00013737915799487383,
      0.00012520949380937963,
      0.0001231673307204619,
      0.00011538628559559583,
      0.00010423023093258962,
      9.29948888439685e-05,
      8.67942237132229e-05,
      8.043873943854123e-05,
      7.551670448388904e-05,
      7.262171110371128e-05
    ],
    "eval_losses": [
      0.004613206535577774,
      0.0039473848044872285,
      0.003951144853979349,
      0.003428764509782195,
      0.003432328892732039,
      0.003171251406148076,
      0.0030228922367095947,
      0.00323776152767241,
      0.0032255427957046776,
      0.0028438933889847248
    ],
    "psnr": [
      23.67651136779785,
      24.35325360107422,
      24.413414324951173,
      25.162363488769532,
      25.246124609375,
      25.64354301452637,
      25.857751104736327,
      25.518632232666015,
      25.775731329345703,
      26.135551989746094
    ],
    "ssim": [
      0.9629390913009643,
      0.9700452402114869,
      0.9723772740364075,
      0.9763701690673828,
      0.9763875444412231,
      0.9783812452316284,
      0.9795791861534119,
      0.9788345194816589,
      0.9795806615829468,
      0.9813402082443238
    ],
    "best_epoch": 50,
    "best_step": null,
    "best_eval_loss": 0.0028438933889847248
  },
  "test_results": {
    "test_loss": 0.0029867333369445986,
    "test_psnr": 27.455339270019532,
    "test_ssim": 0.9809778264045715
  }
}