{
  "args": {
    "device": "cuda:3",
    "exp_home": "./results",
    "ds_name": "mnist",
    "mode": "generative_classification",
    "noise_std": 0.25,
    "down_scale": 2.0,
    "model_type": "conventional",
    "latent_dim": 784,
    "hidden_dims": [
      1150,
      1150,
      1150,
      1150,
      1150,
      1150,
      1150,
      1150,
      1150,
      1150
    ],
    "wo_Win": true,
    "fix_Win": false,
    "I_Win": false,
    "batch_size": 128,
    "epochs": 200,
    "lr": 0.0001,
    "use_augmentation": true,
    "aug_num": 2,
    "run_id": 1,
    "seed": 42
  },
  "training_logs": {
    "train_losses": [
      0.011769196851551533,
      0.004257585346996784,
      0.0032672126449644566,
      0.0026755822460725904,
      0.002372693414501846,
      0.0020439250649139287,
      0.0019506853692233563,
      0.0016869347351044417,
      0.0015372051101364196,
      0.0014796196108497678,
      0.0013737602876126766,
      0.0012596733365021647,
      0.0011801460519526154,
      0.0011109102050401271,
      0.0010484767541103065,
      0.0010195796020701527,
      0.0009828739324118942,
      0.0009251991815958172,
      0.0008662697247602046,
      0.0008640079659596086,
      0.0007429984538303688,
      0.0007558602104336023,
      0.0007308237071661279,
      0.0006728485305048525,
      0.0006273432251811028,
      0.0006505032209027558,
      0.0006289459359971806,
      0.0005776383772538975,
      0.0005784691727580502,
      0.0005829221606021747,
      0.0005272030162997544,
      0.0005469043713621795,
      0.000512857727506198,
      0.0005606302469363436,
      0.0004768019764823839,
      0.0004448880942771211,
      0.00045761820586398246,
      0.00044121658491436393,
      0.0004726490189740434,
      0.0004086416312912479,
      0.00041715336908120665,
      0.0003946389740006998,
      0.00036311418861150743,
      0.0004208653817093,
      0.00039164151350734756,
      0.00029257129756733773,
      0.00037502139981836083,
      0.0003523741916986182,
      0.00032519123586360367,
      0.00034530899930745363,
      0.00028344106586882846,
      0.0002708830201625824,
      0.0003237687787320465,
      0.0003206431854702532,
      0.0002830968844424933,
      0.0002813340013893321,
      0.00027155526214744897,
      0.0002855906004086137,
      0.00025236578170908613,
      0.0002687307361699641,
      0.0002167412448627874,
      0.0002719274349580519,
      0.00024695615287870167,
      0.00025147384061012415,
      0.00021753123416565358,
      0.00023407856090576387,
      0.00020830733202630654,
      0.00024458942803088577,
      0.0001833031654614024,
      0.0002259469530871138,
      0.00024797826007241384,
      0.00015176794768078253,
      0.00023132549464236946,
      0.0002130385302542709,
      0.00017415215607034042,
      0.00020556722201406957,
      0.00016483872662996873,
      0.00018217402562266215,
      0.00016961015751585366,
      0.00017976193657377734,
      0.00018728065500734373,
      0.00017923739145277068,
      0.00015395837746444159,
      0.00016790844353847207,
      0.00016288118351250887,
      0.0001582238495768979,
      0.00016156477726064623,
      0.00014176818446081597,
      0.0001484661853883881,
      0.00013678660511039198,
      0.00014183917782036588,
      0.00012854017150122673,
      0.00012709278923051897,
      0.00014100123953423462,
      0.00013145993562531656,
      0.000110405916509917,
      0.00011973654260742478,
      0.00013462421404547057,
      0.00011216250531258992,
      0.00012074396269570571,
      0.00011124902683193795,
      0.00010427844628866296,
      0.00011141171781811863,
      0.00011950665223004762,
      0.00011695620974060148,
      8.599892486585304e-05,
      0.00011812536723678932,
      0.00011659194078180007,
      9.59893462259788e-05,
      0.00010148303373600356,
      8.326240475056693e-05,
      0.00010985887468210422,
      0.0001041129834530875,
      9.184874934377149e-05,
      6.839052007067949e-05,
      0.00011380125214112923,
      7.496702200209256e-05,
      5.146979691227898e-05,
      7.32498848286923e-05,
      7.698556987801566e-05,
      8.169540480768773e-05,
      8.836187068722211e-05,
      6.822805775271263e-05,
      7.324060529354029e-05,
      7.324104486964644e-05,
      8.285151570511516e-05,
      8.983609277289361e-05,
      6.542680329235736e-05,
      5.225399529619608e-05,
      6.150208984327036e-05,
      6.192838659626431e-05,
      5.057548941927962e-05,
      5.2617434397689065e-05,
      7.68344502657419e-05,
      5.4739353868062605e-05,
      4.0309549658559265e-05,
      4.75292364397319e-05,
      6.123226910305675e-05,
      4.063634363701567e-05,
      5.752488399855793e-05,
      3.7256554362829774e-05,
      5.0903927966137414e-05,
      4.607849826628808e-05,
      4.3984149881289343e-05,
      4.161164276883937e-05,
      3.660005459474633e-05,
      4.0718232037033887e-05,
      4.578060196945444e-05,
      3.68338091703481e-05,
      5.868085133552086e-05,
      3.225384766788921e-05,
      3.191040671255905e-05,
      2.7611338658607566e-05,
      3.027391954412451e-05,
      2.6546990412462037e-05,
      2.8688943226297852e-05,
      2.572021371073788e-05,
      3.4151530297822316e-05,
      2.7367249021044698e-05,
      3.559543666953687e-05,
      2.6693527106544935e-05,
      2.3869632323330735e-05,
      2.538318910228554e-05,
      2.016403937333962e-05,
      2.9143944166135044e-05,
      1.9430229681020136e-05,
      3.119891355076106e-05,
      2.4830331668781582e-05,
      2.309892842633417e-05,
      1.7926450634840876e-05,
      2.139528132713167e-05,
      1.5282479440502358e-05,
      2.0571630810882198e-05,
      1.889105746347923e-05,
      2.3364894463447854e-05,
      1.7667166189930868e-05,
      1.4411319846403785e-05,
      1.5975704907032195e-05,
      1.6254216531815472e-05,
      1.520231014030287e-05,
      1.4484277053561527e-05,
      1.6190864867385244e-05,
      1.1891285915480694e-05,
      1.4589412682107649e-05,
      1.2667566160962451e-05,
      1.1938376526231878e-05,
      1.5516705439076757e-05,
      1.2301348069449886e-05,
      9.965970046177972e-06,
      1.3001747331290972e-05,
      1.0102046006941237e-05,
      9.19981655984884e-06,
      8.225349892163648e-06,
      8.008367843576706e-06,
      7.154882237518905e-06,
      7.318565139576095e-06,
      7.332171049783938e-06,
      6.123250917371479e-06,
      7.024180832377169e-06,
      7.08585771964863e-06
    ],
    "eval_losses": [
      0.004188871107809245,
      0.004024078291002661,
      0.003773249277472496,
      0.003276308797299862,
      0.0032816052876063623,
      0.003917756666056812,
      0.0032175901097711177,
      0.00359417566282209,
      0.0027576094107702375,
      0.0028764820956741458,
      0.0030801205105148257,
      0.002998743835778441,
      0.0027749992901692166,
      0.0030322068233042954,
      0.0029037104159826414,
      0.0027466542676091196,
      0.0029661823604779786,
      0.002861213399231201,
      0.0031120932118588827,
      0.0031419504240111566,
      0.00281964687644504,
      0.0032243204337515634,
      0.0033454472264362266,
      0.0030532729958882556,
      0.0030451708362437785,
      0.003321399970247876,
      0.0027238011824607384,
      0.002956363226992107,
      0.00299994700816751,
      0.002653670429432532,
      0.0028151633125053197,
      0.0028173221224955343,
      0.0029802602306423067,
      0.002658192904544194,
      0.002894355388059921,
      0.0025980077471791448,
      0.0027284783291375786,
      0.002907895668334095,
      0.0029516357687512937,
      0.002865921750682173
    ],