{
  "args": {
    "device": "cuda:6",
    "exp_home": "./results",
    "ds_name": "mnist",
    "mode": "denoising",
    "noise_std": 0.25,
    "down_scale": 2.0,
    "model_type": "conventional",
    "latent_dim": 784,
    "hidden_dims": [
      1150,
      1150,
      1150,
      1150
    ],
    "wo_Win": false,
    "fix_Win": true,
    "I_Win": true,
    "batch_size": 128,
    "epochs": 100,
    "lr": 5e-05,
    "use_augmentation": false,
    "aug_num": 2,
    "run_id": 2,
    "seed": 42
  },
  "training_logs": {
    "train_losses": [
      0.04087615047872067,
      0.015252005245089531,
      0.011115696885287761,
      0.009384361264109612,
      0.008339541122615337,
      0.007657098001837731,
      0.007152209819108248,
      0.006766673603057861,
      0.006457642576247454,
      0.00623753006234765,
      0.006012842437326908,
      0.005841440399736166,
      0.00569535048276186,
      0.0055673912961781025,
      0.005455823860764503,
      0.005350977331101894,
      0.005255083214640618,
      0.005207583299577236,
      0.005122398105114698,
      0.00504643984079361,
      0.004991598372906446,
      0.0049275993996858595,
      0.004890311878323555,
      0.004838000615537167,
      0.004787135332971811,
      0.004754907002449036,
      0.0047106359753012654,
      0.00468335041642189,
      0.004636895252019167,
      0.004602784521132708,
      0.004571049342304468,
      0.004541259483098984,
      0.004512582324892283,
      0.004496190033853054,
      0.004474650470912457,
      0.004441384792029858,
      0.00441518653228879,
      0.004399966493397951,
      0.004371879015415907,
      0.004360192547738552,
      0.004337362642735243,
      0.004323520060926676,
      0.004305765893012285,
      0.004283463321775198,
      0.004263911880850792,
      0.004258593732565642,
      0.0042369983990490434,
      0.004211638621240854,
      0.004211874013394117,
      0.0042009078459441665,
      0.004183950255215168,
      0.004175486262142658,
      0.004157468512505293,
      0.004147586661875248,
      0.004132483989447355,
      0.004126995697170496,
      0.00411097896873951,
      0.004100396958142519,
      0.004090380507111549,
      0.004086901357769966,
      0.004068782892674208,
      0.0040700927254557605,
      0.004057572370320559,
      0.004045903480499983,
      0.004035028360113502,
      0.0040280666944384575,
      0.004014528300613165,
      0.00401382131665945,
      0.004002349773645401,
      0.003998833080530167,
      0.003995256409496069,
      0.00398933117210865,
      0.003987587258666754,
      0.003957447675615549,
      0.003962875654399395,
      0.003954820978716016,
      0.003956271141767502,
      0.003948379809856415,
      0.0039408159293234345,
      0.003936325597763061,
      0.003928379104435444,
      0.0039252946635335685,
      0.0039151587784290315,
      0.00390958822414279,
      0.003912056364417076,
      0.0039042174987494946,
      0.0038972728882730005,
      0.0038949615348875524,
      0.0038919216817617417,
      0.0038910772064328194,
      0.0038816404457390308,
      0.003874227170497179,
      0.0038763415643572807,
      0.003876280255019665,
      0.0038711631785333157,
      0.0038631865133345127,
      0.003861474317163229,
      0.003857286506071687,
      0.003849925834685564,
      0.0038565715074539183
    ],
    "eval_losses": [
      0.007565821848809719,
      0.005831357552856207,
      0.005230357703566551,
      0.004891299869120121,
      0.004687423130869866,
      0.004514233160018921,
      0.004414103174209595,
      0.004331963034719229,
      0.004259021313488483,
      0.004217352003604174,
      0.00417698160931468,
      0.004141098285466433,
      0.004096178764849901,
      0.004069655865430832,
      0.004050155217200518,
      0.004019089827686549,
      0.004011597752571106,
      0.003995805139094591,
      0.003993930420279503,
      0.003974651372432709
    ],
    "psnr": [
      21.21430231933594,
      22.34530933227539,
      22.817464907836914,
      23.108051596069338,
      23.29339619140625,
      23.45651605529785,
      23.554365679931642,
      23.636062225341796,
      23.7094656829834,
      23.75156743774414,
      23.793764962768556,
      23.831163516235353,
      23.878674209594728,
      23.90682639770508,
      23.92798927307129,
      23.961037231445314,
      23.96935014038086,
      23.986324337768554,
      23.988236950683593,
      24.009493994140627
    ],
    "ssim": [
      0.8635783199310303,
      0.8906203704833985,
      0.9071376739501953,
      0.9135461280822754,
      0.9177180492401124,
      0.921470943069458,
      0.9251622421264648,
      0.9251210903167725,
      0.9302525987625122,
      0.9320518314361572,
      0.9334004048347473,
      0.9333358739852905,
      0.9347705904006958,
      0.9364926033973694,
      0.9379614791870117,
      0.9380322774887085,
      0.939597597694397,
      0.9385117168426513,
      0.9399605260848999,
      0.9396129054069519
    ],
    "best_epoch": 100,
    "best_step": null,
    "best_eval_loss": 0.003974651372432709
  },
  "test_results": {
    "test_loss": 0.00395389162376523,
    "test_psnr": 24.039984390258788,
    "test_ssim": 0.9410589684486389
  }
}