{
  "args": {
    "device": "cuda:9",
    "exp_home": "./results",
    "ds_name": "mnist",
    "mode": "generative_classification",
    "noise_std": 0.25,
    "down_scale": 2.0,
    "model_type": "conventional",
    "latent_dim": 784,
    "hidden_dims": [
      1150,
      1150,
      1150,
      1150
    ],
    "wo_Win": false,
    "fix_Win": true,
    "I_Win": false,
    "batch_size": 128,
    "epochs": 100,
    "lr": 0.0005,
    "use_augmentation": false,
    "aug_num": 2,
    "run_id": 1,
    "seed": 42
  },
  "training_logs": {
    "train_losses": [
      0.012651482665538788,
      0.004734259657412768,
      0.003460885720998049,
      0.0029106181751191616,
      0.002538365000039339,
      0.0021897915986925365,
      0.0020850167836248875,
      0.0017230128759890796,
      0.0015476381620019674,
      0.0015525614546984434,
      0.0013685424655955284,
      0.001305004456564784,
      0.0011272164538875223,
      0.0010905289820954203,
      0.0010810466220229865,
      0.0010324464777484537,
      0.0009053651049267501,
      0.0008147180751897395,
      0.0007982592405192554,
      0.0008081860656291247,
      0.0007571364022418857,
      0.0006657280204305425,
      0.0006497346937656402,
      0.0006498338257707655,
      0.0006732128219306469,
      0.000556547062303871,
      0.0005278171006077901,
      0.0005359674752876163,
      0.0004040120733715594,
      0.0005062113150022924,
      0.0004568246421404183,
      0.00046978393767029046,
      0.00048044534569606186,
      0.00034477769261226056,
      0.0003126313634775579,
      0.0002821193760121241,
      0.00037395072164945304,
      0.0003767668447038159,
      0.00029248898034449664,
      0.00034096515734679996,
      0.0003042545701842755,
      0.0002565851980447769,
      0.0002593865218339488,
      0.0003216427323501557,
      0.0002766113100107759,
      0.0002506922066188417,
      0.00023913900167448447,
      0.00018975240306928754,
      0.00017765331509523094,
      0.00021759740608744322,
      0.00016405815958278253,
      0.0001815430546202697,
      0.0001802962190983817,
      0.0002123226598557085,
      0.0001752997526433319,
      0.0001505682453874033,
      9.399280407465994e-05,
      0.00013389831457752735,
      0.00015443302495405078,
      0.0001645758201694116,
      0.00015242147610988467,
      0.00011430053062736988,
      0.00010042408354231156,
      8.657289568218403e-05,
      9.252774966997095e-05,
      0.00013409125674981623,
      0.00010119213631900493,
      8.931184670771472e-05,
      0.00010481333766598255,
      6.54955894057639e-05,
      5.6802272411296146e-05,
      6.094282031874173e-05,
      7.618110013776458e-05,
      7.56517579976935e-05,
      6.340183506952599e-05,
      6.946076154243201e-05,
      7.169104206841439e-05,
      3.944721429608762e-05,
      5.5725035400828345e-05,
      5.008195585338399e-05,
      3.8580465364502745e-05,
      4.079838884761557e-05,
      4.5670670421095566e-05,
      3.148966353503056e-05,
      3.184203101263847e-05,
      2.8351104562170805e-05,
      3.1449527747463436e-05,
      2.171286494791275e-05,
      2.4256346116308123e-05,
      2.1936992882983758e-05,
      1.903957083064597e-05,
      1.9522516314900712e-05,
      1.6884810029441722e-05,
      1.9445080182049423e-05,
      1.7160888946673367e-05,
      1.7841207163000944e-05,
      1.5050739461512422e-05,
      1.5126779788406566e-05,
      1.4430056342389434e-05,
      1.432001165652764e-05
    ],
    "eval_losses": [
      0.0030888236669823527,
      0.0031362482278607788,
      0.0027188356100581587,
      0.0027398270491976293,
      0.0021300536318682134,
      0.0021260507807834075,
      0.0019173878309433348,
      0.0022331842783489264,
      0.0020880162727611607,
      0.0022202099775196983,
      0.002055646748217987,
      0.001962936556246132,
      0.0020456797112128697,
      0.001921676996309543,
      0.0019337864408036694,
      0.0018861952548628325,
      0.0018620546084006492,
      0.0018504441609286004,
      0.0018954839668542263,
      0.001839964111437439
    ],
    "psnr": [
      25.486945733642578,
      25.41058544921875,
      26.231058184814454,
      26.25408525390625,
      27.791235906982422,
      27.93178088989258,
      28.484000415039063,
      27.58930050048828,
      27.742549346923827,
      27.394013342285156,
      28.17873309326172,
      28.254524810791015,
      28.282338415527345,
      28.813949786376952,
      28.99374805908203,
      28.853741015625,
      29.043367071533204,
      29.29793312988281,
      29.208274432373045,
      29.311296270751953
    ],
    "best_epoch": 100,
    "best_step": null,
    "best_eval_loss": 0.001839964111437439
  },
  "test_results": {
    "test_loss": 0.0016936816215420549,
    "test_psnr": 33.27807730102539
  }
}