{
  "args": {
    "device": "cuda:3",
    "exp_home": "./results",
    "ds_name": "mnist",
    "mode": "generative_classification",
    "noise_std": 0.25,
    "down_scale": 2.0,
    "model_type": "conventional",
    "latent_dim": 784,
    "hidden_dims": [
      1150,
      1150,
      1150,
      1150,
      1150,
      1150,
      1150,
      1150,
      1150,
      1150
    ],
    "wo_Win": false,
    "fix_Win": false,
    "I_Win": true,
    "batch_size": 128,
    "epochs": 200,
    "lr": 1e-05,
    "use_augmentation": true,
    "aug_num": 2,
    "run_id": 5,
    "seed": 42
  },
  "training_logs": {
    "train_losses": [
      0.033995107247829434,
      0.006008076876699925,
      0.003960517741143703,
      0.002905283999964595,
      0.0023217326268553736,
      0.0018423641643673181,
      0.001531140261683613,
      0.0012633383473567665,
      0.00111560511585325,
      0.0009551873706839978,
      0.0008326622655242681,
      0.0007901348482631147,
      0.0006965042040683329,
      0.0006896386675350368,
      0.0006046341569162906,
      0.0005558532962948084,
      0.0005478325781971216,
      0.0005154311477206647,
      0.0005036363636422902,
      0.0004583261430542916,
      0.0004403488166071475,
      0.0004206147462502122,
      0.0004059086330980063,
      0.0003890506986062974,
      0.0003574680257961154,
      0.000398467952683568,
      0.0003830876542441547,
      0.0003136148944124579,
      0.00031186108741909266,
      0.00033561821513809265,
      0.0002988384263496846,
      0.00028986963434144856,
      0.0002716113168001175,
      0.00029868180023506286,
      0.0002710730072390288,
      0.00027599402704043315,
      0.00024405016019009055,
      0.00024428401722572746,
      0.0002337944077095017,
      0.00026185634890105576,
      0.0002302794065931812,
      0.0002160543614765629,
      0.00022671164595987648,
      0.0001885269023082219,
      0.00024314636966213583,
      0.0001815010299393907,
      0.0002046595966652967,
      0.00019200651145540178,
      0.0001736410937109031,
      0.00018336146231740714,
      0.0001922352308407426,
      0.0001558364358637482,
      0.00017024981155060233,
      0.0001790948688238859,
      0.0001402472717035562,
      0.0001677653359330725,
      0.000171037745825015,
      0.00014547112334519624,
      0.00011533131990348921,
      0.0001599342839419842,
      0.00016216387305874376,
      0.0001900973783293739,
      0.00013241738593205808,
      0.00013092993024736642,
      0.00013812995589338242,
      0.00014939932211302222,
      0.00013461172671057285,
      0.00013924166086129846,
      0.00012666201336309314,
      0.00014170419078785926,
      0.00011802470767055638,
      0.00010852122649666853,
      0.0001401215651584789,
      0.00011977409556973726,
      0.00012763697991613297,
      0.0001290124442242086,
      0.00010523996016825549,
      0.00011202134634368121,
      0.00011504764396231621,
      0.0001082954512455035,
      0.00010222699031000957,
      9.344878662494012e-05,
      0.00011823197414865717,
      0.00011462670141365379,
      0.00010604531022254377,
      0.0001117683825478889,
      8.033472366165369e-05,
      0.00011032604494364932,
      0.00010137337389634922,
      8.511771516175941e-05,
      9.420225872308946e-05,
      9.133868667529896e-05,
      9.563571742852219e-05,
      6.622459589736536e-05,
      8.820756749482825e-05,
      6.498232028912753e-05,
      0.00010325342914322391,
      9.672725068638101e-05,
      8.04269971488975e-05,
      7.54847463243641e-05,
      6.901184221031144e-05,
      9.948200339451432e-05,
      7.145223235245795e-05,
      8.084609349141829e-05,
      6.269101453945041e-05,
      6.494678252842277e-05,
      7.614566832198762e-05,
      6.413748446502723e-05,
      8.033509496366605e-05,
      5.695947805186733e-05,
      5.8694472630741074e-05,
      6.501131646567955e-05,
      6.849403511732817e-05,
      6.907535310136154e-05,
      6.830391234601848e-05,
      5.390423210337758e-05,
      5.30067317164503e-05,
      5.641996206017211e-05,
      4.5850286395289005e-05,
      5.4155990893486884e-05,
      5.498797875945456e-05,
      5.609944806667045e-05,
      4.665281445952132e-05,
      5.3613859955221416e-05,
      5.111241667531431e-05,
      4.956513287732378e-05,
      5.924248730530962e-05,
      4.4670712775550785e-05,
      4.85703360917978e-05,
      4.522708771168254e-05,
      3.857723988941871e-05,
      4.945806622563396e-05,
      4.8608451494947074e-05,
      4.888079074444249e-05,
      4.449616709956899e-05,
      4.751327781006694e-05,
      4.573953721555881e-05,
      3.887906510382891e-05,
      4.573360884329304e-05,
      3.350724756834097e-05,
      4.246934999595396e-05,
      4.586723992833868e-05,
      4.020187209127471e-05,
      4.1217593895271424e-05,
      4.350276401266455e-05,
      4.0746959894895556e-05,
      3.6753223380073904e-05,
      4.147484890883788e-05,
      4.0170179060660305e-05,
      3.9391280113486574e-05,
      4.097576506552286e-05,
      2.9497308929567226e-05,
      3.4848557657096535e-05,
      3.563862485811114e-05,
      3.681600949494168e-05,
      3.411512949620373e-05,
      3.109805000014603e-05,
      3.152856059081387e-05,
      3.317792433663271e-05,
      2.88829034822993e-05,
      3.0391948733013125e-05,
      3.7072120839729905e-05,
      3.215945139236283e-05,
      3.404318440472707e-05,
      3.115077482070774e-05,
      2.6651683862437493e-05,
      3.1990055989008396e-05,
      2.9357289110776037e-05,
      2.6045980646740646e-05,
      2.4997713663615286e-05,
      2.932691688358318e-05,
      2.5231196940876543e-05,
      2.4863681893330066e-05,
      2.470599135500379e-05,
      2.8104437123984098e-05,
      2.7891537412069738e-05,
      2.3789401933318004e-05,
      2.5441875932738186e-05,
      2.49985555105377e-05,
      2.3550783635582775e-05,
      2.39885461027734e-05,
      2.5006192343425937e-05,
      2.4240680327638983e-05,
      2.4289124429342336e-05,
      2.4228319018147886e-05,
      2.4101976942038163e-05,
      2.361071348423138e-05,
      2.383812448824756e-05,
      2.45232717320323e-05,
      2.3076746854931117e-05,
      2.2242528449278326e-05,
      2.3246647597989066e-05,
      2.2685476730111988e-05,
      2.3225262849009596e-05,
      2.1867701201699673e-05,
      2.2169968454400076e-05,
      2.199366844200995e-05,
      2.2366563502000645e-05,
      2.1775692623341457e-05,
      2.212988622370176e-05
    ],
    "eval_losses": [
      0.004559853683412075,
      0.003496934060752392,
      0.0032536842722445725,
      0.0032845428705215456,
      0.0029755397437140345,
      0.003229306523129344,
      0.002861376653239131,
      0.0028786650559166444,
      0.0026652794481255115,
      0.002707206760440022,
      0.0025833204787224532,
      0.0025961936617735775,
      0.0025976602093782278,
      0.002441859259799821,
      0.0028187598526594228,
      0.002797791413567029,
      0.0025241279704496266,
      0.002636691014096141,
      0.002577372615225613,
      0.002512349161505699,
      0.002523510681092739,
      0.0025142845049034804,
      0.002555117347324267,
      0.0024035651319660248,
      0.002391325709130615,
      0.002327935192617588,
      0.0023254061736748552,
      0.0024183773280499737,
      0.0022850474349135766,
      0.0023229727754951455,
      0.002362709290557541,
      0.002234900648187613,
      0.002360708730915212,
      0.0022130360490176825,
      0.0022728223141806666,
      0.0021864337063918354,
      0.002211627171479631,
      0.0022022370121470886,
      0.0021866596613253934,
      0.0021731985845486633
    ],