{
  "args": {
    "device": "cuda:7",
    "exp_home": "./results",
    "ds_name": "mnist",
    "mode": "denoising",
    "noise_std": 0.25,
    "down_scale": 2.0,
    "model_type": "conventional",
    "latent_dim": 784,
    "hidden_dims": [
      1150,
      1150,
      1150,
      1150,
      1150,
      1150,
      1150,
      1150,
      1150,
      1150
    ],
    "wo_Win": false,
    "fix_Win": false,
    "I_Win": false,
    "batch_size": 128,
    "epochs": 100,
    "lr": 0.0005,
    "use_augmentation": true,
    "aug_num": 2,
    "run_id": 1,
    "seed": 42
  },
  "training_logs": {
    "train_losses": [
      0.013368726357519626,
      0.007120917789191008,
      0.006383786126673221,
      0.005993733297586441,
      0.005737751020640135,
      0.005578089926689863,
      0.0054208036902546886,
      0.0052971337771415715,
      0.005182194893211126,
      0.00507906849399209,
      0.004988913957178593,
      0.004899197188615799,
      0.004845924363881349,
      0.004777336831092834,
      0.004725919588804245,
      0.004680172656327486,
      0.004624103676974773,
      0.004585013432353735,
      0.004544762886017561,
      0.0045060963293910026,
      0.004463332286775112,
      0.004436614234447479,
      0.004408224433809519,
      0.004372376077622175,
      0.004351431293636561,
      0.004317345454841852,
      0.004292094527333975,
      0.004273110537827015,
      0.004249631643295288,
      0.004219627548456192,
      0.0042038017326593395,
      0.0041782167905569075,
      0.004159114846736193,
      0.004133742486536503,
      0.004118701080530882,
      0.004097227864563465,
      0.004075947426706553,
      0.004063352574706078,
      0.00404512661986053,
      0.004023269465789199,
      0.004011003616154194,
      0.003988377263993025,
      0.003980371173322201,
      0.003955898607373238,
      0.003946312421485782,
      0.0039288375671207906,
      0.003908558317869902,
      0.003901604463607073,
      0.00388227324038744,
      0.0038668372131884098,
      0.003856808198094368,
      0.0038384199991822244,
      0.003828537503629923,
      0.0038130466727912425,
      0.0037963665473461153,
      0.0037848469915986063,
      0.0037698242953419685,
      0.003758271814361215,
      0.0037438032498955725,
      0.003725684880465269,
      0.003719269997626543,
      0.0037023933635652066,
      0.0036832691191136836,
      0.003675872958600521,
      0.0036605384556949137,
      0.0036427774807810784,
      0.003629944283738732,
      0.003619729975759983,
      0.003605092006996274,
      0.003593676706254482,
      0.0035757681334018707,
      0.003563493172302842,
      0.0035485364447534083,
      0.0035344385062903165,
      0.0035183401626348496,
      0.0035050880123674868,
      0.0034913100308179854,
      0.0034753413601219655,
      0.003457153395265341,
      0.003442312701046467,
      0.0034307358425855637,
      0.0034145740619301794,
      0.0034015500294417144,
      0.003378795310035348,
      0.003366153365150094,
      0.003351952793225646,
      0.0033393263802677393,
      0.0033216756878048184,
      0.003301671804189682,
      0.0032868262681365014,
      0.0032691262921690943,
      0.003253246706277132,
      0.003237429675385356,
      0.003220221750587225,
      0.0032094649056345226,
      0.0031897414976358412,
      0.0031781205997616054,
      0.0031617896891385317,
      0.0031444710071384906,
      0.0031346398774534465
    ],
    "eval_losses": [
      0.005690158279240132,
      0.00502821350991726,
      0.0046690372489392755,
      0.004555804058164358,
      0.004353301713615656,
      0.00421301628947258,
      0.004191565337777137,
      0.004029418650269508,
      0.003986488771438599,
      0.003928397765010595,
      0.003888712666928768,
      0.003798819461464882,
      0.003755215983837843,
      0.00371533817499876,
      0.0036306867025792597,
      0.003598369248956442,
      0.003545635715126991,
      0.003509106596559286,
      0.003463765699416399,
      0.0034347922898828984
    ],
    "psnr": [
      22.45079150695801,
      22.9874532623291,
      23.309244677734377,
      23.41579362182617,
      23.61408717956543,
      23.75581455078125,
      23.778139321899413,
      23.949275137329103,
      23.995638955688477,
      24.059727670288087,
      24.103587841796877,
      24.205528549194337,
      24.256023941040038,
      24.30216449279785,
      24.401495260620116,
      24.44079359741211,
      24.50509135131836,
      24.549706213378908,
      24.60664016723633,
      24.64285595703125
    ],
    "best_epoch": 100,
    "best_step": null,
    "best_eval_loss": 0.0034347922898828984
  },
  "test_results": {
    "test_loss": 0.0034208391394466163,
    "test_psnr": 24.667853689575196
  }
}