{
  "args": {
    "device": "cuda:9",
    "exp_home": "./results",
    "ds_name": "mnist",
    "mode": "generative_classification",
    "noise_std": 0.25,
    "down_scale": 2.0,
    "model_type": "conventional",
    "latent_dim": 784,
    "hidden_dims": [
      785,
      785,
      785
    ],
    "wo_Win": true,
    "fix_Win": false,
    "I_Win": false,
    "wo_Wout": true,
    "batch_size": 128,
    "epochs": 50,
    "lr": 0.0001,
    "use_augmentation": false,
    "aug_num": 2,
    "run_id": 2,
    "seed": 42
  },
  "training_logs": {
    "train_losses": [
      0.023660377339720727,
      0.005207697689309716,
      0.003441461190059781,
      0.002526933739054948,
      0.0019230498544871807,
      0.0014496761464327574,
      0.0012437552381679416,
      0.0010583867228217423,
      0.0009334604934789241,
      0.0007458538003638387,
      0.0006685199616476893,
      0.0006020928914286196,
      0.000533289216980338,
      0.00043797107182443144,
      0.0004571504350937903,
      0.000405667673330754,
      0.000363516181986779,
      0.0003004843686334789,
      0.0003263128792354837,
      0.0002590474530868232,
      0.0002806432673893869,
      0.00028410172934643924,
      0.00026008899544831363,
      0.00022635666874237358,
      0.00023002653945237398,
      0.00017445806816685945,
      0.0001693328998843208,
      0.00018553202270995826,
      0.00014502768493723125,
      0.00012335740383947268,
      0.00011396014110650867,
      0.00014757509312126785,
      0.0001144781024614349,
      0.00010552498800680041,
      0.00010831674454733729,
      0.00011332750787958502,
      9.67034742841497e-05,
      7.945537108462304e-05,
      7.766102225286886e-05,
      8.076867238618434e-05,
      8.452011450775898e-05,
      7.18133515282534e-05,
      6.777558281552046e-05,
      6.925464478321373e-05,
      6.284832129254937e-05,
      6.174037750810385e-05,
      6.155498347594402e-05,
      5.8480220639612526e-05,
      5.6580913646612315e-05,
      5.7439746458549056e-05
    ],
    "eval_losses": [
      0.004701642804965377,
      0.004105399722605944,
      0.0040890289213508365,
      0.003864589949697256,
      0.0034564834706485273,
      0.0032517492657527327,
      0.0034540468130260706,
      0.003464515502937138,
      0.003418561375886202,
      0.003117356475815177
    ],
    "psnr": [
      23.579230169677736,
      24.22271489562988,
      24.31435161743164,
      24.52441674194336,
      25.060868756103517,
      25.598350860595705,
      25.224785916137694,
      25.251716647338867,
      25.367137469482422,
      25.878879721069335
    ],
    "ssim": [
      0.940256764793396,
      0.9640077047348022,
      0.9687866058349609,
      0.9721996829986572,
      0.9753600633621216,
      0.977233441543579,
      0.9763321894645691,
      0.977621464920044,
      0.9776082237243653,
      0.9793701467514038
    ],
    "best_epoch": 50,
    "best_step": null,
    "best_eval_loss": 0.003117356475815177
  },
  "test_results": {
    "test_loss": 0.0031003388812358024,
    "test_psnr": 26.81097109375,
    "test_ssim": 0.979722073173523
  }
}