{
  "args": {
    "device": "cuda:6",
    "exp_home": "./results",
    "ds_name": "mnist",
    "mode": "denoising",
    "noise_std": 0.25,
    "down_scale": 2.0,
    "model_type": "conventional",
    "latent_dim": 784,
    "hidden_dims": [
      1150,
      1150,
      1150,
      1150,
      1150,
      1150
    ],
    "wo_Win": true,
    "fix_Win": false,
    "I_Win": false,
    "batch_size": 128,
    "epochs": 100,
    "lr": 0.001,
    "use_augmentation": false,
    "aug_num": 2,
    "run_id": 2,
    "seed": 42
  },
  "training_logs": {
    "train_losses": [
      0.019362173582315446,
      0.00838949640929699,
      0.0071690620814263825,
      0.006792752657830715,
      0.006470221907943487,
      0.006346984469145537,
      0.006173063093274832,
      0.006032531660050154,
      0.006010126604884863,
      0.005884726512432098,
      0.005838217825889587,
      0.0057643872526288034,
      0.005713830428868532,
      0.005698154014647007,
      0.005634294958114624,
      0.005555768230557442,
      0.005514928492605686,
      0.0055041939856112,
      0.00545969601675868,
      0.005391901639848947,
      0.005355839415043593,
      0.005311458123624325,
      0.005297488009035587,
      0.00525904794499278,
      0.005223157361745835,
      0.0051821201825141905,
      0.005131503029167652,
      0.005097046100944281,
      0.005066283538341522,
      0.005026730854958296,
      0.005003537584096193,
      0.004963638853430748,
      0.004934809640645981,
      0.004911755590885878,
      0.004884981450289488,
      0.00484084407761693,
      0.00482610134139657,
      0.004786191814094782,
      0.004766232897043228,
      0.004739371026903391,
      0.004709586138278246,
      0.004688298521935939,
      0.004668351239264012,
      0.0046178712643682954,
      0.004599605004787445,
      0.004588665036708116,
      0.004578128768801689,
      0.004510442775189877,
      0.004503404088914394,
      0.0044898141875863076,
      0.004481601742357015,
      0.004436460333615541,
      0.004416905520260334,
      0.0043977864100039005,
      0.004381410215049982,
      0.0043589234249293805,
      0.004325407181829214,
      0.004311336175203323,
      0.004283298724293709,
      0.004275223904401064,
      0.004243034944236278,
      0.004230625876784325,
      0.004207864041179419,
      0.004184734322875738,
      0.004156717211380601,
      0.004141494708806277,
      0.004117922910600901,
      0.004102380414605141,
      0.0040805191768705845,
      0.004066625240892172,
      0.0040483108545839785,
      0.004026213589310646,
      0.00400726147159934,
      0.003975557142347097,
      0.0039647288809716704,
      0.003934755493029952,
      0.0039226641227304935,
      0.0038970982037484646,
      0.003884383511096239,
      0.0038607363812625407,
      0.0038333612889051437,
      0.0038200690112262965,
      0.0037932113958895207,
      0.003775203196555376,
      0.00375700423181057,
      0.003738255831301212,
      0.003706001980304718,
      0.003679820887595415,
      0.0036622446432709693,
      0.003641589090973139,
      0.0036177190060913563,
      0.0035881437815725803,
      0.003565229463502765,
      0.0035493486815690992,
      0.003522554067149758,
      0.0034957954456657173,
      0.003475449086278677,
      0.003452292308881879,
      0.0034306138948351143,
      0.003416759098470211
    ],
    "eval_losses": [
      0.006058249066770076,
      0.0056015841841697694,
      0.005376823872327805,
      0.005241590774059296,
      0.005049509880691767,
      0.004943308322876692,
      0.004804579024761915,
      0.0046212257929146286,
      0.004568045010417699,
      0.0044597868353128435,
      0.00433142219260335,
      0.004233765966445207,
      0.004160007388144732,
      0.004085552056878806,
      0.003996524423360824,
      0.003917781063914299,
      0.003848644132167101,
      0.003796172683686018,
      0.0037356638602912425,
      0.003671530806273222
    ],
    "psnr": [
      22.17861242980957,
      22.519153552246095,
      22.696889346313476,
      22.80694108276367,
      22.96941653442383,
      23.061684042358397,
      23.185300033569337,
      23.35444184265137,
      23.40446879272461,
      23.5083557220459,
      23.635441595458985,
      23.734464529418947,
      23.810934463500978,
      23.88962689819336,
      23.985306729125977,
      24.071489318847657,
      24.149032342529296,
      24.20842784423828,
      24.278502127075196,
      24.353977435302735
    ],
    "ssim": [
      0.8979139404296875,
      0.9205560625076294,
      0.9255787447929382,
      0.9242149450302124,
      0.9330724958419799,
      0.9349694235801697,
      0.9337983137130738,
      0.938569399356842,
      0.937160378074646,
      0.9384817348480224,
      0.9387151809692382,
      0.9414137561798096,
      0.9421327621459961,
      0.9423862170219421,
      0.9433914493560791,
      0.947426157951355,
      0.9468457662582398,
      0.9480571146965027,
      0.949428995513916,
      0.9493507276535034
    ],
    "best_epoch": 100,
    "best_step": null,
    "best_eval_loss": 0.003671530806273222
  },
  "test_results": {
    "test_loss": 0.0036715716868638993,
    "test_psnr": 24.360579879760742,
    "test_ssim": 0.9504345136642456
  }
}