{
  "args": {
    "device": "cuda:0",
    "exp_home": "./results",
    "ds_name": "mnist",
    "mode": "generative_classification",
    "noise_std": 0.25,
    "down_scale": 2.0,
    "model_type": "conventional",
    "latent_dim": 784,
    "hidden_dims": [
      1150,
      1150,
      1150,
      1150
    ],
    "wo_Win": true,
    "fix_Win": false,
    "I_Win": false,
    "batch_size": 128,
    "epochs": 100,
    "lr": 0.0005,
    "use_augmentation": false,
    "aug_num": 2,
    "run_id": 5,
    "seed": 42
  },
  "training_logs": {
    "train_losses": [
      0.013004661889374255,
      0.004663191308230162,
      0.0034675210716575383,
      0.0029090573896467685,
      0.002454430105984211,
      0.002138396118283272,
      0.0018444616022333504,
      0.0017216535379365086,
      0.0015509364008158444,
      0.001423424631729722,
      0.0013712874732166528,
      0.001174617006406188,
      0.001051680078394711,
      0.001070411737561226,
      0.0009345539208129048,
      0.0009876225748378783,
      0.0008617061838880182,
      0.0006960556615609676,
      0.0006758935031667352,
      0.0006704372726753354,
      0.0006584514523670078,
      0.0006222997260652483,
      0.0006542634555511176,
      0.0006056734721176327,
      0.0005289959514327348,
      0.00048721618539653716,
      0.000537408371437341,
      0.0004515589388087392,
      0.0004547289286367595,
      0.000393381738550961,
      0.00039787823678925634,
      0.00036385707571636887,
      0.0003533035460067913,
      0.0003723970966832712,
      0.00032455935581587257,
      0.0003788325121998787,
      0.0003039151132013649,
      0.0003000309754395857,
      0.0002792157266754657,
      0.00028175293114036324,
      0.00024624513487331567,
      0.00025829248538473623,
      0.0003707672488130629,
      0.000286518458169885,
      0.00017400113239884378,
      0.00020959411127027125,
      0.00023797974847257136,
      0.00022674233895726503,
      0.0001816069197258912,
      0.00020524395178072154,
      0.00014988444782560692,
      0.00012558919505681841,
      0.00012345977139892057,
      0.00022631068837130442,
      0.0001421253140992485,
      0.00014999499073019252,
      0.00014255324792582542,
      0.0001578439644840546,
      0.00011854467013967224,
      9.301933966809884e-05,
      7.936651603784413e-05,
      9.115066822851077e-05,
      0.000129782432327047,
      9.741062402317766e-05,
      7.940926663868596e-05,
      8.177905411226676e-05,
      8.24092576932162e-05,
      6.550766451982782e-05,
      6.969294835813343e-05,
      5.7150091029179745e-05,
      4.874180978862569e-05,
      7.268883099779486e-05,
      8.020395333878696e-05,
      7.0032567360322e-05,
      6.203958470723592e-05,
      5.810540957492776e-05,
      4.377559532877058e-05,
      4.9071271234424784e-05,
      6.134773627272807e-05,
      5.0775850365753285e-05,
      4.528507112700026e-05,
      3.497996459482238e-05,
      4.052078678359976e-05,
      2.548349474003771e-05,
      2.6260630487231538e-05,
      2.926287629234139e-05,
      2.8391148837981744e-05,
      2.650886328367051e-05,
      2.5766087595256976e-05,
      2.288185450306628e-05,
      2.0837543617526534e-05,
      2.6594999024964635e-05,
      1.5099306705524214e-05,
      1.3926192641665693e-05,
      1.7882866416039177e-05,
      1.7657899265759626e-05,
      1.2803927384957206e-05,
      1.5644763309392145e-05,
      1.195157527225092e-05,
      1.1793446888914333e-05
    ],
    "eval_losses": [
      0.004049622091650963,
      0.003836599327996373,
      0.003652233720710501,
      0.003382399663887918,
      0.00375652609692188,
      0.0031493602821137754,
      0.003265296155761462,
      0.0031612956180877517,
      0.003132166558969766,
      0.0027850592553499156,
      0.002684313054336235,
      0.0029582288348057773,
      0.0029285941201495007,
      0.002841185008440516,
      0.0027743417349352967,
      0.0028603226520252066,
      0.003038669902094989,
      0.0025048664032794477,
      0.0029239362714368325,
      0.0024706365978003305
    ],
    "psnr": [
      24.29218706970215,
      24.650168862915038,
      24.837052777099608,
      25.309978826904295,
      24.825456506347656,
      25.855891546630858,
      25.652571368408204,
      25.70944060058594,
      26.175776068115233,
      26.415357482910157,
      26.387898614501953,
      26.074200646972656,
      26.31124753417969,
      26.56921755371094,
      26.88838303833008,
      26.539070526123048,
      26.173691369628905,
      27.10389061279297,
      26.559394317626953,
      27.26283309326172
    ],
    "best_epoch": 100,
    "best_step": null,
    "best_eval_loss": 0.0024706365978003305
  },
  "test_results": {
    "test_loss": 0.002716387006027435,
    "test_psnr": 29.70602808227539
  }
}