{
  "args": {
    "device": "cuda:0",
    "exp_home": "./results",
    "ds_name": "mnist",
    "mode": "denoising",
    "noise_std": 0.25,
    "down_scale": 2.0,
    "model_type": "conventional",
    "latent_dim": 784,
    "hidden_dims": [
      785,
      785,
      785,
      785,
      785
    ],
    "wo_Win": true,
    "fix_Win": false,
    "I_Win": false,
    "wo_Wout": true,
    "batch_size": 128,
    "epochs": 30,
    "lr": 0.0005,
    "use_augmentation": false,
    "aug_num": 2,
    "run_id": 3,
    "seed": 42
  },
  "training_logs": {
    "train_losses": [
      0.012470222563445568,
      0.006505239594578743,
      0.005797424648404121,
      0.005421507235318423,
      0.005169892942756414,
      0.005018332522660494,
      0.0048878062510490415,
      0.00479337480828166,
      0.004686812047362328,
      0.004608675955981016,
      0.004537768328934908,
      0.004466360481828451,
      0.0043845662868022914,
      0.004350223987847566,
      0.004292259466052055,
      0.004232409888803959,
      0.004182853874862194,
      0.004129916689097881,
      0.004082315338104964,
      0.004022879965305329,
      0.003980646045356989,
      0.0039422745476663116,
      0.003888516462892294,
      0.0038570723028481008,
      0.0038071230517327786,
      0.0037600139167904855,
      0.0037186846044659615,
      0.0036852885281294582,
      0.003646398695707321,
      0.0036166894610226152
    ],
    "eval_losses": [
      0.005069701642543077,
      0.004576083564013243,
      0.004290588300675154,
      0.004093148511648178,
      0.003914449260383844,
      0.0037740719079971314
    ],
    "psnr": [
      22.952340298461912,
      23.39709384460449,
      23.677035650634764,
      23.881553244018555,
      24.075351748657226,
      24.23416607055664
    ],
    "ssim": [
      0.9101840314865113,
      0.9266337753295898,
      0.934955546760559,
      0.9391052640914918,
      0.9446630844116211,
      0.9503852275848389
    ],
    "best_epoch": 30,
    "best_step": null,
    "best_eval_loss": 0.0037740719079971314
  },
  "test_results": {
    "test_loss": 0.0037564197938889264,
    "test_psnr": 24.260873672485353,
    "test_ssim": 0.9514005675315856
  }
}