{
  "args": {
    "device": "cuda:3",
    "exp_home": "./results",
    "ds_name": "mnist",
    "mode": "generative_classification",
    "noise_std": 0.25,
    "down_scale": 2.0,
    "model_type": "conventional",
    "latent_dim": 784,
    "hidden_dims": [
      1150,
      1150,
      1150,
      1150,
      1150,
      1150,
      1150,
      1150,
      1150,
      1150
    ],
    "wo_Win": false,
    "fix_Win": false,
    "I_Win": true,
    "batch_size": 128,
    "epochs": 200,
    "lr": 0.0001,
    "use_augmentation": true,
    "aug_num": 2,
    "run_id": 3,
    "seed": 42
  },
  "training_logs": {
    "train_losses": [
      0.011315241739153862,
      0.004254387005642056,
      0.003444081379324198,
      0.002929342302493751,
      0.0025003657902404664,
      0.00222387663051486,
      0.002063900143057108,
      0.0019200631814263762,
      0.001739522373303771,
      0.0015688972409255804,
      0.0014963764119893313,
      0.0013857616076804699,
      0.0013638930866494774,
      0.0012237335060629993,
      0.0011841745216865092,
      0.0010601776934880762,
      0.0010609803597722203,
      0.001064468502998352,
      0.0009420221712160855,
      0.0009407249243371189,
      0.000901276087318547,
      0.0008375111091323197,
      0.0008256417806725949,
      0.0007335659208474681,
      0.0007599915223289282,
      0.0007221565226186067,
      0.0007121273007709533,
      0.0006490076799411326,
      0.0006614536316134036,
      0.000643315849667415,
      0.000590389855671674,
      0.0006003410748951137,
      0.0005606679326575249,
      0.0005739243552647531,
      0.0005149229749804362,
      0.0005751361464522779,
      0.0004853157708328217,
      0.0004900825978070497,
      0.0005577259514806792,
      0.00044135635022073984,
      0.0004452409071428701,
      0.0004292177748703398,
      0.0004896632218454034,
      0.00043529584055766464,
      0.0003929860830423422,
      0.0003499530576355755,
      0.00036694979006424546,
      0.00043086561538744717,
      0.000336479327599518,
      0.00037637700799969027,
      0.0003569206242449582,
      0.000346500506317243,
      0.0003563991135172546,
      0.0003441998150479049,
      0.0003131690958281979,
      0.00030887203217484056,
      0.00031361863819649445,
      0.0003264869485632516,
      0.00030816258596256374,
      0.00028180798967834564,
      0.0002829248741245829,
      0.0003075686668977141,
      0.0002533157191425562,
      0.00027139765694504604,
      0.0002737348587322049,
      0.0002626032906351611,
      0.0002533405885240063,
      0.00023678836958482863,
      0.00027919077914208176,
      0.0002301384617970325,
      0.00024376029940787703,
      0.0002026444304548204,
      0.00020444048865931108,
      0.00023087951738620178,
      0.00021364485622383654,
      0.0002063837864238303,
      0.000202069500007201,
      0.0001912022244790569,
      0.0001906864948407747,
      0.00020371896681142972,
      0.00020736949996324257,
      0.00017857075050706044,
      0.00017762314772699027,
      0.0001482279819692485,
      0.0001729869157867506,
      0.00019618945967871695,
      0.00018134953587665222,
      0.00013206801631953567,
      0.0001739138250576798,
      0.00016112730377935804,
      0.0001422673803626094,
      0.00015990037128794937,
      0.00016151257319026627,
      0.00011619222057517618,
      0.00015447552213328892,
      0.0001723557634477038,
      0.00012975583838764577,
      0.00016716916881734506,
      8.937354554072953e-05,
      0.00014413795088999906,
      0.00013502260846667922,
      0.00011773534648818895,
      0.00012396133529720828,
      0.00012122978349449113,
      0.00011862006312701852,
      0.00012648845476214774,
      0.00014182032458425966,
      8.678620691411198e-05,
      0.00011410640285117552,
      0.0001235231566161383,
      9.295141074806452e-05,
      0.00011326369723887183,
      7.57551657629665e-05,
      9.496965700411237e-05,
      9.806097345543093e-05,
      0.00011531522148405202,
      0.00012121824731584638,
      6.404784972488414e-05,
      7.917783545854035e-05,
      7.992217871476896e-05,
      8.758057974569965e-05,
      6.806248178094393e-05,
      9.927050782600418e-05,
      7.004846028750763e-05,
      7.12277484725928e-05,
      5.4864819247159175e-05,
      6.857929938356391e-05,
      9.01571547880303e-05,
      7.449464682023973e-05,
      9.323124661226757e-05,
      5.470711362082511e-05,
      8.629125744919292e-05,
      6.662859406671487e-05,
      5.479608054156415e-05,
      6.655800638836809e-05,
      6.484495310229249e-05,
      5.926678028132301e-05,
      5.215836227638647e-05,
      6.374010724714026e-05,
      5.681647705729119e-05,
      4.4110521598195194e-05,
      5.944300465402193e-05,
      4.3388249058625664e-05,
      5.8749193832627496e-05,
      5.2599552526080514e-05,
      4.708110033592675e-05,
      5.4359704201342535e-05,
      5.3077325436461254e-05,
      3.852943352831062e-05,
      3.5932555270846936e-05,
      5.067733673728071e-05,
      3.509040802600794e-05,
      3.3244194193393925e-05,
      4.1410364806069994e-05,
      4.3791519751248416e-05,
      5.3553863217239266e-05,
      3.1571244788938204e-05,
      2.8740993127867113e-05,
      3.638145368342521e-05,
      3.243382358225063e-05,
      2.9034394595073535e-05,
      3.477322372375056e-05,
      2.706380871066358e-05,
      2.930549435026478e-05,
      2.1505517103942112e-05,
      2.214107967854943e-05,
      2.168880255660042e-05,
      2.4678168766840827e-05,
      2.7871158815396484e-05,
      2.92070653961855e-05,
      2.2293529140297325e-05,
      1.9955623872228896e-05,
      2.44809286610689e-05,
      2.0764790100511163e-05,
      1.545778452025843e-05,
      2.2002364517829848e-05,
      1.590194887074176e-05,
      1.475134141248418e-05,
      1.5849269739410374e-05,
      1.3195257014012896e-05,
      1.2455100891238543e-05,
      1.6535651898302602e-05,
      1.4064048486034153e-05,
      1.1240060644340702e-05,
      1.104841804073658e-05,
      1.1705528093298199e-05,
      1.4372532992565538e-05,
      1.2102669896557927e-05,
      1.161377301250468e-05,
      9.402576698412304e-06,
      9.236520869890228e-06,
      8.922966629907023e-06,
      8.65374295070069e-06,
      8.085583911743015e-06,
      8.722842845891137e-06,
      7.695599655708066e-06,
      7.716746614169097e-06,
      7.647665177064483e-06,
      7.655720713810297e-06,
      7.533798068252509e-06
    ],
    "eval_losses": [
      0.003145429059676826,
      0.002371402923995629,
      0.002835292103141546,
      0.002381146642239764,
      0.0021232941404916348,
      0.0021846913286484777,
      0.0026156734444666655,
      0.0021264530975371597,
      0.0022029758505523207,
      0.0021330956960562615,
      0.00198552534468472,
      0.0021813486246275715,
      0.0020061179232783617,
      0.002101584352296777,
      0.0019253551637753844,
      0.0020145881219999864,
      0.0020239553640247323,
      0.0019189513803226873,
      0.0018020961150643415,
      0.0020054625115008095,
      0.001833712934658979,
      0.0019502185989374993,
      0.0019557087634457277,
      0.0020541213171949495,
      0.0016325271264489856,
      0.0018073336300716619,
      0.0019001462262895074,
      0.0018061217592163302,
      0.0016764013498672284,
      0.0017689059209355037,
      0.001847052561633609,
      0.001743266749646864,
      0.0017581981788945995,
      0.0017379766637110152,
      0.001631164226434339,
      0.0016569111446664464,
      0.001578827205143898,
      0.0016079225359695555,
      0.0016013499254087947,
      0.001591959699801373
    ],