{
  "args": {
    "device": "cuda:7",
    "exp_home": "./results",
    "ds_name": "mnist",
    "mode": "denoising",
    "noise_std": 0.25,
    "down_scale": 2.0,
    "model_type": "conventional",
    "latent_dim": 784,
    "hidden_dims": [
      785,
      785,
      785,
      785,
      785,
      785
    ],
    "wo_Win": false,
    "fix_Win": false,
    "I_Win": false,
    "wo_Wout": false,
    "batch_size": 128,
    "epochs": 30,
    "lr": 0.001,
    "use_augmentation": false,
    "aug_num": 2,
    "run_id": 4,
    "seed": 42
  },
  "training_logs": {
    "train_losses": [
      0.01779443454951048,
      0.008087896388024091,
      0.006939441766738891,
      0.006404004833251238,
      0.006059609686732292,
      0.005741134884208441,
      0.005592533030211925,
      0.005397380432635546,
      0.005250469290614128,
      0.005130069949477911,
      0.004997558925002813,
      0.0048964781269431115,
      0.004804727200716734,
      0.004714309152215719,
      0.004618084787428379,
      0.0045459870852530004,
      0.0044723920597136025,
      0.004399802152961493,
      0.004337675493359566,
      0.0042627224284410474,
      0.004199166902601719,
      0.004126120587736368,
      0.004068489164412022,
      0.004007972165197134,
      0.0039460457864403725,
      0.0038827011743187904,
      0.003820047829449177,
      0.0037537442325800657,
      0.0036984612625837326,
      0.003643898358717561
    ],
    "eval_losses": [
      0.0059894577518105506,
      0.005075514915585518,
      0.004624636968225241,
      0.0043221999987959865,
      0.004035063581168652,
      0.0037772311598062514
    ],
    "psnr": [
      22.228023785400392,
      22.947315161132813,
      23.351333877563476,
      23.64448025817871,
      23.943381213378906,
      24.230138241577148
    ],
    "ssim": [
      0.9010812618255615,
      0.9122451053619385,
      0.9173964900970459,
      0.9243803854942322,
      0.9295750644683838,
      0.9370186482429504
    ],
    "best_epoch": 30,
    "best_step": null,
    "best_eval_loss": 0.0037772311598062514
  },
  "test_results": {
    "test_loss": 0.0037629819344729186,
    "test_psnr": 24.2539429107666,
    "test_ssim": 0.9384987248420715
  }
}