{
  "args": {
    "device": "cuda:9",
    "exp_home": "./results",
    "ds_name": "mnist",
    "mode": "generative_classification",
    "noise_std": 0.25,
    "down_scale": 2.0,
    "model_type": "conventional",
    "latent_dim": 784,
    "hidden_dims": [
      1150
    ],
    "wo_Win": false,
    "fix_Win": false,
    "I_Win": false,
    "batch_size": 128,
    "epochs": 50,
    "lr": 0.0005,
    "use_augmentation": false,
    "aug_num": 2,
    "run_id": 2,
    "seed": 42
  },
  "training_logs": {
    "train_losses": [
      0.018304442112743853,
      0.007612145676463842,
      0.006120170911252498,
      0.005338354772254824,
      0.004807952796518803,
      0.004352332232296467,
      0.003977041861340403,
      0.0037302939984947443,
      0.003409132874906063,
      0.0031783977012336253,
      0.0029529969097673893,
      0.002773599898964167,
      0.002590475818142295,
      0.002426527881026268,
      0.0022529368817806243,
      0.002176235975921154,
      0.0020326080127060415,
      0.0019051668889448047,
      0.0018336810700967908,
      0.0017564091294258832,
      0.0016410535065829754,
      0.0015799225402995944,
      0.0015132452007755638,
      0.0014703221159800886,
      0.0014146460745111107,
      0.0013543206201121212,
      0.0013044205421581863,
      0.001260157500654459,
      0.001204750615172088,
      0.00116362243168056,
      0.0011165719992294908,
      0.001078334164209664,
      0.0010422488294914364,
      0.0010088161126151681,
      0.0009851076614670455,
      0.0009514958717674017,
      0.0009096944913826883,
      0.0008775208697095514,
      0.0008645967721752823,
      0.000842833949290216,
      0.0008064030516147613,
      0.0007843850912339985,
      0.0007597599828988314,
      0.0007383261750265956,
      0.0007156856980919838,
      0.000695454248264432,
      0.0006776559676602483,
      0.0006551425876095891,
      0.0006382213895022869,
      0.0006203524870797991
    ],
    "eval_losses": [
      0.005645710900425911,
      0.004513901948556304,
      0.004260560256242752,
      0.004038165634125471,
      0.003771557477116585,
      0.003567093011364341,
      0.003603212270140648,
      0.003488433604314923,
      0.0034064229987561703,
      0.0033878249414265155
    ],
    "psnr": [
      22.584249255371095,
      23.583859451293947,
      23.82275570373535,
      24.06888942565918,
      24.393245458984374,
      24.644905041503907,
      24.587527368164064,
      24.74322045288086,
      24.855681176757813,
      24.883068814086915
    ],
    "best_epoch": 50,
    "best_step": null,
    "best_eval_loss": 0.0033878249414265155
  },
  "test_results": {
    "test_loss": 0.0033453490583226085,
    "test_psnr": 25.52340270690918
  }
}