{
  "args": {
    "device": "cuda:1",
    "exp_home": "./results",
    "ds_name": "mnist",
    "mode": "generative_classification",
    "noise_std": 0.25,
    "down_scale": 2.0,
    "model_type": "conventional",
    "latent_dim": 784,
    "hidden_dims": [
      1150,
      1150,
      1150,
      1150,
      1150,
      1150,
      1150,
      1150,
      1150,
      1150
    ],
    "wo_Win": false,
    "fix_Win": true,
    "I_Win": true,
    "batch_size": 128,
    "epochs": 100,
    "lr": 0.0001,
    "use_augmentation": false,
    "aug_num": 2,
    "run_id": 1,
    "seed": 42
  },
  "training_logs": {
    "train_losses": [
      0.013249790374934673,
      0.003803135924190283,
      0.0026398764745891095,
      0.002149628825560212,
      0.0016545771031081676,
      0.0016113027247786522,
      0.0013917414269596338,
      0.0011674925201758742,
      0.0010776078432798385,
      0.001057636383222416,
      0.0009482910232245923,
      0.0008774437083024531,
      0.0007966702389996499,
      0.0008533200080506504,
      0.0007835268562659621,
      0.0006818287140317261,
      0.0006784430523589254,
      0.000568529134709388,
      0.0005719034843984991,
      0.0005719843185693025,
      0.0004719048013491556,
      0.0004975838574534283,
      0.0004870659486111254,
      0.0005360648127645254,
      0.00044673307467252017,
      0.0004591144620627165,
      0.00040238961114548146,
      0.0004183756380318664,
      0.0003109011076949537,
      0.0004061170599120669,
      0.0003631337662553415,
      0.0003455826335120946,
      0.0003488860803935677,
      0.00036268558030948044,
      0.00026172097506700084,
      0.0002658749654318672,
      0.00024079854293027894,
      0.0002861217088159174,
      0.00024107544519007205,
      0.0002441803135559894,
      0.0002480085002188571,
      0.0002992887994274497,
      0.0002801216051541269,
      0.00016955291307531298,
      0.00015861539316829295,
      0.0002087166645564139,
      0.00017835274233366362,
      0.00020176585394889116,
      0.00019813837322872133,
      0.00017148731088149362,
      0.00014751473700627685,
      0.00017645176248042845,
      0.00012169401038088836,
      0.00016698316819965838,
      0.00016788980499841274,
      0.0001274257465871051,
      0.0001486022168037016,
      0.0001560020635975525,
      0.00011972072389326059,
      0.00013599239011527972,
      0.0001113359022513032,
      0.00011008816807996482,
      0.00010801443820819259,
      0.00010430037297308445,
      0.0001050347369699739,
      0.00010298240505624562,
      9.582932402729056e-05,
      7.550677218940109e-05,
      0.00010281765341584105,
      7.47703174862545e-05,
      0.0001013747678254731,
      9.035156476369594e-05,
      6.939600692945533e-05,
      5.2953722380916586e-05,
      6.95790501870215e-05,
      6.777793713728898e-05,
      5.883454470720608e-05,
      6.117991001985501e-05,
      4.9220406882232056e-05,
      5.876825625717174e-05,
      5.027427166874986e-05,
      4.141096505394671e-05,
      4.8260268794256264e-05,
      5.0923565600533037e-05,
      3.7931290817214175e-05,
      4.457006963726599e-05,
      5.3309714498464016e-05,
      4.104813364741858e-05,
      3.315833745902637e-05,
      3.043613697052933e-05,
      3.134398119233083e-05,
      2.9365240028710105e-05,
      2.7422911512257996e-05,
      2.7623594856413547e-05,
      2.7711161298211664e-05,
      2.551714406028623e-05,
      2.6851109811104834e-05,
      2.4928459913644474e-05,
      2.4428520166547968e-05,
      2.474214112153277e-05
    ],
    "eval_losses": [
      0.0037054562140256164,
      0.0034682981219142676,
      0.003423465032875538,
      0.003250139601074625,
      0.0032226627769414333,
      0.00321425372059457,
      0.003078197495825589,
      0.0032475118223112076,
      0.003289516178506892,
      0.00315659103206126,
      0.003021326222148491,
      0.003240912329618004,
      0.002932343514423701,
      0.0030761409911327065,
      0.0030050730893737636,
      0.0027457837939000454,
      0.002990772139563342,
      0.0028440622547641395,
      0.002969903945851547,
      0.0027679131915952894
    ],
    "psnr": [
      24.822926260375976,
      25.105882525634765,
      25.193103131103516,
      25.64604973754883,
      25.652958636474608,
      25.85942534790039,
      25.957022619628905,
      25.67868423461914,
      25.690187811279298,
      25.774467071533202,
      26.099957556152344,
      25.763860998535158,
      26.349958233642578,
      26.26700601196289,
      26.186871966552733,
      26.54317215576172,
      26.391110150146485,
      26.605107330322266,
      26.458657873535156,
      26.97506781616211
    ],
    "best_epoch": 80,
    "best_step": null,
    "best_eval_loss": 0.0027457837939000454
  },
  "test_results": {
    "test_loss": 0.0025874400261585834,
    "test_psnr": 28.79599644165039
  }
}