{
  "args": {
    "device": "cuda:9",
    "exp_home": "./results",
    "ds_name": "mnist",
    "mode": "generative_classification",
    "noise_std": 0.25,
    "down_scale": 2.0,
    "model_type": "conventional",
    "latent_dim": 784,
    "hidden_dims": [
      1150,
      1150
    ],
    "wo_Win": true,
    "fix_Win": false,
    "I_Win": false,
    "batch_size": 128,
    "epochs": 100,
    "lr": 0.0005,
    "use_augmentation": true,
    "aug_num": 2,
    "run_id": 5,
    "seed": 42
  },
  "training_logs": {
    "train_losses": [
      0.013814807596802712,
      0.005182173570394516,
      0.00396866463303566,
      0.003346789149641991,
      0.002855099287554622,
      0.0025322373572736977,
      0.002205083304345608,
      0.0019322790899127722,
      0.001761055155172944,
      0.001543823637738824,
      0.0014491907400265337,
      0.0013150566395372153,
      0.0012104537804797292,
      0.0010922929759696126,
      0.0010349149084836245,
      0.0009780278000235557,
      0.0009207062333449721,
      0.0008349993802979588,
      0.0008188161439076066,
      0.0008572145786136389,
      0.0007026392765901982,
      0.0006453973936103284,
      0.0006027094777300954,
      0.0006444252587296069,
      0.0005463276648521423,
      0.0005890680557861924,
      0.0005508891555666924,
      0.0005369270587526262,
      0.00045514074185863137,
      0.0004973914436623454,
      0.0004149515652656555,
      0.0003929403575882316,
      0.0004117400659248233,
      0.00041222345342859624,
      0.0003314824030175805,
      0.0003696954145142809,
      0.0003446715944074094,
      0.0003040408943966031,
      0.0003145868563931435,
      0.0002981135555077344,
      0.0003346046062745154,
      0.0002863263931777328,
      0.00024552393276710063,
      0.00030150150747038426,
      0.00023318109362386168,
      0.00023739161174744368,
      0.00024074487108271568,
      0.00027546561148948965,
      0.00019284619126468897,
      0.00020842648772522807,
      0.00018502294880338012,
      0.00014021804025396705,
      0.00020365468601696193,
      0.00022004587560892105,
      0.00014984263909049333,
      0.00016235547482967378,
      0.00015316321840044112,
      0.00012161129339598119,
      0.00012256430020555855,
      0.00014061156436800956,
      0.00016934940041974186,
      0.00014596574312541633,
      0.00011962936096359044,
      0.00010737133233807981,
      0.00010789261704776435,
      0.00012703701425809412,
      9.105972841382027e-05,
      0.0001162294552847743,
      0.00013215886350721121,
      9.755075076594949e-05,
      7.982147777918726e-05,
      8.51343069318682e-05,
      7.74023143807426e-05,
      8.594934234162792e-05,
      7.266885397024452e-05,
      6.808068359270692e-05,
      7.364914663601667e-05,
      7.291163505986333e-05,
      5.906085313297808e-05,
      6.139924712479114e-05,
      5.625426062848419e-05,
      5.516828981228173e-05,
      5.13187329703942e-05,
      4.8717768678907304e-05,
      4.751952635589987e-05,
      4.4643710795789956e-05,
      4.196919916663319e-05,
      4.308387299999595e-05,
      3.89863140694797e-05,
      3.65317867079284e-05,
      3.862910403404385e-05,
      3.68645505933091e-05,
      3.323320084717125e-05,
      3.237047570291906e-05,
      3.0937403405550865e-05,
      3.07175209838897e-05,
      2.9778680161107332e-05,
      2.8243692168034613e-05,
      2.7939172962214797e-05,
      2.7219151864992456e-05
    ],
    "eval_losses": [
      0.005080541327595711,
      0.004261646366119385,
      0.004330904349684715,
      0.004253033629059792,
      0.004085039538890123,
      0.003509687786269933,
      0.0036893315769732,
      0.0035996989335864782,
      0.003311305348202586,
      0.0031569596000947057,
      0.003268400926887989,
      0.0030990618826821446,
      0.003076093492284417,
      0.0030225533805787563,
      0.003109103363379836,
      0.0033154900055378674,
      0.0029919388853013517,
      0.002975880048237741,
      0.003099042721837759,
      0.003070363261178136
    ],
    "psnr": [
      23.117207626342772,
      23.956955432128908,
      23.868325415039063,
      24.028796649169923,
      24.18028666381836,
      24.89590514831543,
      24.636221142578126,
      24.8234204498291,
      25.206244149780275,
      25.42275213317871,
      25.413121127319336,
      25.564631884765625,
      25.647494598388672,
      25.685909802246094,
      25.57387649230957,
      25.31244130859375,
      25.816664849853517,
      25.87414133605957,
      25.643760244750975,
      25.638663919067383
    ],
    "best_epoch": 90,
    "best_step": null,
    "best_eval_loss": 0.002975880048237741
  },
  "test_results": {
    "test_loss": 0.002874285095813684,
    "test_psnr": 27.49638938598633
  }
}