{
  "args": {
    "device": "cuda:0",
    "exp_home": "./results",
    "ds_name": "mnist",
    "mode": "denoising",
    "noise_std": 0.25,
    "down_scale": 2.0,
    "model_type": "conventional",
    "latent_dim": 784,
    "hidden_dims": [
      1150,
      1150,
      1150
    ],
    "wo_Win": true,
    "fix_Win": false,
    "I_Win": false,
    "wo_Wout": true,
    "batch_size": 128,
    "epochs": 30,
    "lr": 0.0005,
    "use_augmentation": false,
    "aug_num": 2,
    "run_id": 5,
    "seed": 42
  },
  "training_logs": {
    "train_losses": [
      0.012532355872392655,
      0.006220946734547615,
      0.0055308281694352625,
      0.0051738113917410376,
      0.005005397105365992,
      0.004874072147160769,
      0.004749492581337691,
      0.004657134172916412,
      0.004577072557657957,
      0.004489114886373282,
      0.004434856827706098,
      0.0043721294496953484,
      0.004313132208287716,
      0.00426129994943738,
      0.004212636812776327,
      0.004152985074818134,
      0.004107961735129356,
      0.004055561613291502,
      0.004010977468937635,
      0.003989002661406994,
      0.003950429209619761,
      0.003901729425340891,
      0.00386451184630394,
      0.0038291490134596826,
      0.003788445734605193,
      0.0037436343287676572,
      0.0037111293309926986,
      0.003670624520480633,
      0.0036461799249053,
      0.0036148207791149617
    ],
    "eval_losses": [
      0.0048385044932365414,
      0.004497098198533058,
      0.004175227209925652,
      0.0040079275436699395,
      0.003853363724797964,
      0.003729149717092514
    ],
    "psnr": [
      23.155013452148438,
      23.47249932861328,
      23.795021884155272,
      23.972559231567384,
      24.143373315429688,
      24.285848638916015
    ],
    "ssim": [
      0.9178290057182312,
      0.9285165930747986,
      0.9381022926330567,
      0.9433081911087036,
      0.9464451498031616,
      0.951118616104126
    ],
    "best_epoch": 30,
    "best_step": null,
    "best_eval_loss": 0.003729149717092514
  },
  "test_results": {
    "test_loss": 0.0037136108666658402,
    "test_psnr": 24.31022048034668,
    "test_ssim": 0.951913929271698
  }
}