{
  "args": {
    "device": "cuda:7",
    "exp_home": "./results",
    "ds_name": "mnist",
    "mode": "denoising",
    "noise_std": 0.25,
    "down_scale": 2.0,
    "model_type": "conventional",
    "latent_dim": 784,
    "hidden_dims": [
      905
    ],
    "wo_Win": false,
    "fix_Win": false,
    "I_Win": false,
    "wo_Wout": false,
    "batch_size": 128,
    "epochs": 30,
    "lr": 0.0001,
    "use_augmentation": false,
    "aug_num": 2,
    "run_id": 3,
    "seed": 42
  },
  "training_logs": {
    "train_losses": [
      0.03858062402427197,
      0.013742601402401924,
      0.009926331222951413,
      0.008299730290472507,
      0.00741370592802763,
      0.006849832586050033,
      0.00643433367356658,
      0.00615172004789114,
      0.00591199829339981,
      0.005741854574233294,
      0.005593154121041298,
      0.00545779540002346,
      0.005339250176548958,
      0.005262604342550039,
      0.00518718407958746,
      0.005126153212934733,
      0.005063444101661443,
      0.005013719538450241,
      0.004969185655266046,
      0.004913517607301474,
      0.004875979638695717,
      0.0048542386367917065,
      0.004820022182613611,
      0.004796332283020019,
      0.00476966036722064,
      0.004746076427847147,
      0.00472858628436923,
      0.004716840832382441,
      0.004697021499872208,
      0.004689584738016128
    ],
    "eval_losses": [
      0.0069010871157050135,
      0.005495357369631529,
      0.005032859397679567,
      0.004834443662315607,
      0.004692213954031467,
      0.004649460458755493
    ],
    "psnr": [
      21.614004595947264,
      22.603141094970702,
      22.984486251831054,
      23.159299319458007,
      23.289032885742188,
      23.328366708374023
    ],
    "ssim": [
      0.856366509437561,
      0.8866824997901916,
      0.8964005608558655,
      0.8994000314712525,
      0.9047141485214233,
      0.9071145415306091
    ],
    "best_epoch": 30,
    "best_step": null,
    "best_eval_loss": 0.004649460458755493
  },
  "test_results": {
    "test_loss": 0.00456029704362154,
    "test_psnr": 23.423002001953126,
    "test_ssim": 0.9098146844863891
  }
}