{
  "args": {
    "device": "cuda:8",
    "exp_home": "./results",
    "ds_name": "mnist",
    "mode": "denoising",
    "noise_std": 0.25,
    "down_scale": 2.0,
    "model_type": "conventional",
    "latent_dim": 784,
    "hidden_dims": [
      1470,
      1470,
      1470,
      1470,
      1470,
      1470
    ],
    "wo_Win": false,
    "fix_Win": false,
    "I_Win": false,
    "wo_Wout": false,
    "batch_size": 128,
    "epochs": 30,
    "lr": 0.005,
    "use_augmentation": false,
    "aug_num": 2,
    "run_id": 1,
    "seed": 42
  },
  "training_logs": {
    "train_losses": [
      0.12851732407569885,
      0.1279276687812805,
      0.12792766882419587,
      0.12792766909122466,
      0.12792766865968705,
      0.12792766897201538,
      0.12792766885757445,
      0.1279276690196991,
      0.12792766905784608,
      0.1279276693868637,
      0.12792766934871674,
      0.12792766889095306,
      0.12792766908168793,
      0.1279276687002182,
      0.1279276690864563,
      0.12792766899108887,
      0.12792766954898835,
      0.12792766943454742,
      0.12792766875743866,
      0.12792766871929168,
      0.1279276687836647,
      0.1279276691532135,
      0.12792766863822938,
      0.12792766914844514,
      0.1279276694393158,
      0.12792766875743866,
      0.127927669672966,
      0.12792766880989076,
      0.12792766926527024,
      0.127927668800354
    ],
    "eval_losses": [
      0.12728101999759675,
      0.12728101999759675,
      0.12728101999759675,
      0.12728101999759675,
      0.12728101999759675,
      0.12728101999759675
    ],
    "psnr": [
      8.953452713012695,
      8.953452713012695,
      8.953452713012695,
      8.953452713012695,
      8.953452713012695,
      8.953452713012695
    ],
    "ssim": [
      0.37095946230888366,
      0.37095946230888366,
      0.37095946230888366,
      0.37095946230888366,
      0.37095946230888366,
      0.37095946230888366
    ],
    "best_epoch": 5,
    "best_step": null,
    "best_eval_loss": 0.12728101999759675
  },
  "test_results": {
    "test_loss": 0.12826008470058442,
    "test_psnr": 8.930991410827637,
    "test_ssim": 0.37314953680038454
  }
}