{
  "args": {
    "device": "cuda:3",
    "exp_home": "./results",
    "ds_name": "mnist",
    "mode": "generative_classification",
    "noise_std": 0.25,
    "down_scale": 2.0,
    "model_type": "conventional",
    "latent_dim": 784,
    "hidden_dims": [
      1150,
      1150,
      1150,
      1150,
      1150,
      1150,
      1150,
      1150,
      1150,
      1150
    ],
    "wo_Win": true,
    "fix_Win": false,
    "I_Win": false,
    "batch_size": 128,
    "epochs": 200,
    "lr": 1e-05,
    "use_augmentation": true,
    "aug_num": 2,
    "run_id": 5,
    "seed": 42
  },
  "training_logs": {
    "train_losses": [
      0.0390560889261961,
      0.007171245464980602,
      0.0046374592962116,
      0.003360724531710148,
      0.002539171108752489,
      0.0019945465745031836,
      0.0015520851384475827,
      0.0012417475056275724,
      0.0010310428948886693,
      0.0008772250686213374,
      0.0007822607914824038,
      0.0006998662998713553,
      0.0006031354650296271,
      0.0005701015267707408,
      0.0005659002355486155,
      0.00047367511135526004,
      0.0004675007261056453,
      0.00044379146627150477,
      0.00042394381700083616,
      0.0003967205992899835,
      0.0003435119644552469,
      0.0003593852621689439,
      0.0003493535910453647,
      0.0003442677791859023,
      0.00033395386720076205,
      0.000337277641845867,
      0.0002987908028997481,
      0.00028976691011339427,
      0.0002772631955333054,
      0.00027499970961362123,
      0.00026861747444607316,
      0.0002652269855537452,
      0.00023928034546785056,
      0.00023448501650011168,
      0.0002368010352831334,
      0.00022805316982790828,
      0.00020837581313913687,
      0.00019933707107324154,
      0.00021128852798603476,
      0.00020202317787799983,
      0.0002120671772863716,
      0.0001933654313022271,
      0.00020020115091465415,
      0.0001855923981172964,
      0.00018962343319319189,
      0.00016107006711885334,
      0.0001885067481454462,
      0.00016619482742622494,
      0.00014857303949538617,
      0.00020028746388852596,
      0.00014639875958673656,
      0.00014314503227360546,
      0.00014553131906781344,
      0.00019517615275923162,
      0.0001416613824106753,
      0.00015836544455727561,
      0.0001279851899552159,
      0.0001166947069694288,
      0.00014755391160491853,
      0.0001601109797647223,
      0.00013198836201801895,
      0.00013637578941881658,
      0.000143249398234766,
      0.00011499003250617535,
      0.0001119261822802946,
      0.00011676959663862363,
      0.0001193793017277494,
      0.00012714638928184286,
      0.0001102212217822671,
      0.00011507046061567963,
      0.00010767797100590542,
      0.00010319608811289071,
      0.00011325260307174176,
      0.00013367632744950243,
      0.00011622638999950141,
      0.00011254090500064195,
      9.320351321599446e-05,
      0.00012583580096950755,
      9.299719249363989e-05,
      9.771967757144012e-05,
      9.632590712280944e-05,
      9.374175485223532e-05,
      8.853959111263975e-05,
      7.91661409009248e-05,
      9.860665087588132e-05,
      9.879964359803125e-05,
      7.184857039130292e-05,
      9.36232306342572e-05,
      9.714406719896943e-05,
      7.524195348378271e-05,
      6.799467601580545e-05,
      7.558614255860448e-05,
      7.0576847626362e-05,
      7.607283968944103e-05,
      8.62426071986556e-05,
      7.192903488175944e-05,
      8.73977043107152e-05,
      7.210000274470077e-05,
      6.300957486382686e-05,
      6.785185564076528e-05,
      7.499724407214672e-05,
      6.58378202538006e-05,
      6.903038073331118e-05,
      7.976849876227788e-05,
      5.991221908479929e-05,
      5.3723031629342585e-05,
      5.3368272131774574e-05,
      6.501044510863722e-05,
      5.7122236199211326e-05,
      6.697240697452798e-05,
      7.10016543965321e-05,
      5.4269972271285954e-05,
      4.8239528730046e-05,
      5.3883338232990355e-05,
      5.057847170624882e-05,
      5.2479471391998234e-05,
      5.882615921553224e-05,
      5.675850024446845e-05,
      6.0348423628602174e-05,
      5.730382460402325e-05,
      4.1984776605386285e-05,
      3.9563458643388005e-05,
      4.540028054267168e-05,
      6.413664671359584e-05,
      5.0674104328500106e-05,
      4.671513692708686e-05,
      5.1239086613059046e-05,
      4.161029699956998e-05,
      4.1364334055688235e-05,
      4.101259326154832e-05,
      4.7742171136196703e-05,
      3.25573227374116e-05,
      4.045456660445779e-05,
      4.766982976696454e-05,
      3.475292577059008e-05,
      3.923029141733423e-05,
      4.851959188876208e-05,
      4.7881236393004656e-05,
      4.064389212813694e-05,
      3.599884621566161e-05,
      3.1069130200194197e-05,
      2.7484557135030628e-05,
      3.444463498948607e-05,
      3.075808085268363e-05,
      3.5862359940074385e-05,
      3.116114059113897e-05,
      3.394711500266567e-05,
      3.603303691837936e-05,
      3.290700381854549e-05,
      3.445998311741278e-05,
      3.213203063816763e-05,
      2.7054488653084263e-05,
      2.8876404009060933e-05,
      2.854104775818996e-05,
      2.4494771506870166e-05,
      2.7738756688777356e-05,
      2.9567728450056165e-05,
      2.479664798709564e-05,
      2.2820881764637307e-05,
      2.84120573871769e-05,
      2.2005264882463962e-05,
      2.8351462725549938e-05,
      2.2943432186730208e-05,
      2.3302908604964614e-05,
      2.539955594809726e-05,
      2.64836431061849e-05,
      2.4862435583490877e-05,
      2.55058473610552e-05,
      2.2658353080041708e-05,
      2.4196294327266515e-05,
      2.1981555116944947e-05,
      2.2229650061344726e-05,
      2.080164809594862e-05,
      2.331027277512476e-05,
      2.4148178300820292e-05,
      2.1563543570227922e-05,
      2.090122925583273e-05,
      2.168450388824567e-05,
      2.4213785894098693e-05,
      2.1017463414464147e-05,
      2.17432451818604e-05,
      2.247225763683673e-05,
      2.0463772190269084e-05,
      2.0731987613253296e-05,
      2.075049488688819e-05,
      1.9389025626005604e-05,
      1.9977785632945596e-05,
      2.0348574321251363e-05,
      2.019153379078489e-05,
      1.978391517768614e-05,
      1.8933270353008992e-05,
      1.8929708758369087e-05,
      1.894391337002162e-05,
      1.9364170025219208e-05,
      1.8506907472619786e-05,
      1.858585233683698e-05,
      1.983588309609331e-05,
      1.8821867818478494e-05,
      1.8587202642811463e-05,
      1.8574799236375838e-05
    ],
    "eval_losses": [
      0.004848279275745154,
      0.004242349394410849,
      0.004357297923415899,
      0.0042638104300945995,
      0.003919582713395357,
      0.003902098549157381,
      0.004130925611406565,
      0.0035504472746979445,
      0.0038088920112233607,
      0.003654622143879533,
      0.0038398812854429708,
      0.0037472218060865996,
      0.0034964620019774886,
      0.003517473568278365,
      0.00356862532881205,
      0.0039756522947456685,
      0.003698451034387108,
      0.0033805138019146396,
      0.003978841510257916,
      0.0035455225428100675,
      0.0036850661656819285,
      0.0035573574471607573,
      0.0034479221950488863,
      0.003456305061432067,
      0.0035120794738148107,
      0.003374133895611158,
      0.0034828894189908167,
      0.0032563650468568086,
      0.003252973141390248,
      0.0033692118475883034,
      0.0031269336132943863,
      0.0033401757263200123,
      0.0035823210371250754,
      0.0032244972754473565,
      0.0030458222765737445,
      0.0030152213223598665,
      0.0030520323170960184,
      0.0031058820920850847,
      0.0031638287819194377,
      0.0034006973424198805
    ],