{
  "args": {
    "device": "cuda:9",
    "exp_home": "./results",
    "ds_name": "mnist",
    "mode": "generative_classification",
    "noise_std": 0.25,
    "down_scale": 2.0,
    "model_type": "conventional",
    "latent_dim": 784,
    "hidden_dims": [
      1150,
      1150
    ],
    "wo_Win": false,
    "fix_Win": false,
    "I_Win": false,
    "batch_size": 128,
    "epochs": 200,
    "lr": 0.0001,
    "use_augmentation": true,
    "aug_num": 2,
    "run_id": 5,
    "seed": 42
  },
  "training_logs": {
    "train_losses": [
      0.017346971708238124,
      0.00516859128922224,
      0.0037415614824742077,
      0.0030240998589247466,
      0.002551488690562546,
      0.002182796181589365,
      0.0019286392049491406,
      0.001706362348124385,
      0.0015400381608679892,
      0.0013627370769903064,
      0.0012475343151390553,
      0.0011155165154486894,
      0.0010658367205318064,
      0.0009674069726094604,
      0.000892393586859107,
      0.0008271600747853517,
      0.0008211216351017356,
      0.0007418504304997623,
      0.0006684489124827087,
      0.0007317252837494016,
      0.0006957541273720563,
      0.0005432070368714631,
      0.0005656117702275515,
      0.0005590387080609798,
      0.000542770767249167,
      0.00048393314631655813,
      0.0005143961719982326,
      0.0005064831529557705,
      0.0004043582352995873,
      0.00041080184042453766,
      0.0004371363160200417,
      0.00038780525213107466,
      0.00039059760853648185,
      0.0003732799010630697,
      0.00038033636272884907,
      0.00036095067149493845,
      0.0002781641154270619,
      0.00036123218551278115,
      0.00027530922261998056,
      0.0003370577096939087,
      0.00029404996081255376,
      0.00030354632562957704,
      0.00022904041190631688,
      0.00029864031166769564,
      0.0003061300434358418,
      0.00023830762399360537,
      0.00023639814861118794,
      0.0002999698247388005,
      0.00027920450618490575,
      0.0002821628030110151,
      0.00020078530425205826,
      0.00022760023032315075,
      0.0002242403309326619,
      0.0002766000036755577,
      0.00016025013279169799,
      0.0001943094770796597,
      0.00023867557266261428,
      0.00011901499680709094,
      0.00023488862915895878,
      0.00023880810854025184,
      0.0001271210111444816,
      0.0002779627420939505,
      0.00016409956900868564,
      0.00020307620207779108,
      0.00014868694097734986,
      0.0001449617888778448,
      0.00014881162600126119,
      0.00021081918845884502,
      0.00014639629961922765,
      0.00013283445476088674,
      0.0001830651387339458,
      0.00016395074049010874,
      9.893335410393775e-05,
      9.923863587435335e-05,
      0.0001831807474931702,
      0.00019537213526666164,
      0.0001281471992097795,
      0.00010409467357676477,
      8.144808761309832e-05,
      0.00021594205467496069,
      9.490905439015478e-05,
      7.694947235751897e-05,
      0.0001874529914674349,
      9.266969170421362e-05,
      0.00010743162739556282,
      0.00010642507249955088,
      0.0001251629864377901,
      0.00012785500201396643,
      0.00011198177800979465,
      0.00012144493042724207,
      8.487365343142301e-05,
      0.00011194970295764506,
      0.00010378041174728423,
      7.203813956119121e-05,
      0.00010372529822401703,
      0.00010162093747407198,
      9.076024147681892e-05,
      6.759764712303877e-05,
      8.07738391077146e-05,
      8.330507279373705e-05,
      0.00010098048263695091,
      5.7597964564338325e-05,
      5.612167440820485e-05,
      0.00011153255621669814,
      7.167367192218081e-05,
      7.239817855879665e-05,
      0.00010221005851170047,
      8.656337492750026e-05,
      5.805423709563911e-05,
      5.518499768106267e-05,
      0.00010654984541237354,
      5.787147277966142e-05,
      7.121732766041533e-05,
      7.162284886697308e-05,
      5.3313667479669676e-05,
      5.123131767380983e-05,
      7.582470117136836e-05,
      7.46874329005368e-05,
      6.361488182097673e-05,
      4.954685652861372e-05,
      4.299069837899878e-05,
      6.578899731859564e-05,
      4.484455164289102e-05,
      4.353014561347663e-05,
      4.059141210513189e-05,
      3.9311148701235655e-05,
      7.678466491401195e-05,
      4.4990238607861105e-05,
      6.301245336653665e-05,
      5.144437952549197e-05,
      3.5804900866933166e-05,
      3.5395747567526995e-05,
      5.6397662232629955e-05,
      3.807300883345306e-05,
      3.497650047997013e-05,
      4.078526039374992e-05,
      4.347140067489818e-05,
      3.205238010268659e-05,
      3.607384342118166e-05,
      3.124781138147227e-05,
      4.124993937090039e-05,
      3.757325109792873e-05,
      3.7254522077273576e-05,
      3.0242498243460432e-05,
      3.928557677427307e-05,
      3.595215256791562e-05,
      4.077357137692161e-05,
      2.759846297558397e-05,
      3.316089548985474e-05,
      2.855134626617655e-05,
      2.895188517170027e-05,
      2.6448699347674848e-05,
      2.6220155546907335e-05,
      3.0465819058008493e-05,
      2.7365486959461124e-05,
      2.5071898093447088e-05,
      2.6161223831586538e-05,
      2.684245540644042e-05,
      2.2966169484425334e-05,
      2.6860415000701322e-05,
      2.2469018002739176e-05,
      2.473611617460847e-05,
      2.1998824083711954e-05,
      2.1963772672461345e-05,
      2.403649634681642e-05,
      2.228683871915564e-05,
      2.9269372934941203e-05,
      2.1662502011749892e-05,
      2.399549392051995e-05,
      2.005730223376304e-05,
      1.954083535471e-05,
      2.131180224590935e-05,
      1.932303231093101e-05,
      1.9374446300789715e-05,
      2.1850856960518287e-05,
      1.813709529931657e-05,
      1.82836139050778e-05,
      2.0631959886522964e-05,
      1.927824081503786e-05,
      1.8004236342385413e-05,
      1.769527598982677e-05,
      1.749003589968197e-05,
      1.7277940660715103e-05,
      1.7042516653891653e-05,
      1.6749900341965257e-05,
      1.690119132748805e-05,
      1.7111286961007863e-05,
      1.6579530593007802e-05,
      1.6054570840788073e-05,
      1.5908874272718095e-05,
      1.5752458359347657e-05,
      1.54457149899099e-05,
      1.539637290290557e-05,
      1.4962403777171858e-05,
      1.486800339538604e-05,
      1.4955109546426683e-05,
      1.4662282260833307e-05,
      1.451735839014873e-05,
      1.4354907777742482e-05,
      1.437361339922063e-05
    ],
    "eval_losses": [
      0.0034130622021853923,
      0.0028474051497876644,
      0.0028177110143005847,
      0.002763683281932026,
      0.0027301367593929172,
      0.002331122424080968,
      0.0025613648522645237,
      0.0023858685831539333,
      0.002273464471613988,
      0.002052050050254911,
      0.0020588849463034423,
      0.0022232913631945847,
      0.002090726375405211,
      0.002084976652287878,
      0.0024225654794834553,
      0.0021188331169541925,
      0.002115406751818955,
      0.0020986355828121303,
      0.002040876258397475,
      0.0021793456542305648,
      0.002016377621819265,
      0.00207674595490098,
      0.001995427553448826,
      0.001953038456197828,
      0.0019347849174402654,
      0.0019156991109950468,
      0.0019173644712660461,
      0.0019115148027427495,
      0.0020033929270925,
      0.002042743098642677,
      0.0019381036806385963,
      0.0018842487283982337,
      0.001945335919642821,
      0.0019209244794677943,
      0.0019201795440167188,
      0.001900376371946186,
      0.0019159729827195407,
      0.0018926475034095347,
      0.0018957184055354446,
      0.0018837740086484701
    ],