{
  "args": {
    "device": "cuda:4",
    "exp_home": "./results",
    "ds_name": "mnist",
    "mode": "denoising",
    "noise_std": 0.25,
    "down_scale": 2.0,
    "model_type": "conventional",
    "latent_dim": 784,
    "hidden_dims": [
      1150,
      1150,
      1150,
      1150
    ],
    "wo_Win": false,
    "fix_Win": true,
    "I_Win": true,
    "batch_size": 128,
    "epochs": 200,
    "lr": 0.001,
    "use_augmentation": true,
    "aug_num": 2,
    "run_id": 2,
    "seed": 42
  },
  "training_logs": {
    "train_losses": [
      0.013833376196324826,
      0.007095347268581391,
      0.006572521460354328,
      0.006333397175073623,
      0.006191492698937654,
      0.006102900687456131,
      0.006012372980117798,
      0.005936217962950468,
      0.005887760870754719,
      0.005831259624511004,
      0.005762180473506451,
      0.005717287414669991,
      0.005671572338044643,
      0.005644646763503552,
      0.00560713223233819,
      0.005562941381037236,
      0.005523975182622671,
      0.005499668576270342,
      0.005458011980205775,
      0.0054437845148146155,
      0.005411593460440635,
      0.005397664340138436,
      0.0053674692085385325,
      0.0053305427503585814,
      0.005329672167748213,
      0.005302634593844413,
      0.005274374125748872,
      0.0052666505679488185,
      0.005228820393979549,
      0.005222774432152509,
      0.005203558772951365,
      0.005167496196478606,
      0.005172310572713614,
      0.005136032431274653,
      0.005133940897732973,
      0.0051108016343414785,
      0.005106833474338055,
      0.0050719413460791115,
      0.005072103033512831,
      0.005053997254222632,
      0.005041473664194346,
      0.005016941156536341,
      0.005009807783216238,
      0.004982988731861114,
      0.004971536526978016,
      0.004966413155049086,
      0.004955220215767622,
      0.004949000540971756,
      0.0049252431531250475,
      0.00489310303658247,
      0.004916462606340647,
      0.004885962389856577,
      0.004880230824053288,
      0.004851560093164444,
      0.004851310703158379,
      0.004844333799034357,
      0.0048176311448216436,
      0.004819016889333725,
      0.004816946996450424,
      0.004790752718448639,
      0.004792991012185812,
      0.004762677835077047,
      0.004764244678020477,
      0.004740493960231543,
      0.004733502824604511,
      0.004716661075800657,
      0.004706814569979906,
      0.004695365827232599,
      0.004693521704077721,
      0.004680107218027115,
      0.004673644566684961,
      0.004660610550642014,
      0.00465715159252286,
      0.00464210778594017,
      0.0046305116315186025,
      0.004607611409127712,
      0.004593402839899063,
      0.0045761912077665326,
      0.004586851031184196,
      0.004581327688843012,
      0.004558704109936953,
      0.004543596491366625,
      0.004537691838890314,
      0.004525155360251665,
      0.004517004175782204,
      0.004515728163570165,
      0.004500114622563124,
      0.004495717317610979,
      0.004480448223203421,
      0.004467117485702038,
      0.004468094696700573,
      0.0044397196565568444,
      0.004448676856905222,
      0.004416899699270725,
      0.004418343548774719,
      0.004408542483001947,
      0.004393928635269403,
      0.004389946736842394,
      0.0043838548712432385,
      0.004361621580570936,
      0.0043589816781878475,
      0.004349000885337591,
      0.004327413843274117,
      0.004324530077427626,
      0.004317358694970607,
      0.004313505342900753,
      0.0042948794086277485,
      0.004287073504626751,
      0.00427400678858161,
      0.004263489811867476,
      0.004253135944902897,
      0.004244672295153141,
      0.004239422088712454,
      0.004226260487884283,
      0.0042209673061966895,
      0.004208610782176256,
      0.004196249918192625,
      0.004191339906156063,
      0.004179591477364302,
      0.0041744199538230895,
      0.004160881925374269,
      0.004150985072255134,
      0.004139806261062622,
      0.004139329923987389,
      0.004126170797795058,
      0.00411278157711029,
      0.004110003155320883,
      0.004088588023930788,
      0.004085787775069475,
      0.004077372370660305,
      0.004067500558793544,
      0.004056011489182711,
      0.004049437430948019,
      0.004041639002412558,
      0.004033262685388327,
      0.004022411505281925,
      0.0040088842490315435,
      0.004003941019028425,
      0.004000177803337574,
      0.003989523897916078,
      0.003977746706455946,
      0.003974604792296887,
      0.003959419219642877,
      0.0039548767045140265,
      0.003941746470481157,
      0.003928212760239839,
      0.003920533183068037,
      0.003909060689508915,
      0.0039017453041672707,
      0.0038925963492691517,
      0.0038811991913616658,
      0.00387482898876071,
      0.0038620045495033266,
      0.003857124162167311,
      0.0038473853452503683,
      0.0038310410840809344,
      0.0038216051065921783,
      0.0038143489795923234,
      0.0038057600435614587,
      0.003791372368633747,
      0.003787595303654671,
      0.0037798610557615757,
      0.003765986368507147,
      0.003756605582386255,
      0.0037479221710562706,
      0.0037393127612769606,
      0.003729557609856129,
      0.0037125471380352972,
      0.0037107512360811234,
      0.003698216975927353,
      0.003689759497344494,
      0.0036750669308006764,
      0.0036640723806619646,
      0.003660127524808049,
      0.003642315988540649,
      0.003636216540336609,
      0.0036299783581495285,
      0.003613563357144594,
      0.003599328242689371,
      0.0035896793170273303,
      0.0035793061043322087,
      0.0035660105584561824,
      0.0035588844983279705,
      0.0035432926689088345,
      0.0035360239961743354,
      0.003521622288674116,
      0.0035103341615200043,
      0.003498448863774538,
      0.0034864499705284835,
      0.0034755867188423872,
      0.0034613060581684114,
      0.0034526459427177904,
      0.0034400764644891024,
      0.0034305371625721454,
      0.0034181343915313483,
      0.003411596955731511,
      0.0034020022276043892,
      0.0033879952757060526,
      0.003382551097422838,
      0.0033709073481708765
    ],
    "eval_losses": [
      0.00568792251944542,
      0.0054762333437800405,
      0.005340745003521443,
      0.005298837679624558,
      0.005138790931552648,
      0.004952792598307133,
      0.00490116131901741,
      0.0048024423003196716,
      0.004775584296882153,
      0.004790181138366461,
      0.004573330563306809,
      0.0046375116869807245,
      0.004577755761891604,
      0.004443370229750871,
      0.004464502663165331,
      0.004385655692219734,
      0.0042868524461984634,
      0.004276667588204146,
      0.004202386583387852,
      0.004221637633442878,
      0.004181048064678908,
      0.004143966705352068,
      0.00409515706896782,
      0.004014866237342357,
      0.004000291403383017,
      0.003983607150614262,
      0.00392404690310359,
      0.0038816620603203773,
      0.003860746643692255,
      0.0038080207034945487,
      0.003789702853560448,
      0.0037491525702178477,
      0.0037192678809165954,
      0.003686104643344879,
      0.00365003629848361,
      0.003621219815313816,
      0.0035873543962836266,
      0.003553248006850481,
      0.003529229089617729,
      0.0034959587093442678
    ],