{
  "args": {
    "device": "cuda:9",
    "exp_home": "./results",
    "ds_name": "mnist",
    "mode": "generative_classification",
    "noise_std": 0.25,
    "down_scale": 2.0,
    "model_type": "conventional",
    "latent_dim": 784,
    "hidden_dims": [
      1150,
      1150
    ],
    "wo_Win": false,
    "fix_Win": false,
    "I_Win": true,
    "batch_size": 128,
    "epochs": 200,
    "lr": 5e-05,
    "use_augmentation": true,
    "aug_num": 2,
    "run_id": 4,
    "seed": 42
  },
  "training_logs": {
    "train_losses": [
      0.02413035918235779,
      0.006575653826594353,
      0.004680178212448954,
      0.0036036203645169736,
      0.0029706445345282556,
      0.0024952624088898302,
      0.0021432892640680075,
      0.0018317434250563383,
      0.0016275348152965307,
      0.0014386298529617488,
      0.0012862119462341071,
      0.00115552291713655,
      0.0010605189396813513,
      0.0009419354378432035,
      0.0008645940651930868,
      0.0008355665260925889,
      0.0007229325672239065,
      0.000681440458856523,
      0.0006359228039346636,
      0.0006112610036320984,
      0.000563292813114822,
      0.0005152117763459682,
      0.0005132370309717953,
      0.0004538429755344987,
      0.0004639861661940813,
      0.0004542608067579567,
      0.0003834076139330864,
      0.00034969330314546824,
      0.0003623998717032373,
      0.0003847735523618758,
      0.000323576185842976,
      0.00029238311655819415,
      0.0003638829443231225,
      0.00033513935555703935,
      0.000293665289147757,
      0.00029791566483676436,
      0.00026430404542014,
      0.0002733142723329365,
      0.0003070157761406153,
      0.00021636364886537193,
      0.0002458866391587071,
      0.00024147166853770614,
      0.0002660138721112162,
      0.0002020820804918185,
      0.00023433300684206186,
      0.00023439276655204595,
      0.00018045519049745054,
      0.0002205133832525462,
      0.00020400015275925398,
      0.00017412567004561425,
      0.00020451901321299375,
      0.000198976384466514,
      0.00016877867620438338,
      0.00021428650824353098,
      0.0001394173518475145,
      0.00017222842706367372,
      0.00020041178890503944,
      0.00016393920826725662,
      0.00014125385865569116,
      0.00014841276531573386,
      0.000142827093815431,
      0.0001583504386106506,
      0.00013876765954308213,
      0.00013156880413647742,
      0.00013341221530456095,
      0.00011438043404370546,
      0.00010006734899245202,
      0.0001797829139046371,
      0.000176619635396637,
      0.00010752513026818633,
      0.00010417397780809551,
      0.00011971466165035964,
      0.00014600267739966512,
      0.00010134118868969381,
      0.0001012792169698514,
      8.90427482035011e-05,
      0.00012551523307338357,
      7.491181146819144e-05,
      0.00017022719874046742,
      8.940011301077903e-05,
      7.126241632737219e-05,
      9.101237796712666e-05,
      0.00013494634356815368,
      9.725434253457934e-05,
      6.65055527491495e-05,
      9.31213667197153e-05,
      0.00010795273635070772,
      8.192377833183855e-05,
      7.01323448587209e-05,
      8.909538681153208e-05,
      7.07331143412739e-05,
      6.661551578901709e-05,
      0.00011812214396661148,
      6.169478544965387e-05,
      7.369680751115084e-05,
      7.970867719966919e-05,
      6.859362586168572e-05,
      8.148696097079664e-05,
      5.924407926388085e-05,
      6.761248822789639e-05,
      7.189520294778049e-05,
      7.73136963415891e-05,
      5.613427976146341e-05,
      4.972927641356364e-05,
      6.843312371289358e-05,
      6.267932293238118e-05,
      6.593209995888174e-05,
      5.516249377746135e-05,
      5.5938622294925156e-05,
      5.46389582240954e-05,
      6.70249873190187e-05,
      5.3629047509748486e-05,
      4.640216033672914e-05,
      6.710091608809307e-05,
      5.086033922387287e-05,
      5.374642833136022e-05,
      4.473077876027674e-05,
      4.20727934804745e-05,
      4.602574000135064e-05,
      5.0402620751410726e-05,
      5.3894627140834926e-05,
      4.5085770948790016e-05,
      5.523417783435434e-05,
      3.7753717822488396e-05,
      5.2116186346393076e-05,
      5.10259757260792e-05,
      3.7260054070502516e-05,
      3.9123051948845383e-05,
      3.603306378237903e-05,
      4.7025657752528785e-05,
      4.023281170520932e-05,
      4.036523003829643e-05,
      3.367760160006583e-05,
      3.3035109685733916e-05,
      3.177211498375982e-05,
      3.664430131204426e-05,
      4.873341681435704e-05,
      4.2555481768213215e-05,
      3.386815462028608e-05,
      3.078421575715765e-05,
      3.35649314429611e-05,
      3.365061533171684e-05,
      2.925678828731179e-05,
      3.427805325482041e-05,
      2.9091884621884673e-05,
      3.250423197401687e-05,
      3.0336380201624706e-05,
      2.7624039703514428e-05,
      2.718921064864844e-05,
      2.8940268091391772e-05,
      2.7111322067212314e-05,
      4.3080981743987646e-05,
      2.5897799163358285e-05,
      2.802142114378512e-05,
      2.7103636282263322e-05,
      2.7518562662880867e-05,
      2.5173210406210275e-05,
      2.4519859491265377e-05,
      2.4046552166109903e-05,
      2.3408862381475045e-05,
      2.413945462903939e-05,
      2.777311058016494e-05,
      2.334764282335527e-05,
      2.386392238433473e-05,
      2.268471768591553e-05,
      2.2548859848175196e-05,
      2.3222565741743893e-05,
      2.170666632242501e-05,
      2.175107279792428e-05,
      2.1703567829681562e-05,
      2.2017211464699358e-05,
      2.0719441300025208e-05,
      2.0645579900592565e-05,
      2.228690101765096e-05,
      2.017568930867128e-05,
      2.0541797255864366e-05,
      2.016529151936993e-05,
      2.0249772663228215e-05,
      1.9446216248907148e-05,
      1.9384057640563698e-05,
      1.9559673784533515e-05,
      1.9071128164650873e-05,
      1.858000481617637e-05,
      1.9374568982748315e-05,
      1.8641146171139554e-05,
      1.8196838725125417e-05,
      1.8892483394593e-05,
      1.7820603880099953e-05,
      1.742536350968294e-05,
      1.7718418728327377e-05,
      1.761837860685773e-05,
      1.7495344751514494e-05,
      1.7121186507865786e-05,
      1.7384083155775443e-05,
      1.7123984274221584e-05,
      1.6708165559684858e-05,
      1.6986022231867537e-05,
      1.6843422701931557e-05,
      1.675866629346274e-05,
      1.690874275751412e-05
    ],
    "eval_losses": [
      0.003954711309820414,
      0.00311576093621552,
      0.0029421749534085393,
      0.0027036414109170436,
      0.0027118811598047616,
      0.0026318470678292215,
      0.002543986904062331,
      0.0024779844544827938,
      0.0024176612306386234,
      0.002292338331392966,
      0.0022710172048769892,
      0.0024979579631239177,
      0.002426051594130695,
      0.0021996661672135814,
      0.002274321857932955,
      0.0022379121324047446,
      0.002209933281876147,
      0.0021584615411236884,
      0.0021938757713884116,
      0.0021759955154266207,
      0.002372533149085939,
      0.0022781154001131655,
      0.002273914061905816,
      0.0023882505482062696,
      0.00216596917770803,
      0.0022157145205419513,
      0.0021590191663242875,
      0.0021231085667852314,
      0.00214338323706761,
      0.002099681097408757,
      0.002140153850056231,
      0.002110116341523826,
      0.002136618446232751,
      0.0020837889272952454,
      0.0020504354579607025,
      0.002131921443436295,
      0.0021214225351810457,
      0.002135145123116672,
      0.002117257594247349,
      0.0020771908750291915
    ],