{
  "args": {
    "device": "cuda:8",
    "exp_home": "./results",
    "ds_name": "mnist",
    "mode": "denoising",
    "noise_std": 0.25,
    "down_scale": 2.0,
    "model_type": "conventional",
    "latent_dim": 784,
    "hidden_dims": [
      1150,
      1150,
      1150
    ],
    "wo_Win": false,
    "fix_Win": false,
    "I_Win": false,
    "wo_Wout": false,
    "batch_size": 128,
    "epochs": 30,
    "lr": 0.0001,
    "use_augmentation": false,
    "aug_num": 2,
    "run_id": 1,
    "seed": 42
  },
  "training_logs": {
    "train_losses": [
      0.028895454312860967,
      0.010561387668848038,
      0.008196235454231501,
      0.007174915287047625,
      0.006567759352177381,
      0.006153574806153774,
      0.0058665720872581005,
      0.005661764139086008,
      0.0054538975146412845,
      0.00531801245957613,
      0.005175435155034065,
      0.005066031877696514,
      0.004992492954879999,
      0.00489751861333847,
      0.004840208238661289,
      0.004762025239765644,
      0.004709132757782936,
      0.0046674797621369364,
      0.004610387967526912,
      0.004564338282048702,
      0.004531946271508932,
      0.004489883870333433,
      0.004448158437758684,
      0.004424668065905571,
      0.004396463994383812,
      0.004373430827707052,
      0.004352435309141874,
      0.004324804037809372,
      0.004309959067702294,
      0.004291316373199225
    ],
    "eval_losses": [
      0.0062018515639007095,
      0.005224526873230934,
      0.004768483784049749,
      0.0045581769481301306,
      0.004414122582226992,
      0.004326874058693648
    ],
    "psnr": [
      22.078132131958007,
      22.822695626831056,
      23.219280627441407,
      23.41467039489746,
      23.554022564697267,
      23.641188720703123
    ],
    "ssim": [
      0.8836679671287536,
      0.8986940881729126,
      0.911166512298584,
      0.9181186866760254,
      0.9229162845611573,
      0.9261274597167969
    ],
    "best_epoch": 30,
    "best_step": null,
    "best_eval_loss": 0.004326874058693648
  },
  "test_results": {
    "test_loss": 0.0042982472866773605,
    "test_psnr": 23.678350314331055,
    "test_ssim": 0.9277000820159912
  }
}