{
  "args": {
    "device": "cuda:8",
    "exp_home": "./results",
    "ds_name": "imagenet32",
    "mode": "denoising",
    "noise_std": 0.25,
    "down_scale": 2.0,
    "model_type": "conventional",
    "latent_dim": 3072,
    "hidden_dims": [
      3546
    ],
    "wo_Win": false,
    "fix_Win": true,
    "I_Win": true,
    "batch_size": 512,
    "epochs": 2,
    "lr": 0.0003,
    "use_augmentation": true,
    "aug_num": 4,
    "run_id": 2,
    "seed": 42
  },
  "training_logs": {
    "train_losses": [
      0.01300198581814766,
      0.009070077046751977,
      0.008639409823343158,
      0.00846633660234511,
      0.008306890137493611,
      0.008227101201191545,
      0.00817334190197289,
      0.00810439670458436,
      0.008056581992655992,
      0.00802621581312269,
      0.007959675828926266,
      0.007939372536726295,
      0.00791797351371497,
      0.007862686947919428,
      0.007853473423048854,
      0.007805082398466766,
      0.007779165882617236,
      0.007738594575785101,
      0.007729173535481095,
      0.007704859199002385,
      0.007683897593989969,
      0.007656481000594795,
      0.007611517746932805,
      0.007600940834730864,
      0.0075766313867643474,
      0.007570907429791987,
      0.007543092341162265,
      0.007525987086817622,
      0.007513879477977753,
      0.007487509788945317,
      0.007483727883547544,
      0.007469906765036285,
      0.0074404224436730145,
      0.007436358647421003,
      0.007406277873553336,
      0.0073850514842197295,
      0.0073773901974782344,
      0.007370548256672918,
      0.007354784928262234,
      0.007341537154279649
    ],
    "eval_losses": [
      0.00816859079748392,
      0.007839376657605172,
      0.00771302235275507,
      0.007665139228999615,
      0.007487979560792446,
      0.007420177308320999,
      0.007325128033459186,
      0.007272123142033815
    ],
    "psnr": [
      20.880284256591796,
      21.05891355102539,
      21.129418942871094,
      21.15635423034668,
      21.257932396240236,
      21.29749475341797,
      21.35344018432617,
      21.385034442749024
    ],
    "best_epoch": null,
    "best_step": 20000,
    "best_eval_loss": 0.007272123142033815
  },
  "test_results": {
    "test_loss": 0.0072652177377045156,
    "test_psnr": 21.38923143859863
  }
}