{
  "args": {
    "device": "cuda:0",
    "exp_home": "./results",
    "ds_name": "mnist",
    "mode": "denoising",
    "noise_std": 0.25,
    "down_scale": 2.0,
    "model_type": "conventional",
    "latent_dim": 784,
    "hidden_dims": [
      785
    ],
    "wo_Win": true,
    "fix_Win": false,
    "I_Win": false,
    "wo_Wout": true,
    "batch_size": 128,
    "epochs": 30,
    "lr": 0.005,
    "use_augmentation": false,
    "aug_num": 2,
    "run_id": 5,
    "seed": 42
  },
  "training_logs": {
    "train_losses": [
      0.013841143468618393,
      0.011206900275349617,
      0.011168722395896911,
      0.010975249640345573,
      0.010737224200665951,
      0.010464128767848016,
      0.010076747214496135,
      0.009820578599274158,
      0.009543085765242577,
      0.009278752972483635,
      0.009071189529001713,
      0.00872291659861803,
      0.00847602062612772,
      0.00824837046533823,
      0.008016018630862235,
      0.007715328191518784,
      0.0075245679360628126,
      0.0072832577261328696,
      0.007025019676983356,
      0.006637795533835888,
      0.006343464766442776,
      0.0060830809323489665,
      0.00590204579308629,
      0.005643548522144556,
      0.005456447988003492,
      0.005300469415336847,
      0.0051096008922159675,
      0.00496217563316226,
      0.004838384144455195,
      0.004731220009624958
    ],
    "eval_losses": [
      0.010192898014187813,
      0.009000427359342575,
      0.0076231154665350916,
      0.006369144407659769,
      0.005300914892554283,
      0.004619567018002271
    ],
    "psnr": [
      19.920980603027346,
      20.46168291015625,
      21.182580743408202,
      21.9633124420166,
      22.759774057006837,
      23.357281085205077
    ],
    "ssim": [
      0.9044999470710754,
      0.909719668674469,
      0.9193539412498474,
      0.9265295835494995,
      0.9338115857124328,
      0.9415926168441773
    ],
    "best_epoch": 30,
    "best_step": null,
    "best_eval_loss": 0.004619567018002271
  },
  "test_results": {
    "test_loss": 0.004564787657558918,
    "test_psnr": 23.419655450439453,
    "test_ssim": 0.9429608695030213
  }
}