{
  "args": {
    "device": "cuda:0",
    "exp_home": "./results",
    "ds_name": "mnist",
    "mode": "denoising",
    "noise_std": 0.25,
    "down_scale": 2.0,
    "model_type": "conventional",
    "latent_dim": 784,
    "hidden_dims": [
      1470,
      1470,
      1470
    ],
    "wo_Win": true,
    "fix_Win": false,
    "I_Win": false,
    "wo_Wout": true,
    "batch_size": 128,
    "epochs": 30,
    "lr": 0.0005,
    "use_augmentation": false,
    "aug_num": 2,
    "run_id": 4,
    "seed": 42
  },
  "training_logs": {
    "train_losses": [
      0.012022527919113636,
      0.006323255461901427,
      0.0055473328246176245,
      0.005221974643319845,
      0.0050109892562031745,
      0.004859017284810543,
      0.004766127644330263,
      0.004652806007713079,
      0.004576597749143839,
      0.004504256426542997,
      0.004425837737172842,
      0.004370202864557505,
      0.004316922109723091,
      0.004260903842300177,
      0.004201646924763918,
      0.004152937451153993,
      0.004100222728699446,
      0.004063373142182827,
      0.00401424077540636,
      0.00396370634585619,
      0.003928822106570006,
      0.003879074216634035,
      0.0038338067504763602,
      0.0038070770344883205,
      0.003761917699575424,
      0.0037189904586970805,
      0.0036770234656333923,
      0.0036397094100713728,
      0.0036165426932275296,
      0.0035810651626437904
    ],
    "eval_losses": [
      0.005008013524860144,
      0.004419298461824655,
      0.0041545569241046906,
      0.004011942411214113,
      0.003823059394955635,
      0.0036955067209899425
    ],
    "psnr": [
      23.005624618530273,
      23.54819928894043,
      23.816533041381835,
      23.968189071655274,
      24.17775836791992,
      24.325198458862303
    ],
    "ssim": [
      0.9109636667251587,
      0.9320692951202393,
      0.9377107950210571,
      0.9454610960006714,
      0.9470044147491455,
      0.9511145233154297
    ],
    "best_epoch": 30,
    "best_step": null,
    "best_eval_loss": 0.0036955067209899425
  },
  "test_results": {
    "test_loss": 0.0036897738724946975,
    "test_psnr": 24.33854842529297,
    "test_ssim": 0.9517069199562073
  }
}