{
  "args": {
    "device": "cuda:9",
    "exp_home": "./results",
    "ds_name": "mnist",
    "mode": "generative_classification",
    "noise_std": 0.25,
    "down_scale": 2.0,
    "model_type": "conventional",
    "latent_dim": 784,
    "hidden_dims": [
      785,
      785,
      785,
      785,
      785,
      785
    ],
    "wo_Win": true,
    "fix_Win": false,
    "I_Win": false,
    "wo_Wout": true,
    "batch_size": 128,
    "epochs": 50,
    "lr": 0.001,
    "use_augmentation": false,
    "aug_num": 2,
    "run_id": 3,
    "seed": 42
  },
  "training_logs": {
    "train_losses": [
      0.011293773463964462,
      0.005772248760759831,
      0.004460470577329397,
      0.0037566786096990107,
      0.003248737111017108,
      0.003056779147386551,
      0.0027088943937420844,
      0.0025911742270737885,
      0.002310390471071005,
      0.0021907911679893734,
      0.0021610086791217327,
      0.0020393177842348816,
      0.001767596852555871,
      0.0016269019183143974,
      0.0017757969013601541,
      0.0015838136822357773,
      0.0015130355732515454,
      0.001486830479633063,
      0.001362601226940751,
      0.0013194063035398722,
      0.0011286279614455999,
      0.0011920331686362624,
      0.0013681791575998069,
      0.0012104644845053554,
      0.0010042616108246148,
      0.0009182548143900931,
      0.0008483288012817502,
      0.0008667814799584448,
      0.0009501298407278955,
      0.0007477039009332657,
      0.0006969819840043784,
      0.0006820798881165683,
      0.0008148627016413957,
      0.0006553723437525332,
      0.0006163791885506362,
      0.0005083711582049728,
      0.0005275116064213216,
      0.0005423985968902708,
      0.00048671342989429833,
      0.0005269321474712343,
      0.00046566710026003423,
      0.0003926717837713659,
      0.0003706397781986743,
      0.00036143079791218043,
      0.00034379449089523404,
      0.0003018213571701199,
      0.0002816016050614417,
      0.0002791067404067144,
      0.0002596917728940025,
      0.00024819077522028236
    ],
    "eval_losses": [
      0.004900663261860609,
      0.0052927605748176575,
      0.004314580288529396,
      0.004154270864650607,
      0.0041389415895100685,
      0.003836784889968112,
      0.0038982126496732235,
      0.003578990214387886,
      0.0034121706876321695,
      0.0034821015030960553
    ],
    "psnr": [
      23.408267489624023,
      23.029833724975585,
      23.966533627319336,
      24.203894277954102,
      24.33168819580078,
      24.580866839599608,
      24.614362982177735,
      25.259290057373047,
      25.31808148803711,
      25.455585137939455
    ],
    "ssim": [
      0.9610674933433533,
      0.9600240779876709,
      0.9696092280387878,
      0.9721846603393555,
      0.9740945092201233,
      0.976496360874176,
      0.9768301821708679,
      0.9789552362442017,
      0.9801207245826721,
      0.9804039280891419
    ],
    "best_epoch": 45,
    "best_step": null,
    "best_eval_loss": 0.0034121706876321695
  },
  "test_results": {
    "test_loss": 0.0032913895907811823,
    "test_psnr": 26.40096525268555,
    "test_ssim": 0.9806009981155396
  }
}