{
  "args": {
    "device": "cuda:2",
    "exp_home": "./results",
    "ds_name": "mnist",
    "mode": "generative_classification",
    "noise_std": 0.25,
    "down_scale": 2.0,
    "model_type": "conventional",
    "latent_dim": 784,
    "hidden_dims": [
      1150
    ],
    "wo_Win": true,
    "fix_Win": false,
    "I_Win": false,
    "batch_size": 128,
    "epochs": 200,
    "lr": 0.0001,
    "use_augmentation": true,
    "aug_num": 2,
    "run_id": 1,
    "seed": 42
  },
  "training_logs": {
    "train_losses": [
      0.03155158456981182,
      0.011924684925973416,
      0.009440053927004336,
      0.008183584791570902,
      0.007312399827390909,
      0.006707195683717727,
      0.006190080546438694,
      0.005758019309341908,
      0.005399131622612476,
      0.00510098404020071,
      0.0048138889768719675,
      0.004562613471597433,
      0.004334036010801792,
      0.004127594327628613,
      0.00395856186196208,
      0.0038077459816634653,
      0.0036650217321515083,
      0.0035436956039071083,
      0.0034245198075473307,
      0.003320225779414177,
      0.003194063803181052,
      0.003130384761542082,
      0.003027594894692302,
      0.00296452572889626,
      0.0028928592252731324,
      0.0028205961453914644,
      0.002765797412917018,
      0.0026781528164446355,
      0.002628502149283886,
      0.002590340193808079,
      0.00253942577123642,
      0.002500747776031494,
      0.0024578843864798547,
      0.002407008354663849,
      0.002372407136410475,
      0.002332017437890172,
      0.002300715697556734,
      0.002261639700308442,
      0.0022298630546033382,
      0.002213001761510968,
      0.002175973790884018,
      0.002155893875658512,
      0.00211524910479784,
      0.002093902072608471,
      0.002078051636517048,
      0.00205077277302742,
      0.0020390652224421503,
      0.002008419036567211,
      0.0019968676847219465,
      0.0019745648791641,
      0.0019491931365430354,
      0.0019444899095594883,
      0.0019087626155465842,
      0.0018921143278479576,
      0.0018751984905824065,
      0.0018698944879323243,
      0.001851632431820035,
      0.001844143283367157,
      0.0018103361651301384,
      0.0018046406783163548,
      0.0017831275138258933,
      0.0017659959562122821,
      0.0017625378438085317,
      0.0017458755685389041,
      0.0017427182234823703,
      0.0017136178582161665,
      0.0017007564625144006,
      0.0017053563539683818,
      0.0016857085440307857,
      0.0016715939512103796,
      0.0016574871489405632,
      0.001660315269753337,
      0.001647597810253501,
      0.0016462016639858484,
      0.0016199975719302893,
      0.0016153444970399141,
      0.0015956594556570053,
      0.0015940153287351132,
      0.0015857118329405786,
      0.0015840570299327373,
      0.001580972969084978,
      0.001562044133245945,
      0.0015516996792703866,
      0.0015433909028023482,
      0.0015262080117315053,
      0.001516146381124854,
      0.0015227391200512647,
      0.0015132819535583258,
      0.0015034522512555122,
      0.0014937707915902137,
      0.001501128218770027,
      0.0014813573656976223,
      0.0014747729103267192,
      0.0014603711803257465,
      0.00146337636038661,
      0.001457394551038742,
      0.0014557363165169953,
      0.0014362474424764514,
      0.0014405322074145079,
      0.001430477092564106,
      0.0014221723094582559,
      0.0014097300723195077,
      0.0014179020812362432,
      0.0014076580775529146,
      0.001390941661298275,
      0.0014063250295445323,
      0.0013880063907057048,
      0.001392849874868989,
      0.0013793087442219257,
      0.0013737340610474348,
      0.0013655197831243277,
      0.0013538039295375346,
      0.0013590398971736431,
      0.0013452599036693574,
      0.00134547397531569,
      0.0013464511763677002,
      0.0013302718605473637,
      0.0013361837330460547,
      0.0013186196014285088,
      0.0013220102821290493,
      0.001307210662662983,
      0.0013141272926703096,
      0.0013032511301338673,
      0.0013041842423379421,
      0.001297261190712452,
      0.0012958961055800319,
      0.0012952573937922715,
      0.0012872216753661632,
      0.0012793401638418436,
      0.0012752261734381319,
      0.0012738670942932368,
      0.0012734229899197817,
      0.0012703564634174108,
      0.0012638736279308796,
      0.0012548265809565783,
      0.0012559782297536732,
      0.0012448515652120113,
      0.0012490792448818684,
      0.00124483424782753,
      0.0012317366717755794,
      0.0012419737462699414,
      0.0012271393541246653,
      0.0012396570271253585,
      0.0012303528602421283,
      0.001226239678710699,
      0.0012196316189318896,
      0.0012152100052312017,
      0.0012069797685742378,
      0.0012028651915863156,
      0.0012081880507618188,
      0.0012037282614409924,
      0.0011971678065508605,
      0.0011918552670627833,
      0.0011950710400938987,
      0.0011881258132308721,
      0.0011867660042643546,
      0.0011808732065558434,
      0.001175541111305356,
      0.001181880977936089,
      0.001175031158030033,
      0.0011664881218969821,
      0.0011669134722650052,
      0.0011635440362244844,
      0.0011631439720094204,
      0.0011581767906993627,
      0.0011541575656831265,
      0.0011574379110336304,
      0.0011470769307017326,
      0.0011510241850465537,
      0.0011423240801692008,
      0.0011332084564864636,
      0.001145047442317009,
      0.001130424014851451,
      0.001129891614317894,
      0.001127365660071373,
      0.001125695058181882,
      0.0011250880631059408,
      0.0011255648254603148,
      0.0011188271456956864,
      0.0011171587246656418,
      0.0011119925120472909,
      0.0011061267095804214,
      0.001113523237667978,
      0.0011153939878940581,
      0.0010979816512018442,
      0.0011034090849757195,
      0.0010968877074867486,
      0.0010981545894593,
      0.0010891358552128077,
      0.0010908410792052747,
      0.001085503322891891,
      0.0010988369990512729,
      0.0010831479816138744,
      0.0010839122762531042,
      0.0010841492894291878,
      0.0010826818735897542,
      0.0010803230926394462,
      0.001076267567537725,
      0.0010794265748932958,
      0.001073235503397882
    ],
    "eval_losses": [
      0.00838502297848463,
      0.007333317111432552,
      0.006770787888765335,
      0.006763548770546913,
      0.006752180162072182,
      0.006721085576713085,
      0.006635974110662937,
      0.006522051560878754,
      0.006135361906141043,
      0.00611593658849597,
      0.006367530855536461,
      0.006200091189146042,
      0.006081000545620919,
      0.006084630206227302,
      0.005988101719319821,
      0.006059027874469757,
      0.006038489655405283,
      0.00628518288731575,
      0.006170743782818317,
      0.006169329468905926,
      0.006123575007915496,
      0.006065706399083138,
      0.006338235066831112,
      0.006201613046228885,
      0.00616910517513752,
      0.00627235345095396,
      0.005941134850680828,
      0.006235290402173996,
      0.006272972604632378,
      0.0059672992825508114,
      0.0059253807336091995,
      0.006054452939331532,
      0.0060649026811122895,
      0.005857127974927425,
      0.005950773620605468,
      0.0059368634760379796,
      0.0060139802932739255,
      0.006015781998634338,
      0.006128843207657337,
      0.00600470714867115
    ],