{
  "args": {
    "device": "cuda:6",
    "exp_home": "./results",
    "ds_name": "mnist",
    "mode": "denoising",
    "noise_std": 0.25,
    "down_scale": 2.0,
    "model_type": "conventional",
    "latent_dim": 784,
    "hidden_dims": [
      1470,
      1470,
      1470
    ],
    "wo_Win": false,
    "fix_Win": false,
    "I_Win": false,
    "wo_Wout": false,
    "batch_size": 128,
    "epochs": 30,
    "lr": 0.005,
    "use_augmentation": false,
    "aug_num": 2,
    "run_id": 5,
    "seed": 42
  },
  "training_logs": {
    "train_losses": [
      0.11416090788364411,
      0.11347256244182587,
      0.11347256246566773,
      0.11347256283044815,
      0.11347256267309189,
      0.11347256285429001,
      0.11347256325006486,
      0.11347256305456162,
      0.11347256287336349,
      0.11347256254434586,
      0.11347256288051605,
      0.11347256276607513,
      0.11347256276845932,
      0.1134725629067421,
      0.11347256222248077,
      0.11347256313323975,
      0.11347256250619889,
      0.11347256271123886,
      0.11347256259679794,
      0.11347256293296815,
      0.11347256235599518,
      0.11347256205320358,
      0.11347256301164627,
      0.11347256282091141,
      0.11347256262779236,
      0.11347256259918213,
      0.11347256282091141,
      0.11347256298542023,
      0.1134725625872612,
      0.11347256251811981
    ],
    "eval_losses": [
      0.11256687418222427,
      0.11256687418222427,
      0.11256687418222427,
      0.11256687418222427,
      0.11256687418222427,
      0.11256687418222427
    ],
    "psnr": [
      9.488279489135742,
      9.488279489135742,
      9.488279489135742,
      9.488279489135742,
      9.488279489135742,
      9.488279489135742
    ],
    "ssim": [
      0.42501315231323245,
      0.42501315231323245,
      0.42501315231323245,
      0.42501315231323245,
      0.42501315231323245,
      0.42501315231323245
    ],
    "best_epoch": 5,
    "best_step": null,
    "best_eval_loss": 0.11256687418222427
  },
  "test_results": {
    "test_loss": 0.11461893389225006,
    "test_psnr": 9.435003474426269,
    "test_ssim": 0.42354489817619323
  }
}