{
  "args": {
    "device": "cuda:9",
    "exp_home": "./results",
    "ds_name": "mnist",
    "mode": "generative_classification",
    "noise_std": 0.25,
    "down_scale": 2.0,
    "model_type": "conventional",
    "latent_dim": 784,
    "hidden_dims": [
      1150,
      1150,
      1150,
      1150,
      1150,
      1150
    ],
    "wo_Win": false,
    "fix_Win": true,
    "I_Win": true,
    "batch_size": 128,
    "epochs": 200,
    "lr": 5e-05,
    "use_augmentation": true,
    "aug_num": 4,
    "run_id": 3,
    "seed": 42
  },
  "training_logs": {
    "train_losses": [
      0.014617448768764734,
      0.005033045938387513,
      0.0037025315747223793,
      0.002989104062691331,
      0.00253349404736422,
      0.0021619678838830443,
      0.0019831670029368254,
      0.0017369991546543316,
      0.0015592713918164372,
      0.001414864067127928,
      0.001354232973139733,
      0.001246675169491209,
      0.0011382369957165792,
      0.0010714231151575224,
      0.0010081817184668033,
      0.0009663414957094938,
      0.000909563070423901,
      0.0008555985208787024,
      0.0008317233598278836,
      0.0007783598992275074,
      0.0007319109019753523,
      0.0006969766677170991,
      0.000691520948947873,
      0.0006435619275900536,
      0.0006223805093555711,
      0.0006076111368346028,
      0.0005734383593127132,
      0.0005369087256188505,
      0.0005357363010011614,
      0.0005107916464307346,
      0.0004824296730943024,
      0.0004896183633222245,
      0.0004704334557405673,
      0.0004423566473601386,
      0.0004550786321889609,
      0.0003972770111775026,
      0.0004152108399081044,
      0.00036953101706225426,
      0.0003688399952580221,
      0.0003787378373625688,
      0.00038158566934405825,
      0.0003582524643454235,
      0.00033700624632416294,
      0.000356103768205503,
      0.00031449275993858465,
      0.0003103403117356356,
      0.0003038788646366447,
      0.00030082954998360945,
      0.0002832369849132374,
      0.0002709770582767669,
      0.00027271355972625314,
      0.00029084348113508896,
      0.0002621406826097518,
      0.0002628905534895603,
      0.00025063390258932484,
      0.00026746661123353986,
      0.00024907570292707535,
      0.00022942219465388916,
      0.0002475568620208651,
      0.00022576574701815844,
      0.000238365108135622,
      0.00020059058897546492,
      0.00021802878154616336,
      0.00022047265465720557,
      0.00019247136560850776,
      0.00019632188507122918,
      0.00019793959554459433,
      0.00017632240407227073,
      0.000197996126859216,
      0.00019337708823848515,
      0.00016966949234192724,
      0.00016399748695257585,
      0.00019010081339336467,
      0.00016099483861762564,
      0.00017947370035049972,
      0.0001642303562205052,
      0.0001543482359527843,
      0.00015240360351861454,
      0.00014549363291531335,
      0.00015369274020718876,
      0.00015760918922140264,
      0.0001386131543078227,
      0.00012816157493914944,
      0.00013596614423440768,
      0.00012319868721009697,
      0.00012807061607658397,
      0.00012792751818487886,
      0.00013471833598450758,
      0.0001180838488304289,
      0.00011686414551804774,
      0.00012146031756012234,
      0.00011333755100145936,
      0.00011489838493056595,
      0.00010228000514034647,
      0.000103329257753212,
      9.883921242610086e-05,
      0.00011730069864890538,
      9.41282956628129e-05,
      9.661112859321293e-05,
      9.064771002915223e-05,
      9.649574023729655e-05,
      8.792589510558173e-05,
      9.398123563383706e-05,
      8.751885801379104e-05,
      7.886504347494338e-05,
      8.086047591321404e-05,
      8.729685715923552e-05,
      7.662668010627385e-05,
      8.57894640613813e-05,
      7.502494841814042e-05,
      7.537273166672094e-05,
      6.755104979325551e-05,
      7.731879157479853e-05,
      7.196720805222867e-05,
      7.269588667084462e-05,
      6.682368656067411e-05,
      6.081063400779385e-05,
      6.154917989711976e-05,
      5.4790516898792705e-05,
      6.5267234951898e-05,
      6.317199306213297e-05,
      6.302790850109886e-05,
      5.378123547241557e-05,
      5.020191311225062e-05,
      6.116276464425027e-05,
      4.892964939092053e-05,
      4.4497277032351125e-05,
      5.0923821161559316e-05,
      5.937432958104182e-05,
      4.034554688434582e-05,
      3.70535873886547e-05,
      4.779422926425468e-05,
      4.5900310459255706e-05,
      4.344766012072796e-05,
      3.848519653547555e-05,
      4.099434111150913e-05,
      4.067538061848609e-05,
      3.879387360560941e-05,
      4.0416128187207506e-05,
      4.0596939959796144e-05,
      2.6463764154177625e-05,
      3.44268036581343e-05,
      3.369718358881073e-05,
      3.0301308360358234e-05,
      3.6527919918007686e-05,
      3.0378904887475073e-05,
      2.5813469775894192e-05,
      2.7020772407122423e-05,
      2.9030640825803858e-05,
      2.6768389793869574e-05,
      2.3530683960416356e-05,
      2.1689199835527688e-05,
      2.716502361552557e-05,
      1.9628227592766054e-05,
      2.3687257455312645e-05,
      2.4554588052269537e-05,
      1.5222980385733536e-05,
      1.5904360030253883e-05,
      1.4331514412770048e-05,
      2.2289726085436997e-05,
      1.5823305594385603e-05,
      1.8240086900186725e-05,
      1.7610451877553716e-05,
      1.6438381252373802e-05,
      1.5035924442199757e-05,
      1.0077188615105116e-05,
      1.75767311330128e-05,
      1.4769628268259112e-05,
      1.520859947821009e-05,
      1.0038407344109145e-05,
      1.192344621187658e-05,
      1.1000780420581577e-05,
      9.479697063070488e-06,
      8.40912515821401e-06,
      8.946160281484481e-06,
      1.0257176645827713e-05,
      8.891656056803186e-06,
      7.784978269046405e-06,
      7.959656551101944e-06,
      8.20378570628236e-06,
      4.740714240033412e-06,
      6.964536414161557e-06,
      6.046037530322792e-06,
      5.9059744537808e-06,
      4.5236848169588485e-06,
      3.961087969801156e-06,
      6.551392511173617e-06,
      4.5940552103274965e-06,
      3.56409771629842e-06,
      3.941469778801547e-06,
      3.359616245579673e-06,
      4.18055532798462e-06,
      3.199186591809848e-06,
      2.986321857315488e-06,
      3.454121504764771e-06,
      3.187764644535491e-06,
      3.2889859344868455e-06,
      3.2757919741561636e-06,
      2.742244585315348e-06,
      2.7338285663427087e-06
    ],
    "eval_losses": [
      0.0048977277545724065,
      0.0042256110662827265,
      0.0039959378015599215,
      0.0039442394657060505,
      0.00391974133849144,
      0.004014436357410159,
      0.0037530118699360174,
      0.003990835202485323,
      0.0034194515556562693,
      0.003679971240274608,
      0.0034880808744579554,
      0.0034503179601568265,
      0.0037451811070146504,
      0.0036022255408752245,
      0.003313040790637024,
      0.003795387280639261,
      0.00367574052020791,
      0.003291055901243817,
      0.003957932445319602,
      0.0034279433906223857,
      0.0033062151463353075,
      0.0035414011049899274,
      0.0032980007578618823,
      0.0032818880793143764,
      0.003030207679000159,
      0.0033794309614168013,
      0.0034170602970174514,
      0.0032956675742476364,
      0.0033457218645635296,
      0.003277797257975908,
      0.003109356553223915,
      0.0035341381591177195,
      0.003443307680725411,
      0.0030539302129705902,
      0.0030364967853296547,
      0.0030965054510859774,
      0.0029885746685555203,
      0.0028509354308713227,
      0.003006760819326155,
      0.002838152048381744
    ],