{
  "args": {
    "device": "cuda:2",
    "exp_home": "./results",
    "ds_name": "mnist",
    "mode": "generative_classification",
    "noise_std": 0.25,
    "down_scale": 2.0,
    "model_type": "conventional",
    "latent_dim": 784,
    "hidden_dims": [
      1150
    ],
    "wo_Win": false,
    "fix_Win": false,
    "I_Win": true,
    "batch_size": 128,
    "epochs": 200,
    "lr": 0.0005,
    "use_augmentation": true,
    "aug_num": 2,
    "run_id": 5,
    "seed": 42
  },
  "training_logs": {
    "train_losses": [
      0.017486797256469726,
      0.00892747020035982,
      0.0075335808853805065,
      0.0067538534626364706,
      0.006147548517882824,
      0.005708933371454478,
      0.00531418048620224,
      0.00499059024721384,
      0.004774319945275784,
      0.004513908834159374,
      0.004323750365972519,
      0.004151831917911768,
      0.003976182071119547,
      0.003837366282641888,
      0.0036953140769153832,
      0.0035784659136086703,
      0.003464942697584629,
      0.003342138201594353,
      0.0032508760146796704,
      0.0031805034161359073,
      0.003068391246944666,
      0.0029740516736358404,
      0.002882934070676565,
      0.002874502197802067,
      0.0027590766303241254,
      0.002704917431846261,
      0.0026413307765126228,
      0.0025834752343595027,
      0.0025358799137920143,
      0.002481801361888647,
      0.002434013221114874,
      0.0023725987216457723,
      0.0023202828058600427,
      0.0022931026474386452,
      0.0022593054562062027,
      0.002207352042160928,
      0.002173642698302865,
      0.002144206020236015,
      0.0020979436710849403,
      0.0020887666827440264,
      0.002062056370899081,
      0.002015866293311119,
      0.001977495862841606,
      0.001947308462113142,
      0.00193968750692904,
      0.0018912246464192867,
      0.0018808687855303287,
      0.0018644275020062923,
      0.0018413445798307656,
      0.0018063339322060346,
      0.0018001572456210852,
      0.001751886726617813,
      0.001733971601948142,
      0.0017345556934177876,
      0.0017223961459100247,
      0.0016945868556946515,
      0.0016731548866629601,
      0.0016473337599635124,
      0.0016219446222111582,
      0.001620120427981019,
      0.0016028217691183091,
      0.0016056754949688912,
      0.0015646807319670915,
      0.0015490989457070828,
      0.001536678796634078,
      0.0015129171708971262,
      0.0015049834422022105,
      0.001505742161422968,
      0.0014769679409265518,
      0.0014655530765280127,
      0.0014633558574318887,
      0.0014447076344117522,
      0.0014292616209387779,
      0.0014267902541160583,
      0.0014042822328954934,
      0.0013949375973641872,
      0.0013869097075611353,
      0.0013757244127616285,
      0.0013585927037894725,
      0.0013575885439664126,
      0.0013315354001894593,
      0.001324445068091154,
      0.001311780529692769,
      0.0012945031793415546,
      0.0013102064021676778,
      0.0012750712188333273,
      0.001268503963276744,
      0.0012660246452316642,
      0.0012600832888111473,
      0.0012437330901622773,
      0.0012352402249723672,
      0.001226641131490469,
      0.0012238700234144925,
      0.0012016733115166427,
      0.0012051293755695224,
      0.0011926219360530376,
      0.0011979555468261242,
      0.0011758081805706025,
      0.0011733885588124395,
      0.0011573843313008546,
      0.0011645399905368685,
      0.0011474180999398232,
      0.0011336615440249442,
      0.001136214057020843,
      0.0011217252535000444,
      0.0011166834304854273,
      0.0011135624435916543,
      0.0011019577506557107,
      0.0011014573915675283,
      0.0010795032700151206,
      0.0010781320913136004,
      0.0010809947304055096,
      0.0010632288724184036,
      0.001056835681386292,
      0.0010425975417718291,
      0.001046008555367589,
      0.0010428937550634146,
      0.0010351272974908352,
      0.0010241444513201714,
      0.0010200724810361863,
      0.0010230914517492056,
      0.001007130646444857,
      0.0010050243835151196,
      0.0009967117426544429,
      0.0009970449436828494,
      0.00098285827960819,
      0.000980936417579651,
      0.0009704736291617155,
      0.000967102460861206,
      0.0009639408453553915,
      0.0009559508442133665,
      0.0009502442979812622,
      0.0009431557108461857,
      0.0009342736849561334,
      0.0009319435485824943,
      0.0009292452957108617,
      0.0009231648213788868,
      0.0009135988714918494,
      0.000912494857236743,
      0.000907234677001834,
      0.0008956914324685932,
      0.0008972755572944879,
      0.0008900494602695107,
      0.0008908400210365653,
      0.0008766993313282729,
      0.0008804672851413488,
      0.0008718895181640983,
      0.0008668427551910281,
      0.0008627264540269971,
      0.0008609019799157977,
      0.0008455535740032792,
      0.0008431696258112788,
      0.000839083261154592,
      0.0008372305903583766,
      0.00083124373216182,
      0.0008275873268395662,
      0.0008185784014314413,
      0.0008174888584017753,
      0.0008149312660098076,
      0.0008103131707385183,
      0.0008023028714954853,
      0.0008045749284327031,
      0.0007938571799173951,
      0.0007893242578953505,
      0.000783192505016923,
      0.0007823000590503216,
      0.0007757424518838524,
      0.0007772909064218402,
      0.0007673707341402769,
      0.000763785441480577,
      0.0007593716482445598,
      0.0007567441271618009,
      0.0007523684660345316,
      0.0007482894993573428,
      0.0007461715462058783,
      0.0007393490474671125,
      0.0007311141984164715,
      0.0007315764417499304,
      0.0007297855253145098,
      0.0007241528464108706,
      0.00072098538774997,
      0.0007186700422689319,
      0.0007128534475341439,
      0.0007099259486421942,
      0.000705541076362133,
      0.0007012475921958685,
      0.0006973183233290911,
      0.0006974415489286184,
      0.0006893226130865514,
      0.0006866764051094652,
      0.0006818981875479221,
      0.0006804270000755787,
      0.0006735865227133035,
      0.0006710940914228558,
      0.0006673164259269834,
      0.0006645284830033779,
      0.0006610758271440864,
      0.000657317653670907,
      0.0006564215531572699,
      0.0006503230579942465
    ],
    "eval_losses": [
      0.006900585262477398,
      0.0058147833205759525,
      0.005618186376243829,
      0.00537647497355938,
      0.005277335955947637,
      0.004955700399726629,
      0.004946526911109686,
      0.005018837978690863,
      0.004769227456301451,
      0.004721852700412274,
      0.004789047845453024,
      0.0047240945629775525,
      0.0046931972175836565,
      0.004694829380512237,
      0.004639334768056869,
      0.00475792445242405,
      0.0046525119878351685,
      0.00460452900826931,
      0.004627145364135504,
      0.004652349586039782,
      0.0046626449756324295,
      0.004654318752139806,
      0.004732538878917694,
      0.0046419591307640075,
      0.004597891785204411,
      0.004647706770896912,
      0.004572640695422888,
      0.004566029764711856,
      0.004637722496688366,
      0.004600817964226007,
      0.0046670385226607325,
      0.0046124571152031425,
      0.004633377000689507,
      0.004598545613139868,
      0.0046911777049303055,
      0.004663285185396672,
      0.004671421407163143,
      0.004674412860721349,
      0.004665174028277397,
      0.004669800382852554
    ],