{
  "args": {
    "device": "cuda:3",
    "exp_home": "./results",
    "ds_name": "mnist",
    "mode": "generative_classification",
    "noise_std": 0.25,
    "down_scale": 2.0,
    "model_type": "conventional",
    "latent_dim": 784,
    "hidden_dims": [
      1150,
      1150,
      1150,
      1150
    ],
    "wo_Win": false,
    "fix_Win": true,
    "I_Win": false,
    "batch_size": 128,
    "epochs": 200,
    "lr": 0.0005,
    "use_augmentation": true,
    "aug_num": 2,
    "run_id": 1,
    "seed": 42
  },
  "training_logs": {
    "train_losses": [
      0.012506654863357544,
      0.005240597869306802,
      0.004095660050958395,
      0.0035287264174222945,
      0.003078881026431918,
      0.002817836688905954,
      0.002454337817579508,
      0.002262288399748504,
      0.0021106676694750788,
      0.0018918483676016332,
      0.0017544854520261288,
      0.0016749873991310595,
      0.0015014877816289663,
      0.0014334287157654762,
      0.0013912083731777965,
      0.0013383362467586995,
      0.0011610911910608411,
      0.0011739018432796002,
      0.0011041534073837102,
      0.001096549671329558,
      0.0009915321394987405,
      0.001002922505699098,
      0.0009000890818238258,
      0.0008644934037793428,
      0.0008763038536906242,
      0.0008319339770823717,
      0.0007932521150261164,
      0.0007807786627486348,
      0.0008029507899656892,
      0.000664140453087166,
      0.0006449824217800051,
      0.0007892344286292791,
      0.0006943806284107268,
      0.0006385642409510911,
      0.0006090828471444547,
      0.0005946122007910162,
      0.0005913685400690883,
      0.0006133140028174967,
      0.000560505893593654,
      0.00047892862076871095,
      0.0006030136907100677,
      0.0005192461800388992,
      0.0004878498068731278,
      0.0004747360330168158,
      0.0005575271877739579,
      0.0004270526799932122,
      0.0005296892608515918,
      0.00043024986753240226,
      0.00045558893085457386,
      0.00043873082475736735,
      0.0004097153792530298,
      0.0004465629306435585,
      0.00036168377324938776,
      0.0004346876437496394,
      0.0003973562555853277,
      0.00032954924121499063,
      0.00041584807286038994,
      0.0004302621618192643,
      0.00031049043807201087,
      0.0003622162930341437,
      0.00034840846315026285,
      0.00031382833669893446,
      0.0003304689157241955,
      0.0003468883281573653,
      0.00026625960810575637,
      0.0002919167482154444,
      0.00034305312608834355,
      0.00027178389905020597,
      0.00026101261870004234,
      0.0003545994349569082,
      0.00022545641033444553,
      0.00028365532810334116,
      0.00024112248165067285,
      0.00034549864429980515,
      0.00025946471074596045,
      0.00019157464785035698,
      0.0003089588372083381,
      0.00022372886561322958,
      0.0002446984531218186,
      0.000254090972696431,
      0.0002334548391448334,
      0.00021629407946951686,
      0.0002713466716883704,
      0.00019392060341546312,
      0.00025681031856685877,
      0.00019212826223578304,
      0.00021135343692731113,
      0.00018546038380358367,
      0.00018409702240489422,
      0.00025267568471841516,
      0.00013784454100066796,
      0.0002236333418870345,
      0.0002196898071281612,
      0.00017133097492856906,
      0.00014309636719990522,
      0.00025575518472818656,
      0.00014937207337468861,
      0.00014846418938366696,
      0.00018572805066592991,
      0.00014511744719813578,
      0.00016327880453318358,
      0.00013189325894461944,
      0.00012254381820326672,
      0.00019607969044707716,
      0.00012929905550088734,
      0.00016250453087268398,
      0.00014146992628695444,
      0.00016822598785161971,
      0.00012990844304673374,
      0.00010511964762350545,
      0.00014679542826721444,
      0.00010789614388719201,
      0.00013362475579371675,
      0.00010393324740463868,
      0.00011630070869578048,
      0.00011967662950977684,
      0.00010436670442693867,
      0.00010830735553754494,
      0.00011169265994103625,
      0.00010026743698632345,
      0.000138885547965765,
      0.00010720536524662749,
      8.385840994073078e-05,
      8.740200051805004e-05,
      9.746485035633668e-05,
      8.481916291173547e-05,
      8.0388585079927e-05,
      0.00013806921300012619,
      9.10350831109099e-05,
      6.858535872772336e-05,
      8.298240048112348e-05,
      7.712981317890808e-05,
      7.184846214717253e-05,
      8.85236554290168e-05,
      6.753750254050829e-05,
      5.855966231436469e-05,
      6.825037425733171e-05,
      5.9527934450889003e-05,
      6.804751480580307e-05,
      8.632048094528727e-05,
      6.234708656906151e-05,
      5.57067222672049e-05,
      5.8368875547312203e-05,
      5.520700101973489e-05,
      4.8899119638372214e-05,
      5.019101933343336e-05,
      6.400520899565891e-05,
      5.5869360466022045e-05,
      5.135493358713575e-05,
      3.255916174617596e-05,
      3.4145711550954726e-05,
      4.446766712120734e-05,
      5.4080864433199165e-05,
      3.6059138270211404e-05,
      4.6616714007686826e-05,
      1.897240931459237e-05,
      3.680826685507782e-05,
      3.1950998553074893e-05,
      3.331121568160597e-05,
      2.13434196455637e-05,
      2.9552062246948482e-05,
      3.692451314185746e-05,
      2.50542794005014e-05,
      4.7106228789780286e-05,
      1.9963264027610422e-05,
      1.9928988046594895e-05,
      2.5387446861714125e-05,
      1.773401813057717e-05,
      1.8846406962256878e-05,
      1.35940688039409e-05,
      2.7171965632005595e-05,
      1.559977169323247e-05,
      1.542668803711422e-05,
      1.32074813375948e-05,
      1.917385919659864e-05,
      1.4576420356170274e-05,
      1.2680678347242065e-05,
      1.2697015689336695e-05,
      1.3989196944166907e-05,
      1.098150366335176e-05,
      1.166788943548454e-05,
      1.061430580826709e-05,
      1.137032471189741e-05,
      1.2305616152007133e-05,
      1.023356588295428e-05,
      8.662361995957327e-06,
      1.0826253273990005e-05,
      1.1295570218062493e-05,
      8.051715463516302e-06,
      7.916431617049966e-06,
      7.71390940193669e-06,
      7.60111086507095e-06,
      7.553887293324806e-06,
      7.179563511162996e-06,
      7.138231253775302e-06,
      6.9369910999375865e-06,
      6.795247266127262e-06,
      6.493835792352911e-06,
      6.302643211965915e-06,
      5.633872960461303e-06
    ],
    "eval_losses": [
      0.0035548033732920887,
      0.003359742673486471,
      0.002674574491009116,
      0.0026049219451844694,
      0.002674165181070566,
      0.0026471693656407295,
      0.0024037145679816603,
      0.002534137548832223,
      0.002306239869631827,
      0.0021721783336950467,
      0.002216278098337352,
      0.0021632263897219672,
      0.0024628252532333137,
      0.002268084647413343,
      0.002235329174110666,
      0.0023282344653387556,
      0.0020405967399477957,
      0.0020421237195609137,
      0.002084055399894714,
      0.002011599940108135,
      0.0020662972956954034,
      0.002200727080204524,
      0.0019523628702387214,
      0.00198935538585647,
      0.001825376677431632,
      0.001938862448418513,
      0.0019118447518296307,
      0.0018768677575950279,
      0.0019811275295563975,
      0.0018307759728311793,
      0.001905245533643756,
      0.0018607862889315583,
      0.001851425228334847,
      0.0018147040454750821,
      0.0017911277377337684,
      0.0017116615869221278,
      0.001784203986992361,
      0.0017353019880945793,
      0.001700611378258327,
      0.0016843598284991459
    ],