{
  "args": {
    "device": "cuda:8",
    "exp_home": "./results",
    "ds_name": "mnist",
    "mode": "generative_classification",
    "noise_std": 0.25,
    "down_scale": 2.0,
    "model_type": "conventional",
    "latent_dim": 784,
    "hidden_dims": [
      1150,
      1150,
      1150,
      1150,
      1150,
      1150,
      1150,
      1150,
      1150,
      1150
    ],
    "wo_Win": false,
    "fix_Win": false,
    "I_Win": false,
    "batch_size": 128,
    "epochs": 100,
    "lr": 0.0001,
    "use_augmentation": true,
    "aug_num": 4,
    "run_id": 1,
    "seed": 42
  },
  "training_logs": {
    "train_losses": [
      0.01092191269904375,
      0.005073738227859139,
      0.004035534209292382,
      0.003423058878220618,
      0.0030181280929036437,
      0.0026593245008215308,
      0.0024349499497003852,
      0.002223286736374721,
      0.002013372590523213,
      0.001833969537205994,
      0.001726278814934194,
      0.0015938140683807432,
      0.0014693216669373213,
      0.0014010005503240972,
      0.0013094587974017487,
      0.001229732305239886,
      0.0011576521625788882,
      0.0010918724696943537,
      0.0010655061489809304,
      0.0009609676075866446,
      0.0009490965018840507,
      0.0008721376699255779,
      0.0008847376106400043,
      0.0007905091639747843,
      0.0007683383045205847,
      0.0007281313999509439,
      0.0006870267331390642,
      0.0006385792764509097,
      0.0006160295707662589,
      0.0006188887302391231,
      0.0005519943124311977,
      0.0005456369206844829,
      0.0005206175569049083,
      0.0005013810000685044,
      0.000485083620978985,
      0.00045660746737383304,
      0.0004580395436566323,
      0.00043092211205279454,
      0.0004036966464295983,
      0.0003937174933985807,
      0.00035762586794095113,
      0.00035785668404772876,
      0.00036892011071555317,
      0.0003211982091201935,
      0.00034728579981136137,
      0.0003083193209674209,
      0.0003035139087762218,
      0.00028897832216811365,
      0.0002561283283599187,
      0.0002707998313219287,
      0.00024884096904774196,
      0.00024304250923218207,
      0.0002445073710742872,
      0.00022432576696446632,
      0.00021186894192593171,
      0.00019666945312987082,
      0.00021479185853910167,
      0.000180353805499617,
      0.00017174400593037716,
      0.00017174494567734656,
      0.00018311552409781143,
      0.0001602656981378095,
      0.00014255923910823186,
      0.00015661050586611964,
      0.00014533308818470686,
      0.00013389900763402694,
      0.0001262212714337511,
      0.00011552921195630915,
      0.00011621630227251445,
      0.00010651932621432934,
      9.773521622584667e-05,
      9.647832129441667e-05,
      8.661179649818223e-05,
      7.697240159963257e-05,
      8.152171480702236e-05,
      8.13413217876223e-05,
      7.274305820814333e-05,
      5.8273152110050436e-05,
      7.281176034011878e-05,
      5.5178401231823956e-05,
      5.4515293955337254e-05,
      4.9860371557006144e-05,
      4.632793510332704e-05,
      4.3558725599432364e-05,
      3.969853073824197e-05,
      4.056901137373643e-05,
      3.663210406099097e-05,
      2.7450807468849234e-05,
      2.6307297381572425e-05,
      2.6160714699071833e-05,
      2.109450467483839e-05,
      2.0715742428583327e-05,
      1.7764673531783045e-05,
      1.7180932148476132e-05,
      1.3484036447916879e-05,
      1.2141307551792125e-05,
      1.0578942940483102e-05,
      1.0555779987043933e-05,
      9.550343909795629e-06,
      8.293488715280545e-06
    ],
    "eval_losses": [
      0.0032308304258622227,
      0.003009368988359347,
      0.002885097523080185,
      0.002206592208519578,
      0.002464046095695812,
      0.002285938178130891,
      0.0022225048581080045,
      0.002309615428955294,
      0.0021283171066461366,
      0.002264890324760927,
      0.0022126078878645784,
      0.0025360226576463902,
      0.0018063174564420478,
      0.0020722420567559313,
      0.002016890327953297,
      0.002061301175602421,
      0.002149406790282228,
      0.0020151695969565482,
      0.0018009262325951567,
      0.0017330326453822635
    ],
    "psnr": [
      25.296460229492187,
      25.793594036865233,
      26.18541978149414,
      27.621091427612306,
      27.368864318847656,
      27.519288244628907,
      27.56267940673828,
      27.541474212646484,
      27.871098992919922,
      27.579753997802733,
      27.572085290527344,
      27.132608764648438,
      29.147512115478516,
      28.463395977783204,
      29.225586083984375,
      28.55344154663086,
      28.274768420410155,
      29.68221885986328,
      30.229122399902344,
      30.437493395996093
    ],
    "ssim": [
      0.9693072341918946,
      0.9743523405075073,
      0.9776674333572388,
      0.9827972545623779,
      0.9820730598449707,
      0.9832193359375,
      0.9838220914840698,
      0.9845015587806701,
      0.9845282127380371,
      0.9850119245529175,
      0.9858871124267579,
      0.9845284989356995,
      0.9883512318611145,
      0.9871178171157837,
      0.9874053623199462,
      0.9877607499122619,
      0.9872481748580932,
      0.9885171836853027,
      0.9895970536231995,
      0.9901968057632446
    ],
    "best_epoch": 100,
    "best_step": null,
    "best_eval_loss": 0.0017330326453822635
  },
  "test_results": {
    "test_loss": 0.001992876775024706,
    "test_psnr": 34.390629693603515,
    "test_ssim": 0.9887955265045166
  }
}