{
  "args": {
    "device": "cuda:7",
    "exp_home": "./results",
    "ds_name": "mnist",
    "mode": "denoising",
    "noise_std": 0.25,
    "down_scale": 2.0,
    "model_type": "conventional",
    "latent_dim": 784,
    "hidden_dims": [
      785
    ],
    "wo_Win": false,
    "fix_Win": false,
    "I_Win": false,
    "wo_Wout": false,
    "batch_size": 128,
    "epochs": 30,
    "lr": 0.0005,
    "use_augmentation": false,
    "aug_num": 2,
    "run_id": 3,
    "seed": 42
  },
  "training_logs": {
    "train_losses": [
      0.02145341815084219,
      0.007703705350160598,
      0.006417575390934944,
      0.005868233446627855,
      0.005527821054011583,
      0.005332330179363489,
      0.005151638386100531,
      0.005019492893815041,
      0.004895895181000233,
      0.0048191369296610356,
      0.004719033615589142,
      0.0046426693561673164,
      0.004559432539641857,
      0.004503285288363695,
      0.004438218617588282,
      0.004395341778099537,
      0.004334756128937006,
      0.0042926647804677484,
      0.004239849023967982,
      0.004198220179975033,
      0.004154195340126753,
      0.004118559370189906,
      0.0040758076912164685,
      0.004055715180188418,
      0.004015588189810514,
      0.003983578979372978,
      0.0039497115066647525,
      0.003923166935145855,
      0.0038926332426071166,
      0.0038702296189963817
    ],
    "eval_losses": [
      0.005298251248151064,
      0.004790784743428231,
      0.004416579470038414,
      0.004206791476160288,
      0.004075190687179565,
      0.0039553658224642275
    ],
    "psnr": [
      22.76119566040039,
      23.198140753173828,
      23.551471563720703,
      23.762736712646486,
      23.9007391998291,
      24.030367510986327
    ],
    "ssim": [
      0.8853114971160889,
      0.9000570050239562,
      0.9109588787078857,
      0.9186076108932495,
      0.9245103734970093,
      0.9261083292007446
    ],
    "best_epoch": 30,
    "best_step": null,
    "best_eval_loss": 0.0039553658224642275
  },
  "test_results": {
    "test_loss": 0.003911751219630242,
    "test_psnr": 24.085640393066406,
    "test_ssim": 0.92813519449234
  }
}