{
  "args": {
    "device": "cuda:9",
    "exp_home": "./results",
    "ds_name": "mnist",
    "mode": "generative_classification",
    "noise_std": 0.25,
    "down_scale": 2.0,
    "model_type": "conventional",
    "latent_dim": 784,
    "hidden_dims": [
      1150,
      1150,
      1150,
      1150,
      1150,
      1150
    ],
    "wo_Win": true,
    "fix_Win": false,
    "I_Win": false,
    "batch_size": 128,
    "epochs": 200,
    "lr": 0.0001,
    "use_augmentation": true,
    "aug_num": 4,
    "run_id": 4,
    "seed": 42
  },
  "training_logs": {
    "train_losses": [
      0.012264461844563484,
      0.005054257698729634,
      0.0038821147764287888,
      0.0032819833078980448,
      0.002765684591317549,
      0.0025414965536352248,
      0.00220305943461135,
      0.0020518450713902714,
      0.0018608573943004012,
      0.001711318730553612,
      0.0015567191362939774,
      0.0014845720353350044,
      0.0013434758860617875,
      0.0012687847729306668,
      0.0012412820200435818,
      0.0011415087223099545,
      0.001061629407419823,
      0.0009927935446752236,
      0.0009321185789071024,
      0.0008955667378380894,
      0.0008779039468616247,
      0.0008233128454210236,
      0.0007803312184195965,
      0.0007501031797612086,
      0.0007477348576392978,
      0.0006735563679831102,
      0.0006786895704315976,
      0.0006318487402214669,
      0.0005965066908719018,
      0.0006253693870152347,
      0.0005870669877831824,
      0.0005369930244958959,
      0.0005264404762163758,
      0.00047218650876777247,
      0.0004954887208901346,
      0.0004807223336561583,
      0.0004396076659974642,
      0.0004768172111734748,
      0.00044003477638820184,
      0.0004005661230743863,
      0.00043418132943101226,
      0.0003822592262784019,
      0.00035669329716009085,
      0.0003809135471680202,
      0.0003506249969068449,
      0.00038467464169836604,
      0.00035929445088841023,
      0.00032271858981694094,
      0.00033726837989175694,
      0.00030810470820870253,
      0.0002933991466392763,
      0.0003161756854574196,
      0.0002940937693708111,
      0.00028853074668208135,
      0.00027209998844307846,
      0.00029684213971253485,
      0.0002841909997642506,
      0.0002605902860488277,
      0.00027226430808426815,
      0.0002644363082596101,
      0.00022252465855679475,
      0.0002653486997797154,
      0.0002521954239951447,
      0.00022394315800629557,
      0.00021378339985967613,
      0.0002262801911542192,
      0.0002408438129001297,
      0.00019139213483897037,
      0.00019938947064743843,
      0.0002136153719230788,
      0.00018099937695194968,
      0.00020252501289942302,
      0.00018631443973456043,
      0.0001769013446738245,
      0.00018173495403083506,
      0.00018036966060462875,
      0.00016955838973808568,
      0.00017259984127420466,
      0.00015922491301957053,
      0.00014011200643959456,
      0.00018894498319772538,
      0.0001606440621422371,
      0.00016119405324745457,
      0.00014468557681539097,
      0.0001360025693051284,
      0.00014611264234757983,
      0.00013801978383387904,
      0.00012874597609217745,
      0.00013720662860083394,
      0.00012568363237776793,
      0.00012347302316629793,
      0.00012266627143952063,
      0.0001283013380871853,
      0.00011265459777554497,
      0.00012122862199321389,
      0.00010443829017167445,
      0.00010810656369314529,
      0.00011377699877717532,
      9.817745244130493e-05,
      0.00010377455787966027,
      8.917769561870954e-05,
      0.00010230949998658616,
      0.00010166467815928626,
      9.524300453951583e-05,
      8.276670035382267e-05,
      9.21464878693223e-05,
      9.713030114187859e-05,
      8.815412773023127e-05,
      8.840491924784146e-05,
      7.69640144603909e-05,
      8.605039558606222e-05,
      7.011136110755615e-05,
      7.186068415030605e-05,
      8.181692574493354e-05,
      6.46270790079143e-05,
      6.359237596654565e-05,
      8.107837651390583e-05,
      5.863890190783423e-05,
      5.921569344733143e-05,
      7.926882879284676e-05,
      6.358049952599686e-05,
      5.851069432043005e-05,
      5.780722748779226e-05,
      6.061130778369261e-05,
      4.786448726837989e-05,
      6.216228090139339e-05,
      5.099410981871188e-05,
      6.524877194053261e-05,
      4.7346242334169804e-05,
      4.614997455006233e-05,
      4.515770903788507e-05,
      5.5763129714177924e-05,
      3.9942315952212084e-05,
      4.707375893427525e-05,
      4.025409833338927e-05,
      4.149403317482211e-05,
      4.189004315936472e-05,
      4.2730105214432116e-05,
      4.282410009094747e-05,
      4.0022039952455085e-05,
      3.495489247783553e-05,
      4.259927184873959e-05,
      3.531031398000778e-05,
      3.581450540295918e-05,
      2.914327813734417e-05,
      3.114685945882229e-05,
      3.313340401597088e-05,
      3.309914297613432e-05,
      2.676306854977156e-05,
      2.460328891131212e-05,
      2.5498455548658968e-05,
      2.2147940020804526e-05,
      2.250816555824713e-05,
      2.465542593257851e-05,
      1.9229459427151597e-05,
      2.2620699786784824e-05,
      1.4378753436612897e-05,
      2.345251642225776e-05,
      1.924772027428844e-05,
      1.268746721019852e-05,
      1.8919711217604344e-05,
      1.3092011081753299e-05,
      1.2665019705455051e-05,
      1.7718441535398598e-05,
      1.4773268975113752e-05,
      1.4692656367988092e-05,
      1.4663780633709394e-05,
      1.1637310510850512e-05,
      9.823368429642869e-06,
      1.1979996174486586e-05,
      1.2062640615040436e-05,
      1.1426886804474635e-05,
      1.1820564299705439e-05,
      1.0031752179711475e-05,
      8.313659295454271e-06,
      8.478514924281625e-06,
      9.248129013358267e-06,
      1.0105424545472488e-05,
      5.786573035948095e-06,
      5.752799849869916e-06,
      6.889144769811537e-06,
      7.3708578238438346e-06,
      6.229331469658064e-06,
      5.588789596949937e-06,
      5.632464515147148e-06,
      4.01346180413384e-06,
      3.89925245399354e-06,
      5.545726287891739e-06,
      3.3050471443857532e-06,
      5.013416908914223e-06,
      3.605545125246863e-06,
      3.6343671868235105e-06,
      3.6130675479216734e-06,
      3.755424161645351e-06,
      3.175510706860223e-06,
      3.289442882523872e-06,
      3.7865775082536855e-06,
      2.297963410819648e-06,
      2.841989304724848e-06,
      3.6648250201687914e-06
    ],
    "eval_losses": [
      0.004783046902460046,
      0.0037908253264846282,
      0.004093230075389147,
      0.0037999664421076887,
      0.0034704564870742614,
      0.0035732226360938512,
      0.003567347919382155,
      0.003960339101217687,
      0.0032745177590288222,
      0.003605434788670391,
      0.0033637691894429734,
      0.003568015997024486,
      0.003491799497243483,
      0.003339380666613579,
      0.003189780201157555,
      0.003330786534026265,
      0.0032950739628635345,
      0.0032216492830746575,
      0.003184650912731013,
      0.0032690718831378035,
      0.0032014314052532427,
      0.003373174353083596,
      0.0029303799411893126,
      0.0031818253658449976,
      0.0030906622257083653,
      0.0030743588521072525,
      0.0030062883364327716,
      0.003279203952565149,
      0.002938310009957422,
      0.0029428373409646157,
      0.003200672486727126,
      0.0030307756386369874,
      0.002855199946630455,
      0.002921613594809605,
      0.0029316257992784813,
      0.002883389224223356,
      0.003081120255745918,
      0.0026470502147698427,
      0.0026917815004359,
      0.0030289469783983804
    ],