{
  "args": {
    "device": "cuda:6",
    "exp_home": "./results",
    "ds_name": "mnist",
    "mode": "denoising",
    "noise_std": 0.25,
    "down_scale": 2.0,
    "model_type": "conventional",
    "latent_dim": 784,
    "hidden_dims": [
      785
    ],
    "wo_Win": false,
    "fix_Win": false,
    "I_Win": false,
    "wo_Wout": false,
    "batch_size": 128,
    "epochs": 30,
    "lr": 0.0001,
    "use_augmentation": false,
    "aug_num": 2,
    "run_id": 4,
    "seed": 42
  },
  "training_logs": {
    "train_losses": [
      0.03970851945698261,
      0.01416854381889105,
      0.010232182600200175,
      0.008569835864007473,
      0.0076353871670365335,
      0.007008472042679787,
      0.006602563436627388,
      0.006279242212325334,
      0.006045818162709475,
      0.005861894695013761,
      0.0056995697484910485,
      0.0055693183955550195,
      0.005462299043685198,
      0.00537444271877408,
      0.005281837481707335,
      0.0052110756938159464,
      0.005156575430035591,
      0.005101484058946371,
      0.00505115945622325,
      0.004997963520288467,
      0.004970185963511467,
      0.0049327149955928325,
      0.004903197308182716,
      0.004882912657260895,
      0.004855811915546656,
      0.0048306323204934595,
      0.004812072549462318,
      0.004787192219793797,
      0.004783687352389097,
      0.004767752471268177
    ],
    "eval_losses": [
      0.00706261690557003,
      0.005598115853965282,
      0.005100950738787651,
      0.004891085711121559,
      0.0047677734375,
      0.004704097743332386
    ],
    "psnr": [
      21.51364588317871,
      22.522597372436522,
      22.92619097595215,
      23.108536056518556,
      23.219290631103515,
      23.27780601196289
    ],
    "ssim": [
      0.8561535233497619,
      0.8831477210998535,
      0.8924669560432434,
      0.9014453821182251,
      0.9029368515968322,
      0.9043278409004212
    ],
    "best_epoch": 30,
    "best_step": null,
    "best_eval_loss": 0.004704097743332386
  },
  "test_results": {
    "test_loss": 0.004638647805899382,
    "test_psnr": 23.3495649810791,
    "test_ssim": 0.9070200396537781
  }
}