{
  "args": {
    "device": "cuda:5",
    "exp_home": "./results",
    "ds_name": "mnist",
    "mode": "denoising",
    "noise_std": 0.25,
    "down_scale": 2.0,
    "model_type": "conventional",
    "latent_dim": 784,
    "hidden_dims": [
      1150,
      1150,
      1150,
      1150,
      1150,
      1150,
      1150,
      1150,
      1150,
      1150,
      1150,
      1150,
      1150,
      1150,
      1150,
      1150,
      1150,
      1150,
      1150,
      1150,
      1150,
      1150,
      1150,
      1150,
      1150
    ],
    "wo_Win": false,
    "fix_Win": true,
    "I_Win": false,
    "batch_size": 128,
    "epochs": 100,
    "lr": 1e-05,
    "use_augmentation": true,
    "aug_num": 4,
    "run_id": 1,
    "seed": 42
  },
  "training_logs": {
    "train_losses": [
      0.028362747981250287,
      0.01188207047700882,
      0.009586970611214638,
      0.008448120515346528,
      0.007766189258992672,
      0.007305173536241055,
      0.006962325541824102,
      0.0067024648471176625,
      0.006492300501465797,
      0.006298813489079475,
      0.006156313237696886,
      0.006026274207234382,
      0.005914995194524527,
      0.0058124196760356425,
      0.00572936249986291,
      0.0056452070873975755,
      0.005574680470824242,
      0.005514525594264269,
      0.005453544814288616,
      0.005394746564924717,
      0.005340058505684138,
      0.005291684153825044,
      0.005249331507235766,
      0.005209933759570122,
      0.0051680611135065556,
      0.0051289728885889055,
      0.005096079577952623,
      0.005065313347280025,
      0.005035640119314194,
      0.00500067960858345,
      0.004978185560405255,
      0.004949620366096497,
      0.004915730376392603,
      0.004896642953902483,
      0.0048697831012308596,
      0.004851023443043232,
      0.00483260977551341,
      0.004808604772090912,
      0.0047876007245481016,
      0.004767698917984962,
      0.004756188095062971,
      0.0047332873837649826,
      0.004713624809235335,
      0.004700659862756729,
      0.004683543279021978,
      0.004670120419859886,
      0.004653770555108786,
      0.00464057301402092,
      0.004622376466840506,
      0.004615586394071579,
      0.004597340280413627,
      0.004590004882365465,
      0.004573766990751028,
      0.0045681091342866425,
      0.004548395988941193,
      0.004536407905519009,
      0.004530455478727818,
      0.004520036356449127,
      0.004504836639612913,
      0.0044983250203728675,
      0.00448787943020463,
      0.00447901616320014,
      0.004470375908613205,
      0.004458314901292324,
      0.004453344240784645,
      0.004446675922870636,
      0.004441094749718905,
      0.004430488526374101,
      0.00441819429770112,
      0.0044138552621006966,
      0.004407961246371269,
      0.004399728995412588,
      0.004394867516011,
      0.0043897217066586015,
      0.004380539113283157,
      0.004375607697665691,
      0.004367343093305826,
      0.004362858189344406,
      0.004353577078431844,
      0.004351731057614088,
      0.004351159293353558,
      0.004343237487226725,
      0.004336327640861273,
      0.004330255056321621,
      0.004327031893283129,
      0.004322674339562654,
      0.004323214419186115,
      0.004314551338106394,
      0.004313189210742712,
      0.004310836370885372,
      0.004304264111965894,
      0.004301754126250744,
      0.0042975084400177005,
      0.004294802355468273,
      0.0042957162617146966,
      0.004292103950828314,
      0.004290232636779546,
      0.00428772390961647,
      0.0042816073317825795,
      0.0042825650797784325
    ],
    "eval_losses": [
      0.0071057717062532905,
      0.005917423509061336,
      0.005432958506047725,
      0.00518353535309434,
      0.005013237537443638,
      0.004867441459000111,
      0.004757133918255567,
      0.004691913918405771,
      0.004615761223435402,
      0.0045671911545097825,
      0.0045325627356767656,
      0.004478710348159075,
      0.004453368104994297,
      0.004410463382303715,
      0.004404457596689462,
      0.00438007740303874,
      0.004365758746862411,
      0.004362063850462437,
      0.004346499891579151,
      0.004318305259943009
    ],
    "psnr": [
      21.48694605102539,
      22.281228063964843,
      22.6522805267334,
      22.856222317504884,
      23.001769863891603,
      23.129017877197267,
      23.228712106323243,
      23.288951498413088,
      23.360096594238282,
      23.406300003051758,
      23.439103283691406,
      23.49046433105469,
      23.5157677734375,
      23.55742219848633,
      23.563446197509766,
      23.588094827270506,
      23.60193087463379,
      23.605423934936525,
      23.62095173339844,
      23.6491268737793
    ],
    "ssim": [
      0.8850371463775635,
      0.9089521854400635,
      0.9175856936454773,
      0.9235887266159057,
      0.9249413554191589,
      0.9291400373458862,
      0.9311621971130372,
      0.9335254482269287,
      0.9349069226264953,
      0.9368101480484009,
      0.9372205776214599,
      0.9383095310211181,
      0.9385986037254334,
      0.9401151468276977,
      0.9409853734016419,
      0.9419666767120362,
      0.9417198648452759,
      0.9415995782852172,
      0.942596505355835,
      0.9417476406097413
    ],
    "best_epoch": 100,
    "best_step": null,
    "best_eval_loss": 0.004318305259943009
  },
  "test_results": {
    "test_loss": 0.004308032634109259,
    "test_psnr": 23.66738836364746,
    "test_ssim": 0.9426055694580078
  }
}