{
  "args": {
    "device": "cuda:1",
    "exp_home": "./results",
    "ds_name": "mnist",
    "mode": "denoising",
    "noise_std": 0.25,
    "down_scale": 2.0,
    "model_type": "conventional",
    "latent_dim": 784,
    "hidden_dims": [
      1150
    ],
    "wo_Win": true,
    "fix_Win": false,
    "I_Win": false,
    "batch_size": 128,
    "epochs": 100,
    "lr": 0.0005,
    "use_augmentation": true,
    "aug_num": 4,
    "run_id": 2,
    "seed": 42
  },
  "training_logs": {
    "train_losses": [
      0.011570927695780992,
      0.00584540287271142,
      0.0055046575649082665,
      0.005311394314169883,
      0.005187128354907036,
      0.00508692165568471,
      0.005011153133809567,
      0.00494284171462059,
      0.004869569384902715,
      0.004823628831058741,
      0.00477977294832468,
      0.004736685847640037,
      0.004697289310544729,
      0.004656672271937132,
      0.004631970222145319,
      0.004605876436829567,
      0.004577376642227173,
      0.004553398008644581,
      0.004528046624213457,
      0.0045039796981215475,
      0.004488649785071612,
      0.004464405429810286,
      0.004450114634484053,
      0.004431510502994061,
      0.004422573454380035,
      0.004394739544391632,
      0.004386776185035706,
      0.0043729414129257205,
      0.004354318503588438,
      0.0043385153536498544,
      0.0043291818563640115,
      0.004321009486615658,
      0.0043080435709655284,
      0.004289815557152033,
      0.004284814375936985,
      0.004268577404916286,
      0.004257168664783239,
      0.004244124217480421,
      0.004240111765116453,
      0.004225837456434965,
      0.0042122403322160246,
      0.004205063688457012,
      0.0042016320064663885,
      0.004183225034475327,
      0.0041708189581334595,
      0.004163479395210743,
      0.004156555985212326,
      0.004149198269546032,
      0.0041375138774514195,
      0.004132284428179264,
      0.004118177936375141,
      0.004109985248297453,
      0.004102974049150943,
      0.004092743515670299,
      0.0040864076526463036,
      0.00406763210773468,
      0.004064870781451463,
      0.004055295400470495,
      0.004046396133452654,
      0.004041084280908108,
      0.004026638905704021,
      0.004024097773581743,
      0.004013837359547615,
      0.00400806087449193,
      0.003996178162097931,
      0.003987400563806295,
      0.003974351595938206,
      0.003973195447921753,
      0.003963325152695179,
      0.003950539123266935,
      0.00394679373010993,
      0.003945694827288389,
      0.003929293828308583,
      0.003920960144400597,
      0.0039129306172579524,
      0.0039011574134230616,
      0.003893696022629738,
      0.0038895578074455263,
      0.0038788276720046998,
      0.003873756639957428,
      0.003863518504202366,
      0.0038540525875985624,
      0.003846106983423233,
      0.0038443308474123477,
      0.003835583696514368,
      0.0038217832562327386,
      0.003812741393893957,
      0.0038103822921216487,
      0.0038006974582374094,
      0.0037916945607960224,
      0.0037852271105349063,
      0.003778320490643382,
      0.0037702541811019184,
      0.0037630163154006003,
      0.003754120324701071,
      0.003750342670828104,
      0.00374235396258533,
      0.0037357157772779466,
      0.003728685040101409,
      0.003724058784991503
    ],
    "eval_losses": [
      0.004823059706389904,
      0.004532539119571448,
      0.004373127425462008,
      0.004279565320163966,
      0.004192404206097126,
      0.004136165793985128,
      0.004068132162094116,
      0.004048930864036083,
      0.0039819072052836415,
      0.003945436666160822,
      0.003915939799696207,
      0.0038693673141300677,
      0.0038425493411719798,
      0.0037968412928283215,
      0.0037683183260262014,
      0.0037353072103112938,
      0.0036969983719289303,
      0.0036631148673594,
      0.003660383491590619,
      0.0036192346848547456
    ],
    "psnr": [
      23.168191430664063,
      23.438641693115233,
      23.593745104980467,
      23.687806259155273,
      23.7772498046875,
      23.836338473510743,
      23.90796862487793,
      23.928312890625,
      24.00088979797363,
      24.040872802734373,
      24.073317431640625,
      24.125314169311523,
      24.155648849487303,
      24.207575357055664,
      24.24035473022461,
      24.278104425048827,
      24.323122048950196,
      24.363256158447264,
      24.366412442016603,
      24.415485653686524
    ],
    "ssim": [
      0.9120559301376343,
      0.9221852443695069,
      0.9314710128784179,
      0.9291511642456055,
      0.9368299555778503,
      0.936437023639679,
      0.9358662172317505,
      0.9382268259048462,
      0.9404931907653808,
      0.9419658509254456,
      0.9421586423873901,
      0.9425301186561584,
      0.9453112504959107,
      0.9452319624900818,
      0.9467236760139466,
      0.9473158567428589,
      0.9477251831054687,
      0.9485936120986939,
      0.9487716304779052,
      0.9503825902938843
    ],
    "best_epoch": 100,
    "best_step": null,
    "best_eval_loss": 0.0036192346848547456
  },
  "test_results": {
    "test_loss": 0.003608679612353444,
    "test_psnr": 24.43295766906738,
    "test_ssim": 0.9513556943893433
  }
}