{
  "args": {
    "device": "cuda:8",
    "exp_home": "./results",
    "ds_name": "mnist",
    "mode": "generative_classification",
    "noise_std": 0.25,
    "down_scale": 2.0,
    "model_type": "conventional",
    "latent_dim": 784,
    "hidden_dims": [
      1150,
      1150,
      1150,
      1150,
      1150,
      1150,
      1150,
      1150,
      1150,
      1150
    ],
    "wo_Win": false,
    "fix_Win": false,
    "I_Win": false,
    "batch_size": 128,
    "epochs": 100,
    "lr": 5e-05,
    "use_augmentation": true,
    "aug_num": 4,
    "run_id": 5,
    "seed": 42
  },
  "training_logs": {
    "train_losses": [
      0.012178054552003742,
      0.004753022593557835,
      0.00363874971749261,
      0.003046406820304692,
      0.0026166099696978925,
      0.002246313510527834,
      0.0020367056214623154,
      0.0018721461780741811,
      0.001718370032152161,
      0.0015643995110644028,
      0.0014737520281458273,
      0.0013395208623679354,
      0.001220598452752456,
      0.0012139181262347848,
      0.0010787147633545102,
      0.0010746007103193552,
      0.0009778632515994833,
      0.000912935474421829,
      0.0008599057510215789,
      0.0008330758538143709,
      0.0007823876161919907,
      0.000732429876839742,
      0.0007086898421379738,
      0.0006886398013471626,
      0.0006592355883889831,
      0.0006251058131875471,
      0.0005670757473702542,
      0.000555043071322143,
      0.0005613488344615326,
      0.0005047494625754189,
      0.0005207243686029688,
      0.0004730879620811902,
      0.000458181846535299,
      0.00045059047035407275,
      0.00041660970135824754,
      0.0004040163520211354,
      0.00037942210336448627,
      0.00038131926599657164,
      0.0003739733677916229,
      0.00033614646561909466,
      0.00034782610659254715,
      0.00032726918400032446,
      0.00031690419646562075,
      0.00029704879096825607,
      0.0002842786073370371,
      0.0002776061264413875,
      0.0002757449656736571,
      0.0002618970030045602,
      0.00025440563763608226,
      0.00023265507628791965,
      0.00021372545552323573,
      0.00023047852746676652,
      0.00020760609893593937,
      0.00021483002811379265,
      0.00020156972812488674,
      0.00019848071587155573,
      0.0001949739425315056,
      0.00018598297519609332,
      0.00016621454059146344,
      0.0001534851194662042,
      0.00016871854196477215,
      0.0001418471717298962,
      0.00016238517554593271,
      0.00013543571842776145,
      0.00012717469893104862,
      0.00012029731640242972,
      0.00012013525950722397,
      0.00013693144666671286,
      0.00011490210660442244,
      0.0001071776740992209,
      9.879461117147002e-05,
      0.00010854067390842829,
      9.235165253223385e-05,
      8.300072532205377e-05,
      8.036789275007322e-05,
      9.07963939954061e-05,
      6.943284442531877e-05,
      8.138443962612655e-05,
      6.447870450501796e-05,
      6.2971642233897e-05,
      5.599988867121283e-05,
      5.507473726989701e-05,
      4.797727732249769e-05,
      4.8091885517933405e-05,
      4.565957671147771e-05,
      4.380416197760496e-05,
      3.9015214473765806e-05,
      3.695309030415956e-05,
      3.242966266174335e-05,
      3.264843010052573e-05,
      3.0244890466274228e-05,
      2.9350078773277345e-05,
      2.820005392190069e-05,
      2.44459201808786e-05,
      2.4948932920524384e-05,
      2.2959230637934523e-05,
      2.1813604191411287e-05,
      2.0259692138643003e-05,
      2.1100641638913657e-05,
      2.041600125783589e-05
    ],
    "eval_losses": [
      0.0037346080839633943,
      0.0028293235048651695,
      0.0029664420726825485,
      0.0027802301655523477,
      0.0026675937470048666,
      0.0023251644033938645,
      0.002733165876579005,
      0.0024305004366207868,
      0.0022953326648683285,
      0.002591417117213132,
      0.0023988399101333925,
      0.002106947379579651,
      0.0020881808032514526,
      0.0022313347428891575,
      0.0023244281239414703,
      0.0019207167670116177,
      0.0022104674497139057,
      0.0018468488562844868,
      0.0018794093043870816,
      0.0017493366602255264
    ],
    "psnr": [
      24.628695553588866,
      26.174240518188476,
      26.126313629150392,
      26.162483782958983,
      26.84297696533203,
      27.38994649963379,
      26.381140698242188,
      27.329920721435546,
      27.676363073730467,
      27.323549859619142,
      27.327306713867188,
      28.689673693847656,
      28.158043609619142,
      28.784838134765625,
      27.875807458496094,
      28.902719665527343,
      28.561615740966797,
      29.475009197998048,
      29.390062078857422,
      30.07437283935547
    ],
    "ssim": [
      0.9668893207550049,
      0.9775160892486572,
      0.9763378759384155,
      0.9796248393058777,
      0.9809563823699952,
      0.98352199344635,
      0.9812354496002197,
      0.9841186773300171,
      0.9846652069091797,
      0.9836841276168823,
      0.9847402324676514,
      0.9866466335296631,
      0.9868973676681518,
      0.9865434209823608,
      0.9857248422622681,
      0.9884223489761352,
      0.9870124811172485,
      0.9892413042068482,
      0.9889104587554932,
      0.9896222085952758
    ],
    "best_epoch": 100,
    "best_step": null,
    "best_eval_loss": 0.0017493366602255264
  },
  "test_results": {
    "test_loss": 0.002153884143634787,
    "test_psnr": 31.778183020019533,
    "test_ssim": 0.9875639758110046
  }
}