{
  "args": {
    "device": "cuda:4",
    "exp_home": "./results",
    "ds_name": "mnist",
    "mode": "denoising",
    "noise_std": 0.25,
    "down_scale": 2.0,
    "model_type": "conventional",
    "latent_dim": 784,
    "hidden_dims": [
      1150,
      1150,
      1150,
      1150
    ],
    "wo_Win": true,
    "fix_Win": false,
    "I_Win": false,
    "batch_size": 128,
    "epochs": 200,
    "lr": 0.005,
    "use_augmentation": true,
    "aug_num": 2,
    "run_id": 1,
    "seed": 42
  },
  "training_logs": {
    "train_losses": [
      0.1157140400838852,
      0.11528271764039993,
      0.11528271748781205,
      0.11528271743535995,
      0.11528271763086319,
      0.11528271756649017,
      0.11528271757125855,
      0.11528271742343903,
      0.11544910172224045,
      0.11709592785358429,
      0.1170959153699875,
      0.11709592780828476,
      0.11709591513872146,
      0.11709594084739686,
      0.11709591540575028,
      0.11709591519117356,
      0.11709591529369354,
      0.11709591518878937,
      0.11709591496944427,
      0.11709591541051864,
      0.11709591515541076,
      0.11709591546058655,
      0.11709591531276703,
      0.11709591518640518,
      0.117095915184021,
      0.11709591495513916,
      0.11709591519355773,
      0.11709591514348984,
      0.11709591531991959,
      0.11709591532945633,
      0.11709591503381729,
      0.11709591519355773,
      0.11709591526031495,
      0.11709591549634933,
      0.1170959151315689,
      0.11709591546297074,
      0.1170959150314331,
      0.11709591495752335,
      0.11709591527462006,
      0.11709591499805451,
      0.11709591540813447,
      0.11709591508865357,
      0.11709591514110565,
      0.11709591517925262,
      0.11709591527462006,
      0.11709591510295868,
      0.11709591552019119,
      0.11859058614730834,
      0.12230600516319275,
      0.12230600497245789,
      0.12230600491762161,
      0.12230600497722625,
      0.12230600492954254,
      0.12230600478172302,
      0.12230600499868392,
      0.12230600526571274,
      0.12230600480079651,
      0.12230600496053695,
      0.1223060049200058,
      0.1223060052895546,
      0.12230600534677505,
      0.1223060047674179,
      0.12230600491046906,
      0.1223417328119278,
      0.1226865222644806,
      0.12268652180433273,
      0.12316560425043106,
      0.12330301747083663,
      0.12330301724672317,
      0.1233030172920227,
      0.12330301750183105,
      0.12330301737546921,
      0.12330301729679108,
      0.12330301717758178,
      0.12330301728725433,
      0.12330301729679108,
      0.12330301733493805,
      0.1375824695587158,
      0.14016877641677855,
      0.14016877635478972,
      0.14016877631187438,
      0.1401687762260437,
      0.14016877598285676,
      0.14016877549648285,
      0.1401687760257721,
      0.14016877562999724,
      0.14016877594947816,
      0.14016877603530883,
      0.14027969518661498,
      0.1403430386352539,
      0.14043187214374542,
      0.14093124281406402,
      0.14093124282836914,
      0.1409312431716919,
      0.1409312429666519,
      0.14093124284267425,
      0.1409312429189682,
      0.1409312430238724,
      0.14093124319553374,
      0.14093124287605285,
      0.1409312434244156,
      0.1409312430524826,
      0.14093124309062957,
      0.14093124269962312,
      0.14093124268531798,
      0.14093124285697936,
      0.1409312433576584,
      0.1409312428379059,
      0.1409312429189682,
      0.14093124309062957,
      0.14220498725891112,
      0.14230890212059022,
      0.14230890194416046,
      0.14230890156269074,
      0.1423089018201828,
      0.14230890197753907,
      0.14230890180587769,
      0.14230890204429628,
      0.14230890188217163,
      0.14230890175819397,
      0.14230890185832978,
      0.1423089019060135,
      0.14230890162944793,
      0.1423089017868042,
      0.14230890212535857,
      0.1423089014339447,
      0.14230890189170836,
      0.14230890196800233,
      0.14230890201091767,
      0.14230890182971953,
      0.1423089020013809,
      0.14230890186309814,
      0.14230890192985535,
      0.14237114677906038,
      0.14289164542675017,
      0.14307200919628144,
      0.14307147866249084,
      0.1430714787530899,
      0.1431134110355377,
      0.14321943801879883,
      0.14321943807601928,
      0.14321943804740905,
      0.14321943816184998,
      0.14321943796634673,
      0.14321943809986115,
      0.14321943858146668,
      0.14321943803787232,
      0.14321943851470947,
      0.14321943756580352,
      0.14321943796634673,
      0.1432194381570816,
      0.14329282903671264,
      0.1439666088104248,
      0.14396660918712617,
      0.1470505995750427,
      0.15182386327266692,
      0.15182386350154878,
      0.1518237336921692,
      0.1518238634300232,
      0.15182386357307434,
      0.1518238631105423,
      0.15182386304855347,
      0.15182386337280274,
      0.15182386334896086,
      0.15182386337280274,
      0.1518238639163971,
      0.1518238634300232,
      0.15182386345386506,
      0.1518238634777069,
      0.15182386397838593,
      0.1518238632965088,
      0.15182386328220368,
      0.15182386371135712,
      0.15182386365890502,
      0.15182386339664458,
      0.1518238632631302,
      0.15182386361598968,
      0.1518238635635376,
      0.15182386355876923,
      0.15182386336803436,
      0.1518750816679001,
      0.1522282032585144,
      0.1522282028436661,
      0.1522282033920288,
      0.15222820299625398,
      0.15222820313453675,
      0.15222820277690888,
      0.15227065607070922,
      0.15282517685890198,
      0.15300628771305083,
      0.15309849499702455,
      0.15320794959545136,
      0.15320794967651366,
      0.15320794964313508,
      0.15320794981479643,
      0.15320794992923736,
      0.1532079498910904,
      0.15320794998645781,
      0.1532079498910904,
      0.15320795016288757
    ],
    "eval_losses": [
      0.11474982055425643,
      0.11613964107036591,
      0.11613964107036591,
      0.11613964107036591,
      0.11613964107036591,
      0.11613964107036591,
      0.11613964107036591,
      0.11613964107036591,
      0.11613964107036591,
      0.1215992774963379,
      0.1215992774963379,
      0.1215992774963379,
      0.12182870781421662,
      0.12235008093118667,
      0.12235008093118667,
      0.1399314833641052,
      0.1399314833641052,
      0.1402553279161453,
      0.14077250967025756,
      0.14077250967025756,
      0.14077250967025756,
      0.14077250967025756,
      0.1427938117980957,
      0.1427938117980957,
      0.1427938117980957,
      0.1427938117980957,
      0.14322501957416534,
      0.14355345034599304,
      0.14355345034599304,
      0.14355345034599304,
      0.1518050626039505,
      0.1518050626039505,
      0.1518050626039505,
      0.1518050626039505,
      0.1518050626039505,
      0.1518050626039505,
      0.1522516381263733,
      0.15293663852214814,
      0.15297852544784546,
      0.15297852544784546
    ],
    "psnr": [
      9.40466123046875,
      9.35224965057373,
      9.35224965057373,
      9.35224965057373,
      9.35224965057373,
      9.35224965057373,
      9.35224965057373,
      9.35224965057373,
      9.35224965057373,
      9.152221922302246,
      9.152221922302246,
      9.152221922302246,
      9.144033041381835,
      9.125430952453613,
      9.125430952453613,
      8.541609211730957,
      8.541609211730957,
      8.531563018798828,
      8.515551092529297,
      8.515551092529297,
      8.515551092529297,
      8.515551092529297,
      8.45361184387207,
      8.45361184387207,
      8.45361184387207,
      8.45361184387207,
      8.440468487548829,
      8.430511824035644,
      8.430511824035644,
      8.430511824035644,
      8.187570013427734,
      8.187570013427734,
      8.187570013427734,
      8.187570013427734,
      8.187570013427734,
      8.187570013427734,
      8.174810649108887,
      8.15528706817627,
      8.154089611816406,
      8.154089611816406
    ],