{
  "args": {
    "device": "cuda:6",
    "exp_home": "./results",
    "ds_name": "mnist",
    "mode": "denoising",
    "noise_std": 0.25,
    "down_scale": 2.0,
    "model_type": "conventional",
    "latent_dim": 784,
    "hidden_dims": [
      1150,
      1150,
      1150,
      1150,
      1150,
      1150,
      1150,
      1150,
      1150,
      1150,
      1150,
      1150,
      1150,
      1150,
      1150,
      1150,
      1150,
      1150,
      1150,
      1150,
      1150,
      1150,
      1150,
      1150,
      1150
    ],
    "wo_Win": false,
    "fix_Win": false,
    "I_Win": false,
    "batch_size": 128,
    "epochs": 100,
    "lr": 0.0005,
    "use_augmentation": false,
    "aug_num": 2,
    "run_id": 2,
    "seed": 42
  },
  "training_logs": {
    "train_losses": [
      0.02372230305671692,
      0.011021775755286217,
      0.009282331728637218,
      0.008600531534850598,
      0.00882621153473854,
      0.007529433068037033,
      0.006950993440747261,
      0.007186734526157379,
      0.006800929833650589,
      0.0069452132043242455,
      0.007270537678003311,
      0.0067746896091103554,
      0.006281103586852551,
      0.006226758228838444,
      0.00636461495384574,
      0.006138404231220484,
      0.007273809216469526,
      0.006446691728681326,
      0.0060252182304859165,
      0.006068842307478189,
      0.006151883814781905,
      0.00686180341809988,
      0.006114309096038341,
      0.005922729384601116,
      0.005854335168749094,
      0.005882604476809501,
      0.0056067978741228585,
      0.0056559574753046035,
      0.005502529773563147,
      0.005659080459028482,
      0.00564261001855135,
      0.005440110739320517,
      0.005322269130945205,
      0.0053675735332071785,
      0.00618932678475976,
      0.00597350710824132,
      0.005468650100380182,
      0.005244867058694363,
      0.005113057864308357,
      0.00520417428329587,
      0.00532168180167675,
      0.005502174585610628,
      0.004905520181953907,
      0.005274994447678327,
      0.005007832469046116,
      0.004954053636938334,
      0.004817990362197161,
      0.004985886985808611,
      0.004919776695370674,
      0.00502095682606101,
      0.00472832009151578,
      0.0050053317813575264,
      0.004708440321087837,
      0.00467814504802227,
      0.0045923279064893725,
      0.004589766483306884,
      0.0046025858138501645,
      0.004629289965033531,
      0.00439414322078228,
      0.004491338169425726,
      0.004767531165629626,
      0.004400012857317924,
      0.004310288952887058,
      0.00451645275503397,
      0.004348662733882665,
      0.004308516662418842,
      0.004331048283576965,
      0.004293701149225235,
      0.0042190748015046116,
      0.004350015433728695,
      0.004297550288587809,
      0.0042350002397596835,
      0.004397749986350536,
      0.004253069093823433,
      0.00418431701913476,
      0.004236842131465674,
      0.004082973570525646,
      0.00401041348978877,
      0.004049239123910665,
      0.004293049110323191,
      0.00402185852393508,
      0.003964436128437519,
      0.003924234250038862,
      0.0038919572401046754,
      0.004044003220498562,
      0.00396260611101985,
      0.003919897422790528,
      0.003957856026887894,
      0.0038876793293654917,
      0.0038399358032643795,
      0.0038103651496767996,
      0.003782264414280653,
      0.003790501182228327,
      0.0037330163092166185,
      0.003714549237638712,
      0.0036996219542622566,
      0.00366863183028996,
      0.003657196176275611,
      0.0036516725195944308,
      0.0036265072060376407
    ],
    "eval_losses": [
      0.012349580481648446,
      0.0063457924999296665,
      0.005789222520589828,
      0.006380046489834785,
      0.005393494686484337,
      0.005152399760484695,
      0.006426077775657177,
      0.004996235428750515,
      0.004863568118214607,
      0.0048756544180214405,
      0.004539374825358391,
      0.0044898467607796195,
      0.004366609083861113,
      0.00453347641825676,
      0.004430795691162347,
      0.00426129020601511,
      0.004207006150484085,
      0.004154179281741381,
      0.004042923656851053,
      0.003956837621331215
    ],
    "psnr": [
      19.102232565307617,
      21.979062939453126,
      22.37714397277832,
      21.97490258178711,
      22.684803128051758,
      22.88422463684082,
      21.934278625488282,
      23.018328411865234,
      23.13460433959961,
      23.125339712524415,
      23.434142694091797,
      23.482331869506837,
      23.60308994445801,
      23.445592623901366,
      23.542368756103517,
      23.707618530273436,
      23.7658600982666,
      23.82071318359375,
      23.938560763549805,
      24.03219987487793
    ],
    "ssim": [
      0.8473973418235778,
      0.8996203684806824,
      0.919234276008606,
      0.9177757726669311,
      0.9208911496162414,
      0.9265908372879028,
      0.92306868724823,
      0.9304681841850281,
      0.9312276449203492,
      0.9323068902015686,
      0.9330548487663269,
      0.9401625186920166,
      0.9384647996902465,
      0.9365213552474976,
      0.9383158436775207,
      0.9437015398025512,
      0.9414861191749573,
      0.943855952167511,
      0.9457864110946655,
      0.9463031492233276
    ],
    "best_epoch": 100,
    "best_step": null,
    "best_eval_loss": 0.003956837621331215
  },
  "test_results": {
    "test_loss": 0.00397753212749958,
    "test_psnr": 24.02040621032715,
    "test_ssim": 0.9470399911880493
  }
}