{
  "args": {
    "device": "cuda:1",
    "exp_home": "./results",
    "ds_name": "mnist",
    "mode": "generative_classification",
    "noise_std": 0.25,
    "down_scale": 2.0,
    "model_type": "conventional",
    "latent_dim": 784,
    "hidden_dims": [
      1150,
      1150,
      1150,
      1150,
      1150,
      1150
    ],
    "wo_Win": false,
    "fix_Win": true,
    "I_Win": false,
    "batch_size": 128,
    "epochs": 100,
    "lr": 5e-05,
    "use_augmentation": true,
    "aug_num": 2,
    "run_id": 5,
    "seed": 42
  },
  "training_logs": {
    "train_losses": [
      0.016029749071002006,
      0.004022866818085313,
      0.002656304951198399,
      0.0021212572519108655,
      0.0017999638347700238,
      0.001482579028494656,
      0.0013659555101953446,
      0.00118125573201105,
      0.0010402340509090573,
      0.001068184835985303,
      0.000935135672269389,
      0.0008130568974930794,
      0.0008196816883422434,
      0.000742871404485777,
      0.0007400204750802367,
      0.0006847003778256476,
      0.0006701262632664293,
      0.0005591865044739097,
      0.0005591668401937932,
      0.0005209914389671758,
      0.0005208006818359718,
      0.000499402157724835,
      0.00046574508995749056,
      0.0004877582664578222,
      0.00042311062891036273,
      0.000446806697123684,
      0.0004396761051658541,
      0.00037882235801778736,
      0.00034455470291897656,
      0.000386894812961109,
      0.0003605255223950371,
      0.00032963382926303895,
      0.0003125413483846933,
      0.00030237056305399166,
      0.0003021285781171173,
      0.00028446328137652016,
      0.000303980280905962,
      0.00025455436412477866,
      0.00021488593921996653,
      0.00031232147075235843,
      0.00027135271465871484,
      0.0001990197292016819,
      0.00021209530764026567,
      0.00021160955290542915,
      0.0001778713672189042,
      0.00022731243764981628,
      0.00019430126628489232,
      0.0001957284439401701,
      0.0001625561088102404,
      0.00019059097790159285,
      0.00017782427882310004,
      0.00014471375030465424,
      0.00018038048166316002,
      0.0001473840487911366,
      0.0001668663882627152,
      0.00014152424771804364,
      0.0001467900271480903,
      0.0001095515697915107,
      0.00010085713990149088,
      0.00014649873785907403,
      0.00010663492992287501,
      0.0001061047412874177,
      0.0001280971437972039,
      9.82530325721018e-05,
      8.163191715255379e-05,
      9.138626361847855e-05,
      8.699813477927819e-05,
      0.00010702463048743084,
      9.54308555321768e-05,
      9.184862273745239e-05,
      7.409229612501804e-05,
      7.693993133318145e-05,
      8.050086539238692e-05,
      7.500370016088709e-05,
      6.54567854385823e-05,
      4.3967507886700335e-05,
      5.750379275297746e-05,
      6.901137439184822e-05,
      6.376406207913532e-05,
      5.026635589252692e-05,
      4.536225771182217e-05,
      4.831966034369543e-05,
      5.731799731496722e-05,
      4.6921187815023584e-05,
      3.950099156354554e-05,
      3.8728634665021674e-05,
      3.952704657800496e-05,
      3.774131806450896e-05,
      4.1661839211010376e-05,
      3.451756656169891e-05,
      3.336451322713401e-05,
      3.318060829187743e-05,
      3.5733486239332704e-05,
      3.421736241667531e-05,
      3.240625387988984e-05,
      3.185952970990911e-05,
      3.134899009717628e-05,
      2.9682242527487688e-05,
      2.947175666107796e-05,
      2.8807542962022125e-05
    ],
    "eval_losses": [
      0.003297260755347088,
      0.002740410207933746,
      0.0025757380282972007,
      0.002541181629372295,
      0.00247530276121106,
      0.0025757765866001136,
      0.0025090872093685903,
      0.002512034594011493,
      0.0021979964043712242,
      0.0023241262727417052,
      0.0021246802274137735,
      0.0021822099215351044,
      0.002141069706901908,
      0.002148915812416817,
      0.002058938612556085,
      0.002198321033362299,
      0.0020226402762695216,
      0.0019315001845243388,
      0.0019131347698858009,
      0.0019271347798057831
    ],
    "psnr": [
      25.323980908203126,
      26.367052838134764,
      26.603684350585937,
      26.818695544433595,
      26.94133844604492,
      26.67141290283203,
      27.063434533691407,
      27.12543770751953,
      28.27274545288086,
      27.65296813659668,
      27.927980419921877,
      27.942255242919924,
      28.104207586669922,
      27.98435087890625,
      28.600847326660155,
      28.155915026855467,
      28.35597006225586,
      29.062620217895507,
      28.87999608154297,
      28.935302993774414
    ],
    "best_epoch": 95,
    "best_step": null,
    "best_eval_loss": 0.0019131347698858009
  },
  "test_results": {
    "test_loss": 0.001593035705233342,
    "test_psnr": 33.74915524291992
  }
}