{
  "args": {
    "device": "cuda:8",
    "exp_home": "./results",
    "ds_name": "mnist",
    "mode": "denoising",
    "noise_std": 0.25,
    "down_scale": 2.0,
    "model_type": "hourglass",
    "latent_dim": 785,
    "hidden_dims": [
      115,
      115,
      115,
      115,
      115
    ],
    "wo_Win": false,
    "fix_Win": true,
    "I_Win": false,
    "wo_Wout": false,
    "batch_size": 128,
    "epochs": 30,
    "lr": 0.0005,
    "use_augmentation": false,
    "aug_num": 2,
    "run_id": 1,
    "seed": 42
  },
  "training_logs": {
    "train_losses": [
      0.02408341811031103,
      0.011502623971998692,
      0.00969956855148077,
      0.008831635912060737,
      0.008284415145516396,
      0.007841274597346782,
      0.0075360158567130565,
      0.007298830189555883,
      0.0070360866264998915,
      0.006864504859000444,
      0.006654975863099098,
      0.0064988753141462805,
      0.006370821674466133,
      0.0062270075827836995,
      0.006130634212940932,
      0.0059992328149080275,
      0.00588479974925518,
      0.0058053670740127565,
      0.005712490426450968,
      0.005622077417075634,
      0.005556234711706638,
      0.005468555219471455,
      0.005398158363550901,
      0.005342163448929787,
      0.005284657079577446,
      0.00523646367624402,
      0.005179696999043226,
      0.005126795756071806,
      0.005087564801722765,
      0.005040393849462271
    ],
    "eval_losses": [
      0.007912608291208744,
      0.006619752077758312,
      0.005954118272662162,
      0.00553191776201129,
      0.005221677236258984,
      0.005021464238315821
    ],
    "psnr": [
      21.019773135375978,
      21.794526150512695,
      22.25503871459961,
      22.5737854095459,
      22.823956982421876,
      22.99448812866211
    ],
    "ssim": [
      0.8725196664810181,
      0.8944061864852906,
      0.9045807415008545,
      0.9081240301132202,
      0.9205390482902527,
      0.9227370908737182
    ],
    "best_epoch": 30,
    "best_step": null,
    "best_eval_loss": 0.005021464238315821
  },
  "test_results": {
    "test_loss": 0.0049939891904592516,
    "test_psnr": 23.028884616088867,
    "test_ssim": 0.9237759851455688
  }
}