{
  "args": {
    "device": "cuda:0",
    "exp_home": "./results",
    "ds_name": "mnist",
    "mode": "denoising",
    "noise_std": 0.25,
    "down_scale": 2.0,
    "model_type": "conventional",
    "latent_dim": 784,
    "hidden_dims": [
      1150,
      1150,
      1150
    ],
    "wo_Win": true,
    "fix_Win": false,
    "I_Win": false,
    "wo_Wout": true,
    "batch_size": 128,
    "epochs": 30,
    "lr": 0.0001,
    "use_augmentation": false,
    "aug_num": 2,
    "run_id": 2,
    "seed": 42
  },
  "training_logs": {
    "train_losses": [
      0.024232741494774817,
      0.00840246747136116,
      0.0066470183478295804,
      0.005955113720446825,
      0.005536231790781021,
      0.00528605514973402,
      0.005090592243820429,
      0.004948703338354826,
      0.004833629240691662,
      0.004751582504659891,
      0.004650183247178793,
      0.004583852290809155,
      0.004535221808552742,
      0.004481703949421644,
      0.004438792191892862,
      0.0043911656725406645,
      0.004347140456140042,
      0.004331746806800365,
      0.004291883020848036,
      0.004261447635889053,
      0.004236305609941483,
      0.004209150847941637,
      0.004190508136451244,
      0.004172668787240982,
      0.004150776078999043,
      0.004143778745681047,
      0.004126431993246078,
      0.004107976633459329,
      0.004092481698393821,
      0.004081314011067152
    ],
    "eval_losses": [
      0.005160124622285366,
      0.004541194123029709,
      0.004324002093821764,
      0.004183300532400608,
      0.004114429952949286,
      0.004066888256371021
    ],
    "psnr": [
      22.87552946472168,
      23.43064805603027,
      23.643401803588866,
      23.78662071533203,
      23.859138586425782,
      23.90943175354004
    ],
    "ssim": [
      0.862609676361084,
      0.8969282024383545,
      0.9147471088409423,
      0.9221702780723572,
      0.9249651956558228,
      0.9275848630905151
    ],
    "best_epoch": 30,
    "best_step": null,
    "best_eval_loss": 0.004066888256371021
  },
  "test_results": {
    "test_loss": 0.004031616060808301,
    "test_psnr": 23.9544475982666,
    "test_ssim": 0.9294162488937378
  }
}