{
  "args": {
    "device": "cuda:9",
    "exp_home": "./results",
    "ds_name": "mnist",
    "mode": "denoising",
    "noise_std": 0.25,
    "down_scale": 2.0,
    "model_type": "conventional",
    "latent_dim": 784,
    "hidden_dims": [
      1150
    ],
    "wo_Win": true,
    "fix_Win": false,
    "I_Win": false,
    "batch_size": 128,
    "epochs": 100,
    "lr": 0.0005,
    "use_augmentation": true,
    "aug_num": 2,
    "run_id": 2,
    "seed": 42
  },
  "training_logs": {
    "train_losses": [
      0.01585557348847389,
      0.006435686051547527,
      0.0057725282377004625,
      0.005482223874330521,
      0.005320953574478626,
      0.005215723597705365,
      0.005120700121819973,
      0.005042371942549944,
      0.004970580933094024,
      0.004916327617019415,
      0.00487513734549284,
      0.004815958589017391,
      0.0047791351130604745,
      0.0047514790871739385,
      0.004719014237523079,
      0.004672340850532055,
      0.004649947898536921,
      0.004616945784986019,
      0.004589531993120908,
      0.004566811230033636,
      0.0045395684215426444,
      0.004509515790343284,
      0.0044927645260095595,
      0.00447489480599761,
      0.004447790265381336,
      0.00444039495125413,
      0.0044154348428547385,
      0.004406392775774002,
      0.004383058153241873,
      0.0043619048628211025,
      0.004344366287738085,
      0.004326852127760648,
      0.004319303831160069,
      0.004308154802918434,
      0.00428893679767847,
      0.004274383015930652,
      0.004261013775616884,
      0.004245932834148407,
      0.004226405943334103,
      0.004220625782012939,
      0.004203282402604818,
      0.004191789594590664,
      0.004185569189935923,
      0.004167463417947292,
      0.0041576287783682345,
      0.004149292911887169,
      0.004131725447624922,
      0.0041258938488364216,
      0.004110382526814937,
      0.004092966683954,
      0.004098040177226067,
      0.00407546911790967,
      0.0040668243123590945,
      0.004060377164036035,
      0.004046862856894731,
      0.004036015790849924,
      0.004028008388578892,
      0.004024747878611088,
      0.004018349007517099,
      0.004002953548282385,
      0.003996407987177372,
      0.003979756068885326,
      0.003979026845693588,
      0.003963152027130127,
      0.003947905909717083,
      0.003940529790520668,
      0.003931704217791558,
      0.003930558490157127,
      0.003924371935725212,
      0.0039047765569388865,
      0.003897592087239027,
      0.003890411153882742,
      0.0038831412644684316,
      0.0038739352141320704,
      0.0038604245951771735,
      0.0038518483850359915,
      0.003842668497264385,
      0.0038273795568943025,
      0.0038289983594417573,
      0.0038270672510564326,
      0.0038093383753299713,
      0.003799158956259489,
      0.0037892453449964525,
      0.0037828627213835715,
      0.0037744381564855578,
      0.0037746041209995745,
      0.0037666590647399425,
      0.003758529071956873,
      0.003744245085269213,
      0.0037397278282046316,
      0.0037345716381073,
      0.003722631788998842,
      0.0037185914213955402,
      0.0037051488015055656,
      0.003697553657516837,
      0.003698111339211464,
      0.003685804226845503,
      0.0036801280905306337,
      0.003677690353244543,
      0.003664874810129404
    ],
    "eval_losses": [
      0.004923294322192669,
      0.004622430271655321,
      0.004496957678347826,
      0.004382524983584881,
      0.004243272396922112,
      0.004223775512725115,
      0.004125185141712427,
      0.004104199186712503,
      0.004038809543848038,
      0.003998339833319187,
      0.003932840506732464,
      0.003898935443907976,
      0.0038686327546834944,
      0.003830983506143093,
      0.0038116810873150826,
      0.003756456007063389,
      0.0037106796510517595,
      0.003688578700274229,
      0.0036511912271380426,
      0.0036387339174747467
    ],
    "psnr": [
      23.079685522460938,
      23.35331813659668,
      23.47261069946289,
      23.58443740234375,
      23.724736447143556,
      23.744534506225587,
      23.84751513671875,
      23.8697650970459,
      23.93973740234375,
      23.982799584960937,
      24.055102270507813,
      24.091875842285155,
      24.12652782287598,
      24.168484469604493,
      24.19061178588867,
      24.253794122314453,
      24.307188088989257,
      24.33332389526367,
      24.37767680969238,
      24.392450506591796
    ],
    "ssim": [
      0.8897368436813354,
      0.9235002815246582,
      0.9205342009544373,
      0.9221741228103638,
      0.9293438477516174,
      0.9256483401298523,
      0.9317584188461304,
      0.9368005116462708,
      0.935856858253479,
      0.9400250185012817,
      0.9393915578842164,
      0.9394037928581238,
      0.9425335856437683,
      0.9414031200408935,
      0.9442675518989563,
      0.9438252689361573,
      0.9458423965454101,
      0.9467102932929993,
      0.9472619104385376,
      0.9475121978759765
    ],
    "best_epoch": 100,
    "best_step": null,
    "best_eval_loss": 0.0036387339174747467
  },
  "test_results": {
    "test_loss": 0.0036194466464221477,
    "test_psnr": 24.420614965820313,
    "test_ssim": 0.9487917910575867
  }
}