{
  "args": {
    "device": "cuda:1",
    "exp_home": "./results",
    "ds_name": "mnist",
    "mode": "generative_classification",
    "noise_std": 0.25,
    "down_scale": 2.0,
    "model_type": "conventional",
    "latent_dim": 784,
    "hidden_dims": [
      1150,
      1150,
      1150,
      1150,
      1150,
      1150
    ],
    "wo_Win": false,
    "fix_Win": true,
    "I_Win": false,
    "batch_size": 128,
    "epochs": 200,
    "lr": 0.0005,
    "use_augmentation": true,
    "aug_num": 2,
    "run_id": 3,
    "seed": 42
  },
  "training_logs": {
    "train_losses": [
      0.012553692093640566,
      0.005777584869973361,
      0.004684678633660078,
      0.004186050933599472,
      0.0036608594979345797,
      0.0032691549863666297,
      0.0028755196952261032,
      0.002452665472589433,
      0.002206232590675354,
      0.0020276186687499284,
      0.001877288017012179,
      0.0018364659224823117,
      0.0016644704539701342,
      0.0015289442281611265,
      0.001522294509448111,
      0.0014243921876512468,
      0.001368312628660351,
      0.0012873926463350654,
      0.0012322812408953904,
      0.0012058812692761422,
      0.0011337194663938136,
      0.0010602933816984295,
      0.0011101200869865716,
      0.000999707226511091,
      0.0009805307737551629,
      0.0009468758250586689,
      0.0008050659130420536,
      0.0009108292389567942,
      0.0008650740835443139,
      0.0008688416056893766,
      0.0007809598598908633,
      0.0007674099914357066,
      0.0007369407050311566,
      0.0007772091104649007,
      0.0006839550961181522,
      0.0007617806439101696,
      0.0006971169606782496,
      0.000614039428010583,
      0.0006424242053832858,
      0.0005936729261744768,
      0.00067622246067971,
      0.0005630052377283573,
      0.0006320765519607812,
      0.0006213080877345055,
      0.00047567890393547714,
      0.0005679744009301067,
      0.00048573579644784333,
      0.0005880392551328987,
      0.0005612615480087697,
      0.0005305405548308045,
      0.0004632471231929958,
      0.0005150510109495372,
      0.0004806360494159162,
      0.0004870923773758113,
      0.00045622534207068383,
      0.0004591788029391319,
      0.0004637388624344021,
      0.00042949500161688773,
      0.00043272098204120995,
      0.0004342783070169389,
      0.00041406573181971906,
      0.00041613488416187465,
      0.0004360693217907101,
      0.00040249722497537734,
      0.0003560398404393345,
      0.0003758754818094894,
      0.0003870882504386827,
      0.00039214165745303037,
      0.00031706075091846286,
      0.0003338014240283519,
      0.0003953932370617986,
      0.0003561756131052971,
      0.0003381409973278642,
      0.0003365656725363806,
      0.0003898576663713902,
      0.00032641787759028377,
      0.00032467470651026815,
      0.00030731914886739103,
      0.00030603121125139296,
      0.00028266062814742324,
      0.00032452109451405704,
      0.0003165436639962718,
      0.0003029573291866109,
      0.0002685859714075923,
      0.0002876863143593073,
      0.0003044478073203936,
      0.0002687932964740321,
      0.00028390625823754816,
      0.00024669030056800694,
      0.00024233026925940066,
      0.00026470366190187633,
      0.0002872577557852492,
      0.00019255409978795795,
      0.000291163002345711,
      0.00020132202069973574,
      0.0002574203846324235,
      0.00024221220966428518,
      0.00024024880416691303,
      0.00020156193956499918,
      0.0002210454687429592,
      0.00018015494919149206,
      0.00020681665724609047,
      0.00020245532776694744,
      0.00020094582854537294,
      0.00019739033467369154,
      0.00018782503489870578,
      0.00017196582682430745,
      0.00018398859958630056,
      0.00018697280576685443,
      0.00015896899099927396,
      0.00019625733316875994,
      0.0001625077864015475,
      0.00017044861987233162,
      0.00013866753703914583,
      0.00017759695109911263,
      0.00014759412792045623,
      0.00016299725319026038,
      0.0001502068422199227,
      0.00015132339056581258,
      0.00013689945955527947,
      0.00013377795204054565,
      0.000141078587397933,
      0.00014328670092858374,
      0.00014894088610773907,
      0.00011716076880227775,
      0.0001288366627227515,
      0.00013188246020115913,
      9.869917237199843e-05,
      8.280456419102848e-05,
      0.00013676926739746703,
      9.713696191553026e-05,
      0.0001143383629154414,
      0.0001187523794430308,
      0.00010239815964130685,
      8.636981486924924e-05,
      0.00011003561079734936,
      7.838471225113608e-05,
      9.006962438928895e-05,
      0.00011006513277068735,
      5.273426162893884e-05,
      8.19707614579238e-05,
      8.757360582472757e-05,
      9.217278611729853e-05,
      7.144305325811729e-05,
      8.395971849793568e-05,
      7.061368225957267e-05,
      6.506840811576694e-05,
      5.7190712618175894e-05,
      5.4752512413542716e-05,
      9.089248702395708e-05,
      6.0052926384378225e-05,
      7.760067430092022e-05,
      6.159870194504037e-05,
      4.9617027405183763e-05,
      4.623149173799902e-05,
      4.710304706473835e-05,
      6.54870379762724e-05,
      4.258395888027735e-05,
      4.453060000727419e-05,
      5.892923758830875e-05,
      5.126055386615917e-05,
      4.343042655324098e-05,
      4.236558450793382e-05,
      3.989858362707309e-05,
      3.78753615275491e-05,
      3.907027376932092e-05,
      4.306047455524095e-05,
      2.6836171710165216e-05,
      3.0852256942307575e-05,
      3.394224496674724e-05,
      2.536033331300132e-05,
      3.802635567146353e-05,
      3.309724735678174e-05,
      2.2682376209413632e-05,
      2.279595472267829e-05,
      1.9109428254305386e-05,
      2.956111747364048e-05,
      2.5074662051629276e-05,
      2.1257697122637184e-05,
      2.417665969056543e-05,
      2.0348096868838182e-05,
      1.4600175570230931e-05,
      1.5663552392506972e-05,
      1.460022866667714e-05,
      1.706452912680106e-05,
      1.571904954384081e-05,
      1.8385048029304015e-05,
      1.1332712591683957e-05,
      1.1139972351957113e-05,
      1.4799063129466959e-05,
      1.3483744176919571e-05,
      1.1827970038575585e-05,
      1.111491987016052e-05,
      1.1043720853776904e-05,
      1.0793951694504358e-05,
      1.2546429593930953e-05,
      9.447122924029828e-06,
      9.791609578533097e-06,
      9.105761803803034e-06,
      1.094286676714546e-05
    ],
    "eval_losses": [
      0.004199629596620798,
      0.0031208257005549966,
      0.002895091164857149,
      0.0025039992904290556,
      0.002473059993982315,
      0.0023783606339246033,
      0.002376285045593977,
      0.0026286222383379936,
      0.0024647972219157964,
      0.002147234856989235,
      0.002329569213441573,
      0.0021148020061198623,
      0.002416288022743538,
      0.002451084234076552,
      0.002107449846994132,
      0.002486848224699497,
      0.002258087194187101,
      0.002177997142885579,
      0.002165843479416799,
      0.0020507069200335535,
      0.00211517521571368,
      0.0024375027819303796,
      0.0022212953947484495,
      0.0021791840907302686,
      0.001958883141167462,
      0.0022006460938137026,
      0.0020805309997114817,
      0.00199142200780916,
      0.0018599356148042716,
      0.0020613655674125765,
      0.0020214880705345423,
      0.0019556386263342575,
      0.0019575688003445977,
      0.002035450914542889,
      0.0019494496458399226,
      0.002045745029351383,
      0.001880847997913952,
      0.0019494436229091662,
      0.0018974411982810124,
      0.0018923887159377046
    ],