{
  "args": {
    "device": "cuda:0",
    "exp_home": "./results",
    "ds_name": "mnist",
    "mode": "denoising",
    "noise_std": 0.25,
    "down_scale": 2.0,
    "model_type": "conventional",
    "latent_dim": 784,
    "hidden_dims": [
      1470,
      1470
    ],
    "wo_Win": true,
    "fix_Win": false,
    "I_Win": false,
    "wo_Wout": true,
    "batch_size": 128,
    "epochs": 30,
    "lr": 0.001,
    "use_augmentation": false,
    "aug_num": 2,
    "run_id": 5,
    "seed": 42
  },
  "training_logs": {
    "train_losses": [
      0.012048806506693363,
      0.007136975397765637,
      0.0062803901559114455,
      0.0057601921336352824,
      0.005388008638322353,
      0.005163135751187801,
      0.004991380300521851,
      0.004891712847799063,
      0.004791227200627327,
      0.004699808750897646,
      0.004633242945373059,
      0.004566212651431561,
      0.004496923293918371,
      0.00444439277201891,
      0.004389764260947704,
      0.004320965640842915,
      0.004276051661968231,
      0.004213759568780661,
      0.004160567159354687,
      0.004127170941829681,
      0.004087599407732487,
      0.00403899233609438,
      0.003993037469387054,
      0.003951239774525166,
      0.003906085469126701,
      0.0038552168156206607,
      0.003818501534163952,
      0.0037708986300975084,
      0.003743191382065415,
      0.003706983430981636
    ],
    "eval_losses": [
      0.005024834118783474,
      0.004612742400169373,
      0.004263836827129126,
      0.004064199039340019,
      0.0038902539417147637,
      0.003744601531326771
    ],
    "psnr": [
      22.991081817626952,
      23.36220259094238,
      23.703708157348633,
      23.911974383544923,
      24.101975964355468,
      24.267778594970704
    ],
    "ssim": [
      0.9260280889511109,
      0.9347937688827515,
      0.9399768466949463,
      0.9443307432174682,
      0.9466747621536254,
      0.9507723902702332
    ],
    "best_epoch": 30,
    "best_step": null,
    "best_eval_loss": 0.003744601531326771
  },
  "test_results": {
    "test_loss": 0.003728344452381134,
    "test_psnr": 24.29237642211914,
    "test_ssim": 0.9518110651016235
  }
}