{
  "args": {
    "device": "cuda:0",
    "exp_home": "./results",
    "ds_name": "mnist",
    "mode": "denoising",
    "noise_std": 0.25,
    "down_scale": 2.0,
    "model_type": "conventional",
    "latent_dim": 784,
    "hidden_dims": [
      1150,
      1150
    ],
    "wo_Win": true,
    "fix_Win": false,
    "I_Win": false,
    "wo_Wout": true,
    "batch_size": 128,
    "epochs": 30,
    "lr": 0.0001,
    "use_augmentation": false,
    "aug_num": 2,
    "run_id": 1,
    "seed": 42
  },
  "training_logs": {
    "train_losses": [
      0.02918784099519253,
      0.00972341247946024,
      0.007388446978926658,
      0.006413440000712872,
      0.005881432353109122,
      0.005532309529930353,
      0.005299579973071814,
      0.005137358510494232,
      0.004986836916506291,
      0.004892611870765686,
      0.0047946091797947885,
      0.00471550844296813,
      0.0046602489370107655,
      0.0045946214631199835,
      0.0045610255315899845,
      0.004512868124246597,
      0.00447581937238574,
      0.004445711751133203,
      0.004403980682939291,
      0.004381918347328901,
      0.004361077907830477,
      0.004334171440899372,
      0.004306519385874272,
      0.0042942512294650076,
      0.004282737689465284,
      0.004264461834579706,
      0.004253720649778843,
      0.004240966054350138,
      0.004232929535210133,
      0.0042234072583913805
    ],
    "eval_losses": [
      0.005395218647271395,
      0.004645680806785822,
      0.004393157494068146,
      0.004270121221244335,
      0.00420003614872694,
      0.004143708050996065
    ],
    "psnr": [
      22.68258244934082,
      23.33210064086914,
      23.574767584228514,
      23.697654956054688,
      23.769431433105467,
      23.82844792480469
    ],
    "ssim": [
      0.8442773419380188,
      0.8885531774520874,
      0.9044424918174744,
      0.9132809713363648,
      0.9175730475425721,
      0.9208318927764892
    ],
    "best_epoch": 30,
    "best_step": null,
    "best_eval_loss": 0.004143708050996065
  },
  "test_results": {
    "test_loss": 0.00411978376172483,
    "test_psnr": 23.86073975830078,
    "test_ssim": 0.9224484132766724
  }
}