{
  "args": {
    "device": "cuda:0",
    "exp_home": "./results",
    "ds_name": "mnist",
    "mode": "denoising",
    "noise_std": 0.25,
    "down_scale": 2.0,
    "model_type": "conventional",
    "latent_dim": 784,
    "hidden_dims": [
      1150,
      1150
    ],
    "wo_Win": true,
    "fix_Win": false,
    "I_Win": false,
    "wo_Wout": true,
    "batch_size": 128,
    "epochs": 30,
    "lr": 0.0005,
    "use_augmentation": false,
    "aug_num": 2,
    "run_id": 5,
    "seed": 42
  },
  "training_logs": {
    "train_losses": [
      0.013522705635428428,
      0.006008071505427361,
      0.005367326679974795,
      0.005040089672356844,
      0.00488449175670743,
      0.004761753054410219,
      0.004655157912671566,
      0.004577524931132794,
      0.004504196646362543,
      0.0044292588862776755,
      0.004382603078782558,
      0.004324518363177776,
      0.0042749858184158804,
      0.0042326421748101715,
      0.0041871427009999755,
      0.004133869745135308,
      0.004099569943100214,
      0.004051177867501974,
      0.004015721614062786,
      0.003990686271637678,
      0.0039604013679921625,
      0.003918583560734987,
      0.0038901237469911574,
      0.0038592165924608707,
      0.0038273207475990056,
      0.003788425915017724,
      0.00376153902888298,
      0.003729750869944692,
      0.0037114270815998317,
      0.0036891856220364573
    ],
    "eval_losses": [
      0.004693710976094007,
      0.004413031730800867,
      0.00413307571336627,
      0.003988999037444592,
      0.003860820849984884,
      0.003759606532007456
    ],
    "psnr": [
      23.28694378967285,
      23.554327368164063,
      23.839161224365235,
      23.993002239990233,
      24.13503366394043,
      24.25040884399414
    ],
    "ssim": [
      0.912439052772522,
      0.9277151399612427,
      0.9366688587188721,
      0.9422533306121826,
      0.9449624326705932,
      0.9487135216712952
    ],
    "best_epoch": 30,
    "best_step": null,
    "best_eval_loss": 0.003759606532007456
  },
  "test_results": {
    "test_loss": 0.0037426234371960164,
    "test_psnr": 24.276157067871093,
    "test_ssim": 0.9498458983421326
  }
}