{
  "args": {
    "device": "cuda:1",
    "exp_home": "./results",
    "ds_name": "mnist",
    "mode": "denoising",
    "noise_std": 0.25,
    "down_scale": 2.0,
    "model_type": "conventional",
    "latent_dim": 784,
    "hidden_dims": [
      785,
      785,
      785,
      785,
      785
    ],
    "wo_Win": false,
    "fix_Win": false,
    "I_Win": false,
    "wo_Wout": false,
    "batch_size": 128,
    "epochs": 100,
    "lr": 0.0005,
    "use_augmentation": true,
    "aug_num": 4,
    "run_id": 1,
    "seed": 42
  },
  "training_logs": {
    "train_losses": [
      0.010806949694901705,
      0.00616263546705246,
      0.005634527113437653,
      0.005308071116954088,
      0.005071361271888017,
      0.004888348776698113,
      0.004762191697359085,
      0.0046659478326141835,
      0.004582197566479445,
      0.004520251275300979,
      0.004464279637634754,
      0.004427360749393702,
      0.004386273271739483,
      0.004349473608583212,
      0.00431485509544611,
      0.004287010776102543,
      0.0042652824690938,
      0.00423547865524888,
      0.004215119901150465,
      0.004184984029084444,
      0.004167336426973343,
      0.0041454481916129585,
      0.004117713676840067,
      0.004110302340984345,
      0.004087834465205669,
      0.004072612560093403,
      0.004053442300185561,
      0.004039930928647518,
      0.004021621580272913,
      0.00401115970313549,
      0.003993436833322048,
      0.00398082008227706,
      0.003968289207145571,
      0.00395490100234747,
      0.0039424673026800154,
      0.0039286888436973096,
      0.003917697806656361,
      0.003904994441866875,
      0.0038949943143129348,
      0.0038805633939802647,
      0.003868630227446556,
      0.0038601613834500312,
      0.0038452709944546224,
      0.003836751266270876,
      0.003824462046325207,
      0.0038137070205807684,
      0.003801877290084958,
      0.0037905123528838157,
      0.00378174433067441,
      0.00376643604695797,
      0.00376111031845212,
      0.003749557259231806,
      0.00373917652964592,
      0.003727207494750619,
      0.003714999470487237,
      0.0037072759314626456,
      0.003697589294984937,
      0.0036836514416337014,
      0.0036769693717360495,
      0.003665290023237467,
      0.00365495905674994,
      0.003646972742304206,
      0.003635515610948205,
      0.0036231571297347547,
      0.0036116874810308217,
      0.003601389271914959,
      0.0035898038345575332,
      0.0035825163857638835,
      0.003570400490835309,
      0.003560579734146595,
      0.00355203424051404,
      0.0035369613072276113,
      0.0035295074738562107,
      0.003519028831794858,
      0.00350725470200181,
      0.003496993347033858,
      0.003487431359216571,
      0.0034734197859466074,
      0.003466303463727236,
      0.003454700338318944,
      0.0034421573219448327,
      0.00342920015335083,
      0.003422567940801382,
      0.003408920946121216,
      0.003397737035006285,
      0.0033897258842736483,
      0.003379553781375289,
      0.0033662279849499465,
      0.003355131030753255,
      0.003341416815072298,
      0.003331232274621725,
      0.003321343289092183,
      0.0033095020274817944,
      0.003299021657854319,
      0.0032868293417990207,
      0.0032799160914868115,
      0.0032680353391915558,
      0.0032573571869730948,
      0.0032489185721427203,
      0.003238966855108738
    ],
    "eval_losses": [
      0.0037858485147356986,
      0.0033225093096494675
    ],
    "psnr": [
      24.21993096923828,
      24.7870232421875
    ],
    "ssim": [
      0.9483276073455811,
      0.9589491394042968
    ],
    "best_epoch": 100,
    "best_step": null,
    "best_eval_loss": 0.0033225093096494675
  },
  "test_results": {
    "test_loss": 0.0033158443927764894,
    "test_psnr": 24.80122735595703,
    "test_ssim": 0.9597320049285889
  }
}