{
  "args": {
    "device": "cuda:0",
    "exp_home": "./results",
    "ds_name": "mnist",
    "mode": "denoising",
    "noise_std": 0.25,
    "down_scale": 2.0,
    "model_type": "conventional",
    "latent_dim": 784,
    "hidden_dims": [
      1470,
      1470,
      1470,
      1470
    ],
    "wo_Win": true,
    "fix_Win": false,
    "I_Win": false,
    "wo_Wout": true,
    "batch_size": 128,
    "epochs": 30,
    "lr": 0.001,
    "use_augmentation": false,
    "aug_num": 2,
    "run_id": 4,
    "seed": 42
  },
  "training_logs": {
    "train_losses": [
      0.013320539191067219,
      0.009309888766407967,
      0.008225969460308551,
      0.007357494333088398,
      0.0066412139470875264,
      0.006071394638419152,
      0.005721307319700718,
      0.005421246565282345,
      0.005256441650241614,
      0.0051165306654572485,
      0.004960519601851701,
      0.004872775584757328,
      0.004782085884362459,
      0.004698623006641865,
      0.0046020056810975075,
      0.0045179603630304335,
      0.004445307633131742,
      0.004388720892965794,
      0.004318668563514948,
      0.004259915885478258,
      0.004206282401680947,
      0.004147708050608635,
      0.004087580327391625,
      0.004048593774288893,
      0.003991117081344127,
      0.003937972891479731,
      0.003887210374325514,
      0.0038366267673671244,
      0.00380362395696342,
      0.003755412748232484
    ],
    "eval_losses": [
      0.006275649739801883,
      0.004950700554996729,
      0.004495535066723824,
      0.00422413757070899,
      0.003971834763884545,
      0.003799934612214565
    ],
    "psnr": [
      22.02685083312988,
      23.055436917114257,
      23.474141793823243,
      23.744466122436524,
      24.0119939453125,
      24.204270260620117
    ],
    "ssim": [
      0.9175491310119629,
      0.9345747882843017,
      0.9402349237442017,
      0.9448475563049317,
      0.9477621306419373,
      0.9503653086662293
    ],
    "best_epoch": 30,
    "best_step": null,
    "best_eval_loss": 0.003799934612214565
  },
  "test_results": {
    "test_loss": 0.0037870379846543074,
    "test_psnr": 24.225334408569335,
    "test_ssim": 0.9510721063613892
  }
}