{
  "args": {
    "device": "cuda:6",
    "exp_home": "./results",
    "ds_name": "mnist",
    "mode": "denoising",
    "noise_std": 0.25,
    "down_scale": 2.0,
    "model_type": "conventional",
    "latent_dim": 784,
    "hidden_dims": [
      785
    ],
    "wo_Win": false,
    "fix_Win": false,
    "I_Win": false,
    "wo_Wout": false,
    "batch_size": 128,
    "epochs": 30,
    "lr": 0.005,
    "use_augmentation": false,
    "aug_num": 2,
    "run_id": 5,
    "seed": 42
  },
  "training_logs": {
    "train_losses": [
      0.11293580087423324,
      0.11300636374235153,
      0.11303085800409317,
      0.11316522202253342,
      0.11329252147912978,
      0.11329252120018006,
      0.11329252129077912,
      0.1132925211429596,
      0.11329252113342285,
      0.11329252095222474,
      0.11329252089500427,
      0.11329252140283584,
      0.113292521276474,
      0.1132925211405754,
      0.11329252098560333,
      0.11329252130746842,
      0.11329252164840699,
      0.11329252109527588,
      0.11329252154111862,
      0.11329252108573913,
      0.11329252118825912,
      0.1135484007191658,
      0.11402407756090165,
      0.11402407764911651,
      0.11402407713890075,
      0.11400580157279969,
      0.11402407715082169,
      0.11402407715559006,
      0.11402407777547836,
      0.11402407709360123
    ],
    "eval_losses": [
      0.11238329893350602,
      0.11238329893350602,
      0.11238329893350602,
      0.11238329893350602,
      0.11314024438858032,
      0.11314024438858032
    ],
    "psnr": [
      9.495362362670898,
      9.495362362670898,
      9.495362362670898,
      9.495362362670898,
      9.466097396850586,
      9.466097396850586
    ],
    "ssim": [
      0.41702706422805785,
      0.41702706422805785,
      0.41702706422805785,
      0.41702706422805785,
      0.4121105957984924,
      0.4121105957984924
    ],
    "best_epoch": 5,
    "best_step": null,
    "best_eval_loss": 0.11238329893350602
  },
  "test_results": {
    "test_loss": 0.11449982748031616,
    "test_psnr": 9.441583097839356,
    "test_ssim": 0.4151208648681641
  }
}