{
  "args": {
    "device": "cuda:9",
    "exp_home": "./results",
    "ds_name": "mnist",
    "mode": "denoising",
    "noise_std": 0.25,
    "down_scale": 2.0,
    "model_type": "conventional",
    "latent_dim": 784,
    "hidden_dims": [
      1150,
      1150,
      1150,
      1150
    ],
    "wo_Win": false,
    "fix_Win": true,
    "I_Win": false,
    "batch_size": 128,
    "epochs": 100,
    "lr": 0.005,
    "use_augmentation": true,
    "aug_num": 2,
    "run_id": 2,
    "seed": 42
  },
  "training_logs": {
    "train_losses": [
      0.1223466410946846,
      0.1218429179430008,
      0.12184291819572449,
      0.12184291815280915,
      0.12184291837215423,
      0.12184291781663895,
      0.12184291815280915,
      0.12184291766166687,
      0.12184291787147522,
      0.12184291803359985,
      0.12184291811227799,
      0.12184291784524917,
      0.12184291785955428,
      0.12184291773080826,
      0.12184291785717011,
      0.12184291780948639,
      0.12184291800260544,
      0.12184291781187058,
      0.12184291803359985,
      0.12184291758060456,
      0.12184291813850402,
      0.12184291789531708,
      0.12184291781425476,
      0.12184291777849197,
      0.12184291796922683,
      0.12184291781425476,
      0.12184291785240173,
      0.1218429178237915,
      0.12184291759014129,
      0.12184291786670685,
      0.12184291789770127,
      0.1218429181265831,
      0.12184291787624359,
      0.12184291766405106,
      0.12184291788816452,
      0.12184291784524917,
      0.12184291782855988,
      0.121842918009758,
      0.12184291782140731,
      0.12184291778802872,
      0.12184291800260544,
      0.12792777262687682,
      0.13493091571331023,
      0.1349309426021576,
      0.1343129143857956,
      0.13428361707687378,
      0.13428361748695375,
      0.13428361722946167,
      0.13428361735343933,
      0.13428361662864685,
      0.1342836173772812,
      0.13428361749649048,
      0.1342836169910431,
      0.1342836170387268,
      0.13428361704349517,
      0.1342836172580719,
      0.13428361704349517,
      0.13428361674785613,
      0.13428361722469329,
      0.13428361702919006,
      0.13428361714839934,
      0.1342836173915863,
      0.13428361754179,
      0.13428361736774444,
      0.13428361717224122,
      0.13428361701965333,
      0.13428361701965333,
      0.13428361692905427,
      0.1342836173915863,
      0.1342836168885231,
      0.13428361743450165,
      0.13428361722469329,
      0.13428361737251282,
      0.13428361743450165,
      0.13428361702442168,
      0.13428361710071562,
      0.13428361710071562,
      0.134283616938591,
      0.13428361729621888,
      0.1342836170864105,
      0.134283617169857,
      0.13428361717224122,
      0.13428361724853516,
      0.134283616771698,
      0.1342836171579361,
      0.13428361738204955,
      0.13428361711978912,
      0.13428361737251282,
      0.13428361701965333,
      0.13428361727714538,
      0.1342836170864105,
      0.1342836169719696,
      0.13428361715316772,
      0.13428361782550813,
      0.13428361694812774,
      0.13428361721038817,
      0.13428361669063568,
      0.13428361740112305,
      0.13428361731529237,
      0.13428361762046814
    ],
    "eval_losses": [
      0.12174639298915862,
      0.12174639298915862,
      0.12174639298915862,
      0.12174639298915862,
      0.12174639298915862,
      0.12174639298915862,
      0.12174639298915862,
      0.12174639298915862,
      0.1335062956094742,
      0.1335062956094742,
      0.1335062956094742,
      0.1335062956094742,
      0.1335062956094742,
      0.1335062956094742,
      0.1335062956094742,
      0.1335062956094742,
      0.1335062956094742,
      0.1335062956094742,
      0.1335062956094742,
      0.1335062956094742
    ],
    "psnr": [
      9.14696460571289,
      9.14696460571289,
      9.14696460571289,
      9.14696460571289,
      9.14696460571289,
      9.14696460571289,
      9.14696460571289,
      9.14696460571289,
      8.745971733093262,
      8.745971733093262,
      8.745971733093262,
      8.745971733093262,
      8.745971733093262,
      8.745971733093262,
      8.745971733093262,
      8.745971733093262,
      8.745971733093262,
      8.745971733093262,
      8.745971733093262,
      8.745971733093262
    ],
    "best_epoch": 5,
    "best_step": null,
    "best_eval_loss": 0.12174639298915862
  },
  "test_results": {
    "test_loss": 0.12351102001667023,
    "test_psnr": 9.100905163574218
  }
}