{
  "args": {
    "device": "cuda:8",
    "exp_home": "./results",
    "ds_name": "mnist",
    "mode": "denoising",
    "noise_std": 0.25,
    "down_scale": 2.0,
    "model_type": "hourglass",
    "latent_dim": 785,
    "hidden_dims": [
      4,
      4,
      4,
      4,
      4,
      4,
      4,
      4,
      4,
      4,
      4,
      4,
      4,
      4,
      4,
      4,
      4,
      4,
      4,
      4
    ],
    "wo_Win": false,
    "fix_Win": true,
    "I_Win": false,
    "wo_Wout": false,
    "batch_size": 128,
    "epochs": 30,
    "lr": 0.0005,
    "use_augmentation": false,
    "aug_num": 2,
    "run_id": 1,
    "seed": 42
  },
  "training_logs": {
    "train_losses": [
      0.03526779988348484,
      0.01947500613808632,
      0.015962890740931036,
      0.014132291769981384,
      0.012916134235858917,
      0.012007598119080067,
      0.011402520543336868,
      0.01087846559882164,
      0.010442427800297737,
      0.010103932665288449,
      0.009795146332383155,
      0.00954423751682043,
      0.009274359584152698,
      0.009101672618985176,
      0.008930968081951141,
      0.008733501236736774,
      0.008584726915061474,
      0.008456380077302456,
      0.008346442077159882,
      0.00819976185798645,
      0.008115060051381589,
      0.00801557531774044,
      0.007916706255674363,
      0.007840460102558136,
      0.007759916316866874,
      0.007682953870296478,
      0.007620936094671488,
      0.007549702738821507,
      0.007497800450623035,
      0.007439309160411358
    ],
    "eval_losses": [
      0.011775034067034722,
      0.00929409380108118,
      0.00827908869534731,
      0.0077136565193533894,
      0.0072680895879864696,
      0.007035805344581604
    ],
    "psnr": [
      19.293223754882813,
      20.321023330688476,
      20.822588876342774,
      21.12999349975586,
      21.388319122314453,
      21.529309436035156
    ],
    "ssim": [
      0.8010524199485779,
      0.8347029273986817,
      0.8525546255111695,
      0.8591251222610473,
      0.8681752508163452,
      0.8728081022262574
    ],
    "best_epoch": 30,
    "best_step": null,
    "best_eval_loss": 0.007035805344581604
  },
  "test_results": {
    "test_loss": 0.006859282921999693,
    "test_psnr": 21.65496820373535,
    "test_ssim": 0.876075326538086
  }
}