{
  "args": {
    "device": "cuda:7",
    "exp_home": "./results",
    "ds_name": "mnist",
    "mode": "denoising",
    "noise_std": 0.25,
    "down_scale": 2.0,
    "model_type": "conventional",
    "latent_dim": 784,
    "hidden_dims": [
      785,
      785,
      785,
      785
    ],
    "wo_Win": false,
    "fix_Win": false,
    "I_Win": false,
    "wo_Wout": false,
    "batch_size": 128,
    "epochs": 30,
    "lr": 0.001,
    "use_augmentation": false,
    "aug_num": 2,
    "run_id": 5,
    "seed": 42
  },
  "training_logs": {
    "train_losses": [
      0.01794986176609993,
      0.007783432543426752,
      0.006705572737753391,
      0.006168367043882609,
      0.005855959710478783,
      0.005617304741442204,
      0.005396858220100403,
      0.005234430588185787,
      0.005103058648556471,
      0.004984856235831976,
      0.0048799501542747025,
      0.0047725798739492896,
      0.004688613248765469,
      0.004603715168237686,
      0.0045320692892372606,
      0.004444381469041109,
      0.004393120736330748,
      0.004320761698186398,
      0.004256498699784279,
      0.004204962208122015,
      0.004143800367712974,
      0.004079288915544748,
      0.004028946370184422,
      0.003965488953143358,
      0.003909075631722808,
      0.003852321774214506,
      0.00378742624104023,
      0.0037325275333225725,
      0.003678043614551425,
      0.0036274073818326
    ],
    "eval_losses": [
      0.005627250177413225,
      0.00506772632226348,
      0.0045323233090341095,
      0.004292369657754898,
      0.0040265356734395024,
      0.0037616876281797887
    ],
    "psnr": [
      22.499290814208983,
      22.95412230834961,
      23.438755795288085,
      23.674721984863282,
      23.952480978393556,
      24.247905404663086
    ],
    "ssim": [
      0.9071314058303833,
      0.9184527134895325,
      0.9240722463607788,
      0.9278325033187866,
      0.9311724637985229,
      0.9376686109542847
    ],
    "best_epoch": 30,
    "best_step": null,
    "best_eval_loss": 0.0037616876281797887
  },
  "test_results": {
    "test_loss": 0.003734024177491665,
    "test_psnr": 24.286597537231444,
    "test_ssim": 0.939411918926239
  }
}