{
  "args": {
    "device": "cuda:6",
    "exp_home": "./results",
    "ds_name": "mnist",
    "mode": "denoising",
    "noise_std": 0.25,
    "down_scale": 2.0,
    "model_type": "conventional",
    "latent_dim": 784,
    "hidden_dims": [
      1150,
      1150,
      1150,
      1150
    ],
    "wo_Win": false,
    "fix_Win": false,
    "I_Win": false,
    "batch_size": 128,
    "epochs": 100,
    "lr": 0.0001,
    "use_augmentation": false,
    "aug_num": 2,
    "run_id": 1,
    "seed": 42
  },
  "training_logs": {
    "train_losses": [
      0.02701581973165274,
      0.010157434455156326,
      0.00794548209860921,
      0.0069689073798060415,
      0.0064126298712193965,
      0.006021210592836141,
      0.005752664982825517,
      0.005554718204140663,
      0.0053544541874527935,
      0.005230470171868801,
      0.005093168226182461,
      0.004986813937574625,
      0.004908668862432242,
      0.0048272102509438995,
      0.004768498038649559,
      0.004692195003330708,
      0.004632382324486971,
      0.004596142778396607,
      0.004535394731462002,
      0.004493605070859194,
      0.004465544276088476,
      0.004410845786184073,
      0.004370803255289793,
      0.00434797179415822,
      0.004319555405378342,
      0.0042815442277491095,
      0.004261509835273027,
      0.004234281919896603,
      0.004214570638090372,
      0.004184473457336426,
      0.004161460819095373,
      0.004146367815434933,
      0.004116099801510572,
      0.004109833650439977,
      0.0040766820703446865,
      0.004053056195527315,
      0.0040490975292027,
      0.00403689408197999,
      0.004000655843764543,
      0.003987138071507215,
      0.003985983784943819,
      0.003957550355941057,
      0.003943450016528368,
      0.003928730945140123,
      0.003929586066007614,
      0.003908303620815277,
      0.0038857663410902022,
      0.0038807199293375014,
      0.003867870325744152,
      0.0038519180396944285,
      0.0038408866734802724,
      0.003829768767207861,
      0.003813390927910805,
      0.0038114570778608322,
      0.0037985277197510004,
      0.0037849269656836985,
      0.0037715087942779063,
      0.0037586077660322187,
      0.0037564288590848445,
      0.003740314208716154,
      0.003734303148984909,
      0.0037189066849648953,
      0.003710634579062462,
      0.003704649718478322,
      0.0036932017305493356,
      0.0036933173879235984,
      0.0036808001285791397,
      0.0036600626428425313,
      0.0036573548357188702,
      0.003657482163310051,
      0.003644685747921467,
      0.0036367999470233916,
      0.0036272451657801867,
      0.003624043948054314,
      0.0036154950865358113,
      0.003603780441582203,
      0.0035898315019160507,
      0.003588237894847989,
      0.003584536263048649,
      0.0035721906462311743,
      0.0035715188675373793,
      0.003558729007542133,
      0.00355027729049325,
      0.003541076290011406,
      0.0035359869312494995,
      0.0035321877175569535,
      0.0035301050016283988,
      0.0035160523853451013,
      0.0035177554251253603,
      0.0035094613444060087,
      0.0035094054055213927,
      0.0035024288437515497,
      0.003497482257410884,
      0.003487317672520876,
      0.0034815542063117025,
      0.0034858983757346867,
      0.0034734224086254836,
      0.0034736655692756174,
      0.003466880306750536,
      0.0034558339720219375
    ],
    "eval_losses": [
      0.006134234615415335,
      0.00512938936650753,
      0.00473414553180337,
      0.0045535745911300185,
      0.004414020027965307,
      0.004337219892442227,
      0.00422173980101943,
      0.004166099253296852,
      0.004100800688564777,
      0.004066601552814245,
      0.004042388799041509,
      0.004003702313452959,
      0.003979372957348824,
      0.003930791304260492,
      0.003924589280039072,
      0.003885088399797678,
      0.0038514549031853675,
      0.003846916273981333,
      0.0038203484825789927,
      0.0038118890933692457
    ],
    "psnr": [
      22.125837203979493,
      22.902263824462892,
      23.250518157958986,
      23.419120806884766,
      23.554001974487306,
      23.63043900756836,
      23.747585333251955,
      23.804906411743165,
      23.87359252319336,
      23.910480374145507,
      23.93595534362793,
      23.97790432434082,
      24.00450610961914,
      24.057671649169922,
      24.064379580688477,
      24.108455999755858,
      24.146437295532227,
      24.151462716674803,
      24.18141563720703,
      24.190969177246092
    ],
    "ssim": [
      0.8904549348831177,
      0.9038748154640198,
      0.914415297794342,
      0.9175046804428101,
      0.9256437854766846,
      0.9311028694152832,
      0.9353166681289673,
      0.9348728141784668,
      0.9345751284599304,
      0.938372620010376,
      0.940647878074646,
      0.9414691339492798,
      0.940986540222168,
      0.9429614269256592,
      0.94342348279953,
      0.9448814861297608,
      0.9452515083312988,
      0.9470805788040161,
      0.9470567543029785,
      0.9473320344924927
    ],
    "best_epoch": 100,
    "best_step": null,
    "best_eval_loss": 0.0038118890933692457
  },
  "test_results": {
    "test_loss": 0.003806894714012742,
    "test_psnr": 24.20414383544922,
    "test_ssim": 0.9480938658714294
  }
}