{
  "args": {
    "device": "cuda:9",
    "exp_home": "./results",
    "ds_name": "mnist",
    "mode": "generative_classification",
    "noise_std": 0.25,
    "down_scale": 2.0,
    "model_type": "conventional",
    "latent_dim": 784,
    "hidden_dims": [
      1150,
      1150,
      1150,
      1150,
      1150
    ],
    "wo_Win": true,
    "fix_Win": false,
    "I_Win": false,
    "wo_Wout": true,
    "batch_size": 128,
    "epochs": 50,
    "lr": 0.005,
    "use_augmentation": false,
    "aug_num": 2,
    "run_id": 3,
    "seed": 42
  },
  "training_logs": {
    "train_losses": [
      0.027053053313493728,
      0.02014144106566906,
      0.01837652894794941,
      0.01699933129787445,
      0.01649941596746445,
      0.01640173583269119,
      0.015993014675378798,
      0.015464459217786788,
      0.015455621408522129,
      0.015364977822601796,
      0.015183945706486702,
      0.015015827783346177,
      0.014787517647743225,
      0.01472383355230093,
      0.01412909786194563,
      0.01457875963062048,
      0.013943748253583908,
      0.013662258044481278,
      0.014040804150998593,
      0.013673837353289127,
      0.013347628168165683,
      0.013463539368212223,
      0.012962103755772114,
      0.012802310049533845,
      0.012854192054867744,
      0.012902048353850842,
      0.012377878383696079,
      0.012478648584783078,
      0.011741459743082524,
      0.012150334804952145,
      0.011530105601847172,
      0.011514199326336384,
      0.011292491403520108,
      0.011113202846348286,
      0.011140112422406673,
      0.011261912136375904,
      0.010881111787855625,
      0.010719171668887138,
      0.010581300884783268,
      0.010548738298416137,
      0.010462926927506923,
      0.010488598075807095,
      0.01040007036805153,
      0.010174068770706654,
      0.010048707278966904,
      0.009968625396192074,
      0.009947132208943367,
      0.009902882440388203,
      0.009806201112568379,
      0.009823237706422806
    ],
    "eval_losses": [
      0.017388837446272374,
      0.01669622695147991,
      0.01948816668391228,
      0.015371681660413743,
      0.01488158407509327,
      0.01405508807450533,
      0.013832980409264565,
      0.01325514057278633,
      0.012993567271530629,
      0.012835173644125461
    ],
    "psnr": [
      17.65301196899414,
      17.819907595825196,
      17.138927316284178,
      18.175068255615233,
      18.32368718261719,
      18.56811360473633,
      18.631323934936525,
      18.8268470123291,
      18.907319729614258,
      18.958358071899415
    ],
    "ssim": [
      0.9003327792167664,
      0.9017117778778077,
      0.8766947938919067,
      0.9089636361122131,
      0.9129921726226806,
      0.9160525950431824,
      0.9182701986312867,
      0.9215532800674439,
      0.922498896408081,
      0.9236013600349426
    ],
    "best_epoch": 50,
    "best_step": null,
    "best_eval_loss": 0.012835173644125461
  },
  "test_results": {
    "test_loss": 0.012740719528496265,
    "test_psnr": 19.051045751953126,
    "test_ssim": 0.9241596296310425
  }
}