{
  "args": {
    "device": "cuda:9",
    "exp_home": "./results",
    "ds_name": "mnist",
    "mode": "generative_classification",
    "noise_std": 0.25,
    "down_scale": 2.0,
    "model_type": "conventional",
    "latent_dim": 784,
    "hidden_dims": [
      905
    ],
    "wo_Win": true,
    "fix_Win": false,
    "I_Win": false,
    "wo_Wout": true,
    "batch_size": 128,
    "epochs": 50,
    "lr": 0.0001,
    "use_augmentation": false,
    "aug_num": 2,
    "run_id": 1,
    "seed": 42
  },
  "training_logs": {
    "train_losses": [
      0.04837454724788666,
      0.015204768844246864,
      0.01208623497068882,
      0.010458237208724021,
      0.009315672186911107,
      0.008519732941091061,
      0.007863737802803517,
      0.007332995654046536,
      0.006903280438780785,
      0.00656297423735261,
      0.006235826011747122,
      0.005965465866625309,
      0.005736694120764732,
      0.005523514591753483,
      0.005352145582139492,
      0.005158176885545254,
      0.004989066199660301,
      0.004838518847823143,
      0.004739395111948251,
      0.004624684386700392,
      0.004501706165894866,
      0.004404124858230353,
      0.0043132884913682935,
      0.004220258321389556,
      0.004144632991105318,
      0.004079610770270229,
      0.004022089941203595,
      0.003975132439658045,
      0.0038737049842625854,
      0.0038297258570790292,
      0.0037847484186291696,
      0.0037374386139214038,
      0.003666292496174574,
      0.0036451380562782286,
      0.003608445167243481,
      0.0035465466084331275,
      0.003530999902188778,
      0.003501186091601849,
      0.0034814329712092875,
      0.0034274768095463514,
      0.00342209524422884,
      0.003388472545146942,
      0.003377484987527132,
      0.0033547124928981066,
      0.003339973548799753,
      0.003323459091410041,
      0.003299430004283786,
      0.0033028230318427085,
      0.0033036865066736936,
      0.003306626178175211
    ],
    "eval_losses": [
      0.00921744034588337,
      0.007251521614193917,
      0.0064646233916282655,
      0.005976277070492506,
      0.005808163371682167,
      0.0055918172262609004,
      0.005499477123469114,
      0.00553420792222023,
      0.005419942730665207,
      0.0053114193767309185
    ],
    "psnr": [
      20.42805827636719,
      21.488783474731445,
      22.00821110534668,
      22.349170178222657,
      22.491034573364256,
      22.649865209960936,
      22.731050491333008,
      22.692293338012696,
      22.800459881591795,
      22.881823223876953
    ],
    "ssim": [
      0.8387160807609558,
      0.8854967672348022,
      0.9059311424255371,
      0.913726957321167,
      0.9173539156913757,
      0.9204894771575928,
      0.9235624849319458,
      0.9247456553459168,
      0.9252389604568482,
      0.9259295463562012
    ],
    "best_epoch": 50,
    "best_step": null,
    "best_eval_loss": 0.0053114193767309185
  },
  "test_results": {
    "test_loss": 0.00529051900934428,
    "test_psnr": 23.375614801025392,
    "test_ssim": 0.9276031418800355
  }
}