{
  "args": {
    "device": "cuda:0",
    "exp_home": "./results",
    "ds_name": "mnist",
    "mode": "denoising",
    "noise_std": 0.25,
    "down_scale": 2.0,
    "model_type": "conventional",
    "latent_dim": 784,
    "hidden_dims": [
      1150,
      1150,
      1150,
      1150
    ],
    "wo_Win": true,
    "fix_Win": false,
    "I_Win": false,
    "wo_Wout": true,
    "batch_size": 128,
    "epochs": 30,
    "lr": 0.0001,
    "use_augmentation": false,
    "aug_num": 2,
    "run_id": 1,
    "seed": 42
  },
  "training_logs": {
    "train_losses": [
      0.021332171197235586,
      0.007736114437580109,
      0.006329036547094584,
      0.005723317493200302,
      0.005387741994857788,
      0.005145903747677803,
      0.004991199493259191,
      0.004869133360683918,
      0.004742969704121351,
      0.004675659345388413,
      0.0045864454336464406,
      0.004515398724675179,
      0.004470877191871405,
      0.004408495418131352,
      0.0043718356058001515,
      0.004322514297664165,
      0.004290132628232241,
      0.0042575204314291475,
      0.004213836082816124,
      0.004184787778258324,
      0.004163631925582886,
      0.004131454124301672,
      0.004103484850376845,
      0.004083817848414183,
      0.004066749504059553,
      0.004049019806087017,
      0.004032792266607284,
      0.004013123148679733,
      0.004007555936798453,
      0.003989790196865797
    ],
    "eval_losses": [
      0.005042342492192983,
      0.0045070087864995,
      0.004280259946733713,
      0.004152071097493172,
      0.004068428611010313,
      0.004000219015777111
    ],
    "psnr": [
      22.976480026245117,
      23.463451287841796,
      23.687660565185546,
      23.819540957641603,
      23.907752496337892,
      23.981574395751952
    ],
    "ssim": [
      0.8709859108924866,
      0.9024910375595093,
      0.9154629052162171,
      0.9232390051841736,
      0.9282368728637695,
      0.9310508123397827
    ],
    "best_epoch": 30,
    "best_step": null,
    "best_eval_loss": 0.004000219015777111
  },
  "test_results": {
    "test_loss": 0.003989132887870074,
    "test_psnr": 24.000463821411135,
    "test_ssim": 0.9320106266021728
  }
}