{
  "args": {
    "device": "cuda:7",
    "exp_home": "./results",
    "ds_name": "mnist",
    "mode": "denoising",
    "noise_std": 0.25,
    "down_scale": 2.0,
    "model_type": "conventional",
    "latent_dim": 784,
    "hidden_dims": [
      2870,
      2870,
      2870,
      2870,
      2870,
      2870
    ],
    "wo_Win": false,
    "fix_Win": false,
    "I_Win": false,
    "wo_Wout": false,
    "batch_size": 128,
    "epochs": 30,
    "lr": 0.001,
    "use_augmentation": false,
    "aug_num": 2,
    "run_id": 3,
    "seed": 42
  },
  "training_logs": {
    "train_losses": [
      0.028810837990641595,
      0.01820205560684204,
      0.018171786580085756,
      0.017987568961679936,
      0.01774529777109623,
      0.016444843546152114,
      0.016552351734042167,
      0.016081331797540187,
      0.014780099640190602,
      0.01423071747124195,
      0.014625984000563622,
      0.013829071658849716,
      0.01611741770595312,
      0.014086906087100505,
      0.013053121148049832,
      0.012064777270853519,
      0.012271533042788505,
      0.01057305981874466,
      0.009912464392483234,
      0.010380330856144428,
      0.009032100694775582,
      0.010132530641555787,
      0.00887927872031927,
      0.009235899921655655,
      0.008366178534328937,
      0.007907424761503934,
      0.007336580737233162,
      0.0072089864882826805,
      0.006737328159064054,
      0.006676380504965782
    ],
    "eval_losses": [
      0.015218802431225777,
      0.016095192743837833,
      0.011190887181460857,
      0.009896093015372753,
      0.007658358393609524,
      0.005829238941520452
    ],
    "psnr": [
      18.234743298339843,
      17.981144647216798,
      19.570962030029296,
      20.10816523132324,
      21.22750671081543,
      22.411239654541017
    ],
    "ssim": [
      0.8796394470214843,
      0.887276824092865,
      0.9151995995521546,
      0.9152838603973389,
      0.9254083732604981,
      0.9319533981323243
    ],
    "best_epoch": 30,
    "best_step": null,
    "best_eval_loss": 0.005829238941520452
  },
  "test_results": {
    "test_loss": 0.0055135175965726375,
    "test_psnr": 22.680865747070314,
    "test_ssim": 0.9348512166023254
  }
}