{
  "args": {
    "device": "cuda:2",
    "exp_home": "./results",
    "ds_name": "mnist",
    "mode": "generative_classification",
    "noise_std": 0.25,
    "down_scale": 2.0,
    "model_type": "conventional",
    "latent_dim": 784,
    "hidden_dims": [
      1150
    ],
    "wo_Win": false,
    "fix_Win": false,
    "I_Win": false,
    "batch_size": 128,
    "epochs": 100,
    "lr": 0.0001,
    "use_augmentation": true,
    "aug_num": 2,
    "run_id": 4,
    "seed": 42
  },
  "training_logs": {
    "train_losses": [
      0.026563987150192262,
      0.010878653641045094,
      0.00871379857197404,
      0.007441172602176666,
      0.006598836143910885,
      0.005931582345962525,
      0.005423260745406151,
      0.00500966255441308,
      0.0046400122311711315,
      0.004358716410920024,
      0.0041019189438223835,
      0.003876011489033699,
      0.0037073106253892184,
      0.003544791520237923,
      0.003382493530139327,
      0.003238198920637369,
      0.0031283822378516198,
      0.003011452196985483,
      0.0029126404462754725,
      0.0027998876677453517,
      0.002719864199757576,
      0.0026300994914025067,
      0.002557777548879385,
      0.0024843871556967496,
      0.0024136962512135507,
      0.0023758389541506768,
      0.0023085622761398555,
      0.0022593337772041557,
      0.002207230813354254,
      0.002170956414118409,
      0.002119590272977948,
      0.0020754582968354226,
      0.0020518281155824662,
      0.0019969213715195656,
      0.001974761214442551,
      0.0019424912942945958,
      0.001899099433273077,
      0.001877171797081828,
      0.001839710068665445,
      0.0018056068548560143,
      0.0017897494667768478,
      0.0017528246169537306,
      0.001738263109177351,
      0.0016989120493084192,
      0.0016824707414954902,
      0.0016639337099343537,
      0.0016431689446792007,
      0.001622695373892784,
      0.001598014742396772,
      0.001574611890539527,
      0.0015629023319482804,
      0.001537622377127409,
      0.0015213336157798767,
      0.001516555680334568,
      0.0014888433552905918,
      0.0014806708949804306,
      0.0014676813168078662,
      0.0014418558184057474,
      0.0014385446174442768,
      0.0014213299080356955,
      0.0014008444920927286,
      0.001385202912762761,
      0.0013758552870154382,
      0.0013572898235172032,
      0.0013417013266682626,
      0.0013359897621721029,
      0.0013240431683138013,
      0.0013120337755978108,
      0.0013045095179229974,
      0.0012858811426162719,
      0.0012741620825231076,
      0.0012751638413220645,
      0.0012494879991561175,
      0.001244835307225585,
      0.001233024294488132,
      0.0012230922689661383,
      0.0012202197726070881,
      0.0012081417117267847,
      0.001203842429816723,
      0.0011912662836909293,
      0.001172927926965058,
      0.0011747024649009109,
      0.001162812194749713,
      0.0011558563285693525,
      0.0011487252037227153,
      0.0011394862627983093,
      0.001129416369125247,
      0.001121956288293004,
      0.0011183234398066998,
      0.001110436784811318,
      0.001101633258536458,
      0.0010968169381469488,
      0.0010963749547302723,
      0.001085459206700325,
      0.001079933358989656,
      0.0010723507157713176,
      0.0010694613759219646,
      0.0010710565758496524,
      0.0010576324392855168,
      0.001052463007196784
    ],
    "eval_losses": [
      0.006968783208727836,
      0.005426605982333421,
      0.0050706455312669275,
      0.004840030771493912,
      0.004773366621136665,
      0.004605044280737639,
      0.004518582393974066,
      0.004573697807639838,
      0.004546206536889076,
      0.004406071029603481,
      0.0044075476109981535,
      0.004436303144693374,
      0.0044104006215929985,
      0.004392063618451357,
      0.0044766386605799196,
      0.004364423481374979,
      0.004372943989187479,
      0.004363798823952675,
      0.0043696303263306615,
      0.004368926704674959
    ],
    "psnr": [
      21.637140789794923,
      22.742620303344726,
      23.04677474975586,
      23.2527929107666,
      23.3133614654541,
      23.479463638305663,
      23.560113171386718,
      23.51789161376953,
      23.535727630615234,
      23.682084729003908,
      23.67495251464844,
      23.657263571166993,
      23.690455072021486,
      23.694272186279296,
      23.617949673461915,
      23.730703399658204,
      23.721142486572266,
      23.73380642700195,
      23.728172735595702,
      23.72877243652344
    ],
    "best_epoch": 90,
    "best_step": null,
    "best_eval_loss": 0.004363798823952675
  },
  "test_results": {
    "test_loss": 0.004380559600889683,
    "test_psnr": 24.13488260803223
  }
}