{
  "args": {
    "device": "cuda:3",
    "exp_home": "./results",
    "ds_name": "mnist",
    "mode": "generative_classification",
    "noise_std": 0.25,
    "down_scale": 2.0,
    "model_type": "conventional",
    "latent_dim": 784,
    "hidden_dims": [
      1150,
      1150,
      1150,
      1150
    ],
    "wo_Win": false,
    "fix_Win": false,
    "I_Win": true,
    "batch_size": 128,
    "epochs": 100,
    "lr": 5e-05,
    "use_augmentation": true,
    "aug_num": 2,
    "run_id": 1,
    "seed": 42
  },
  "training_logs": {
    "train_losses": [
      0.017834791781902313,
      0.004503732351511717,
      0.003099960838854313,
      0.0023951117378845812,
      0.001958986102938652,
      0.001681246844176203,
      0.0014507896701619028,
      0.0012726829079631717,
      0.0011531891052611173,
      0.0009904122166708113,
      0.0009217982288543135,
      0.0008792463975492864,
      0.0008016792942304164,
      0.0007311075919400901,
      0.0006674006847850978,
      0.000639608129770495,
      0.00062700868004933,
      0.000600447336314246,
      0.0005298988352715969,
      0.0004760782703757286,
      0.00048007043252233417,
      0.00048433336346410217,
      0.0004409135841391981,
      0.0004133588336966932,
      0.00039712160788942126,
      0.00036720930493902413,
      0.0003780317066796124,
      0.000351156089194119,
      0.00030713490542024375,
      0.0003030539075890556,
      0.0003542012442927808,
      0.00028124687992036343,
      0.00027261684106197207,
      0.0003504084089631215,
      0.00024295499495696277,
      0.00023333664525067435,
      0.00023432119485922157,
      0.00023310592795256526,
      0.00027772408758290114,
      0.00019956630658823996,
      0.00019242674343287946,
      0.00019384721598122268,
      0.00021412456831894816,
      0.000176569637209177,
      0.00016172361928038298,
      0.000210468936432153,
      0.00015272204018197954,
      0.00015809497378999366,
      0.000166616754764691,
      0.00013720010325778275,
      0.0001242853665188886,
      0.00013960280978819354,
      0.00013381393109681086,
      0.00013219305319711567,
      0.00011781003869371488,
      0.00011259899081895128,
      0.00011736915957531892,
      0.0001085608992073685,
      8.484961994690821e-05,
      0.00010045639385003596,
      8.005339711438864e-05,
      8.743293910287321e-05,
      7.306826984859071e-05,
      0.00010033057864988222,
      8.937294216942974e-05,
      6.451200777199119e-05,
      7.117758450098335e-05,
      8.611099080648273e-05,
      7.72304813703522e-05,
      6.933813261566684e-05,
      6.869101599557326e-05,
      6.036532202502712e-05,
      5.054778061341494e-05,
      4.942396057303995e-05,
      4.408214879687876e-05,
      4.983672387257684e-05,
      5.2186402656370775e-05,
      4.819163297419436e-05,
      4.024630489060655e-05,
      4.455968577822205e-05,
      4.6292278073960915e-05,
      3.410999351879582e-05,
      3.6249815862975084e-05,
      3.2705750549794176e-05,
      3.756999504868872e-05,
      3.76980254042428e-05,
      2.889782608835958e-05,
      2.7556239677942358e-05,
      2.5508165713399648e-05,
      2.5137034720391967e-05,
      2.3382253183517606e-05,
      2.5537573548499496e-05,
      2.2502290236297993e-05,
      2.1998124820529484e-05,
      2.2683454960933886e-05,
      2.2943356083706023e-05,
      2.2207766749197618e-05,
      2.1348442960879764e-05,
      2.100629592547193e-05,
      2.1162385925417767e-05
    ],
    "eval_losses": [
      0.003349430617690086,
      0.0027038002237677575,
      0.0022943605848122386,
      0.0023792727820575238,
      0.0021636704955250025,
      0.002477214944479056,
      0.0022090039842878467,
      0.0020362037156242876,
      0.0020019124273210763,
      0.0019392441036645324,
      0.002066956364735961,
      0.0018733437632210553,
      0.001832030760543421,
      0.0019259586904547177,
      0.001791453555203043,
      0.0018455891023389996,
      0.0019009772566496393,
      0.0017224841467570514,
      0.0016502792512532324,
      0.0016468392515555023
    ],
    "psnr": [
      25.196402740478515,
      26.128251748657227,
      27.38524398803711,
      26.95709125061035,
      27.449828076171876,
      26.73440708618164,
      27.421091540527343,
      28.144606427001953,
      27.96338032836914,
      28.488459341430666,
      27.611621978759764,
      28.52535078125,
      28.65705576171875,
      28.629955670166016,
      29.080315997314454,
      28.654818576049806,
      28.934004418945314,
      29.519437139892577,
      29.816483978271485,
      29.960650006103517
    ],
    "best_epoch": 100,
    "best_step": null,
    "best_eval_loss": 0.0016468392515555023
  },
  "test_results": {
    "test_loss": 0.0016551535228951251,
    "test_psnr": 33.05689822998047
  }
}