{
  "args": {
    "device": "cuda:0",
    "exp_home": "./results",
    "ds_name": "mnist",
    "mode": "denoising",
    "noise_std": 0.25,
    "down_scale": 2.0,
    "model_type": "conventional",
    "latent_dim": 784,
    "hidden_dims": [
      785,
      785
    ],
    "wo_Win": true,
    "fix_Win": false,
    "I_Win": false,
    "wo_Wout": true,
    "batch_size": 128,
    "epochs": 30,
    "lr": 0.005,
    "use_augmentation": false,
    "aug_num": 2,
    "run_id": 4,
    "seed": 42
  },
  "training_logs": {
    "train_losses": [
      0.01612559177547693,
      0.013194312433600426,
      0.014413768067359924,
      0.015338577640056611,
      0.015927436284422874,
      0.01624059903204441,
      0.016500864914059638,
      0.016687791410684584,
      0.016780409984588622,
      0.016829775707125665,
      0.016780435702204704,
      0.01678431557774544,
      0.016697240421175957,
      0.01658197178721428,
      0.016485747302770616,
      0.01635442155659199,
      0.016238377626538278,
      0.01607880855590105,
      0.015932659583091736,
      0.01578905228853226,
      0.0156573452180624,
      0.015491066556572914,
      0.015328663499355317,
      0.015192586042582988,
      0.015070031837821006,
      0.014918642522096634,
      0.01478159773826599,
      0.014652945717871188,
      0.014562357639372348,
      0.014462888345718385
    ],
    "eval_losses": [
      0.015862336221337318,
      0.016622887456417084,
      0.01627389033436775,
      0.015610402742028236,
      0.014962727077305317,
      0.014367231763899327
    ],
    "psnr": [
      17.997937701416017,
      17.794512142944335,
      17.886823318481444,
      18.067557659912108,
      18.251685842895508,
      18.428227642822264
    ],
    "ssim": [
      0.8804767102241516,
      0.8802478115081787,
      0.8832343890190124,
      0.8883895169258118,
      0.893148899269104,
      0.8966784766197204
    ],
    "best_epoch": 30,
    "best_step": null,
    "best_eval_loss": 0.014367231763899327
  },
  "test_results": {
    "test_loss": 0.014295224587619304,
    "test_psnr": 18.4536036529541,
    "test_ssim": 0.8972909183502197
  }
}