{
  "args": {
    "device": "cuda:2",
    "exp_home": "./results",
    "ds_name": "mnist",
    "mode": "generative_classification",
    "noise_std": 0.25,
    "down_scale": 2.0,
    "model_type": "conventional",
    "latent_dim": 784,
    "hidden_dims": [
      785,
      785,
      785,
      785,
      785
    ],
    "wo_Win": true,
    "fix_Win": false,
    "I_Win": false,
    "wo_Wout": true,
    "batch_size": 128,
    "epochs": 100,
    "lr": 0.001,
    "use_augmentation": true,
    "aug_num": 4,
    "run_id": 1,
    "seed": 42
  },
  "training_logs": {
    "train_losses": [
      0.013400315678715706,
      0.008085762978494167,
      0.006984109854847193,
      0.006361628779619932,
      0.00590357226498425,
      0.00562592047303915,
      0.005231728455349803,
      0.004949322311282158,
      0.004795224121883512,
      0.0045147001489251855,
      0.004279763803705573,
      0.004206881473883987,
      0.003999547195136547,
      0.0038486115944385527,
      0.0036811996322125198,
      0.0035252298130095004,
      0.0034548087377101184,
      0.0032951020055264233,
      0.003221700783520937,
      0.003118953102827072,
      0.0030138587337732313,
      0.002910410016477108,
      0.0027952602008730174,
      0.002752536105439067,
      0.0026379586762189863,
      0.002486327107138932,
      0.002484524779766798,
      0.0024601105112582447,
      0.0023686495702713727,
      0.0022750480887293815,
      0.0022325765146687625,
      0.0021422070370987058,
      0.002073713199645281,
      0.002019496297761798,
      0.001959542583487928,
      0.001982375600710511,
      0.001900015927106142,
      0.0018032346641644835,
      0.001761122793853283,
      0.0017879040138050913,
      0.001650224377028644,
      0.0016680012650042773,
      0.0015999650416895748,
      0.0015666733679920435,
      0.0014994637202098966,
      0.0014668836458399891,
      0.0014134468070417642,
      0.0014257138061523438,
      0.001384162024743855,
      0.0013445364728569985,
      0.0013312023009359837,
      0.0012391402355208993,
      0.0012621129548549652,
      0.0012074310285411776,
      0.0011773176887258888,
      0.0011508217050135135,
      0.0011047285820543766,
      0.0010617016337066889,
      0.0011126855229213835,
      0.0010343085215613246,
      0.0010378443649969994,
      0.0009750882529094815,
      0.0009716771775297821,
      0.0009491992247849703,
      0.0009104033884778619,
      0.0008702287642098963,
      0.0009102099358849228,
      0.0008477045124396682,
      0.0008313232569955289,
      0.0007977307170629501,
      0.0007703750984929502,
      0.000763253025393933,
      0.0007287226178310811,
      0.0007354334755800664,
      0.0006818569761887193,
      0.0006708235328830779,
      0.000642408431135118,
      0.0006303916292265058,
      0.0006119344397261738,
      0.0005914571914076805,
      0.0005632602336630225,
      0.0005813815536350012,
      0.0005521827417239546,
      0.0005232074290700256,
      0.0005201278050336987,
      0.0004970849914290011,
      0.00047865146044641734,
      0.0004787562838383019,
      0.0004544563984218985,
      0.0004442090528830886,
      0.00042784916376695036,
      0.00041324705546721816,
      0.0004001165646314621,
      0.0003893989336397499,
      0.00037112277499400077,
      0.00035445950066670775,
      0.0003424257444683462,
      0.0003275899410806596,
      0.00031759122570045294,
      0.00031227421754039826
    ],
    "eval_losses": [
      0.004633944165706634,
      0.0037064982324605806
    ],
    "psnr": [
      23.60657355041504,
      24.82592037963867
    ],
    "ssim": [
      0.9698848521232605,
      0.9760092601776124
    ],
    "best_epoch": 100,
    "best_step": null,
    "best_eval_loss": 0.0037064982324605806
  },
  "test_results": {
    "test_loss": 0.0038611014146357776,
    "test_psnr": 25.911984985351562,
    "test_ssim": 0.9755905905723572
  }
}