{
  "args": {
    "device": "cuda:8",
    "exp_home": "./results",
    "ds_name": "mnist",
    "mode": "denoising",
    "noise_std": 0.25,
    "down_scale": 2.0,
    "model_type": "conventional",
    "latent_dim": 784,
    "hidden_dims": [
      1150,
      1150
    ],
    "wo_Win": false,
    "fix_Win": false,
    "I_Win": false,
    "wo_Wout": false,
    "batch_size": 128,
    "epochs": 30,
    "lr": 0.0005,
    "use_augmentation": false,
    "aug_num": 2,
    "run_id": 1,
    "seed": 42
  },
  "training_logs": {
    "train_losses": [
      0.019185660525262355,
      0.007393282509595155,
      0.006268770730346441,
      0.005808023321628571,
      0.005505804382115603,
      0.005284560263305903,
      0.005142367472350597,
      0.0050000118453800676,
      0.004881999612152577,
      0.004806477674394846,
      0.004705939306020737,
      0.004627463175058365,
      0.004546204343885183,
      0.004478306169211865,
      0.004415420168787241,
      0.004349562788009643,
      0.00428187892228365,
      0.004239080150425434,
      0.00417308577850461,
      0.004118192888200283,
      0.004080888144820928,
      0.004019303117543459,
      0.003969818961471319,
      0.0039217465159296985,
      0.003881333249807358,
      0.0038333579731732606,
      0.0037992377047985793,
      0.0037526378808915616,
      0.0037158690678328276,
      0.003677488760277629
    ],
    "eval_losses": [
      0.005406983282417059,
      0.004725986904650927,
      0.004424266378581524,
      0.004239956906437874,
      0.0040030774444341655,
      0.0038182012669742108
    ],
    "psnr": [
      22.673048236083986,
      23.257163159179687,
      23.543971994018555,
      23.728588638305663,
      23.978022131347657,
      24.183819076538086
    ],
    "ssim": [
      0.9022531084060669,
      0.9121623523712158,
      0.9180704093933105,
      0.9282423439025879,
      0.9314851088523864,
      0.938196488571167
    ],
    "best_epoch": 30,
    "best_step": null,
    "best_eval_loss": 0.0038182012669742108
  },
  "test_results": {
    "test_loss": 0.0038107828237116336,
    "test_psnr": 24.19883354797363,
    "test_ssim": 0.9391105272293091
  }
}