{
  "args": {
    "device": "cuda:1",
    "exp_home": "./results",
    "ds_name": "mnist",
    "mode": "denoising",
    "noise_std": 0.25,
    "down_scale": 2.0,
    "model_type": "conventional",
    "latent_dim": 784,
    "hidden_dims": [
      1150,
      1150,
      1150,
      1150
    ],
    "wo_Win": true,
    "fix_Win": false,
    "I_Win": false,
    "batch_size": 128,
    "epochs": 100,
    "lr": 0.0005,
    "use_augmentation": true,
    "aug_num": 4,
    "run_id": 1,
    "seed": 42
  },
  "training_logs": {
    "train_losses": [
      0.01090096233099699,
      0.00623522029131651,
      0.005816145582199097,
      0.005584899967461824,
      0.0054386012215912344,
      0.005317111765146256,
      0.005204673549830913,
      0.005123832160681486,
      0.005055618481189013,
      0.004982476966232062,
      0.004925487963557244,
      0.004875740995109081,
      0.00482636400103569,
      0.004785140778571367,
      0.004741587779521942,
      0.0046997912307083604,
      0.004668027065396309,
      0.004638094130009413,
      0.0046112750132381915,
      0.004577839858233929,
      0.00454497568026185,
      0.004519547249227762,
      0.0044972952577471735,
      0.004477564815580845,
      0.004446549190282822,
      0.004423405598849058,
      0.004398503515422344,
      0.004381530309021473,
      0.004364821692258119,
      0.00433985496044159,
      0.004321899688541889,
      0.00430255242228508,
      0.004278894262164831,
      0.004267013772130013,
      0.004249445150643587,
      0.004228956937640906,
      0.00421767537638545,
      0.004196770758181811,
      0.0041743583342432975,
      0.00416015741378069,
      0.0041495101463794705,
      0.004133759592473507,
      0.004115412274897099,
      0.004103693816065788,
      0.004088504658192396,
      0.004075470298081636,
      0.004063607338219881,
      0.004047798455655575,
      0.004032212008237839,
      0.004021335724294185,
      0.004006335417926311,
      0.003993422728925943,
      0.003974967839568853,
      0.003969356038570404,
      0.0039490118031203746,
      0.003935585221946239,
      0.003927266099601984,
      0.0039136578610539435,
      0.003895376832485199,
      0.0038886839643120764,
      0.0038739927618205547,
      0.0038620916372537613,
      0.003849257861375809,
      0.003834029234498739,
      0.003823285818696022,
      0.0038112477169930936,
      0.0038009614390134812,
      0.003786222243383527,
      0.003771692763417959,
      0.003759353870153427,
      0.0037473655560612677,
      0.003736180587783456,
      0.0037241336544603107,
      0.00371039237819612,
      0.0036979913960397243,
      0.003689748300611973,
      0.003673400619402528,
      0.0036608608850091694,
      0.003647967519760132,
      0.0036352580680698156,
      0.0036245425413548946,
      0.0036114403314143418,
      0.0035958527391403913,
      0.0035804494462162257,
      0.003570694622397423,
      0.0035593899048864844,
      0.003546354815661907,
      0.0035313204504549504,
      0.0035161601692438125,
      0.003505344194099307,
      0.0034900712320953607,
      0.003478550570607185,
      0.003465061838850379,
      0.0034543355310708286,
      0.003442347818017006,
      0.0034279493045806884,
      0.003418368534818292,
      0.0034060814064741135,
      0.0033938393478095534,
      0.003385725220069289
    ],
    "eval_losses": [
      0.005085286548733711,
      0.0047087277397513385,
      0.004464412458240986,
      0.004322242636233568,
      0.004239147457480431,
      0.004154545696824789,
      0.004059015821665526,
      0.0039913457751274105,
      0.003922491279244423,
      0.003883689943701029,
      0.0038046422351151704,
      0.003752387744188309,
      0.0037187595792114734,
      0.0036497883647680284,
      0.0036212246149778366,
      0.00356400665268302,
      0.0035381880529224874,
      0.0034862220380455257,
      0.0034500782746821643,
      0.0034041913740336894
    ],
    "psnr": [
      22.938378344726562,
      23.27246424560547,
      23.503897729492188,
      23.644595095825196,
      23.729414056396486,
      23.816517959594727,
      23.91784024658203,
      23.990857931518555,
      24.066431307983397,
      24.109577410888672,
      24.198747247314454,
      24.258653631591798,
      24.298009524536134,
      24.379182110595703,
      24.413477099609374,
      24.48278045654297,
      24.513885235595705,
      24.57822318725586,
      24.62368631591797,
      24.681779818725587
    ],
    "ssim": [
      0.9139865778923034,
      0.9273061075210571,
      0.9338791923522949,
      0.939161843585968,
      0.9402860642433166,
      0.9433534097671509,
      0.9433652610778809,
      0.9457616428375244,
      0.9485838287353515,
      0.9502003443717957,
      0.9501272397994995,
      0.9507159952163696,
      0.9505325128555298,
      0.9535075897216797,
      0.9540653833389282,
      0.9544196705818176,
      0.956274084854126,
      0.9570817219734192,
      0.9583057056427002,
      0.958054133605957
    ],
    "best_epoch": 100,
    "best_step": null,
    "best_eval_loss": 0.0034041913740336894
  },
  "test_results": {
    "test_loss": 0.0033998500615358353,
    "test_psnr": 24.694136346435545,
    "test_ssim": 0.9586932460784912
  }
}