{
  "args": {
    "device": "cuda:1",
    "exp_home": "./results",
    "ds_name": "mnist",
    "mode": "generative_classification",
    "noise_std": 0.25,
    "down_scale": 2.0,
    "model_type": "conventional",
    "latent_dim": 784,
    "hidden_dims": [
      1150
    ],
    "wo_Win": false,
    "fix_Win": false,
    "I_Win": false,
    "batch_size": 128,
    "epochs": 100,
    "lr": 0.0001,
    "use_augmentation": false,
    "aug_num": 2,
    "run_id": 2,
    "seed": 42
  },
  "training_logs": {
    "train_losses": [
      0.029363866383135317,
      0.010264227292984724,
      0.008128954882472754,
      0.006877617681473494,
      0.0060401222255826,
      0.0053644760981202124,
      0.004871274192705751,
      0.004472694135531783,
      0.004117994524762034,
      0.003821401290297508,
      0.003550040110945702,
      0.003312196761369705,
      0.003118333153128624,
      0.002925117037296295,
      0.002743924118503928,
      0.0026041212442517283,
      0.002468226396217942,
      0.0023388226877897977,
      0.002229603286460042,
      0.002138580430597067,
      0.002013411139771342,
      0.0019245651553198694,
      0.0018635378972440958,
      0.0017968319252878427,
      0.0017418493694067,
      0.001671597314104438,
      0.0016171877149492502,
      0.001565427536442876,
      0.0015100195211917161,
      0.0014672893945500256,
      0.001419975409246981,
      0.0013758946845307946,
      0.0013492132985964418,
      0.0013070469880476594,
      0.0012913841186091304,
      0.0012572754965350032,
      0.0012224949077144266,
      0.0011803852789849043,
      0.001174299302585423,
      0.0011462746247649193,
      0.0011125041952729225,
      0.0010997979452088476,
      0.0010745826327055693,
      0.0010529401148110628,
      0.0010315262214466929,
      0.001014755739532411,
      0.00100136629704386,
      0.0009802436436712743,
      0.0009613810798898339,
      0.0009451767167821527,
      0.0009328344274498522,
      0.0009131245605275035,
      0.0009114406245574355,
      0.0008871912252157927,
      0.0008800367686338723,
      0.0008664516901224852,
      0.0008554884848371149,
      0.0008482483563199639,
      0.0008330377416685224,
      0.0008281738283857703,
      0.0008086931855417787,
      0.0008030302185192704,
      0.000793225616645068,
      0.0007778462922200561,
      0.0007704189419001341,
      0.0007476906574703753,
      0.0007537477650120854,
      0.0007445175661332905,
      0.0007376934712007642,
      0.0007349366691149771,
      0.0007167752676829695,
      0.0007138843692839146,
      0.0007085303253307938,
      0.0006964015408419073,
      0.0006894383301213384,
      0.0006810733953490853,
      0.000679581612367183,
      0.0006774383421242237,
      0.0006630863835662604,
      0.000659630547836423,
      0.0006522799802944064,
      0.0006521566993370652,
      0.0006366364130191505,
      0.0006357716581039131,
      0.0006314577752165497,
      0.000626051301471889,
      0.0006197940018586814,
      0.0006180097748711705,
      0.0006146687435545028,
      0.000607290050201118,
      0.0006051453682407737,
      0.0006051558636501432,
      0.0005986191160231829,
      0.0005908145988360047,
      0.0005911369125917553,
      0.0005820677405782044,
      0.0005815912414714695,
      0.0005743832268193365,
      0.0005707628177478909,
      0.0005691713899560273
    ],
    "eval_losses": [
      0.006056232592463493,
      0.00477249378785491,
      0.004307161013036966,
      0.004037528996169567,
      0.003916149896755814,
      0.0038033868253231047,
      0.0037226261131465435,
      0.0037196550257503984,
      0.003697305848449469,
      0.0036605051513761283,
      0.003637540701404214,
      0.003661901867762208,
      0.003658685038611293,
      0.0036626342944800854,
      0.003677284350991249,
      0.0036560492131859066,
      0.003640927494689822,
      0.0036503291085362433,
      0.0036523488122969868,
      0.0036706169061362743
    ],
    "psnr": [
      22.285574282836915,
      23.33894846191406,
      23.782203021240235,
      24.06347830810547,
      24.21451207885742,
      24.343544277954102,
      24.43435920410156,
      24.444846032714842,
      24.47213616027832,
      24.522205505371094,
      24.55877473144531,
      24.524243380737303,
      24.53390499572754,
      24.53557286376953,
      24.510353598022462,
      24.538502658081054,
      24.557429412841795,
      24.545475146484375,
      24.54435919494629,
      24.52334147644043
    ],
    "best_epoch": 55,
    "best_step": null,
    "best_eval_loss": 0.003637540701404214
  },
  "test_results": {
    "test_loss": 0.0036032484816387296,
    "test_psnr": 25.10879434509277
  }
}