{
  "args": {
    "device": "cuda:2",
    "exp_home": "./results",
    "ds_name": "mnist",
    "mode": "generative_classification",
    "noise_std": 0.25,
    "down_scale": 2.0,
    "model_type": "conventional",
    "latent_dim": 784,
    "hidden_dims": [
      1150,
      1150,
      1150,
      1150,
      1150,
      1150,
      1150,
      1150,
      1150,
      1150
    ],
    "wo_Win": false,
    "fix_Win": false,
    "I_Win": true,
    "batch_size": 128,
    "epochs": 100,
    "lr": 0.0001,
    "use_augmentation": true,
    "aug_num": 4,
    "run_id": 1,
    "seed": 42
  },
  "training_logs": {
    "train_losses": [
      0.011128077467978,
      0.005137438113354147,
      0.004058827146552503,
      0.0034727699252590535,
      0.0030004408304393293,
      0.002663431649841368,
      0.002402976072356105,
      0.0021972394091263414,
      0.0019711915654409677,
      0.0018326574353221803,
      0.00167142119419761,
      0.0015669739268813281,
      0.0014892888539098203,
      0.0013611607554042712,
      0.0012879197421856224,
      0.0012098467464465648,
      0.0011257514850376174,
      0.0010716912970133126,
      0.001022248026332818,
      0.0009260097326152027,
      0.0009066010700492189,
      0.0008487586473766714,
      0.0008559791659237816,
      0.0007569540741690434,
      0.0007559989221068099,
      0.0007034858295461163,
      0.0006776825265283696,
      0.0006369926595850848,
      0.0006158771110116504,
      0.0005692754588625394,
      0.0005691262668021954,
      0.0005203984969342128,
      0.0005159628955367952,
      0.00048685374044347556,
      0.00045810905970749443,
      0.0004491158912051469,
      0.00042700251816771924,
      0.00043767551719211043,
      0.0003828695971041452,
      0.0003764078530145343,
      0.0003572619252325967,
      0.0003430423981556669,
      0.00032749126158305444,
      0.000330435251245508,
      0.00031387121121282687,
      0.00029383907972602174,
      0.0002648413637233898,
      0.0003075710919266567,
      0.0002737445177230984,
      0.00024179210849571974,
      0.00024534421096730514,
      0.0002372416693228297,
      0.00023517838953179308,
      0.0002062442283524433,
      0.000213919692261843,
      0.00019584917139436585,
      0.0001994982212863397,
      0.0001768205497378949,
      0.0001786707842350006,
      0.00017191391619388014,
      0.0001535678338416619,
      0.00015644261039211415,
      0.00013751516620162874,
      0.00015242276669305283,
      0.0001359972800029209,
      0.00012926682507561054,
      0.00012796923138550483,
      0.00012717272778740152,
      9.995153758558445e-05,
      0.00011388603168481496,
      9.089060498925392e-05,
      0.00010606468054116703,
      8.456438227207399e-05,
      8.500549956981559e-05,
      7.451238597626798e-05,
      7.319708080380223e-05,
      6.0535893485939595e-05,
      7.004780370363732e-05,
      6.456592358270427e-05,
      6.0022607025457544e-05,
      4.694659824395785e-05,
      3.9636426907673015e-05,
      5.727707148063928e-05,
      4.189408037287649e-05,
      4.173378755484009e-05,
      3.264468961031525e-05,
      3.298007928795414e-05,
      2.7548225184436888e-05,
      2.6052278964780272e-05,
      2.433706625713967e-05,
      2.0349757411458995e-05,
      2.0999963632348226e-05,
      1.3226468233769993e-05,
      1.3436918523220811e-05,
      1.2188920721091563e-05,
      1.0479689456551569e-05,
      9.984656057349639e-06,
      1.0942827266699169e-05,
      8.90771367950947e-06,
      9.151990737445885e-06
    ],
    "eval_losses": [
      0.003221125545958057,
      0.003174809587746859,
      0.002682849022874143,
      0.002286764550791122,
      0.0024664770367671734,
      0.002235012987680966,
      0.0023822681997087785,
      0.0019233599574654363,
      0.0019547519668209135,
      0.002077436791427317,
      0.0020116662367247046,
      0.0020771994569920935,
      0.0019354266690657822,
      0.0018390728637270512,
      0.0020720458490017337,
      0.0020290102257655234,
      0.0019195809977776662,
      0.001767200983461953,
      0.0015756967897155845,
      0.0016775424496907362
    ],
    "psnr": [
      25.355510003662108,
      25.514737994384767,
      26.41349560546875,
      27.436724114990234,
      26.959110705566406,
      27.49806778564453,
      27.339559716796874,
      28.80297062988281,
      29.047253393554687,
      28.3926408203125,
      28.192386572265626,
      28.168876446533204,
      29.364333459472657,
      29.250128118896484,
      28.39353646850586,
      28.83445972290039,
      29.675630798339842,
      29.643267370605468,
      30.13877036743164,
      30.406847369384767
    ],
    "ssim": [
      0.9702058856010437,
      0.9748961741447448,
      0.980143639755249,
      0.981029051208496,
      0.9809040344238281,
      0.9846613012313843,
      0.9829332406997681,
      0.9865726685523987,
      0.9873297687530518,
      0.9860361162185669,
      0.9869666797637939,
      0.9866279565811157,
      0.9882444721221924,
      0.9877682024002076,
      0.9868440058708191,
      0.9878443128585815,
      0.9886850157737732,
      0.9894710877418518,
      0.9906755382537842,
      0.9903318140029908
    ],
    "best_epoch": 95,
    "best_step": null,
    "best_eval_loss": 0.0015756967897155845
  },
  "test_results": {
    "test_loss": 0.0019921840126513415,
    "test_psnr": 32.97137512207031,
    "test_ssim": 0.9882637632369995
  }
}