{
  "args": {
    "device": "cuda:7",
    "exp_home": "./results",
    "ds_name": "mnist",
    "mode": "denoising",
    "noise_std": 0.25,
    "down_scale": 2.0,
    "model_type": "conventional",
    "latent_dim": 784,
    "hidden_dims": [
      785,
      785,
      785,
      785,
      785
    ],
    "wo_Win": false,
    "fix_Win": false,
    "I_Win": false,
    "wo_Wout": false,
    "batch_size": 128,
    "epochs": 30,
    "lr": 0.001,
    "use_augmentation": false,
    "aug_num": 2,
    "run_id": 3,
    "seed": 42
  },
  "training_logs": {
    "train_losses": [
      0.01765846475839615,
      0.007900632066130639,
      0.006802876483798027,
      0.006283981848806143,
      0.005920221048891544,
      0.005713032144606113,
      0.005508020717203617,
      0.005323440264165402,
      0.005168292788416147,
      0.005042326037436724,
      0.004935475399941206,
      0.004831915771663189,
      0.004731546318978071,
      0.004643109643906355,
      0.0045692071332037445,
      0.004511024239957332,
      0.0044388209599256516,
      0.004374468994438648,
      0.004295932279974222,
      0.004222640416622162,
      0.004169577447474003,
      0.00410594028443098,
      0.0040372615353763104,
      0.003992735081017018,
      0.003926528381481767,
      0.0038687196496874094,
      0.003807882686406374,
      0.0037485745461285115,
      0.0036871127580851318,
      0.0036357665067911146
    ],
    "eval_losses": [
      0.005968804778903723,
      0.005029944766312838,
      0.004623848494887352,
      0.004303849435597658,
      0.004033513347059489,
      0.003779226217418909
    ],
    "psnr": [
      22.243469110107423,
      22.98667233581543,
      23.352144857788087,
      23.66332272644043,
      23.94519081726074,
      24.2281289642334
    ],
    "ssim": [
      0.8948651372909546,
      0.9198609740257263,
      0.9149697313308716,
      0.9248995238304138,
      0.931292253112793,
      0.938159388256073
    ],
    "best_epoch": 30,
    "best_step": null,
    "best_eval_loss": 0.003779226217418909
  },
  "test_results": {
    "test_loss": 0.0037408888537436725,
    "test_psnr": 24.278905993652344,
    "test_ssim": 0.9400001469612121
  }
}