{
  "args": {
    "device": "cuda:2",
    "exp_home": "./results",
    "ds_name": "mnist",
    "mode": "generative_classification",
    "noise_std": 0.25,
    "down_scale": 2.0,
    "model_type": "conventional",
    "latent_dim": 784,
    "hidden_dims": [
      1150
    ],
    "wo_Win": true,
    "fix_Win": false,
    "I_Win": false,
    "batch_size": 128,
    "epochs": 100,
    "lr": 0.0005,
    "use_augmentation": true,
    "aug_num": 2,
    "run_id": 2,
    "seed": 42
  },
  "training_logs": {
    "train_losses": [
      0.018270019231140612,
      0.008595167530924082,
      0.0072886350443959235,
      0.006489089706391096,
      0.005881271581947804,
      0.005460553827881813,
      0.005083259719312191,
      0.004722876367270946,
      0.004458302266746759,
      0.004213639176636934,
      0.0040564801476895805,
      0.0038474444358050823,
      0.003640066134631634,
      0.0035381957386434078,
      0.0033864651522040367,
      0.0032636235758662225,
      0.003157320379763842,
      0.003034021361991763,
      0.002973460792452097,
      0.0028636176800727843,
      0.0028071026314795016,
      0.0027095290298759936,
      0.0026679710115492345,
      0.0025756843849271535,
      0.0025208618936687706,
      0.0024883291182667016,
      0.002446291624903679,
      0.002356045804768801,
      0.0023428810779750346,
      0.0022777523593604564,
      0.0022310448750108482,
      0.0021949389193952084,
      0.002169195878878236,
      0.0021197154887020587,
      0.002098714451044798,
      0.0020532191392034294,
      0.0020474361807107924,
      0.0019747916151583193,
      0.001959401918873191,
      0.0019319412615895271,
      0.0018972649829089641,
      0.0018952142778038978,
      0.0018545811094343662,
      0.0018157161934673786,
      0.0018202634523063897,
      0.001781646127998829,
      0.0017663204498589039,
      0.001734229034408927,
      0.0017280352398008109,
      0.0017065481334924697,
      0.00169035410143435,
      0.0016568856444209815,
      0.001626310933381319,
      0.0016163519044220447,
      0.0016006403155624867,
      0.0015823186095803975,
      0.0015662784507870673,
      0.001561246595531702,
      0.0015333737495541572,
      0.0015240448223799467,
      0.0014958550377935172,
      0.0014849639615416527,
      0.001479175779595971,
      0.0014482580906152725,
      0.0014322368101030588,
      0.0014252123314142228,
      0.0014087632875517011,
      0.001397923184260726,
      0.001376732283383608,
      0.0013721136932075024,
      0.0013582959074899554,
      0.0013477214013040066,
      0.00133233048312366,
      0.0013247446881234646,
      0.001299945699647069,
      0.0012960953332856297,
      0.0012807561599463225,
      0.0012737848338112234,
      0.0012542868831753732,
      0.0012475992397218943,
      0.001235769239515066,
      0.0012278859727084636,
      0.0012160183095186949,
      0.001202729143947363,
      0.0011961363339796662,
      0.0011770293212682009,
      0.0011744393107295035,
      0.0011565739730745553,
      0.001152131173759699,
      0.0011407240150123836,
      0.001133275962881744,
      0.0011173560459166766,
      0.001106476427949965,
      0.0010991868384927512,
      0.00109116678442806,
      0.001082911806255579,
      0.0010725924327224493,
      0.0010654551826417447,
      0.001055941052287817,
      0.0010478362170234323
    ],
    "eval_losses": [
      0.007947762428969146,
      0.0074028682917356495,
      0.006866362631320953,
      0.006718004680424929,
      0.006640658032149077,
      0.00649859881028533,
      0.006348188780248165,
      0.006118147794157267,
      0.006097074072062969,
      0.006066062576323748,
      0.005762629804760218,
      0.006012484320253134,
      0.005983017733693123,
      0.005894890303164721,
      0.00561247633099556,
      0.00575273923650384,
      0.00564937092512846,
      0.0058860358327627186,
      0.005713841199874878,
      0.005643425045907497
    ],
    "psnr": [
      21.069685232543947,
      21.395392141723633,
      21.717698474121093,
      21.825128271484374,
      21.8737677734375,
      21.979886953735353,
      22.079069302368165,
      22.22654551086426,
      22.245809237670898,
      22.26751762084961,
      22.49529884338379,
      22.314095455932616,
      22.341328649902344,
      22.39733346557617,
      22.609019650268554,
      22.503462686157228,
      22.58911496887207,
      22.41251607055664,
      22.552750424194336,
      22.592007693481445
    ],
    "best_epoch": 75,
    "best_step": null,
    "best_eval_loss": 0.00561247633099556
  },
  "test_results": {
    "test_loss": 0.005460770014673472,
    "test_psnr": 23.146287997436524
  }
}