{
  "args": {
    "device": "cuda:8",
    "exp_home": "./results",
    "ds_name": "mnist",
    "mode": "denoising",
    "noise_std": 0.25,
    "down_scale": 2.0,
    "model_type": "conventional",
    "latent_dim": 784,
    "hidden_dims": [
      1150,
      1150,
      1150,
      1150,
      1150,
      1150
    ],
    "wo_Win": false,
    "fix_Win": false,
    "I_Win": false,
    "wo_Wout": false,
    "batch_size": 128,
    "epochs": 30,
    "lr": 0.001,
    "use_augmentation": false,
    "aug_num": 2,
    "run_id": 2,
    "seed": 42
  },
  "training_logs": {
    "train_losses": [
      0.018420994084179403,
      0.008140576195716858,
      0.006914582174569368,
      0.006448210254311562,
      0.006083019645065069,
      0.00587042192786932,
      0.005631587051749229,
      0.005439579870104789,
      0.005319181240350008,
      0.0051757370215654375,
      0.005066168232709169,
      0.004940347468554974,
      0.004855909520983696,
      0.004783172716200352,
      0.004686588666886091,
      0.004598103707134723,
      0.004516837446987629,
      0.004457188484966755,
      0.004375257132053376,
      0.004298985687196255,
      0.0042248803697526455,
      0.004163315515369177,
      0.004101974220871925,
      0.0040386501924693586,
      0.0039644211545586585,
      0.003910884559154511,
      0.0038436410811543463,
      0.0037854543332755566,
      0.00371940330311656,
      0.0036564849753677846
    ],
    "eval_losses": [
      0.005877802328765392,
      0.005120288272947073,
      0.004763026057183742,
      0.004349537025392055,
      0.004057931879907846,
      0.003795361739397049
    ],
    "psnr": [
      22.309862915039062,
      22.909272439575194,
      23.223221954345703,
      23.617123739624024,
      23.918803729248047,
      24.20939038391113
    ],
    "ssim": [
      0.9007477260589599,
      0.9212327866554261,
      0.9263607568740845,
      0.9287447347640991,
      0.9317305685043334,
      0.936390699005127
    ],
    "best_epoch": 30,
    "best_step": null,
    "best_eval_loss": 0.003795361739397049
  },
  "test_results": {
    "test_loss": 0.003764140896499157,
    "test_psnr": 24.251093118286132,
    "test_ssim": 0.9382282849311828
  }
}