{
  "args": {
    "device": "cuda:5",
    "exp_home": "./results",
    "ds_name": "imagenet32",
    "mode": "denoising",
    "noise_std": 0.25,
    "down_scale": 2.0,
    "model_type": "conventional",
    "latent_dim": 3072,
    "hidden_dims": [
      3546,
      3546,
      3546,
      3546
    ],
    "wo_Win": false,
    "fix_Win": true,
    "I_Win": false,
    "batch_size": 512,
    "epochs": 2,
    "lr": 0.0001,
    "use_augmentation": false,
    "aug_num": 2,
    "run_id": 1,
    "seed": 42
  },
  "training_logs": {
    "train_losses": [
      0.014460616264492273,
      0.009997265538200736,
      0.009252217169851064,
      0.008844954289495945,
      0.00858774084225297,
      0.008362372819334269,
      0.008192579799331724,
      0.008058270752429961,
      0.007958520468324423,
      0.007862128178589046
    ],
    "eval_losses": [
      0.008784377847015858,
      0.0077585313642025
    ],
    "psnr": [
      20.56515169067383,
      21.104538906860352
    ],
    "ssim": [
      0.6186128932571411,
      0.6372597868537903
    ],
    "best_epoch": null,
    "best_step": 5000,
    "best_eval_loss": 0.0077585313642025
  },
  "test_results": {
    "test_loss": 0.007746054950207472,
    "test_psnr": 21.11206511352539,
    "test_ssim": 0.6377020285987854
  }
}