{
  "args": {
    "device": "cuda:1",
    "exp_home": "./results",
    "ds_name": "mnist",
    "mode": "denoising",
    "noise_std": 0.25,
    "down_scale": 2.0,
    "model_type": "conventional",
    "latent_dim": 784,
    "hidden_dims": [
      785
    ],
    "wo_Win": true,
    "fix_Win": false,
    "I_Win": false,
    "wo_Wout": true,
    "batch_size": 128,
    "epochs": 100,
    "lr": 0.005,
    "use_augmentation": true,
    "aug_num": 4,
    "run_id": 1,
    "seed": 42
  },
  "training_logs": {
    "train_losses": [
      0.013240221134722233,
      0.013730512517094612,
      0.015507531104683876,
      0.017848282395005226,
      0.019046258886456488,
      0.019458360456228257,
      0.01961997559130192,
      0.01969333651661873,
      0.019747961462140085,
      0.019704279965162278,
      0.019730662445425987,
      0.01967774281799793,
      0.019667531465888025,
      0.01961651399075985,
      0.01960042453289032,
      0.01956038002729416,
      0.01952560722053051,
      0.019479795615077018,
      0.01943342183768749,
      0.019389110318422317,
      0.019356951839327813,
      0.01928747659564018,
      0.01924806853353977,
      0.019192803929448127,
      0.019124005843997,
      0.019081618595719337,
      0.019028545262813567,
      0.018994091970324516,
      0.019560896250009535,
      0.021094575287699698,
      0.022090658521056176,
      0.026532146255373954,
      0.03126536872267723,
      0.03744313470244408,
      0.038795669008493426,
      0.03873474321961403,
      0.03869049882292747,
      0.03865486652612686,
      0.03858941106319427,
      0.038523404161930085,
      0.03848395625948906,
      0.03844981832146645,
      0.03840391936063767,
      0.038324300484657285,
      0.03827874779582024,
      0.03822975027918816,
      0.03817692118763923,
      0.037976731365919114,
      0.03683947745800018,
      0.036769330987930296,
      0.036730416783094404,
      0.03667262666344643,
      0.03660346038937569,
      0.03657166975617409,
      0.0365084832406044,
      0.03646067875146866,
      0.03641437959313393,
      0.036356570420265195,
      0.036286507178545,
      0.036241209136247635,
      0.036177106583118436,
      0.03612091833949089,
      0.036064204510450365,
      0.036007139073610306,
      0.03594894321203232,
      0.035546868888139724,
      0.03464382039666176,
      0.03458858891129494,
      0.034528751926422116,
      0.03447835864424705,
      0.03443736131429672,
      0.034367718851566316,
      0.03431837647795677,
      0.03425204192876816,
      0.034199408725500105,
      0.03414428601503372,
      0.0340707983314991,
      0.034012588748931885,
      0.03396034815788269,
      0.033912062933444974,
      0.03316733624815941,
      0.03024568971991539,
      0.03015754994928837,
      0.029672577947378157,
      0.02626624477446079,
      0.025225949981212616,
      0.025136833273768425,
      0.023942155822515486,
      0.023829187839627265,
      0.023772888109087943,
      0.023687299041748048,
      0.02362525358080864,
      0.023360636102557182,
      0.02243272900104523,
      0.022383283984065055,
      0.022341357941031457,
      0.021318131023645402,
      0.02116461867213249,
      0.021134201991558074,
      0.021111197373867036
    ],
    "eval_losses": [
      0.018792039474844934,
      0.019244606325030326,
      0.019123842495679857,
      0.01901989952325821,
      0.01864356805384159,
      0.02049432426095009,
      0.03814018719792366,
      0.03778419429063797,
      0.03757071979045868,
      0.03606030423641205,
      0.035765846729278565,
      0.03554547411203384,
      0.035256972742080686,
      0.03369447009563446,
      0.033473799848556515,
      0.033137437909841534,
      0.024645525300502777,
      0.023165612348914146,
      0.021834403479099273,
      0.02077619115114212
    ],
    "psnr": [
      17.262165426635743,
      17.15871410217285,
      17.18605322265625,
      17.209673184204103,
      17.296568060302736,
      16.884934860229492,
      14.186564653015136,
      14.22725068359375,
      14.251826080322266,
      14.430127520751952,
      14.465654399108887,
      14.492508212280274,
      14.52787668762207,
      14.724740773010254,
      14.753344647216798,
      14.797115242004395,
      16.083250924682616,
      16.3522462890625,
      16.60936642150879,
      16.825244720458983
    ],
    "ssim": [
      0.8665616640090943,
      0.8630947435379028,
      0.8639513850212097,
      0.8649224611282349,
      0.867996266746521,
      0.8216188762664794,
      0.6150456834793091,
      0.6169764421463013,
      0.6172847082138061,
      0.6208377055168152,
      0.6225593276977539,
      0.6239429250717163,
      0.6252064824104309,
      0.6392839447021484,
      0.6406507839202881,
      0.6414182744979858,
      0.6855104034423828,
      0.6978189005851746,
      0.7162107456207275,
      0.733224710559845
    ],
    "best_epoch": 25,
    "best_step": null,
    "best_eval_loss": 0.01864356805384159
  },
  "test_results": {
    "test_loss": 0.01842706059515476,
    "test_psnr": 17.352951947021484,
    "test_ssim": 0.8696082637786865
  }
}