{
  "args": {
    "device": "cuda:1",
    "exp_home": "./results",
    "ds_name": "mnist",
    "mode": "denoising",
    "noise_std": 0.25,
    "down_scale": 2.0,
    "model_type": "conventional",
    "latent_dim": 784,
    "hidden_dims": [
      785
    ],
    "wo_Win": false,
    "fix_Win": false,
    "I_Win": false,
    "wo_Wout": false,
    "batch_size": 128,
    "epochs": 100,
    "lr": 0.0005,
    "use_augmentation": true,
    "aug_num": 4,
    "run_id": 1,
    "seed": 42
  },
  "training_logs": {
    "train_losses": [
      0.011341134721636772,
      0.005799205358624458,
      0.005291196784228087,
      0.004984801624715329,
      0.004785467714071274,
      0.004652272624373436,
      0.004565952872335911,
      0.004498281414955854,
      0.0044557538095116615,
      0.004416028939932585,
      0.004388631677776575,
      0.0043567168961465355,
      0.00433528080061078,
      0.004311863615959883,
      0.004294646834284067,
      0.004276852088719607,
      0.004258389444053173,
      0.004245734380632639,
      0.004234212581217289,
      0.004216509900987148,
      0.004204410819411278,
      0.004194718943834305,
      0.00418288235321641,
      0.004175623304098845,
      0.004158197127729655,
      0.00414902188166976,
      0.0041388769178092475,
      0.004127567619234324,
      0.004119006029069424,
      0.0041087607795000074,
      0.004099442632496357,
      0.004091812423169613,
      0.0040782852128148075,
      0.0040736399230360985,
      0.004067239717841149,
      0.004055067222267389,
      0.004052045873478055,
      0.004040050275176763,
      0.004029814187884331,
      0.004021134910434485,
      0.004017332952171564,
      0.0040102429105341435,
      0.003998097703903913,
      0.003994581710100174,
      0.00398716678455472,
      0.003979290446713567,
      0.003973754957690835,
      0.003968981277495623,
      0.003957490133345127,
      0.003950961503982544,
      0.00394304451957345,
      0.003936777006462216,
      0.003928674932420254,
      0.003925804893746972,
      0.003914071024209261,
      0.003907424892485142,
      0.0039029844541847705,
      0.0038951777513325215,
      0.0038884627774357795,
      0.0038820897065103056,
      0.00387460651576519,
      0.0038677935530245303,
      0.0038615906670689585,
      0.0038514330097287894,
      0.0038479358983039857,
      0.003839991858974099,
      0.003837461019307375,
      0.0038297186291962864,
      0.003820038957744837,
      0.0038151693245768547,
      0.0038077984556555747,
      0.003802613637894392,
      0.003797718275338411,
      0.0037918296071141958,
      0.0037854086671769618,
      0.003778182332664728,
      0.0037716797253489493,
      0.0037645645995438098,
      0.0037581776294857263,
      0.003751937735155225,
      0.0037464757619053127,
      0.0037402568496763705,
      0.0037313084457069635,
      0.003724046595990658,
      0.0037187277434766294,
      0.0037151890867948532,
      0.0037084426335990428,
      0.0037013698767125605,
      0.003693040631189942,
      0.0036881074067950247,
      0.0036807104070484637,
      0.0036758282915502786,
      0.003667366015762091,
      0.003662625120729208,
      0.0036560459710657596,
      0.0036512483533471824,
      0.0036435658755898477,
      0.003638215619623661,
      0.003630721542015672,
      0.0036275117767602207
    ],
    "eval_losses": [
      0.004647357812523842,
      0.0043709038645029065,
      0.00423330584987998,
      0.004201991009712219,
      0.004130917711555958,
      0.004084682080149651,
      0.004024283955991268,
      0.004003895182907581,
      0.003957036086171865,
      0.003939304154366254,
      0.0038798474587500094,
      0.0038553357794880866,
      0.003839575405418873,
      0.003785882360488176,
      0.0037700348369777204,
      0.0037304552175104616,
      0.003718276470899582,
      0.0036839495360851287,
      0.0036610470958054067,
      0.003622610419243574
    ],
    "psnr": [
      23.329725103759767,
      23.59577173461914,
      23.734733920288086,
      23.766991009521483,
      23.841527835083006,
      23.889973083496095,
      23.95484736328125,
      23.976798056030272,
      24.028077517700197,
      24.047838641357423,
      24.113551403808593,
      24.140924197387694,
      24.15890387878418,
      24.220327838134764,
      24.23813899536133,
      24.284309829711916,
      24.298301766967775,
      24.33848331604004,
      24.36567307434082,
      24.411348303222656
    ],
    "ssim": [
      0.9017281627655029,
      0.9314065349578857,
      0.9282214939117431,
      0.9337411384582519,
      0.9363467717170715,
      0.9376552879333496,
      0.9377136378288269,
      0.9381544816017151,
      0.9418557622909546,
      0.9442044937133789,
      0.9435401308059692,
      0.9418580275535583,
      0.9441081924438477,
      0.9461497869491577,
      0.9462792081832886,
      0.9480704570770264,
      0.9478019290924072,
      0.9486241507530212,
      0.9502198548316956,
      0.9494186096191406
    ],
    "best_epoch": 100,
    "best_step": null,
    "best_eval_loss": 0.003622610419243574
  },
  "test_results": {
    "test_loss": 0.003607605056092143,
    "test_psnr": 24.43418424987793,
    "test_ssim": 0.9506047308921814
  }
}