{
  "args": {
    "device": "cuda:6",
    "exp_home": "./results",
    "ds_name": "mnist",
    "mode": "denoising",
    "noise_std": 0.25,
    "down_scale": 2.0,
    "model_type": "conventional",
    "latent_dim": 784,
    "hidden_dims": [
      1150,
      1150,
      1150,
      1150,
      1150,
      1150,
      1150,
      1150,
      1150,
      1150,
      1150,
      1150,
      1150,
      1150,
      1150
    ],
    "wo_Win": false,
    "fix_Win": false,
    "I_Win": false,
    "batch_size": 128,
    "epochs": 100,
    "lr": 5e-05,
    "use_augmentation": false,
    "aug_num": 2,
    "run_id": 2,
    "seed": 42
  },
  "training_logs": {
    "train_losses": [
      0.026734889191389083,
      0.01052913227379322,
      0.008399737993478776,
      0.007424793005287647,
      0.006807866285294294,
      0.006369988792091608,
      0.006056526743620634,
      0.005820478129833937,
      0.005611777458190918,
      0.005469204147905111,
      0.005315749817043543,
      0.005201149638742209,
      0.005093929751366377,
      0.005007081310003996,
      0.004923712240606546,
      0.004840217933803796,
      0.004751855885833502,
      0.004715634028613567,
      0.004655399130284787,
      0.00460080961510539,
      0.004551592455804348,
      0.0044958107762038705,
      0.004470067017674446,
      0.004420394054949283,
      0.004376222266107798,
      0.004352554886341095,
      0.004307980870902538,
      0.004286692129522562,
      0.004246607529371977,
      0.004213378325402736,
      0.004183614635616541,
      0.004154889230132103,
      0.004127614856511355,
      0.004105362529456615,
      0.004090431336835027,
      0.004057486046701669,
      0.004038638759553432,
      0.004020197795927525,
      0.00398761632502079,
      0.0039770726296305655,
      0.003949484462440014,
      0.003938021728247404,
      0.003919649624824524,
      0.0038999080911278723,
      0.003875677202939987,
      0.003867999967336655,
      0.003847803406119347,
      0.003825068687722087,
      0.003817805944979191,
      0.003800755526572466,
      0.003782361552119255,
      0.003769065136164427,
      0.0037572313594818117,
      0.003744108696579933,
      0.003726975490897894,
      0.003721323837786913,
      0.0037014092841744423,
      0.0036852527838945387,
      0.00367351873151958,
      0.0036681300186365844,
      0.003645386977493763,
      0.0036453481885790825,
      0.0036286821692436935,
      0.003616439713835716,
      0.0036051525999605655,
      0.0035897044017910956,
      0.0035771133837103845,
      0.003572351277023554,
      0.0035586836817860603,
      0.003553389232978225,
      0.003545150497108698,
      0.003534335137158632,
      0.0035288854758441447,
      0.003502156459465623,
      0.0034974360883980988,
      0.0034887599819153547,
      0.003487299949079752,
      0.003475332167893648,
      0.0034710684429854156,
      0.0034602300249785183,
      0.0034508035918325184,
      0.0034423845947533847,
      0.0034322855038940907,
      0.0034221260715276004,
      0.0034217118737846614,
      0.0034173086097836493,
      0.003402295299619436,
      0.0033956038537621496,
      0.003391769857555628,
      0.0033854909320920707,
      0.003375894259214401,
      0.003366790930330753,
      0.0033674331466853617,
      0.0033599925520271063,
      0.0033521516248583793,
      0.0033449608908593656,
      0.0033404075672477484,
      0.003330666834935546,
      0.0033278603587299587,
      0.0033284151055663824
    ],
    "eval_losses": [
      0.0063012440659105775,
      0.005307691965252161,
      0.004964080665260553,
      0.004761985030770302,
      0.004595516111701727,
      0.004479742087423802,
      0.004402436139434576,
      0.004357773119956255,
      0.004277642490714788,
      0.004234894007444381,
      0.004188960917294026,
      0.004164503768086434,
      0.00409948912113905,
      0.004073998113721609,
      0.004056494459509849,
      0.004027380997687578,
      0.004008913775533438,
      0.003988006830960512,
      0.003985109933465719,
      0.003956009940803051
    ],
    "psnr": [
      22.00884969177246,
      22.753996966552734,
      23.044824517822267,
      23.224242739868163,
      23.379044134521486,
      23.490152465820312,
      23.5658803314209,
      23.61017887878418,
      23.690722036743164,
      23.733541000366213,
      23.781450820922853,
      23.80677218322754,
      23.87545764770508,
      23.90256368713379,
      23.92133399658203,
      23.952237982177735,
      23.97253385925293,
      23.99508262939453,
      23.998294470214844,
      24.03028439025879
    ],
    "ssim": [
      0.8901060903549194,
      0.9112924905776978,
      0.9181149874687194,
      0.9254330307006836,
      0.9281242305755615,
      0.933201082611084,
      0.9355163598060607,
      0.9330027307510376,
      0.9365979816436768,
      0.938416060256958,
      0.9421774896621704,
      0.9400868004798889,
      0.9430567281723022,
      0.9435867353439331,
      0.9454515422821045,
      0.9459667987823487,
      0.9459185903549194,
      0.9461295689582825,
      0.9472370166778564,
      0.9471855234146118
    ],
    "best_epoch": 100,
    "best_step": null,
    "best_eval_loss": 0.003956009940803051
  },
  "test_results": {
    "test_loss": 0.003941302107274532,
    "test_psnr": 24.05496859436035,
    "test_ssim": 0.9481198600769043
  }
}