{
  "args": {
    "device": "cuda:7",
    "exp_home": "./results",
    "ds_name": "mnist",
    "mode": "denoising",
    "noise_std": 0.25,
    "down_scale": 2.0,
    "model_type": "conventional",
    "latent_dim": 784,
    "hidden_dims": [
      2870,
      2870,
      2870,
      2870,
      2870,
      2870
    ],
    "wo_Win": false,
    "fix_Win": false,
    "I_Win": false,
    "wo_Wout": false,
    "batch_size": 128,
    "epochs": 30,
    "lr": 0.005,
    "use_augmentation": false,
    "aug_num": 2,
    "run_id": 3,
    "seed": 42
  },
  "training_logs": {
    "train_losses": [
      0.14023955310821534,
      0.13949393577098845,
      0.13949393548488617,
      0.1394939612531662,
      0.13949394620418548,
      0.13949396038532258,
      0.1394939607477188,
      0.1394939609146118,
      0.13949398633956908,
      0.13972676358699798,
      0.14023996158599852,
      0.14023996223926544,
      0.14023996241092682,
      0.1402399615240097,
      0.14023996250629425,
      0.14023996191501617,
      0.1402399618434906,
      0.14023996136665345,
      0.14023996210575104,
      0.14023996266365052,
      0.14023996227264404,
      0.14023996170043945,
      0.14023996158599852,
      0.14023996194839478,
      0.14023996186733245,
      0.1402399616765976,
      0.14023996230125427,
      0.14023996189594268,
      0.14023996184825896,
      0.14023996180057527
    ],
    "eval_losses": [
      0.13904247291088104,
      0.13979040215015412,
      0.13979040215015412,
      0.13979040215015412,
      0.13979040215015412,
      0.13979040215015412
    ],
    "psnr": [
      8.569075811767577,
      8.545753935241699,
      8.545753935241699,
      8.545753935241699,
      8.545753935241699,
      8.545753935241699
    ],
    "ssim": [
      0.34157793226242067,
      0.33832112684249876,
      0.33832112684249876,
      0.33832112684249876,
      0.33832112684249876,
      0.33832112684249876
    ],
    "best_epoch": 5,
    "best_step": null,
    "best_eval_loss": 0.13904247291088104
  },
  "test_results": {
    "test_loss": 0.1396913041114807,
    "test_psnr": 8.553351139831543,
    "test_ssim": 0.3443444427967072
  }
}