{
  "args": {
    "device": "cuda:1",
    "exp_home": "./results",
    "ds_name": "mnist",
    "mode": "denoising",
    "noise_std": 0.25,
    "down_scale": 2.0,
    "model_type": "conventional",
    "latent_dim": 784,
    "hidden_dims": [
      1150
    ],
    "wo_Win": false,
    "fix_Win": true,
    "I_Win": false,
    "batch_size": 128,
    "epochs": 100,
    "lr": 0.0005,
    "use_augmentation": true,
    "aug_num": 4,
    "run_id": 1,
    "seed": 42
  },
  "training_logs": {
    "train_losses": [
      0.0115219275534153,
      0.006208265670239925,
      0.0058020356220006945,
      0.005585899791419506,
      0.005442078174054623,
      0.005327312058359385,
      0.0052316212721169,
      0.005166707222312689,
      0.005106060292124748,
      0.0050477696245908735,
      0.005004303909242153,
      0.004963045510947704,
      0.004923928516805172,
      0.004888896953314543,
      0.004858383354693651,
      0.004828174588084221,
      0.004803051372468472,
      0.004780570720732212,
      0.004759124543219805,
      0.004731537828296423,
      0.004711941215097905,
      0.004689210313409567,
      0.004675152584463358,
      0.004658987762629986,
      0.0046404480677843096,
      0.004622518589049577,
      0.004601709860414267,
      0.004587358937859535,
      0.0045792290526628495,
      0.004559388851672411,
      0.004546785124689341,
      0.004536294438540936,
      0.00451418735563755,
      0.0045095552836358545,
      0.0044953194463253025,
      0.004482359828650952,
      0.00447572910323739,
      0.0044593271498382095,
      0.004445659887939692,
      0.00443153442144394,
      0.004428224929869175,
      0.004416313905417919,
      0.004400021463781595,
      0.004396969289034605,
      0.004385855604708195,
      0.0043768120005726815,
      0.004366037922799587,
      0.004357232938855886,
      0.004346640570908785,
      0.00433855198726058,
      0.004326993147283792,
      0.004321490137428045,
      0.004304918686151504,
      0.004304823648929596,
      0.0042888282389938834,
      0.00427714744746685,
      0.004272597250193358,
      0.004265680438578129,
      0.0042495841293036934,
      0.004247699966728687,
      0.004236505843400956,
      0.00422826524540782,
      0.004214091094136238,
      0.004207236152291298,
      0.004202492802888155,
      0.00419396884560585,
      0.004186449530124665,
      0.004176917927116156,
      0.0041641767646372315,
      0.004158827042281627,
      0.0041517001539468764,
      0.0041426928943395615,
      0.00413734800234437,
      0.004126402785181999,
      0.004119963988214731,
      0.004116583567410708,
      0.004100599536746741,
      0.004091851793080569,
      0.0040852548041939735,
      0.004076124691665173,
      0.004070979239493609,
      0.004061275482475758,
      0.004051139922142029,
      0.00404230664730072,
      0.004037976802140474,
      0.004028661487400532,
      0.004024899528473616,
      0.004013906811773777,
      0.004004493646621704,
      0.003997458375245333,
      0.003989043432623148,
      0.003984840495288372,
      0.003974101947695017,
      0.003969723921269179,
      0.003962456500679255,
      0.003953845669925213,
      0.003947946545034647,
      0.003939806549251079,
      0.0039322950071096424,
      0.003926503334790468
    ],
    "eval_losses": [
      0.005126722414046526,
      0.0048330927647650245,
      0.004587265198677778,
      0.004491620249301195,
      0.004434339575469494,
      0.00433313633799553,
      0.004245961613208056,
      0.004215512228757143,
      0.004146628772467375,
      0.004118111306428909,
      0.004063113069534302,
      0.004010902908444405,
      0.004008148974180221,
      0.003935071518272161,
      0.003918745090812445,
      0.0038808187521994116,
      0.0038638803765177728,
      0.003832813588529825,
      0.003800908399373293,
      0.0037658583261072636
    ],
    "psnr": [
      22.903389013671877,
      23.159600231933595,
      23.386181784057616,
      23.47772444458008,
      23.53404609375,
      23.633834243774412,
      23.72208684387207,
      23.75372873840332,
      23.8250701751709,
      23.855033093261717,
      23.91339390258789,
      23.969046188354493,
      23.97249353942871,
      24.05221404418945,
      24.0703414855957,
      24.11277077331543,
      24.131657592773436,
      24.166545083618164,
      24.20312579345703,
      24.242985974121094
    ],
    "ssim": [
      0.9025460149765014,
      0.9187868099212646,
      0.923568711566925,
      0.9272072536468506,
      0.9317616292953491,
      0.9321089700698852,
      0.9326264348983765,
      0.9357107356071472,
      0.9365148839950561,
      0.9386201718330384,
      0.9388830751419067,
      0.938509402179718,
      0.9389719696998596,
      0.9406790885925292,
      0.9415313932418823,
      0.9430277151107788,
      0.9428042791366578,
      0.9431817197799682,
      0.9458075304031373,
      0.9440952876091003
    ],
    "best_epoch": 100,
    "best_step": null,
    "best_eval_loss": 0.0037658583261072636
  },
  "test_results": {
    "test_loss": 0.0037477148249745367,
    "test_psnr": 24.269244552612303,
    "test_ssim": 0.9453933382987976
  }
}