{
  "args": {
    "device": "cuda:7",
    "exp_home": "./results",
    "ds_name": "mnist",
    "mode": "denoising",
    "noise_std": 0.25,
    "down_scale": 2.0,
    "model_type": "conventional",
    "latent_dim": 784,
    "hidden_dims": [
      1150,
      1150,
      1150,
      1150,
      1150,
      1150,
      1150,
      1150,
      1150,
      1150
    ],
    "wo_Win": false,
    "fix_Win": true,
    "I_Win": true,
    "batch_size": 128,
    "epochs": 100,
    "lr": 0.0005,
    "use_augmentation": true,
    "aug_num": 2,
    "run_id": 2,
    "seed": 42
  },
  "training_logs": {
    "train_losses": [
      0.014110057260990143,
      0.007295150064229965,
      0.00656963574051857,
      0.006191997947394848,
      0.00596212418243289,
      0.005804135760962963,
      0.005654145859330892,
      0.00553585396528244,
      0.005428900324702263,
      0.005356261690706014,
      0.005278959349393844,
      0.005200749187469483,
      0.005150426002293825,
      0.005099331523329019,
      0.005059942552745342,
      0.004993637409806252,
      0.004956550245434046,
      0.0049116310733556745,
      0.004872409263402224,
      0.004841591468304395,
      0.004803089513927698,
      0.004761256429851055,
      0.00473176866993308,
      0.004706230781674385,
      0.0046678429032862186,
      0.004646961178183555,
      0.004608397669047117,
      0.00459817439943552,
      0.004557293090224266,
      0.004535926734954118,
      0.00449423779964447,
      0.004475180117934943,
      0.004462302139699459,
      0.00443786256596446,
      0.004407571718543768,
      0.00439014936670661,
      0.004369044362306595,
      0.004334715084880591,
      0.004319949366450309,
      0.004300155427455902,
      0.004274950208067894,
      0.004248459681868553,
      0.0042355075988173485,
      0.004210002108067274,
      0.00418900062173605,
      0.004175598377138376,
      0.004153211802542209,
      0.004139034791886807,
      0.004110395951122046,
      0.004083710949718952,
      0.004081853273063898,
      0.004050940649360418,
      0.004036073162406683,
      0.004020723398923874,
      0.003998791725337505,
      0.003981600590497255,
      0.003960873471349478,
      0.003950017872452736,
      0.003932648354768753,
      0.003913035480380058,
      0.003900039312392473,
      0.003869739971458912,
      0.0038618037790060043,
      0.003840168091207743,
      0.0038207967527210712,
      0.0038048249255120755,
      0.0037902464893460274,
      0.003773097791969776,
      0.003759686232954264,
      0.003738196977823973,
      0.0037199706330895426,
      0.0037067729511857032,
      0.0036881954514980317,
      0.0036729298031330107,
      0.003651725169122219,
      0.003638592077791691,
      0.0036184568521380423,
      0.0035955340795218943,
      0.0035894661067426203,
      0.0035729918994754552,
      0.0035498038278520107,
      0.003529419301599264,
      0.0035135653868317604,
      0.00349647600710392,
      0.003479297082796693,
      0.003468753927946091,
      0.003450660466849804,
      0.003430063533782959,
      0.0034091145050525666,
      0.0033963250425457954,
      0.003377661612033844,
      0.0033566527797281743,
      0.003344486239850521,
      0.0033184137220680712,
      0.0033043667172640563,
      0.003290034225285053,
      0.0032685334150493145,
      0.0032538545040786265,
      0.0032437595044076443,
      0.003226808763444424
    ],
    "eval_losses": [
      0.005518045711517334,
      0.005019678968191147,
      0.004809407997131348,
      0.0046218130178749565,
      0.004483278265595436,
      0.004407660631090403,
      0.004268078406155109,
      0.004193241795152426,
      0.0041083148121833805,
      0.004054846997559071,
      0.003944220419973135,
      0.00390307203233242,
      0.0038626991376280785,
      0.0037908012218773367,
      0.0037373807199299336,
      0.003698071266338229,
      0.0036372091963887214,
      0.0035924152739346027,
      0.0035498961705714466,
      0.0035239177044481037
    ],
    "psnr": [
      22.583727340698243,
      22.99468530883789,
      23.18059224243164,
      23.353515240478515,
      23.485687887573242,
      23.559546002197266,
      23.699466543579103,
      23.776660806274414,
      23.86538096923828,
      23.92206594238281,
      24.04253257446289,
      24.0873962890625,
      24.133354876708985,
      24.21431248474121,
      24.2761840423584,
      24.321965496826174,
      24.394185678100587,
      24.448220318603514,
      24.500071630859374,
      24.53197746887207
    ],
    "best_epoch": 100,
    "best_step": null,
    "best_eval_loss": 0.0035239177044481037
  },
  "test_results": {
    "test_loss": 0.003518074620515108,
    "test_psnr": 24.546381030273437
  }
}