{
  "args": {
    "device": "cuda:8",
    "exp_home": "./results",
    "ds_name": "mnist",
    "mode": "denoising",
    "noise_std": 0.25,
    "down_scale": 2.0,
    "model_type": "conventional",
    "latent_dim": 784,
    "hidden_dims": [
      1470,
      1470,
      1470,
      1470
    ],
    "wo_Win": false,
    "fix_Win": false,
    "I_Win": false,
    "wo_Wout": false,
    "batch_size": 128,
    "epochs": 30,
    "lr": 0.005,
    "use_augmentation": false,
    "aug_num": 2,
    "run_id": 1,
    "seed": 42
  },
  "training_logs": {
    "train_losses": [
      0.11488345526695251,
      0.1126176708316803,
      0.11261767137765884,
      0.1126176716351509,
      0.11261767133951187,
      0.11261767146587372,
      0.11261767147064208,
      0.11261767117738723,
      0.11261767161607743,
      0.11261767148971558,
      0.112617671251297,
      0.11261767119884492,
      0.11261767178535462,
      0.1126176713180542,
      0.11261767151117325,
      0.11261767105340957,
      0.11261767137765884,
      0.11261767153978348,
      0.11261767118930817,
      0.11261767128229141,
      0.11261767126560211,
      0.11261767097949982,
      0.11261767113685608,
      0.11261767141342163,
      0.11261767131567,
      0.1126176713347435,
      0.11261767129659653,
      0.11261767159223557,
      0.11261767142057419,
      0.11261767152547836
    ],
    "eval_losses": [
      0.11171846822500228,
      0.11171846822500228,
      0.11171846822500228,
      0.11171846822500228,
      0.11171846822500228,
      0.11171846822500228
    ],
    "psnr": [
      9.52122989501953,
      9.52122989501953,
      9.52122989501953,
      9.52122989501953,
      9.52122989501953,
      9.52122989501953
    ],
    "ssim": [
      0.42409098801612855,
      0.42409098801612855,
      0.42409098801612855,
      0.42409098801612855,
      0.42409098801612855,
      0.42409098801612855
    ],
    "best_epoch": 5,
    "best_step": null,
    "best_eval_loss": 0.11171846822500228
  },
  "test_results": {
    "test_loss": 0.1139107983827591,
    "test_psnr": 9.465441007995606,
    "test_ssim": 0.4223839933395386
  }
}