{
  "args": {
    "device": "cuda:7",
    "exp_home": "./results",
    "ds_name": "mnist",
    "mode": "denoising",
    "noise_std": 0.25,
    "down_scale": 2.0,
    "model_type": "conventional",
    "latent_dim": 784,
    "hidden_dims": [
      905,
      905,
      905,
      905
    ],
    "wo_Win": false,
    "fix_Win": false,
    "I_Win": false,
    "wo_Wout": false,
    "batch_size": 128,
    "epochs": 30,
    "lr": 0.001,
    "use_augmentation": false,
    "aug_num": 2,
    "run_id": 5,
    "seed": 42
  },
  "training_logs": {
    "train_losses": [
      0.017551844010949134,
      0.007788354185521602,
      0.006721133258789778,
      0.006198614002168179,
      0.005884825071692467,
      0.0056517661699652675,
      0.005426874470561743,
      0.005270692634284496,
      0.005142364679127932,
      0.005023026133775711,
      0.004905299447476864,
      0.004797005221396685,
      0.0047159075531363484,
      0.004624972438961267,
      0.004558541408479213,
      0.0044712739457190035,
      0.004412896863818168,
      0.004338520287573338,
      0.004275931879729033,
      0.004222374561131,
      0.004160815883129835,
      0.004094585329592228,
      0.004046684463322163,
      0.003981321072578431,
      0.003924957966729999,
      0.003869468814432621,
      0.0038037378880381584,
      0.003746147205233574,
      0.0036906749993562697,
      0.0036398455855995416
    ],
    "eval_losses": [
      0.005710631174594164,
      0.005085135880112648,
      0.004553903797268868,
      0.004306756500899791,
      0.004045290795713663,
      0.003772826039046049
    ],
    "psnr": [
      22.435337377929688,
      22.939020809936522,
      23.417820727539063,
      23.66015811767578,
      23.932244338989257,
      24.23503610229492
    ],
    "ssim": [
      0.9044405117034912,
      0.9138531616210938,
      0.9225532460212708,
      0.9257945375442505,
      0.9322002701759339,
      0.9368955310821533
    ],
    "best_epoch": 30,
    "best_step": null,
    "best_eval_loss": 0.003772826039046049
  },
  "test_results": {
    "test_loss": 0.003741038407757878,
    "test_psnr": 24.27854486694336,
    "test_ssim": 0.9386042153358459
  }
}