{
  "args": {
    "device": "cuda:9",
    "exp_home": "./results",
    "ds_name": "mnist",
    "mode": "generative_classification",
    "noise_std": 0.25,
    "down_scale": 2.0,
    "model_type": "conventional",
    "latent_dim": 784,
    "hidden_dims": [
      905,
      905,
      905,
      905
    ],
    "wo_Win": true,
    "fix_Win": false,
    "I_Win": false,
    "wo_Wout": true,
    "batch_size": 128,
    "epochs": 50,
    "lr": 0.005,
    "use_augmentation": false,
    "aug_num": 2,
    "run_id": 1,
    "seed": 42
  },
  "training_logs": {
    "train_losses": [
      0.025461938586831094,
      0.01884369461774826,
      0.017140978379249574,
      0.016766363211274147,
      0.015878302320837975,
      0.015484565837979317,
      0.015395790620446204,
      0.015117410873174668,
      0.014833136116862298,
      0.014548540069162846,
      0.014775756175220013,
      0.014602915354967117,
      0.014042674376964569,
      0.014021113910973071,
      0.013938097106218338,
      0.013923459807634354,
      0.014145923381745815,
      0.013529216555655003,
      0.013168221242129803,
      0.013247452350258827,
      0.013216928389668465,
      0.013181579155027866,
      0.012979559942483902,
      0.01236951074898243,
      0.012266174108982087,
      0.012686519722342492,
      0.012379197763502598,
      0.012056625071763992,
      0.011940050417780877,
      0.012037778631746768,
      0.011919016869664192,
      0.011926681701242925,
      0.011758088380694389,
      0.011520976501703263,
      0.011471625677645206,
      0.011407093876004219,
      0.01137083202213049,
      0.011401695944070816,
      0.011109878860414028,
      0.011104298462569714,
      0.010940763202607631,
      0.010804136680066585,
      0.010817053059339523,
      0.010752753918170928,
      0.010762628222107887,
      0.010748013622164727,
      0.010684711782336235,
      0.010652686839997769,
      0.010591437367796898,
      0.01056795313447714
    ],
    "eval_losses": [
      0.017447219645977022,
      0.017485083150863646,
      0.016271602094173433,
      0.01566176784336567,
      0.0150776789650321,
      0.014691399905085563,
      0.014154268476366997,
      0.014289595326781273,
      0.014370427826046944,
      0.013714658749103546
    ],
    "psnr": [
      17.621727713012696,
      17.60994444580078,
      17.938328094482422,
      18.091463204956053,
      18.26192445373535,
      18.37487179260254,
      18.535671514892577,
      18.4922964263916,
      18.471215005493164,
      18.671545135498047
    ],
    "ssim": [
      0.893043326473236,
      0.8915258834838867,
      0.9028589687347413,
      0.9048514827728271,
      0.9079962363243103,
      0.9106698882102966,
      0.9134429047584534,
      0.9123315383911133,
      0.9128170000076294,
      0.9159287693977356
    ],
    "best_epoch": 50,
    "best_step": null,
    "best_eval_loss": 0.013714658749103546
  },
  "test_results": {
    "test_loss": 0.01379651805460453,
    "test_psnr": 18.697212127685546,
    "test_ssim": 0.9156344396591186
  }
}