{
  "args": {
    "device": "cuda:6",
    "exp_home": "./results",
    "ds_name": "mnist",
    "mode": "denoising",
    "noise_std": 0.25,
    "down_scale": 2.0,
    "model_type": "conventional",
    "latent_dim": 784,
    "hidden_dims": [
      1150,
      1150,
      1150,
      1150,
      1150,
      1150,
      1150,
      1150,
      1150,
      1150
    ],
    "wo_Win": false,
    "fix_Win": true,
    "I_Win": false,
    "batch_size": 128,
    "epochs": 100,
    "lr": 0.0005,
    "use_augmentation": false,
    "aug_num": 2,
    "run_id": 1,
    "seed": 42
  },
  "training_logs": {
    "train_losses": [
      0.018425121257007123,
      0.008853874480426311,
      0.007582679352909327,
      0.007016086693704128,
      0.006693742993324995,
      0.006406718879193068,
      0.006200821838080883,
      0.006050049006640911,
      0.005951557902991771,
      0.005857610874176025,
      0.005745826570093632,
      0.005639131784439087,
      0.005595401887893677,
      0.005494317978024483,
      0.005440913333743811,
      0.005359434032142162,
      0.005311651419550181,
      0.005278517698049545,
      0.005214211404621601,
      0.005153931023031473,
      0.005137396149933338,
      0.005057388802170754,
      0.005019512669891119,
      0.004998327992558479,
      0.004959725095629692,
      0.004914108489155769,
      0.004875704738050699,
      0.004834557207077742,
      0.004809915398210287,
      0.004772225844413042,
      0.004754592086523771,
      0.0047126187224686145,
      0.00469431039750576,
      0.004667511359602213,
      0.004630946684628725,
      0.0045967320165038105,
      0.004569665312319994,
      0.004554677234143018,
      0.004505385164022446,
      0.0044760203935205935,
      0.00447812714189291,
      0.004429981064945459,
      0.004411263235658407,
      0.004401880508810282,
      0.004389407836645842,
      0.0043432642146945,
      0.0043074230509996415,
      0.004294312773346901,
      0.004274417878389359,
      0.004253953050971031,
      0.004220395172983408,
      0.0042033421385288235,
      0.004171037071943283,
      0.004154794681221247,
      0.004135520657896996,
      0.004115208864063025,
      0.004093329767733812,
      0.0040656178094446655,
      0.004052743991464376,
      0.004021678892374038,
      0.004003933800160885,
      0.003982910297960043,
      0.003964173574894666,
      0.003946277511119842,
      0.003924147348105907,
      0.0039143433161079886,
      0.003883440730124712,
      0.0038569432502985,
      0.003834108481258154,
      0.0038253630368411543,
      0.0037982795202732085,
      0.0037781539753079414,
      0.0037574307043105365,
      0.0037453246290236712,
      0.003723725616261363,
      0.0036955402485281228,
      0.0036714158506691457,
      0.0036562947702407835,
      0.003641728956028819,
      0.0036147971753031014,
      0.0035981610573083164,
      0.0035756675258278845,
      0.003542937603443861,
      0.0035255274962633846,
      0.0035087943710386755,
      0.003492331091314554,
      0.0034724205224215985,
      0.00344335973367095,
      0.0034288824286311864,
      0.0034034081062674524,
      0.0033901240108907224,
      0.0033643721179664136,
      0.00334691257186234,
      0.0033169563273340464,
      0.003302722914814949,
      0.003290064020603895,
      0.0032643052534759047,
      0.0032528820260614155,
      0.0032305706635862587,
      0.0032129708229005336
    ],
    "eval_losses": [
      0.006469476289302111,
      0.005665115491300821,
      0.005269865734875202,
      0.005149298786371946,
      0.004922457907348871,
      0.004733953922241926,
      0.0046338268436491485,
      0.004592782128602266,
      0.0044952006608247755,
      0.004389243199676276,
      0.004290827213972807,
      0.004216464312374592,
      0.004176851289719343,
      0.004112516916543245,
      0.0040604363657534125,
      0.004000803424417973,
      0.003941958497464657,
      0.003927502981573344,
      0.003882827854156494,
      0.0038449355527758597
    ],
    "psnr": [
      21.89373886413574,
      22.4697861328125,
      22.784524822998048,
      22.884474142456053,
      23.08030858154297,
      23.24998772277832,
      23.34293214111328,
      23.38090177307129,
      23.474298037719727,
      23.57861389465332,
      23.676865731811525,
      23.752743551635742,
      23.793748434448244,
      23.861021838378907,
      23.916831024169923,
      23.98055282287598,
      24.045344027709962,
      24.06134916381836,
      24.110567251586914,
      24.15335185546875
    ],
    "ssim": [
      0.9094558279037476,
      0.9083471053123474,
      0.9221888307571411,
      0.9219824718475342,
      0.9303648216247559,
      0.9308333181381225,
      0.9332342288017274,
      0.9355185550689697,
      0.9357204349517823,
      0.9388215033531189,
      0.9422794083595276,
      0.9434281387329102,
      0.9429030220031738,
      0.9444907182693482,
      0.9469363759994507,
      0.9480432287216186,
      0.9471973430633545,
      0.9503397422790527,
      0.9509609434127808,
      0.9516897289276123
    ],
    "best_epoch": 100,
    "best_step": null,
    "best_eval_loss": 0.0038449355527758597
  },
  "test_results": {
    "test_loss": 0.0038563528131693604,
    "test_psnr": 24.149277438354492,
    "test_ssim": 0.9520699459075928
  }
}