{
  "args": {
    "device": "cuda:9",
    "exp_home": "./results",
    "ds_name": "mnist",
    "mode": "generative_classification",
    "noise_std": 0.25,
    "down_scale": 2.0,
    "model_type": "conventional",
    "latent_dim": 784,
    "hidden_dims": [
      1150,
      1150
    ],
    "wo_Win": false,
    "fix_Win": false,
    "I_Win": true,
    "batch_size": 128,
    "epochs": 100,
    "lr": 0.0001,
    "use_augmentation": true,
    "aug_num": 2,
    "run_id": 3,
    "seed": 42
  },
  "training_logs": {
    "train_losses": [
      0.01726591135531664,
      0.005265054139569402,
      0.0037935204762220382,
      0.003079475957900286,
      0.0025598949214071035,
      0.00219783301576972,
      0.001933187926672399,
      0.0016927280148118734,
      0.0015321051216125488,
      0.001314189984984696,
      0.001178420446626842,
      0.0011117626478523016,
      0.0010023410007730126,
      0.00093204934630543,
      0.0008388854698464274,
      0.0008070885910466313,
      0.0007369761063531041,
      0.0006763517050258815,
      0.0007077055838890374,
      0.0006737162675894796,
      0.0005575619630143046,
      0.0005917640944384039,
      0.00045644753443077206,
      0.0004778977185860276,
      0.0005044544366747141,
      0.0004649627827387303,
      0.00037050461713224647,
      0.00039033714591525496,
      0.0003917410559952259,
      0.00038856222555041316,
      0.0003462001501582563,
      0.00032597089337185026,
      0.00027376053949818013,
      0.00035205170838162303,
      0.0002870026557147503,
      0.0002952438941411674,
      0.00024721161153167486,
      0.00026878117088228467,
      0.00025030743635259567,
      0.00020449830838479102,
      0.0002038597566727549,
      0.00025833492333069444,
      0.00022326669382397086,
      0.0001753470745496452,
      0.00025636202960275113,
      0.00018725143974646926,
      0.00015343190186657013,
      0.00014746369619853794,
      0.00015323958449065686,
      0.00017016915840562433,
      0.00017863236961886288,
      0.00012759220487438142,
      0.00016706007671542467,
      0.0001306059266719967,
      0.00013403158378787338,
      0.00011826647832989693,
      0.00012298133579548447,
      0.00011221892185509205,
      0.00014136962984222917,
      0.00010412430909927934,
      0.00010136510416399688,
      0.00012230450346367434,
      8.899607647676021e-05,
      8.596845066407695e-05,
      9.371118680108339e-05,
      8.373051716247574e-05,
      7.755693685729057e-05,
      7.561623502988369e-05,
      0.00010765608923509716,
      6.814009522553534e-05,
      7.156377682927996e-05,
      6.56807804433629e-05,
      6.242089000996203e-05,
      6.63965605571866e-05,
      6.883488579187542e-05,
      6.184446069877595e-05,
      6.136107283644378e-05,
      5.1184805314987896e-05,
      4.841264168964699e-05,
      6.066321607213468e-05,
      4.778661767952144e-05,
      5.735768775688484e-05,
      4.8190433050040154e-05,
      4.214707487029955e-05,
      4.298712719464675e-05,
      5.032960887765512e-05,
      4.1255785953253506e-05,
      3.909541067900136e-05,
      3.8530357372947037e-05,
      3.874330076156184e-05,
      3.656584406271577e-05,
      3.573648000601679e-05,
      3.443806520779617e-05,
      3.388814429752529e-05,
      3.343410844448954e-05,
      3.279368129326031e-05,
      3.2509134612046184e-05,
      3.175950448960066e-05,
      3.059277924476191e-05,
      3.0955709599656986e-05
    ],
    "eval_losses": [
      0.003914304337836802,
      0.003090834601037204,
      0.0028969831911846997,
      0.0024810394742526116,
      0.0028502125442028048,
      0.002403604894597083,
      0.0023855240571312606,
      0.0023958516012411563,
      0.002280573269724846,
      0.002429862219840288,
      0.0021653892095200716,
      0.002266470176074654,
      0.002211298081278801,
      0.002287778772832826,
      0.0020470745239406824,
      0.0021052301139105113,
      0.0020608106858097017,
      0.0020742277055047454,
      0.0019906265227589755,
      0.0020204218519851566
    ],
    "psnr": [
      24.328728506469727,
      25.376042892456056,
      25.745445056152345,
      26.517180029296874,
      25.855281396484376,
      26.656977435302736,
      26.793607864379883,
      26.74081349487305,
      27.05465768737793,
      26.670862969970702,
      27.28561707763672,
      27.038681427001954,
      27.097629202270507,
      27.0283767578125,
      27.54677550048828,
      27.4195046081543,
      27.51827508544922,
      27.475023333740236,
      27.741050732421876,
      27.64896834716797
    ],
    "best_epoch": 95,
    "best_step": null,
    "best_eval_loss": 0.0019906265227589755
  },
  "test_results": {
    "test_loss": 0.0019084474313422106,
    "test_psnr": 30.202368096923827
  }
}