{
  "args": {
    "device": "cuda:3",
    "exp_home": "./results",
    "ds_name": "mnist",
    "mode": "generative_classification",
    "noise_std": 0.25,
    "down_scale": 2.0,
    "model_type": "conventional",
    "latent_dim": 784,
    "hidden_dims": [
      1150,
      1150,
      1150,
      1150,
      1150,
      1150,
      1150,
      1150,
      1150,
      1150
    ],
    "wo_Win": false,
    "fix_Win": true,
    "I_Win": true,
    "batch_size": 128,
    "epochs": 200,
    "lr": 0.0001,
    "use_augmentation": true,
    "aug_num": 2,
    "run_id": 3,
    "seed": 42
  },
  "training_logs": {
    "train_losses": [
      0.011828243546411396,
      0.004268725839704275,
      0.0032326841200143097,
      0.002721761139072478,
      0.0022719219456240536,
      0.0021210366566851734,
      0.0018672809126786887,
      0.0017291213129647077,
      0.001555889244787395,
      0.0014433789528533816,
      0.001358419757131487,
      0.0011931263474561273,
      0.0012105915797688068,
      0.001117858039662242,
      0.0010881035386957228,
      0.000982344029257074,
      0.0009458644524030388,
      0.0008788738438673318,
      0.0008910749346576631,
      0.0007823533943295479,
      0.0007996258322801441,
      0.0007395256231352686,
      0.0007395604235958308,
      0.0007253801103867591,
      0.0006608131597656756,
      0.0006344647228252142,
      0.000631950169550255,
      0.0005549587077950127,
      0.0005596070225723088,
      0.0005790709230676294,
      0.0005380395278683864,
      0.0004599194960249588,
      0.0005188012750260532,
      0.00047746351522859185,
      0.0004810770927229896,
      0.0004778508800105192,
      0.0004457410967256874,
      0.00042695367612875996,
      0.00043067740753060206,
      0.0003925226122327149,
      0.00038314783182460813,
      0.00040588416019454596,
      0.00036995496723800895,
      0.0004142789512174204,
      0.0003044412038195878,
      0.0003506492721149698,
      0.00033580245005432514,
      0.0003709542355872691,
      0.0003204744680132717,
      0.000311269297148101,
      0.00032369426829740406,
      0.00029531517963623627,
      0.0003166376046091318,
      0.0002762674636952579,
      0.00027675123720429835,
      0.0002956063955416903,
      0.0002630277470150031,
      0.0003101404976891354,
      0.0002475285279517993,
      0.0002503594861831516,
      0.0002712076081964187,
      0.00021157789051532745,
      0.0002651922479504719,
      0.00024708838331280274,
      0.00023081669229548424,
      0.00021706912014167755,
      0.00024612740153912455,
      0.00021353525362443178,
      0.00019230354830273428,
      0.00018749092416837812,
      0.00023642347418004647,
      0.00018117787153227254,
      0.0002030020773387514,
      0.0001982316656666808,
      0.00019478878762340174,
      0.00016008645460708067,
      0.00020149536450160668,
      0.00018800473197828977,
      0.00017621780140092598,
      0.00016737980650970713,
      0.00015339839911554008,
      0.00017314527297625318,
      0.00017284814374288543,
      0.00013036235797218978,
      0.00013864621270564384,
      0.0001681321411812678,
      0.00013182530524791217,
      0.00015072083394508808,
      0.00013337597054080108,
      0.00012156294194282964,
      0.00015190145078697241,
      0.00013701729533378967,
      0.00013324161834141706,
      0.00011744044746272266,
      0.00012884896994451992,
      0.00011953107600449585,
      0.00010442268639104441,
      0.00013731248497148046,
      0.00010679926025331951,
      0.00010716974060749635,
      0.00012741183558711783,
      9.577591226552612e-05,
      9.426868102047592e-05,
      0.00010306778013124131,
      0.00010324900145758874,
      0.00010703566840849817,
      0.000103238386757439,
      0.00011371200948953628,
      8.211707656737417e-05,
      9.847718418575824e-05,
      9.72892017918639e-05,
      8.357816384610487e-05,
      0.00011250102764926851,
      7.796201806049795e-05,
      0.00010789598009199836,
      9.070724459888879e-05,
      7.027927548624575e-05,
      8.332942317414563e-05,
      7.991165318177081e-05,
      6.945800017099828e-05,
      7.740838257130236e-05,
      9.351563556934707e-05,
      5.986635761277284e-05,
      6.907364764600061e-05,
      5.4325811167946085e-05,
      5.677432751923334e-05,
      6.635942571563647e-05,
      7.016166540968698e-05,
      4.742386838363018e-05,
      6.348830829956569e-05,
      4.9970138089265674e-05,
      6.161460880131926e-05,
      6.878077136003412e-05,
      5.31999802502105e-05,
      4.2754266711999665e-05,
      5.1758771415916275e-05,
      5.518479167309124e-05,
      5.4650231255509425e-05,
      5.1130692512961106e-05,
      4.985209390637465e-05,
      5.6078182412893514e-05,
      4.476427764049731e-05,
      3.8315112705167845e-05,
      4.4656761654186993e-05,
      3.719242072955239e-05,
      3.730479683901649e-05,
      2.867455021565547e-05,
      4.114879323838977e-05,
      4.4659635350108144e-05,
      3.584030925456318e-05,
      3.806852377136238e-05,
      4.0721540606464256e-05,
      3.825144325819565e-05,
      3.599967266141903e-05,
      3.514451587398071e-05,
      3.2767739869013894e-05,
      2.1950007767009083e-05,
      3.744728455261793e-05,
      2.755935419583693e-05,
      2.734558196127182e-05,
      2.8677186442073436e-05,
      2.5537739554129074e-05,
      2.110171166830696e-05,
      2.7269129521446302e-05,
      3.650539004505845e-05,
      2.7522043739736546e-05,
      2.2368240317155143e-05,
      2.276502450258704e-05,
      2.52606985453167e-05,
      2.0660542091936805e-05,
      2.2276190374541328e-05,
      2.052615973429056e-05,
      1.7520419582142493e-05,
      1.8672084579302465e-05,
      1.4705452387279364e-05,
      1.810681157367071e-05,
      1.9000137989060022e-05,
      1.537068977660965e-05,
      1.631655961769866e-05,
      1.5526401612733026e-05,
      1.1792122538608965e-05,
      1.6205301570589655e-05,
      1.2201616602251305e-05,
      9.45377249197918e-06,
      9.28880235325778e-06,
      1.2551368507411098e-05,
      1.4619925203442108e-05,
      1.070746516707004e-05,
      9.91113386437064e-06,
      8.884899256809149e-06,
      1.1247156437893864e-05,
      8.012333083024714e-06,
      9.223131996841403e-06,
      8.389130228897557e-06,
      1.0802900617709383e-05,
      7.78077570052119e-06,
      6.141555677604629e-06,
      6.546947945607826e-06,
      6.368046272109495e-06,
      6.345096948134596e-06
    ],
    "eval_losses": [
      0.004536209581512958,
      0.003968206482962706,
      0.0034452044462785123,
      0.003344770992803387,
      0.0032559158534975724,
      0.003387039828300476,
      0.003091232204437256,
      0.0031402760092169046,
      0.0032249744878616185,
      0.002940461485274136,
      0.0030422481733723542,
      0.0028968673890223725,
      0.00265830975943245,
      0.00297517568609037,
      0.002810361885279417,
      0.003023503468319541,
      0.0030301703394856306,
      0.00315823810081929,
      0.0027029601749498397,
      0.0025797862579056527,
      0.003338516507577151,
      0.002767240081867203,
      0.003015049116947921,
      0.0029484858555719256,
      0.002857455759961158,
      0.0028158929280994926,
      0.0029271434599882924,
      0.0030161421706608963,
      0.0028667439435143024,
      0.0025940916708692384,
      0.0028744306463919203,
      0.002978000058289763,
      0.002972000793684856,
      0.002831100629920547,
      0.0027453257152537844,
      0.0027780289377340524,
      0.002535626301876255,
      0.002575487929492374,
      0.002479591328821334,
      0.002567383513202003
    ],