{
  "args": {
    "device": "cuda:0",
    "exp_home": "./results",
    "ds_name": "mnist",
    "mode": "denoising",
    "noise_std": 0.25,
    "down_scale": 2.0,
    "model_type": "conventional",
    "latent_dim": 784,
    "hidden_dims": [
      1470,
      1470,
      1470
    ],
    "wo_Win": true,
    "fix_Win": false,
    "I_Win": false,
    "wo_Wout": true,
    "batch_size": 128,
    "epochs": 30,
    "lr": 0.0005,
    "use_augmentation": false,
    "aug_num": 2,
    "run_id": 5,
    "seed": 42
  },
  "training_logs": {
    "train_losses": [
      0.012028168683052063,
      0.006294566884934902,
      0.005590700403004884,
      0.005215760674327612,
      0.005020312810391188,
      0.0048762088593840595,
      0.00474224694058299,
      0.00465534167766571,
      0.004565507014989853,
      0.004487541687786579,
      0.004431724545657635,
      0.004365150533467531,
      0.004308439275920391,
      0.004256383764594794,
      0.004210913037806749,
      0.0041458265189826485,
      0.004104062341600656,
      0.004046355680674314,
      0.004001090421974659,
      0.003973998971730471,
      0.003936256987303495,
      0.0038861867499351502,
      0.003845966760069132,
      0.0038078672420233488,
      0.003764574175477028,
      0.003715581117272377,
      0.0036824661949276926,
      0.003639375618472695,
      0.003615126608237624,
      0.0035804269228875635
    ],
    "eval_losses": [
      0.0048247803427279,
      0.004474017047137022,
      0.004168952371925116,
      0.003978011915832758,
      0.0038225475922226905,
      0.0036979309618473052
    ],
    "psnr": [
      23.167278958129884,
      23.494673611450196,
      23.801372360229493,
      24.005010317993165,
      24.1782954498291,
      24.322360473632813
    ],
    "ssim": [
      0.9188742609024048,
      0.9298751705169678,
      0.9402727508544921,
      0.9450436301231384,
      0.9477633684158325,
      0.9524017355918885
    ],
    "best_epoch": 30,
    "best_step": null,
    "best_eval_loss": 0.0036979309618473052
  },
  "test_results": {
    "test_loss": 0.0036840574856847525,
    "test_psnr": 24.344588653564454,
    "test_ssim": 0.9532971021652221
  }
}