{
  "args": {
    "device": "cuda:6",
    "exp_home": "./results",
    "ds_name": "mnist",
    "mode": "denoising",
    "noise_std": 0.25,
    "down_scale": 2.0,
    "model_type": "conventional",
    "latent_dim": 784,
    "hidden_dims": [
      2870,
      2870
    ],
    "wo_Win": false,
    "fix_Win": false,
    "I_Win": false,
    "wo_Wout": false,
    "batch_size": 128,
    "epochs": 30,
    "lr": 0.0005,
    "use_augmentation": false,
    "aug_num": 2,
    "run_id": 3,
    "seed": 42
  },
  "training_logs": {
    "train_losses": [
      0.01706927260786295,
      0.006961764148622751,
      0.006057793553769589,
      0.0056394458487629895,
      0.005369289626330137,
      0.005229370442032814,
      0.005105216460376978,
      0.0049891096009314065,
      0.004863446323573589,
      0.004783940976858139,
      0.004710911174565554,
      0.004632904514670372,
      0.00453851305231452,
      0.00448827446192503,
      0.004413065310716629,
      0.004358225111365318,
      0.004290900510698557,
      0.00423606944553554,
      0.004165152356922626,
      0.004114726933836937,
      0.004055640310496092,
      0.0040030228334665295,
      0.003941341390609741,
      0.003907977668195963,
      0.0038465462867170574,
      0.0037973480081558227,
      0.003741411303281784,
      0.0036964572028815746,
      0.003645530903339386,
      0.003606389996409416
    ],
    "eval_losses": [
      0.005223326001316309,
      0.004716694355756044,
      0.00438839580193162,
      0.0041405430577695366,
      0.003944987038522959,
      0.0037525126833468678
    ],
    "psnr": [
      22.822552688598634,
      23.26581883239746,
      23.57925631713867,
      23.831452655029295,
      24.041665881347654,
      24.258987240600586
    ],
    "ssim": [
      0.8935754278182984,
      0.9204341876983643,
      0.9190934542655945,
      0.9261664176940918,
      0.9310618927001953,
      0.9375279973030091
    ],
    "best_epoch": 30,
    "best_step": null,
    "best_eval_loss": 0.0037525126833468678
  },
  "test_results": {
    "test_loss": 0.003722029672935605,
    "test_psnr": 24.300944284057618,
    "test_ssim": 0.9391205787658692
  }
}