{
  "args": {
    "device": "cuda:2",
    "exp_home": "./results",
    "ds_name": "mnist",
    "mode": "generative_classification",
    "noise_std": 0.25,
    "down_scale": 2.0,
    "model_type": "conventional",
    "latent_dim": 784,
    "hidden_dims": [
      1150,
      1150
    ],
    "wo_Win": false,
    "fix_Win": false,
    "I_Win": true,
    "batch_size": 128,
    "epochs": 100,
    "lr": 0.0005,
    "use_augmentation": true,
    "aug_num": 4,
    "run_id": 1,
    "seed": 42
  },
  "training_logs": {
    "train_losses": [
      0.012911074061989785,
      0.006789898849725723,
      0.005566085690557956,
      0.004756325933560729,
      0.004199573789834976,
      0.0037592597416043283,
      0.0034341098388284445,
      0.003111399053186178,
      0.002847314559221268,
      0.0026736431247368457,
      0.002430470325872302,
      0.0022980688881501557,
      0.0021175125233083964,
      0.0019984448609873654,
      0.0018684841113165021,
      0.0017914670204743743,
      0.0016517608347535134,
      0.0015591146073862911,
      0.0014898246552795171,
      0.0013606611321493984,
      0.0013459549069032074,
      0.0013098762203007936,
      0.0012282999650761485,
      0.0011560528799518942,
      0.001122851740103215,
      0.0010444990122132002,
      0.0010089712112769484,
      0.0009745816192403435,
      0.000943804507162422,
      0.0008876291914284229,
      0.0008631436417996883,
      0.0008427958248741925,
      0.0008044164014048875,
      0.000795765907485038,
      0.0007273790416121483,
      0.0007404712754301727,
      0.000716613780874759,
      0.0006761270361207426,
      0.0006432899203710258,
      0.000626312249545008,
      0.0006217356526106596,
      0.0005797452673316002,
      0.0005954134352691472,
      0.0005141574148274958,
      0.000553916262537241,
      0.00048745803978294134,
      0.0005364724453166128,
      0.0004730413603689522,
      0.0004648664416465908,
      0.00043279040014371277,
      0.00044698279267176987,
      0.0004254653108026832,
      0.00038662191797979176,
      0.00038968997270800174,
      0.0003763913354743272,
      0.0003572836421150714,
      0.00036232795643620195,
      0.000349212705809623,
      0.0003523042749986053,
      0.00029966965578496455,
      0.0003167198694590479,
      0.000295597044415772,
      0.0003185285254009068,
      0.00026332431233488024,
      0.0002820063770748675,
      0.00028184024152345954,
      0.00023197173731401562,
      0.0002595176493935287,
      0.00022274776805192233,
      0.0002232312192162499,
      0.00022696488004177808,
      0.0002096867701038718,
      0.0002202055792277679,
      0.0001839392142975703,
      0.0001855852743657306,
      0.0001898431589594111,
      0.00017167615348473192,
      0.00017421365692280234,
      0.0001617999700969085,
      0.0001601855505630374,
      0.00014794908884447068,
      0.0001428512689238414,
      0.00013614832784049214,
      0.0001301876308815554,
      0.00012931488074362278,
      0.00012369285255204885,
      0.00011558296055765823,
      0.00011433406842174008,
      0.00010698869183659554,
      0.00010489074484910815,
      0.000100296923534479,
      9.74078633938916e-05,
      9.377383618848399e-05,
      9.039954529376701e-05,
      8.729541662381961e-05,
      8.49253346445039e-05,
      8.200748107163236e-05,
      7.906436990248039e-05,
      7.59802410332486e-05,
      7.375623338855804e-05
    ],
    "eval_losses": [
      0.004731463753804565,
      0.004090821626409888,
      0.00378426945284009,
      0.0034856429781764744,
      0.0031209879547357557,
      0.0030542252643033863,
      0.0031187301074154677,
      0.002982915905956179,
      0.0028989640825428068,
      0.002823555650189519,
      0.002892231445014477,
      0.002737183913961053,
      0.002753428243100643,
      0.0026380694845691325,
      0.002611723834276199,
      0.0026547270983457564,
      0.0026349973540753125,
      0.002645852174330503,
      0.0025145807805471124,
      0.002545828007813543
    ],
    "psnr": [
      23.400778448486328,
      24.080454187011718,
      24.479548721313478,
      24.84954298400879,
      25.331709634399413,
      25.49078458557129,
      25.31447678527832,
      25.599263134765625,
      25.751645391845702,
      25.841143139648437,
      25.75086870422363,
      26.087994543457032,
      26.02606975402832,
      26.253917248535156,
      26.255445950317384,
      26.248441217041016,
      26.217825006103517,
      26.253415606689455,
      26.532654458618165,
      26.48334685058594
    ],
    "ssim": [
      0.9465229057312011,
      0.9546358679771423,
      0.960390830039978,
      0.9623302703857421,
      0.9675602516174316,
      0.9666187346458435,
      0.9685781234741211,
      0.9694632273674011,
      0.9698179174423218,
      0.9726445945739746,
      0.9713576131820679,
      0.9744695673942566,
      0.974297632408142,
      0.9760497213363647,
      0.9758159194946289,
      0.9767175460815429,
      0.9771584884643555,
      0.9774304501533508,
      0.979019734287262,
      0.9790564515113831
    ],
    "best_epoch": 95,
    "best_step": null,
    "best_eval_loss": 0.0025145807805471124
  },
  "test_results": {
    "test_loss": 0.002368501194997225,
    "test_psnr": 28.314386218261717,
    "test_ssim": 0.9795878517150879
  }
}