{
  "args": {
    "device": "cuda:1",
    "exp_home": "./results",
    "ds_name": "mnist",
    "mode": "denoising",
    "noise_std": 0.25,
    "down_scale": 2.0,
    "model_type": "conventional",
    "latent_dim": 784,
    "hidden_dims": [
      1150,
      1150,
      1150,
      1150
    ],
    "wo_Win": false,
    "fix_Win": false,
    "I_Win": true,
    "batch_size": 128,
    "epochs": 100,
    "lr": 5e-05,
    "use_augmentation": true,
    "aug_num": 4,
    "run_id": 2,
    "seed": 42
  },
  "training_logs": {
    "train_losses": [
      0.01978684459000826,
      0.007702780596315861,
      0.006331558202207089,
      0.005704424123764038,
      0.005345643495172262,
      0.005103293805718422,
      0.004931659047603607,
      0.004798957771509886,
      0.00468521609172225,
      0.004603682174533606,
      0.004528508615195751,
      0.004469193205088377,
      0.00441281831920147,
      0.004360512804836035,
      0.004322829182296991,
      0.0042842909350991245,
      0.0042487253686785695,
      0.004215337775796652,
      0.004182591101080179,
      0.004156833758801222,
      0.0041279487822949885,
      0.0041028270160406825,
      0.004080765049159527,
      0.004063138782083988,
      0.004044305810630321,
      0.004018740102350712,
      0.00400263391956687,
      0.003986530081033707,
      0.003968823005855084,
      0.003951301682591438,
      0.003937783292084932,
      0.0039233744935691355,
      0.003911466998159885,
      0.0038957785366475583,
      0.003883138031885028,
      0.00386966366879642,
      0.0038564415201544763,
      0.003843393904864788,
      0.0038382410760223864,
      0.0038262286238372324,
      0.0038130754028260706,
      0.0038049620340019465,
      0.0037973253060877322,
      0.003784300919249654,
      0.0037739892583340405,
      0.0037663377190381288,
      0.0037599058263003827,
      0.0037528348919004203,
      0.003741523794680834,
      0.0037358478847146033,
      0.003725919096916914,
      0.003719640155732632,
      0.003713010909408331,
      0.0037043169955909253,
      0.0036984039453417062,
      0.0036882157058268786,
      0.00368305619597435,
      0.0036773061496019363,
      0.0036682048016786575,
      0.003667081844881177,
      0.003656283317729831,
      0.0036531165350973606,
      0.003646157309859991,
      0.0036409734724462033,
      0.0036354316965490577,
      0.0036296521826088427,
      0.0036224635627865793,
      0.0036212461247295143,
      0.0036160139375925066,
      0.003608907941952348,
      0.0036056245727837085,
      0.0036034549878537657,
      0.0035955030288547275,
      0.003591337189003825,
      0.0035864372608810664,
      0.003581108814403415,
      0.003578593503162265,
      0.0035766518776118757,
      0.0035694127143919467,
      0.003567166433557868,
      0.0035638757515698673,
      0.003556088945567608,
      0.0035558672370016573,
      0.0035558474465459586,
      0.0035509229525178673,
      0.003543834893330932,
      0.003542070205360651,
      0.0035401068687438966,
      0.0035345297964662313,
      0.0035319077614694833,
      0.0035303207028657196,
      0.0035279234710335733,
      0.003524417184963822,
      0.003522216192856431,
      0.003518692103177309,
      0.0035170100593566894,
      0.003516871795207262,
      0.0035147378528118133,
      0.003511584931686521,
      0.003509947560802102
    ],
    "eval_losses": [
      0.004976033502072096,
      0.004421439485251904,
      0.004210258526355028,
      0.004035959306359291,
      0.003971586326509714,
      0.0039049541883170603,
      0.003851087751984596,
      0.0038163303934037685,
      0.0037616100169718266,
      0.0037369389168918133,
      0.0037031361423432827,
      0.00368710005953908,
      0.003662371726334095,
      0.0036320108160376547,
      0.003626720676198602,
      0.0036033064980059864,
      0.0035974265575408936,
      0.003578965591266751,
      0.003582466334104538,
      0.0035631943099200727
    ],
    "psnr": [
      23.03296322631836,
      23.54691123046875,
      23.758763873291016,
      23.942353964233398,
      24.012325466918945,
      24.086161544799804,
      24.146083126831055,
      24.18543702697754,
      24.248072207641602,
      24.27673457336426,
      24.3163350189209,
      24.334862295532226,
      24.364323138427736,
      24.40050180053711,
      24.406840551757814,
      24.434564916992187,
      24.441963372802736,
      24.46421469116211,
      24.459958947753908,
      24.483487142944337
    ],
    "ssim": [
      0.9045967374801636,
      0.922788648891449,
      0.9294060308456421,
      0.9336757506370544,
      0.9353997768402099,
      0.938834063911438,
      0.940423162651062,
      0.9418064531326293,
      0.9447373956680298,
      0.9448181154251099,
      0.9479933534622192,
      0.9470065132141113,
      0.9486345908164978,
      0.9493315276145935,
      0.950529358291626,
      0.9502032899856567,
      0.9510619960784912,
      0.9510061248779297,
      0.9510428614616394,
      0.951686955165863
    ],
    "best_epoch": 100,
    "best_step": null,
    "best_eval_loss": 0.0035631943099200727
  },
  "test_results": {
    "test_loss": 0.003546879081428051,
    "test_psnr": 24.509824398803712,
    "test_ssim": 0.9525159008026123
  }
}