{
  "args": {
    "device": "cuda:8",
    "exp_home": "./results",
    "ds_name": "mnist",
    "mode": "denoising",
    "noise_std": 0.25,
    "down_scale": 2.0,
    "model_type": "hourglass",
    "latent_dim": 785,
    "hidden_dims": [
      115,
      115,
      115,
      115,
      115,
      115,
      115,
      115,
      115,
      115
    ],
    "wo_Win": false,
    "fix_Win": true,
    "I_Win": false,
    "wo_Wout": false,
    "batch_size": 128,
    "epochs": 30,
    "lr": 0.01,
    "use_augmentation": false,
    "aug_num": 2,
    "run_id": 1,
    "seed": 42
  },
  "training_logs": {
    "train_losses": [
      0.11461428105115891,
      0.11421694300174713,
      0.11421694298028946,
      0.1142169428730011,
      0.11421694326400757,
      0.11421694268465042,
      0.11421694317102432,
      0.11421694338798523,
      0.11421694291353225,
      0.11421694326639176,
      0.1142169432425499,
      0.11421694285392761,
      0.11421694284439086,
      0.11421694315433502,
      0.11421694287538528,
      0.11421694265842437,
      0.11421694321632385,
      0.11421694260120392,
      0.11421694362163544,
      0.11421694304704666,
      0.11421694271087647,
      0.11421694265127182,
      0.11421694286108017,
      0.1142169429731369,
      0.11421694277048111,
      0.11421694271802903,
      0.1142169425034523,
      0.11421694308519363,
      0.11421694298505783,
      0.11421694329023362
    ],
    "eval_losses": [
      0.11336472058296204,
      0.11336472058296204,
      0.11336472058296204,
      0.11336472058296204,
      0.11336472058296204,
      0.11336472058296204
    ],
    "psnr": [
      9.457362474060059,
      9.457362474060059,
      9.457362474060059,
      9.457362474060059,
      9.457362474060059,
      9.457362474060059
    ],
    "ssim": [
      0.42268088984489444,
      0.42268088984489444,
      0.42268088984489444,
      0.42268088984489444,
      0.42268088984489444,
      0.42268088984489444
    ],
    "best_epoch": 5,
    "best_step": null,
    "best_eval_loss": 0.11336472058296204
  },
  "test_results": {
    "test_loss": 0.11534376389980316,
    "test_psnr": 9.404606674194335,
    "test_ssim": 0.42120131502151487
  }
}