{
  "args": {
    "device": "cuda:9",
    "exp_home": "./results",
    "ds_name": "mnist",
    "mode": "generative_classification",
    "noise_std": 0.25,
    "down_scale": 2.0,
    "model_type": "conventional",
    "latent_dim": 784,
    "hidden_dims": [
      785,
      785,
      785,
      785,
      785,
      785
    ],
    "wo_Win": true,
    "fix_Win": false,
    "I_Win": false,
    "wo_Wout": true,
    "batch_size": 128,
    "epochs": 50,
    "lr": 0.0001,
    "use_augmentation": false,
    "aug_num": 2,
    "run_id": 1,
    "seed": 42
  },
  "training_logs": {
    "train_losses": [
      0.016625424093455077,
      0.004114577535688877,
      0.0026932877860218287,
      0.0021213780461251737,
      0.001600585164129734,
      0.001443737033084035,
      0.0011378471835702657,
      0.0011007887761294841,
      0.0009835700967162847,
      0.0008962954860553146,
      0.0007679329841583967,
      0.0007157464076951146,
      0.0006939401876181364,
      0.0006203532939217985,
      0.0005964883878827095,
      0.000543416622839868,
      0.0004908264471730217,
      0.0004359015045128763,
      0.0004117936599906534,
      0.000503846801314503,
      0.0003793016076460481,
      0.00034706286401022223,
      0.0004210799198783934,
      0.00033231365790590645,
      0.0003263412352465093,
      0.0003034356018062681,
      0.0002686581719201058,
      0.0002858225260907784,
      0.00024113618604838848,
      0.00021098601295379922,
      0.0001868748054280877,
      0.00020627371422015132,
      0.00019129335211589933,
      0.00017029557746602223,
      0.0001540337438462302,
      0.0001550927047384903,
      0.0001471740116365254,
      0.00011893193698255345,
      0.0001027068947814405,
      0.00010154251570347696,
      8.744346557417884e-05,
      9.158905495423824e-05,
      9.233315728022717e-05,
      9.726708146277815e-05,
      8.619790760916658e-05,
      7.328502504620701e-05,
      6.971129318815656e-05,
      6.638980988413095e-05,
      6.576894715544767e-05,
      6.291083943913691e-05
    ],
    "eval_losses": [
      0.004288213735073805,
      0.003438973331497982,
      0.0033949339747428894,
      0.00315070585180074,
      0.0032287843473721295,
      0.002964478522283025,
      0.003021715763397515,
      0.003045672742149327,
      0.003224718315573409,
      0.0028817301219911315
    ],
    "psnr": [
      24.01111083984375,
      25.235491638183593,
      25.352832510375976,
      25.694273876953126,
      25.771982611083985,
      26.15271961669922,
      26.472509204101563,
      26.251017376708983,
      25.834273266601564,
      26.589056701660155
    ],
    "ssim": [
      0.9559508560180664,
      0.9716837412834167,
      0.9750584442138672,
      0.9773639873504638,
      0.9777474354743958,
      0.980866873550415,
      0.9813692430496216,
      0.9811494439125061,
      0.9804054697990418,
      0.9824593706130982
    ],
    "best_epoch": 50,
    "best_step": null,
    "best_eval_loss": 0.0028817301219911315
  },
  "test_results": {
    "test_loss": 0.0031343035281519408,
    "test_psnr": 27.055870703125,
    "test_ssim": 0.9811592491149902
  }
}