{
  "args": {
    "device": "cuda:2",
    "exp_home": "./results",
    "ds_name": "mnist",
    "mode": "generative_classification",
    "noise_std": 0.25,
    "down_scale": 2.0,
    "model_type": "conventional",
    "latent_dim": 784,
    "hidden_dims": [
      1150,
      1150,
      1150,
      1150
    ],
    "wo_Win": false,
    "fix_Win": false,
    "I_Win": true,
    "batch_size": 128,
    "epochs": 100,
    "lr": 0.0005,
    "use_augmentation": true,
    "aug_num": 4,
    "run_id": 1,
    "seed": 42
  },
  "training_logs": {
    "train_losses": [
      0.012428601481467485,
      0.006681116259843111,
      0.005405621758177877,
      0.004551851848065853,
      0.003982288527712226,
      0.003549485796429217,
      0.0032033073057979346,
      0.00284354246430099,
      0.0025897769797593355,
      0.0024099453416839244,
      0.0021869841204956173,
      0.002023115513306111,
      0.0018707513056322933,
      0.0017659887403063477,
      0.0016105783659406006,
      0.0015437410527840256,
      0.001477751190047711,
      0.0013188140292465687,
      0.0012684047191031276,
      0.0012022762149386107,
      0.0011402479527704418,
      0.0010567124646063894,
      0.0010623876047506928,
      0.0009704214606713503,
      0.0009400973838753999,
      0.0009144792110472918,
      0.0008516918874904514,
      0.0008224177766777575,
      0.0007792945884540677,
      0.0007788118745107204,
      0.0007394299408607185,
      0.00066960563570261,
      0.0006959543512482196,
      0.0006238654770050198,
      0.0006167002063337713,
      0.0005774494588281959,
      0.0005596412906842306,
      0.0005594547357037664,
      0.0005309800832718611,
      0.0005063166817463934,
      0.0004859174473956227,
      0.0004466982328379527,
      0.0004953994057979435,
      0.0004021421148907393,
      0.00042567861184012145,
      0.00038253781509585676,
      0.0003956443855166435,
      0.00033835331042762843,
      0.00037887495149392636,
      0.0003135439567267895,
      0.00030482103280723093,
      0.00034187955008354036,
      0.00030363838632591067,
      0.000282498786484357,
      0.00026313602827722206,
      0.00025801815865328533,
      0.000250160312387161,
      0.00022786995319416746,
      0.0002450564240640961,
      0.0002083482279977761,
      0.00019842329304665328,
      0.00019503064634045586,
      0.0001845470048021525,
      0.00016833211245480926,
      0.00017167608228279278,
      0.00016678982322104274,
      0.00014178072556853295,
      0.00015721795162186027,
      0.00011357629187055863,
      0.00014555176572408527,
      0.0001365723303158302,
      9.610482124844566e-05,
      0.0001015480007964652,
      0.00012263200727407822,
      7.700139754451811e-05,
      0.00010824845497380011,
      7.375429761596024e-05,
      7.799928796011955e-05,
      9.266088599688374e-05,
      6.139739273872692e-05,
      7.466751009807922e-05,
      5.627784321317449e-05,
      5.2563949401373976e-05,
      5.04918174125487e-05,
      4.966540173452813e-05,
      4.8911178848939015e-05,
      3.578344922803808e-05,
      3.2925379007938316e-05,
      3.716498497815337e-05,
      2.8498534623649903e-05,
      2.4618608702439816e-05,
      2.508128415502142e-05,
      2.4511794708960222e-05,
      1.97568848557421e-05,
      1.8948520045669284e-05,
      1.6574585702619516e-05,
      1.4438433320028708e-05,
      1.2079298210155685e-05,
      1.1542197546659736e-05,
      1.0990126338147092e-05
    ],
    "eval_losses": [
      0.004231213613972068,
      0.003425779207702726,
      0.0033830782920587807,
      0.0033850607996806503,
      0.0026974221610929815,
      0.002860010181739926,
      0.0026143817672040315,
      0.002601441371953115,
      0.002564448937785346,
      0.002280790633324068,
      0.002731620576605201,
      0.0024941556519363075,
      0.0023169532300380525,
      0.002387978938454762,
      0.00220478423810564,
      0.001944694289965264,
      0.0022093775538669434,
      0.002181008273016778,
      0.0019823861311306246,
      0.002000341602030676
    ],
    "psnr": [
      24.02650397644043,
      24.986301608276367,
      25.200583209228515,
      25.11096639404297,
      26.300058825683593,
      25.87061668701172,
      26.402631860351562,
      26.303760217285156,
      26.575527069091798,
      27.17410774536133,
      26.274850451660157,
      26.79772269897461,
      27.253456616210936,
      27.173919140625,
      27.634269061279298,
      28.431123205566408,
      27.667672625732422,
      27.51613843383789,
      28.2390841796875,
      28.231044622802735
    ],
    "ssim": [
      0.9589637956619262,
      0.9704782704353333,
      0.9731344017028809,
      0.9726875902175903,
      0.9776652799606323,
      0.9765365314483643,
      0.9791598977088928,
      0.979058159828186,
      0.9802678844451904,
      0.9823757215499878,
      0.9803143321990967,
      0.9810625612258911,
      0.9827488607406616,
      0.9826204922676086,
      0.9840800044059753,
      0.9859883787155151,
      0.984339939212799,
      0.9849494525909424,
      0.9868307113647461,
      0.9868743524551392
    ],
    "best_epoch": 80,
    "best_step": null,
    "best_eval_loss": 0.001944694289965264
  },
  "test_results": {
    "test_loss": 0.002363132018219039,
    "test_psnr": 30.023424505615235,
    "test_ssim": 0.9838248882293701
  }
}