{
  "args": {
    "device": "cuda:3",
    "exp_home": "./results",
    "ds_name": "mnist",
    "mode": "generative_classification",
    "noise_std": 0.25,
    "down_scale": 2.0,
    "model_type": "conventional",
    "latent_dim": 784,
    "hidden_dims": [
      1150,
      1150,
      1150,
      1150,
      1150,
      1150,
      1150,
      1150,
      1150,
      1150
    ],
    "wo_Win": false,
    "fix_Win": true,
    "I_Win": false,
    "batch_size": 128,
    "epochs": 200,
    "lr": 0.0001,
    "use_augmentation": true,
    "aug_num": 2,
    "run_id": 3,
    "seed": 42
  },
  "training_logs": {
    "train_losses": [
      0.01137189702361822,
      0.004120076851025224,
      0.003215614758990705,
      0.0027044386929273604,
      0.002349560949485749,
      0.0020770518239587544,
      0.0019121726966649295,
      0.0017035317968577147,
      0.001570540350265801,
      0.0014220456425193698,
      0.0013868955578003079,
      0.0012554172194004058,
      0.0011520490558538587,
      0.0011082927095890046,
      0.00108585625724867,
      0.001009489264395088,
      0.0009052853141725063,
      0.0009240848994860425,
      0.0009042406718805432,
      0.0008302924984414131,
      0.0008455701859574765,
      0.0007416742413863539,
      0.0007196591298468411,
      0.0007086921759136021,
      0.00071173050140962,
      0.0006440708128735423,
      0.0006120395550318062,
      0.0005717073975363747,
      0.0005707165260333568,
      0.0005417096486920491,
      0.0005838689162675292,
      0.0005528410030296073,
      0.0005111234410433099,
      0.00047470493400003763,
      0.0004554725895449519,
      0.00050498832361307,
      0.0004332716488116421,
      0.00047986412128899245,
      0.00044916079935152084,
      0.0004246711934264749,
      0.0003693762891693041,
      0.00039968338476028295,
      0.0004068825647654012,
      0.00036455511326901615,
      0.00041073269905522465,
      0.00032481274421326817,
      0.0003605945378681645,
      0.0003349135777307674,
      0.00031711515185423196,
      0.0003531378164701164,
      0.00035637870028847827,
      0.00030384372365660966,
      0.00027804588370490817,
      0.00032502740670577624,
      0.00029292870129924266,
      0.0002869641361106187,
      0.00024263225516770034,
      0.000276775455835741,
      0.00031683762200176714,
      0.00022876334608765318,
      0.0002984804131858982,
      0.0002887163734901696,
      0.00023362877699313684,
      0.00021209894744679333,
      0.0002678358896961436,
      0.00022624632281484082,
      0.00023434634229633957,
      0.00021924986102734692,
      0.00018247993585304356,
      0.00021745658475905657,
      0.00022898790623061358,
      0.00022292587633710353,
      0.000174942221903475,
      0.00020676085935207085,
      0.00020413081033620982,
      0.00021541316704591737,
      0.00017614890011260286,
      0.00017282682601828128,
      0.00014881481905002148,
      0.00019277242132695392,
      0.00016339686752064154,
      0.000193028554788325,
      0.00018451860852190292,
      0.00017213426597649232,
      0.00014370892643695698,
      0.0001727734672348015,
      0.00015022910214029252,
      0.0001592180514917709,
      0.00016294021310051904,
      0.00017095592043129727,
      0.00010387306589400396,
      0.00016546479251002892,
      0.0001233279810694512,
      0.00011373948513064534,
      0.00014032579752733,
      0.00014566752862767317,
      0.00012162503016996198,
      0.00013477290851296857,
      9.31136532803066e-05,
      0.00015932623806525953,
      9.150030622375198e-05,
      0.00013208256077137777,
      0.00012304791898233816,
      9.543314381793607e-05,
      0.00011020471693016589,
      0.00010928097962168977,
      0.00010448979256441817,
      0.00010347038286970928,
      8.817707113106735e-05,
      8.82663138024509e-05,
      0.000117911284804577,
      8.413970535388217e-05,
      9.824987833970227e-05,
      0.00010676487820979674,
      8.151423924602568e-05,
      8.78096668724902e-05,
      7.187609131564386e-05,
      7.314406458172016e-05,
      8.558149539749139e-05,
      7.471913589688484e-05,
      9.892105850856751e-05,
      6.971204639296048e-05,
      5.436644002504181e-05,
      6.053681066608988e-05,
      0.00010103933546342887,
      8.309225161036011e-05,
      5.1927745571592826e-05,
      8.533026767079719e-05,
      7.732104854774662e-05,
      6.570121610246132e-05,
      6.850417793088127e-05,
      4.261574970325455e-05,
      6.4958174485364e-05,
      5.148333777033258e-05,
      4.9793063915567475e-05,
      5.6108699445030654e-05,
      4.038727487029974e-05,
      3.6185341562377286e-05,
      7.65014472429175e-05,
      5.412228085391689e-05,
      4.068211576202884e-05,
      5.207056622952223e-05,
      3.7652992712392003e-05,
      5.9735788013786077e-05,
      5.528751698700944e-05,
      3.3460255281534045e-05,
      2.995939463376999e-05,
      3.300707844231511e-05,
      2.9646853680023922e-05,
      3.853320055350196e-05,
      4.2396657079225406e-05,
      3.714382288599154e-05,
      3.6604865765548313e-05,
      2.7139724064909388e-05,
      3.534958704840392e-05,
      3.056883218261646e-05,
      3.902197556279134e-05,
      3.315598922636127e-05,
      2.7155970166786574e-05,
      3.229124056146247e-05,
      2.596378453890793e-05,
      2.1886127423349535e-05,
      2.7808274783747038e-05,
      2.7120606683311052e-05,
      2.0480213015689513e-05,
      1.9686226300545968e-05,
      2.8798874130297918e-05,
      2.528684643271845e-05,
      2.695122666656971e-05,
      2.079605644015828e-05,
      2.2297362386016174e-05,
      1.9036645154410508e-05,
      2.3134165665251204e-05,
      2.1488153559621424e-05,
      2.35887514197384e-05,
      2.0064448281191288e-05,
      1.8202387042401824e-05,
      2.2741793425229842e-05,
      1.5968813127255998e-05,
      1.853565789584536e-05,
      1.57720780922682e-05,
      1.8030392197251785e-05,
      1.7957944420340937e-05,
      1.4527536371315364e-05,
      1.4568683706456795e-05,
      1.5489394006726798e-05,
      1.5018266372062499e-05,
      1.381310789991403e-05,
      1.3500426048849476e-05,
      1.3395601867669028e-05,
      1.4464875412522815e-05,
      1.0329280546575319e-05,
      1.2259118782531004e-05,
      1.01520876007271e-05,
      9.70295369392261e-06,
      8.739214298984734e-06,
      8.886693235399435e-06,
      8.68328000564361e-06,
      8.432715885719518e-06,
      9.164310244086664e-06
    ],
    "eval_losses": [
      0.0032680348231457173,
      0.0028936890374869108,
      0.0026086272263899446,
      0.002533362851431593,
      0.002281872864626348,
      0.002130636950675398,
      0.0022104028932517393,
      0.0026348111967090517,
      0.0023270172987598925,
      0.002062376845156541,
      0.0023711368944495915,
      0.001875875168060884,
      0.0019953069182171023,
      0.002147062535304576,
      0.002057915166107705,
      0.002087098409445025,
      0.00229882028917782,
      0.0020134086098056287,
      0.0020918578102719037,
      0.0018329460318607744,
      0.0019113863514969125,
      0.0019241537318797782,
      0.0016573098777764245,
      0.0021235700415389146,
      0.0020889383393354363,
      0.0018866785976410028,
      0.001942667179455748,
      0.0019773960498336235,
      0.0017997622552822577,
      0.0018011215240927414,
      0.001777007237340149,
      0.001748170425547869,
      0.0017895774747801625,
      0.0019908555147994775,
      0.001904616403359978,
      0.0016015161946932495,
      0.0017321016438403604,
      0.0017603755141317378,
      0.0017567986493784702,
      0.0017080209124258545
    ],