{
  "args": {
    "device": "cuda:0",
    "exp_home": "./results",
    "ds_name": "mnist",
    "mode": "denoising",
    "noise_std": 0.25,
    "down_scale": 2.0,
    "model_type": "conventional",
    "latent_dim": 784,
    "hidden_dims": [
      2870
    ],
    "wo_Win": true,
    "fix_Win": false,
    "I_Win": false,
    "wo_Wout": true,
    "batch_size": 128,
    "epochs": 30,
    "lr": 0.0005,
    "use_augmentation": false,
    "aug_num": 2,
    "run_id": 4,
    "seed": 42
  },
  "training_logs": {
    "train_losses": [
      0.012700286205857992,
      0.005569787782132626,
      0.005106685783863068,
      0.004890073160380125,
      0.004769522229582071,
      0.004660011927783489,
      0.004590220433473587,
      0.004508316398561001,
      0.0044545775875449185,
      0.004394573713093996,
      0.00432976655587554,
      0.004284119096249342,
      0.004243422488123178,
      0.0042032507301867006,
      0.004153150360584259,
      0.004116243313848972,
      0.004076483482718467,
      0.004048992658555507,
      0.004012306600362062,
      0.003971293145120144,
      0.003945987260490656,
      0.0039082935041189195,
      0.0038775833320617674,
      0.003864875525459647,
      0.003831804597824812,
      0.003804105954170227,
      0.0037758580166101455,
      0.003750661174654961,
      0.003741148587465286,
      0.0037181424129754306
    ],
    "eval_losses": [
      0.004610798043757677,
      0.004240270564705133,
      0.0040632601603865625,
      0.003941653734445572,
      0.003822407430410385,
      0.003743116157501936
    ],
    "psnr": [
      23.364359201049805,
      23.727748178100587,
      23.912998733520507,
      24.044850399780273,
      24.178385940551756,
      24.269546850585936
    ],
    "ssim": [
      0.9109199073791504,
      0.9258603952407837,
      0.9315148322105408,
      0.9384265995025635,
      0.9397138125419616,
      0.9419204741477967
    ],
    "best_epoch": 30,
    "best_step": null,
    "best_eval_loss": 0.003743116157501936
  },
  "test_results": {
    "test_loss": 0.0037270550943911077,
    "test_psnr": 24.29425504760742,
    "test_ssim": 0.9431857713699341
  }
}