{
  "args": {
    "device": "cuda:0",
    "exp_home": "./results",
    "ds_name": "mnist",
    "mode": "denoising",
    "noise_std": 0.25,
    "down_scale": 2.0,
    "model_type": "conventional",
    "latent_dim": 784,
    "hidden_dims": [
      1150,
      1150,
      1150,
      1150,
      1150,
      1150
    ],
    "wo_Win": true,
    "fix_Win": false,
    "I_Win": false,
    "wo_Wout": true,
    "batch_size": 128,
    "epochs": 30,
    "lr": 0.001,
    "use_augmentation": false,
    "aug_num": 2,
    "run_id": 3,
    "seed": 42
  },
  "training_logs": {
    "train_losses": [
      0.013995407900214194,
      0.009972220171988011,
      0.008785537782311439,
      0.00802651050761342,
      0.007506395981162786,
      0.0071618137092888355,
      0.006749508355408907,
      0.006516720756441355,
      0.0062352336817979815,
      0.005959625831842423,
      0.005820760876536369,
      0.00569085358440876,
      0.00557342616930604,
      0.005484533478021622,
      0.005359693506360054,
      0.005249759994149208,
      0.005143203136324883,
      0.00507266696870327,
      0.004947434453517198,
      0.004855137366205454,
      0.0047726081410050395,
      0.004712124351114034,
      0.0046462444998323915,
      0.0045833897823095325,
      0.004503688224107027,
      0.004450814595371485,
      0.004390966705828905,
      0.004339647791087627,
      0.004279394676834345,
      0.004230765493810177
    ],
    "eval_losses": [
      0.007119583792984486,
      0.005751486647874117,
      0.005223269827663898,
      0.004748886846005916,
      0.004493879206478596,
      0.004281881214678288
    ],
    "psnr": [
      21.479515524291994,
      22.40510521850586,
      22.823602264404297,
      23.237136401367188,
      23.476740493774415,
      23.686994735717775
    ],
    "ssim": [
      0.9163468592643738,
      0.9280102497100831,
      0.9320216066360474,
      0.9384538500785827,
      0.9425169683456421,
      0.9477082058906555
    ],
    "best_epoch": 30,
    "best_step": null,
    "best_eval_loss": 0.004281881214678288
  },
  "test_results": {
    "test_loss": 0.004232955237478018,
    "test_psnr": 23.74464299926758,
    "test_ssim": 0.9489883846282959
  }
}