{
  "args": {
    "device": "cuda:3",
    "exp_home": "./results",
    "ds_name": "mnist",
    "mode": "generative_classification",
    "noise_std": 0.25,
    "down_scale": 2.0,
    "model_type": "conventional",
    "latent_dim": 784,
    "hidden_dims": [
      1150,
      1150,
      1150,
      1150
    ],
    "wo_Win": false,
    "fix_Win": false,
    "I_Win": true,
    "batch_size": 128,
    "epochs": 200,
    "lr": 0.0001,
    "use_augmentation": true,
    "aug_num": 2,
    "run_id": 1,
    "seed": 42
  },
  "training_logs": {
    "train_losses": [
      0.013385011578202247,
      0.0042575154314935205,
      0.0031534856558963656,
      0.002610390566755086,
      0.0022494383526965975,
      0.0020310519830882548,
      0.001775583246089518,
      0.0016400344467349351,
      0.0014507457321695984,
      0.0013419177359901369,
      0.0013067457353323699,
      0.0011480767063051461,
      0.0010811316982842982,
      0.0010368389760516583,
      0.000981864464674145,
      0.000950036987317726,
      0.0008757216515671461,
      0.0008619003058411181,
      0.0007727269251551479,
      0.0007477670339215547,
      0.0007711038768105209,
      0.0006863707592338323,
      0.0007184136429661885,
      0.0006338861906365491,
      0.000577032596860081,
      0.0005916162245348096,
      0.0005709814877808094,
      0.0005719811563100666,
      0.0005451076353341341,
      0.0005216038567991927,
      0.000493758290973492,
      0.0004607659660698846,
      0.0004628914645779878,
      0.000463529376485385,
      0.00045008671970805155,
      0.0004390196847356856,
      0.00039997751258779316,
      0.0003825039790989831,
      0.00040731296001933514,
      0.0003920334728108719,
      0.0003527631591446698,
      0.00038737132939510046,
      0.00033017034083604815,
      0.00030330430920468644,
      0.0003359379979944788,
      0.00033517822976689783,
      0.0003252516210288741,
      0.0002950974964583293,
      0.00028917884033173325,
      0.00027024611382279546,
      0.00033757085563614964,
      0.00027679351930040867,
      0.00026824519723653794,
      0.0002349226910620928,
      0.00026153535910183564,
      0.0002785313015244901,
      0.0002110510524082929,
      0.00024032724109478295,
      0.0002105773503286764,
      0.00025057492362335325,
      0.00022389453586074524,
      0.0002550436090468429,
      0.00021664831250207497,
      0.000186747851439286,
      0.00022566595921758563,
      0.0001666695525450632,
      0.0002458493350702338,
      0.00017318150742677972,
      0.00018904850292950868,
      0.0001622508710506372,
      0.0001626891053467989,
      0.00019845889383694157,
      0.0001596371239167638,
      0.0001594371726573445,
      0.0001701095966086723,
      0.00016945978271891364,
      0.0001775898255361244,
      0.00015194187546963803,
      0.00015799610205460338,
      0.0001350019467365928,
      0.0001461753642966505,
      0.00013637970998184757,
      0.00012281801897508557,
      0.00013758181876153685,
      0.00013508200005162506,
      0.00014598170100944117,
      0.0001453823716705665,
      0.00013532904652645812,
      0.00013706080604693852,
      0.0001192206267733127,
      0.00011134984188829548,
      0.0001455323007272091,
      9.294647678209003e-05,
      9.556241216370836e-05,
      0.00011621733296429738,
      0.00010008107107481919,
      0.00011838403747300617,
      0.00011348359306692146,
      0.00010083556268480606,
      0.00010854141168587375,
      0.00010592642514151522,
      7.680806347401813e-05,
      0.00011071766809094698,
      9.314385039964691e-05,
      6.944444776861928e-05,
      0.00011601851560524665,
      7.548291640705429e-05,
      8.554438998107798e-05,
      7.134554271702654e-05,
      6.323130462202244e-05,
      0.00010163673044298775,
      8.10548522695899e-05,
      7.199471440981142e-05,
      6.277262008283287e-05,
      9.057682381360792e-05,
      7.24549741181545e-05,
      5.658986375492532e-05,
      7.292813779495191e-05,
      8.535742354695686e-05,
      7.172633730282541e-05,
      7.270052480744198e-05,
      7.363958367670421e-05,
      5.638760780682787e-05,
      6.763248877890874e-05,
      6.467553974536713e-05,
      5.425993711862247e-05,
      6.945764632080682e-05,
      4.859690352517646e-05,
      3.757337399816606e-05,
      5.874001525633503e-05,
      5.831252677133307e-05,
      5.2175528683001174e-05,
      4.80099045264069e-05,
      4.401960495510139e-05,
      4.990226745983818e-05,
      4.666036224050913e-05,
      4.5227302666171455e-05,
      4.858519915957004e-05,
      3.999398219224531e-05,
      3.495515495771542e-05,
      3.414259019133169e-05,
      4.368684950924944e-05,
      4.551659074786585e-05,
      3.640342180908192e-05,
      3.829409370198846e-05,
      3.7408304700802545e-05,
      2.991836465371307e-05,
      4.390536527032964e-05,
      4.008774363785051e-05,
      2.264363758091349e-05,
      3.100648412422743e-05,
      2.98904468366527e-05,
      1.96319870458683e-05,
      3.5029196079121906e-05,
      3.318861491949065e-05,
      1.878353789274115e-05,
      2.782378528325353e-05,
      2.72765947523294e-05,
      2.1811946619709487e-05,
      1.943543122150004e-05,
      2.0791042564669625e-05,
      2.340758048463613e-05,
      1.695039603393525e-05,
      1.5175865947967395e-05,
      1.453619200794492e-05,
      2.230278179922607e-05,
      2.7839595857658423e-05,
      1.2142736450769006e-05,
      1.4964179009548388e-05,
      1.2177039271045943e-05,
      1.5667602583707776e-05,
      9.426783202798107e-06,
      1.0600609976681881e-05,
      1.3394266107352451e-05,
      1.4344469332136215e-05,
      1.2659385053557344e-05,
      9.103360192093532e-06,
      1.03626212378731e-05,
      8.632676703273318e-06,
      9.581584483967163e-06,
      1.0783044074487407e-05,
      1.1423807489627507e-05,
      9.015499125089264e-06,
      1.00388236658182e-05,
      7.880102437338792e-06,
      7.865209623851114e-06,
      7.877443316101562e-06,
      9.345988130371553e-06,
      9.572896055760794e-06,
      7.710111337073613e-06,
      8.241271706647239e-06,
      7.383682304644026e-06,
      7.207373017445207e-06,
      8.143311240710318e-06,
      7.245230071275728e-06,
      7.2332064456713854e-06,
      7.065812963992357e-06,
      6.782703935459722e-06,
      7.416740030457732e-06,
      6.7939351646055e-06
    ],
    "eval_losses": [
      0.003240237004915252,
      0.0027335501857101915,
      0.0024451092428993434,
      0.0023234403954818846,
      0.00239094458874315,
      0.0022385265707969663,
      0.0020119119312614203,
      0.0018888432627543806,
      0.001896902864985168,
      0.0018929338684480171,
      0.002150899667455815,
      0.001990051520918496,
      0.0018996375343762338,
      0.001997008661489235,
      0.0019504087291192264,
      0.0019173934839433059,
      0.0019215692311292515,
      0.0016963793833740055,
      0.0019342757223639636,
      0.0018404277898720466,
      0.0018623603734507924,
      0.0018023288441472688,
      0.0018935214386292501,
      0.0018658423831191613,
      0.0018046963247295934,
      0.001648951062190463,
      0.0017135171408066527,
      0.0017745045096147806,
      0.0016809829767327755,
      0.001580142888368573,
      0.0016350975412933622,
      0.0016662482733721844,
      0.001677909737196751,
      0.0015580822824093048,
      0.0017228636187268422,
      0.0015248640444653575,
      0.0015856190926977433,
      0.001549832917220192,
      0.0015678926310269163,
      0.0015623891078750602
    ],