{
  "args": {
    "device": "cuda:0",
    "exp_home": "./results",
    "ds_name": "mnist",
    "mode": "generative_classification",
    "noise_std": 0.25,
    "down_scale": 2.0,
    "model_type": "conventional",
    "latent_dim": 784,
    "hidden_dims": [
      1150,
      1150
    ],
    "wo_Win": false,
    "fix_Win": true,
    "I_Win": false,
    "batch_size": 128,
    "epochs": 100,
    "lr": 0.0005,
    "use_augmentation": false,
    "aug_num": 2,
    "run_id": 5,
    "seed": 42
  },
  "training_logs": {
    "train_losses": [
      0.014815643351823091,
      0.0046212024849653244,
      0.0032059553626924754,
      0.0025859270477294923,
      0.0021414830105751753,
      0.0018709801099449396,
      0.0016524523464590312,
      0.0015049968861043453,
      0.0011541464578360319,
      0.0010560467050969601,
      0.0010169915781915188,
      0.000954050826523453,
      0.0008044316755048931,
      0.0007268865245580673,
      0.0007947804156504571,
      0.0007134051163494587,
      0.0005976233911141754,
      0.00045798020826652645,
      0.00044835776144638655,
      0.00039579610081389544,
      0.0003956186438165605,
      0.000683222285816446,
      0.0005237925464753061,
      0.00034769904443994167,
      0.0003101024953927845,
      0.00036255861304700375,
      0.000308337723929435,
      0.0003810065156314522,
      0.00021797132720239462,
      0.00028229487876407804,
      0.00046811558617278936,
      0.00022502003469970078,
      0.00017019176450558006,
      0.00013597427151631564,
      0.00015989409646950662,
      0.0005041661170311272,
      0.000301377861420624,
      0.00011701118952594697,
      0.00014500653370283544,
      0.00022514452854171396,
      0.0002776262500695884,
      0.0002673643792234361,
      0.00014221627100836486,
      9.581561379134656e-05,
      8.521090650232509e-05,
      7.85374841443263e-05,
      0.0003150522550754249,
      0.00021200161311775445,
      0.00010837519267573953,
      7.49119454016909e-05,
      6.894908073591068e-05,
      9.620042774593457e-05,
      6.587732319836505e-05,
      6.629810686805285e-05,
      6.909887547139078e-05,
      0.00024767372423317285,
      0.0001222194032743573,
      7.15724212047644e-05,
      7.507188342744485e-05,
      5.3014418680686506e-05,
      5.0730537944473327e-05,
      0.00012862953369505704,
      6.664960062829778e-05,
      4.877339674043469e-05,
      4.06049585074652e-05,
      4.1015607537701726e-05,
      4.335444183787331e-05,
      4.4370108302682635e-05,
      3.814945373102091e-05,
      4.7212332439376044e-05,
      4.6672406673897055e-05,
      3.4332219193456696e-05,
      3.119227759190835e-05,
      3.0167675127740948e-05,
      2.95141016098205e-05,
      3.369799561565742e-05,
      4.035250308457762e-05,
      5.523993862210773e-05,
      3.5438576410524544e-05,
      4.6557156201452016e-05,
      2.5292383283958772e-05,
      2.1720524665433914e-05,
      2.1130378486122935e-05,
      2.1742294013965876e-05,
      2.0006620194762945e-05,
      1.9188250824227e-05,
      1.821064982446842e-05,
      1.7815844431752338e-05,
      1.7220246557262726e-05,
      1.6118412851938048e-05,
      1.5827512563555502e-05,
      1.4960260793741328e-05,
      1.3916393006802537e-05,
      1.3883816457819193e-05,
      1.3018553082365542e-05,
      1.2721704036812297e-05,
      1.213014315639157e-05,
      1.1636189229902811e-05,
      1.0820823742542415e-05,
      1.0836056020052638e-05
    ],
    "eval_losses": [
      0.0032203948456794025,
      0.0026217873148620128,
      0.0026226661691907795,
      0.00210940928212367,
      0.0020394284011330454,
      0.0023942782449536027,
      0.0021913863443536684,
      0.002238484407449141,
      0.0017748818265274167,
      0.0017730791094712913,
      0.001989209111733362,
      0.001814341521495953,
      0.0017547505218768493,
      0.0018331470463657752,
      0.001745370103174355,
      0.0017744273903779685,
      0.001736220313399099,
      0.0017213412506040186,
      0.0017246851605828852,
      0.0017197113616857678
    ],
    "psnr": [
      25.19468860168457,
      26.24038400268555,
      26.280052349853516,
      27.327500439453125,
      27.524552728271484,
      26.720316778564452,
      27.2663693359375,
      26.895883306884766,
      28.177855950927736,
      28.295266888427733,
      27.69321293334961,
      28.2005923828125,
      28.414585034179687,
      28.198376239013673,
      28.427470513916017,
      28.369206909179688,
      28.483284997558595,
      28.529518249511717,
      28.507417041015625,
      28.534776470947264
    ],
    "best_epoch": 100,
    "best_step": null,
    "best_eval_loss": 0.0017197113616857678
  },
  "test_results": {
    "test_loss": 0.001600243980365485,
    "test_psnr": 31.309841564941408
  }
}