{
  "args": {
    "device": "cuda:3",
    "exp_home": "./results",
    "ds_name": "mnist",
    "mode": "generative_classification",
    "noise_std": 0.25,
    "down_scale": 2.0,
    "model_type": "conventional",
    "latent_dim": 784,
    "hidden_dims": [
      1150,
      1150,
      1150,
      1150
    ],
    "wo_Win": false,
    "fix_Win": true,
    "I_Win": false,
    "batch_size": 128,
    "epochs": 200,
    "lr": 5e-05,
    "use_augmentation": true,
    "aug_num": 2,
    "run_id": 2,
    "seed": 42
  },
  "training_logs": {
    "train_losses": [
      0.019055049908161162,
      0.004387760388255119,
      0.0029055489190667866,
      0.002106307286173105,
      0.0017154340711981058,
      0.001430636948607862,
      0.0012190332094766199,
      0.0011096965092234313,
      0.0009410542863421142,
      0.0009027118337526917,
      0.0008252160729281604,
      0.0007162609535362571,
      0.000693397451499477,
      0.0006807181377150118,
      0.0006243212529458105,
      0.00056381028954871,
      0.0005690036376193166,
      0.0005278212811611593,
      0.0004966966817528009,
      0.0004920895445067435,
      0.0004941485672281124,
      0.0004065320559311658,
      0.0004616434446768835,
      0.0004413413808308542,
      0.00041587234541773794,
      0.00037525288647273557,
      0.00041166325105819853,
      0.0003550868052011356,
      0.00038339843576774,
      0.000297758909445256,
      0.0003423513972805813,
      0.0003307709482545033,
      0.00030311648949980736,
      0.0002872530396142975,
      0.00031380791402421893,
      0.0003011256160819903,
      0.00022814237965736539,
      0.00022587083932477982,
      0.00030621843956410883,
      0.00026054425253067164,
      0.00024383383142761886,
      0.0003056209417525679,
      0.00022240266608656385,
      0.0002298682083422318,
      0.00023831957016373054,
      0.00023964840062893928,
      0.00020312818874721416,
      0.000191925074798055,
      0.00022598841726779938,
      0.00019722961567807942,
      0.00024631460164673626,
      0.0002040955795138143,
      0.00016127745752688498,
      0.00018183813887648285,
      0.00016726916617015376,
      0.000181269559788052,
      0.00017108311589807273,
      0.00016019706974970178,
      0.00017319042752496897,
      0.00013934498359216378,
      0.00015685451068682597,
      0.00019422316549578682,
      0.000135968465982005,
      0.0001798616578965448,
      0.00015185190005926415,
      0.00014014720209408552,
      0.00012281404755893163,
      0.0001626464925869368,
      0.00012471258391393348,
      0.00013320731729734689,
      0.00013846377571229823,
      0.00014949360079830512,
      0.00012139685324160382,
      0.000135440734293079,
      0.00010649073445121758,
      0.00010923632334859576,
      0.00011096331115346403,
      0.0001563536244467832,
      0.00010140275321202353,
      9.947020642692224e-05,
      0.00011451668800902552,
      0.00010159277479397133,
      0.00010330282727256417,
      0.00010318608582543675,
      0.00012039332078536973,
      0.0001071189510379918,
      8.818972615059466e-05,
      7.566583170904778e-05,
      8.710124539444223e-05,
      0.00011476832416141406,
      0.00012373773999977856,
      6.0363800771301615e-05,
      7.675355898565613e-05,
      0.00010169369917013683,
      8.031782440142706e-05,
      7.853185056475922e-05,
      8.041864351485856e-05,
      6.460321666207164e-05,
      0.00010469608370214701,
      8.06627169274725e-05,
      8.220914693316445e-05,
      6.610520743764937e-05,
      7.101264047203586e-05,
      7.427600578172133e-05,
      6.609087007818744e-05,
      5.858883269829676e-05,
      5.459093706682324e-05,
      5.854613647563383e-05,
      8.767681522993371e-05,
      5.106114345253445e-05,
      8.195350500289351e-05,
      5.1532946643419564e-05,
      4.624067932600156e-05,
      6.035541603108868e-05,
      5.949776126537472e-05,
      6.230347059608902e-05,
      4.576846149400808e-05,
      7.622182922903448e-05,
      5.973174324259162e-05,
      4.650713126291521e-05,
      5.449810367426835e-05,
      3.428380009485409e-05,
      6.307429868495092e-05,
      4.0733689989428966e-05,
      5.325465266010724e-05,
      4.016751121380367e-05,
      4.500605277949944e-05,
      5.4329769058385864e-05,
      3.63917223457247e-05,
      3.680074374889955e-05,
      3.244774080463685e-05,
      4.1632850177702494e-05,
      3.922736447537318e-05,
      2.9753775116987526e-05,
      4.417325451388024e-05,
      3.4886161180911585e-05,
      3.7705201190547084e-05,
      3.091011817683466e-05,
      2.7804002048214896e-05,
      3.2290925169363616e-05,
      3.523361606290564e-05,
      3.360792273364496e-05,
      3.2447642078623176e-05,
      2.550696556339972e-05,
      2.3077987994765864e-05,
      2.0874675905215552e-05,
      2.931983968592249e-05,
      3.497378125903197e-05,
      3.8466552331810816e-05,
      1.835827320755925e-05,
      1.6447121310047806e-05,
      2.2716375387390146e-05,
      1.9730153108248487e-05,
      2.010521660442464e-05,
      2.1628040208888706e-05,
      2.012889620673377e-05,
      1.7687721818801946e-05,
      1.4722243532014545e-05,
      2.192654327605851e-05,
      1.6588176011573522e-05,
      1.572388523432892e-05,
      1.3201731427689082e-05,
      1.2769109944347293e-05,
      1.8727555369841866e-05,
      1.4831915378454142e-05,
      1.4693770913290791e-05,
      1.7562724999152126e-05,
      1.3191629162756725e-05,
      1.2628610343672335e-05,
      1.245670631993562e-05,
      1.3905797339393757e-05,
      1.0114544369280339e-05,
      9.366343730362132e-06,
      1.3328519489441532e-05,
      1.220187223283574e-05,
      9.582020472735167e-06,
      9.969753840123304e-06,
      1.1251001025375444e-05,
      8.666634794208221e-06,
      8.289890767191536e-06,
      8.446613884880208e-06,
      1.0301814069971442e-05,
      9.657886344357394e-06,
      7.729489841149188e-06,
      7.574410640518181e-06,
      7.472118856967427e-06,
      6.985669412242714e-06,
      6.852147119934671e-06,
      6.772115405474324e-06,
      7.949618608836317e-06,
      6.903443080373108e-06,
      6.310883043915965e-06,
      6.229940827761311e-06,
      6.416795178665779e-06,
      6.229415648849681e-06,
      5.989970779337455e-06,
      6.7773507672245615e-06,
      5.907329795591067e-06,
      5.911414565925952e-06,
      5.924060532997828e-06
    ],
    "eval_losses": [
      0.0028907710866536945,
      0.002554796959273517,
      0.0024683566678431815,
      0.0024893167464295402,
      0.002503787873126566,
      0.0022908619752153754,
      0.002088408115634229,
      0.002397163904458284,
      0.002396803535381332,
      0.0022405753655359148,
      0.0021625539290369487,
      0.001987992698175367,
      0.0020409273270517586,
      0.002366864141402766,
      0.002014513968981919,
      0.001955591063364409,
      0.0023334568947553634,
      0.0020277747955638917,
      0.002117369740549475,
      0.002072378067980753,
      0.002033846098362119,
      0.0019160807874228339,
      0.0019101348090771353,
      0.0018050745259650285,
      0.0018030338436161402,
      0.0019118739469486173,
      0.001972762233298272,
      0.001855843727570027,
      0.0018439100943505764,
      0.001860503328757477,
      0.001911258193766116,
      0.0017216938089259202,
      0.0017153726412463585,
      0.0017949915948003764,
      0.0017264887575773173,
      0.0016200376718508778,
      0.001659473711096507,
      0.0016382109612808563,
      0.0016206739632063545,
      0.0016491261375602335
    ],