{
  "args": {
    "device": "cuda:6",
    "exp_home": "./results",
    "ds_name": "mnist",
    "mode": "denoising",
    "noise_std": 0.25,
    "down_scale": 2.0,
    "model_type": "conventional",
    "latent_dim": 784,
    "hidden_dims": [
      1470,
      1470,
      1470
    ],
    "wo_Win": false,
    "fix_Win": false,
    "I_Win": false,
    "wo_Wout": false,
    "batch_size": 128,
    "epochs": 30,
    "lr": 0.0001,
    "use_augmentation": false,
    "aug_num": 2,
    "run_id": 3,
    "seed": 42
  },
  "training_logs": {
    "train_losses": [
      0.027356559965014456,
      0.010059090848565102,
      0.007844061056524515,
      0.006863837279230356,
      0.006295661059319973,
      0.005934713795930147,
      0.005653025075346232,
      0.005460093937218189,
      0.005278862956166267,
      0.005145484244674444,
      0.005040078237205744,
      0.004927210770398378,
      0.004826078897118569,
      0.004769784374833107,
      0.004695786508321762,
      0.004641120844632387,
      0.0045863125382363795,
      0.004537129560112953,
      0.004496387941390276,
      0.004439953298270702,
      0.004402623806893826,
      0.004376363699883223,
      0.0043390984085202216,
      0.0043141017639636995,
      0.004280737147182226,
      0.0042544152021408085,
      0.00422639163300395,
      0.004209453460276127,
      0.004187598628401757,
      0.004174732877016068
    ],
    "eval_losses": [
      0.0059821414493024345,
      0.005029813712090254,
      0.0046296314150094985,
      0.004475525302439928,
      0.004310588869452477,
      0.004233655223250389
    ],
    "psnr": [
      22.234613192749023,
      22.987158959960936,
      23.34709071960449,
      23.494103958129884,
      23.657312637329103,
      23.735207995605467
    ],
    "ssim": [
      0.8810780082702637,
      0.9054332262039184,
      0.9129524315834046,
      0.9176678513526917,
      0.9244950838088989,
      0.927602300453186
    ],
    "best_epoch": 30,
    "best_step": null,
    "best_eval_loss": 0.004233655223250389
  },
  "test_results": {
    "test_loss": 0.0041884457781910895,
    "test_psnr": 23.7906805267334,
    "test_ssim": 0.9295675312042236
  }
}