{
  "args": {
    "device": "cuda:7",
    "exp_home": "./results",
    "ds_name": "mnist",
    "mode": "denoising",
    "noise_std": 0.25,
    "down_scale": 2.0,
    "model_type": "conventional",
    "latent_dim": 784,
    "hidden_dims": [
      1150,
      1150,
      1150,
      1150,
      1150,
      1150,
      1150,
      1150,
      1150,
      1150
    ],
    "wo_Win": false,
    "fix_Win": false,
    "I_Win": true,
    "batch_size": 128,
    "epochs": 100,
    "lr": 0.001,
    "use_augmentation": true,
    "aug_num": 2,
    "run_id": 1,
    "seed": 42
  },
  "training_logs": {
    "train_losses": [
      0.022335611678361893,
      0.015183876625895501,
      0.013964958792924882,
      0.013339089324176311,
      0.013667034757137299,
      0.013866770887374877,
      0.015235886948406696,
      0.014490203074812889,
      0.01378892884194851,
      0.014159256414175033,
      0.01417294953405857,
      0.012929590893983841,
      0.015923401616215707,
      0.014221880134940147,
      0.01525381708264351,
      0.014428566783070564,
      0.013390919097065926,
      0.012263960467875003,
      0.01115522510200739,
      0.011063561046719551,
      0.01109733259409666,
      0.011862496750950814,
      0.010783995054364205,
      0.00985581823348999,
      0.012962457151412964,
      0.011050987011492252,
      0.012840391252040863,
      0.01040262902110815,
      0.01001381037890911,
      0.010035020981431008,
      0.010144398454129696,
      0.010101265297532082,
      0.011167146199345588,
      0.01475006214082241,
      0.011884714182913304,
      0.009816985264122486,
      0.00871122346162796,
      0.011508947853446007,
      0.009512511911392211,
      0.009535915631055832,
      0.009493114850521088,
      0.009897566932737828,
      0.010226130934953689,
      0.00874054209291935,
      0.008420459598302841,
      0.008462624557614326,
      0.010742573852539062,
      0.00982998363852501,
      0.009180793693959712,
      0.008853182678818702,
      0.008190081146359444,
      0.007700111924409866,
      0.007840361180007457,
      0.007889376790523529,
      0.007494480425417423,
      0.006856717178225518,
      0.009648368009924888,
      0.008302695236206055,
      0.008580081456005573,
      0.007798232365250587,
      0.0075371928283572195,
      0.006804217311739922,
      0.00707337396144867,
      0.007626053114235401,
      0.007589961857795716,
      0.007185041303038597,
      0.007150487557649613,
      0.0071588044241070745,
      0.006949480068981648,
      0.006837493040263653,
      0.006562549861073494,
      0.006828537948131561,
      0.006982023392021656,
      0.006733549067974091,
      0.00658267261505127,
      0.006431239026188851,
      0.006244490144252777,
      0.00617377508610487,
      0.006085791720449925,
      0.00612087027490139,
      0.006022528356611729,
      0.006421509716510772,
      0.006125271714925766,
      0.005940866742730141,
      0.005966915598809719,
      0.005646795874834061,
      0.005722897862493992,
      0.0056384835094213485,
      0.005497822323143482,
      0.005422920893132686,
      0.005429603359699249,
      0.005421933524608612,
      0.005358626340925694,
      0.005262216939032078,
      0.005225155433416367,
      0.005222431815713644,
      0.0051646587455272674,
      0.0051550606149435045,
      0.005081535859405994,
      0.005087651716470718
    ],
    "eval_losses": [
      0.01633456981033087,
      0.012687723913788796,
      0.021163868632912634,
      0.007729470387101174,
      0.009140227511525155,
      0.006992543591558933,
      0.0072752532958984375,
      0.010691186679899692,
      0.005880693887919187,
      0.006122057373821735,
      0.005494412104785442,
      0.005622395652532577,
      0.006322881339490414,
      0.005398579922318458,
      0.005256553274393082,
      0.004720079781860113,
      0.00448761751651764,
      0.004419155492633581,
      0.004265827549993992,
      0.00416247126236558
    ],
    "psnr": [
      17.890289001464843,
      18.989535928344726,
      16.747983505249024,
      21.127476248168946,
      20.411797525024415,
      21.564596304321288,
      21.40736590576172,
      19.718083129882814,
      22.317930673217774,
      22.1514328125,
      22.61114847717285,
      22.51567289123535,
      22.019173818969726,
      22.69286824951172,
      22.82656844482422,
      23.269480642700195,
      23.48598063964844,
      23.55560989074707,
      23.71403932800293,
      23.82081954650879
    ],
    "best_epoch": 100,
    "best_step": null,
    "best_eval_loss": 0.00416247126236558
  },
  "test_results": {
    "test_loss": 0.0040324404012411835,
    "test_psnr": 23.953727517700194
  }
}