{
  "args": {
    "device": "cuda:9",
    "exp_home": "./results",
    "ds_name": "mnist",
    "mode": "denoising",
    "noise_std": 0.25,
    "down_scale": 2.0,
    "model_type": "conventional",
    "latent_dim": 784,
    "hidden_dims": [
      1150,
      1150,
      1150,
      1150
    ],
    "wo_Win": false,
    "fix_Win": false,
    "I_Win": true,
    "batch_size": 128,
    "epochs": 100,
    "lr": 0.0001,
    "use_augmentation": true,
    "aug_num": 2,
    "run_id": 2,
    "seed": 42
  },
  "training_logs": {
    "train_losses": [
      0.020134940696954727,
      0.00785057802081108,
      0.006443266642689705,
      0.0058103242564201355,
      0.0054393381510674955,
      0.005192327810972929,
      0.005002366297394038,
      0.004861882603764534,
      0.004741602803021669,
      0.004649587173461914,
      0.004578231489807368,
      0.004500861928462982,
      0.004438095846176148,
      0.004385772922039032,
      0.004341218907237053,
      0.004289506456106902,
      0.004257595887184143,
      0.0042150319229066376,
      0.004188724249005318,
      0.004157318239212036,
      0.0041277788265049456,
      0.004100276506096125,
      0.004074648669809103,
      0.0040532179056107995,
      0.004023449910134077,
      0.004009594998210669,
      0.0039884094667434694,
      0.003972153884321451,
      0.003947835680395364,
      0.003930979104489088,
      0.003906803505718708,
      0.0038916233560442924,
      0.003881271395534277,
      0.0038650514195859432,
      0.0038491624611616134,
      0.0038348688921332357,
      0.0038190588535368442,
      0.003804098187237978,
      0.0037912415593117474,
      0.003781105145961046,
      0.003762866233587265,
      0.00375169232070446,
      0.0037409188797324897,
      0.0037313154800236227,
      0.0037210250560939313,
      0.0037102599787712095,
      0.003698375612050295,
      0.0036911262318491934,
      0.003677061842083931,
      0.0036651600037515162,
      0.0036632945483922956,
      0.003644344298392534,
      0.003637055658698082,
      0.003632712306827307,
      0.0036193117181956766,
      0.003612308534830809,
      0.00360542871825397,
      0.003599194350093603,
      0.0035904578848183154,
      0.0035832510558515785,
      0.00357625169031322,
      0.003563339385688305,
      0.0035588033217936756,
      0.0035476968451589345,
      0.003542761328816414,
      0.0035317015899717806,
      0.003525370028167963,
      0.0035228676688671113,
      0.0035156533801555634,
      0.003507402521967888,
      0.003499529333263636,
      0.0034948021067678927,
      0.003486882833242416,
      0.0034807802007347345,
      0.0034751284323632716,
      0.0034692735060304404,
      0.0034608501654118298,
      0.003451514520198107,
      0.003451135625466704,
      0.003447470678165555,
      0.0034402191815525295,
      0.0034312225373089316,
      0.003425565670207143,
      0.003418374902009964,
      0.003415528624728322,
      0.0034160655104368927,
      0.0034110749289393426,
      0.003406081378683448,
      0.003395880106687546,
      0.0033949786849319934,
      0.0033906588465720416,
      0.003383401112779975,
      0.003383496900126338,
      0.003372800552174449,
      0.00337144661270082,
      0.003371963445469737,
      0.0033622459894418716,
      0.0033582763400673865,
      0.0033590027181059122,
      0.003353553721383214
    ],
    "eval_losses": [
      0.005127761642634869,
      0.004528979336470365,
      0.004303042493760586,
      0.00415824441164732,
      0.004040256222337484,
      0.0040019870936870575,
      0.0038714176043868065,
      0.003877577382326126,
      0.0038247957967221737,
      0.003791554781794548,
      0.0037423264108598234,
      0.0037136623091995717,
      0.00370498715788126,
      0.003666396928578615,
      0.0036496146492660045,
      0.00362475006505847,
      0.0035971340335905553,
      0.003582559002190828,
      0.0035580703407526015,
      0.0035533711943775415
    ],
    "psnr": [
      22.903230087280274,
      23.442449319458007,
      23.664801525878907,
      23.813242916870117,
      23.937739428710938,
      23.97916688232422,
      24.12339306335449,
      24.11675107116699,
      24.17625186767578,
      24.213742697143555,
      24.27078974304199,
      24.303546841430663,
      24.314711862182616,
      24.359514895629882,
      24.37937012023926,
      24.409174298095703,
      24.44239755554199,
      24.46024124145508,
      24.49016647949219,
      24.495770181274413
    ],
    "best_epoch": 100,
    "best_step": null,
    "best_eval_loss": 0.0035533711943775415
  },
  "test_results": {
    "test_loss": 0.003542965930327773,
    "test_psnr": 24.51500302734375
  }
}