{
  "args": {
    "device": "cuda:6",
    "exp_home": "./results",
    "ds_name": "mnist",
    "mode": "denoising",
    "noise_std": 0.25,
    "down_scale": 2.0,
    "model_type": "conventional",
    "latent_dim": 784,
    "hidden_dims": [
      1150,
      1150,
      1150,
      1150,
      1150,
      1150,
      1150,
      1150,
      1150,
      1150,
      1150,
      1150,
      1150,
      1150,
      1150,
      1150,
      1150,
      1150,
      1150,
      1150,
      1150,
      1150,
      1150,
      1150,
      1150
    ],
    "wo_Win": false,
    "fix_Win": false,
    "I_Win": true,
    "batch_size": 128,
    "epochs": 100,
    "lr": 0.0001,
    "use_augmentation": false,
    "aug_num": 2,
    "run_id": 1,
    "seed": 42
  },
  "training_logs": {
    "train_losses": [
      0.01950172696977854,
      0.00872959768474102,
      0.0071868465283513065,
      0.0064821690176427365,
      0.006037018055915833,
      0.005712274025678634,
      0.0055134345301985745,
      0.005337866382449865,
      0.005180773689448834,
      0.005078791238963604,
      0.004951586694121361,
      0.00483879094466567,
      0.004766725923717022,
      0.004701611575484276,
      0.0046460504065454,
      0.004562449278384447,
      0.004493157259523869,
      0.004468230210542679,
      0.004403583345413208,
      0.004345864306539297,
      0.004328056810945272,
      0.004265059704780578,
      0.004220820910781622,
      0.0041941349908709525,
      0.004160644731074571,
      0.004126493727266789,
      0.004096434712707996,
      0.0040585004752874375,
      0.004025150836855173,
      0.003987911094576121,
      0.003964686031341553,
      0.00394099260404706,
      0.003916097182482481,
      0.0038912917557358743,
      0.0038564822678267955,
      0.0038333600308001043,
      0.0038130309647321703,
      0.003795588825345039,
      0.003749380730316043,
      0.003725322007834911,
      0.003721357877701521,
      0.0036849120551347733,
      0.0036664286241680382,
      0.0036523375910520552,
      0.003644686213210225,
      0.003615216476470232,
      0.0035876669685542583,
      0.003571310354322195,
      0.0035531275033950805,
      0.0035332741290330888,
      0.003511077489033341,
      0.0034951697492599486,
      0.003469174375683069,
      0.0034644009637087585,
      0.0034372204890102146,
      0.0034247463738173245,
      0.0034042086235433816,
      0.0033862489772588013,
      0.003373800422400236,
      0.003348062425479293,
      0.003340017954185605,
      0.003319142177850008,
      0.0033005809589475394,
      0.0032907758543640375,
      0.003275087182596326,
      0.0032650095522403716,
      0.003246307394653559,
      0.003222633095383644,
      0.003209430075660348,
      0.0032046199698746204,
      0.0031816663029044867,
      0.003170427082553506,
      0.0031549375408142805,
      0.0031468160225450992,
      0.0031316589907556774,
      0.003111175084486604,
      0.0030945733422785998,
      0.0030844040267169475,
      0.0030742374178767203,
      0.0030568284874409437,
      0.003050378511026502,
      0.0030320563010126354,
      0.0030179754955321552,
      0.003002903841510415,
      0.0029925940638035535,
      0.002982606084048748,
      0.002974597750455141,
      0.0029558413062244653,
      0.002951038717776537,
      0.0029352658051252367,
      0.0029309368432313206,
      0.002917907512113452,
      0.002909294047728181,
      0.0028938644115626814,
      0.0028853689470142124,
      0.0028816360881179573,
      0.002863250308930874,
      0.0028610489873588086,
      0.002848726689592004,
      0.002836857916414738
    ],
    "eval_losses": [
      0.005954828678071499,
      0.005024923551082611,
      0.00475458700209856,
      0.004647443618625403,
      0.004516936861723661,
      0.004361324459314347,
      0.004258763030916452,
      0.004237089369446039,
      0.004265554992854595,
      0.004155963516235352,
      0.004061091253906488,
      0.004010384695231914,
      0.003995964428037405,
      0.003981379147619009,
      0.003942478219419718,
      0.0039018047295510767,
      0.003855519884824753,
      0.0038383375532925128,
      0.0038133429050445557,
      0.003781308823078871
    ],
    "psnr": [
      22.254427404785158,
      22.991072750854492,
      23.231216488647462,
      23.330205703735352,
      23.453564276123046,
      23.606323599243165,
      23.709768756103514,
      23.731475253295898,
      23.702451596069334,
      23.816041522216796,
      23.915864581298827,
      23.9706555847168,
      23.986290274047853,
      24.001884384155275,
      24.045052905273437,
      24.089628533935546,
      24.141999212646486,
      24.161231912231447,
      24.18949365234375,
      24.226118017578123
    ],
    "ssim": [
      0.909147653579712,
      0.9193166752815246,
      0.925126531791687,
      0.9291798554420471,
      0.9365738883972168,
      0.9352259305953979,
      0.9364338598251343,
      0.9387832264900208,
      0.9390834337234497,
      0.9420049527168274,
      0.9444525804519653,
      0.9451093097686768,
      0.9458140852928162,
      0.9458661962509155,
      0.9483509744644165,
      0.9490991075515747,
      0.9485510919570923,
      0.9501710536956787,
      0.9503101746559143,
      0.950956482410431
    ],
    "best_epoch": 100,
    "best_step": null,
    "best_eval_loss": 0.003781308823078871
  },
  "test_results": {
    "test_loss": 0.003794489185884595,
    "test_psnr": 24.21940844421387,
    "test_ssim": 0.9513305576324463
  }
}