{
  "args": {
    "device": "cuda:4",
    "exp_home": "./results",
    "ds_name": "mnist",
    "mode": "denoising",
    "noise_std": 0.25,
    "down_scale": 2.0,
    "model_type": "conventional",
    "latent_dim": 784,
    "hidden_dims": [
      1150,
      1150,
      1150,
      1150
    ],
    "wo_Win": false,
    "fix_Win": true,
    "I_Win": true,
    "batch_size": 128,
    "epochs": 200,
    "lr": 0.0001,
    "use_augmentation": true,
    "aug_num": 2,
    "run_id": 1,
    "seed": 42
  },
  "training_logs": {
    "train_losses": [
      0.02095667706757784,
      0.008267023821473122,
      0.00678334427267313,
      0.006089023904949427,
      0.005689081861376763,
      0.005424344315826893,
      0.005221017668396235,
      0.005073407568335533,
      0.004952630435228348,
      0.0048577697902917865,
      0.00477052628159523,
      0.0046970349019765855,
      0.004634271659553051,
      0.0045780873937904835,
      0.004528060926496983,
      0.0044832469476759436,
      0.004452588256746531,
      0.004407338520437479,
      0.004374596268087626,
      0.0043449703817069535,
      0.004312515704035759,
      0.004290856858044863,
      0.0042653409713506694,
      0.004231644467562437,
      0.004214927550405264,
      0.00418798341780901,
      0.004164287657141686,
      0.004150727736204863,
      0.004130710166841745,
      0.004117815852463245,
      0.0040993649995327,
      0.004079661058336496,
      0.004062224170416594,
      0.004055432109087705,
      0.004033394941836596,
      0.0040203148220479485,
      0.004006076470166445,
      0.0039899521642923355,
      0.003979423202574253,
      0.003964044475927949,
      0.0039622455890476705,
      0.003944753957688808,
      0.0039314426228404045,
      0.0039187023301422595,
      0.00390977875649929,
      0.003897386745810509,
      0.0038801299366354944,
      0.0038799145053327083,
      0.0038672577373683454,
      0.0038583246038854124,
      0.0038451546339690686,
      0.003841020749211311,
      0.0038313404588401316,
      0.003821222743242979,
      0.003812115518152714,
      0.0037993255349993704,
      0.003798354043662548,
      0.0037847709395736457,
      0.0037833051861822604,
      0.0037663426274061203,
      0.003765762765854597,
      0.0037598821118474007,
      0.0037445154029130934,
      0.0037415133011341095,
      0.003731919848769903,
      0.003722095810472965,
      0.003717532767802477,
      0.003713284156769514,
      0.0037034985568374394,
      0.003697216462492943,
      0.0036885920934379103,
      0.0036859791979193686,
      0.0036804771056771278,
      0.0036664334566891194,
      0.0036628098326921465,
      0.003658835742622614,
      0.003652184620350599,
      0.003642963963672519,
      0.003633054642230272,
      0.003634057084619999,
      0.0036255630569159984,
      0.0036212229233980177,
      0.003616570868715644,
      0.0036016274124383925,
      0.003603118549436331,
      0.0035961986308544872,
      0.0035931085254251958,
      0.0035897491107881067,
      0.0035823068211227656,
      0.003573057374060154,
      0.003566751845926046,
      0.003563888061195612,
      0.003558230625241995,
      0.003554462515115738,
      0.0035532159207761287,
      0.0035424641701579094,
      0.00354253792271018,
      0.0035350343823432923,
      0.0035251158744096754,
      0.003524274912774563,
      0.0035167528487741948,
      0.0035174642038345335,
      0.0035102261538803576,
      0.003504217312783003,
      0.003502428709566593,
      0.0034954679233580826,
      0.0034921632811427115,
      0.0034908153554797173,
      0.0034822429537028072,
      0.003483109557330608,
      0.00347424132078886,
      0.003468179511576891,
      0.0034648876085877417,
      0.003464747742936015,
      0.003459100787639618,
      0.003456717082262039,
      0.003450059665739536,
      0.003442764803543687,
      0.0034414025205373763,
      0.00343438427105546,
      0.0034366459000110625,
      0.003433617959022522,
      0.0034247964856028556,
      0.0034248970670998097,
      0.0034140862020105123,
      0.0034180961902439593,
      0.0034056047897040843,
      0.0034052643583714964,
      0.003397998833954334,
      0.0034020080965012313,
      0.0033932665023207664,
      0.003392215086966753,
      0.0033906845042854547,
      0.003382131127268076,
      0.003383330606967211,
      0.003376673602461815,
      0.0033725089202821254,
      0.003369572943598032,
      0.0033689196752011777,
      0.0033626748172938823,
      0.0033591062605381012,
      0.003353362431526184,
      0.0033497379502654074,
      0.0033495518080890177,
      0.0033446787090599538,
      0.003349563018232584,
      0.003336650302261114,
      0.0033389743378013374,
      0.0033335434448719023,
      0.003330942279025912,
      0.0033265005796402694,
      0.0033254651741683483,
      0.003316910857334733,
      0.0033167531922459604,
      0.0033169352969527246,
      0.0033100339607149364,
      0.003308223761767149,
      0.003305043370500207,
      0.0033005566584318876,
      0.0032991954147815706,
      0.0032921996430307627,
      0.0032920367877185344,
      0.0032876376296579837,
      0.003283909175917506,
      0.003282989619001746,
      0.00328039578653872,
      0.0032753375229984524,
      0.003274905145317316,
      0.003271998935863376,
      0.003266627678275108,
      0.003265851323157549,
      0.0032654234136641025,
      0.0032612816812098025,
      0.003260322205200791,
      0.003252435362562537,
      0.003251821194514632,
      0.003249726593494415,
      0.003249078278839588,
      0.003245805624127388,
      0.0032464825516194105,
      0.00323887209109962,
      0.003237647850215435,
      0.0032369735535979272,
      0.0032341405080258847,
      0.0032339253789931536,
      0.0032299613416939973,
      0.0032254669830203055,
      0.0032223221617937088,
      0.003218353201448917,
      0.0032193962118029595,
      0.00321777294754982,
      0.0032193661607056857,
      0.0032145540571957825,
      0.0032114774602651597,
      0.003212511609047651,
      0.0032083571652323007,
      0.003206435505002737,
      0.003201384427770972,
      0.003202262273877859,
      0.0032014723835885523
    ],
    "eval_losses": [
      0.005316857036203146,
      0.0046605230517685415,
      0.004373153056204319,
      0.004278040613234043,
      0.004167610363662243,
      0.0040589977599680424,
      0.0040152194492518905,
      0.0039763836532831194,
      0.00394935557320714,
      0.003887700276076794,
      0.003871350000798702,
      0.003833012941479683,
      0.0038145788602530956,
      0.003762266729027033,
      0.003737268873304129,
      0.003750888656824827,
      0.0037268395774066447,
      0.0036996081329882147,
      0.003687179842591286,
      0.003687162436544895,
      0.0036586195707321166,
      0.003645053693652153,
      0.0036396653968840836,
      0.003621337474137545,
      0.0035976304069161415,
      0.003596014653146267,
      0.003589563850313425,
      0.0035995859116315842,
      0.003555577290058136,
      0.0035511754885315895,
      0.0035470601424574854,
      0.0035279309675097467,
      0.003528971629589796,
      0.0035252773627638817,
      0.003519252358749509,
      0.003516620200499892,
      0.003503811890631914,
      0.0034949225220829248,
      0.003495456175506115,
      0.0034952421717345714
    ],