{
  "args": {
    "device": "cuda:5",
    "exp_home": "./results",
    "ds_name": "mnist",
    "mode": "denoising",
    "noise_std": 0.25,
    "down_scale": 2.0,
    "model_type": "conventional",
    "latent_dim": 784,
    "hidden_dims": [
      1150,
      1150,
      1150,
      1150,
      1150,
      1150
    ],
    "wo_Win": true,
    "fix_Win": false,
    "I_Win": false,
    "batch_size": 128,
    "epochs": 200,
    "lr": 5e-05,
    "use_augmentation": true,
    "aug_num": 2,
    "run_id": 1,
    "seed": 42
  },
  "training_logs": {
    "train_losses": [
      0.025920654407143594,
      0.009770868971347808,
      0.007777067746520042,
      0.006850174446254968,
      0.0063003097528219225,
      0.005925561356991529,
      0.005651340401470661,
      0.005445669460594654,
      0.005277645230293274,
      0.005146045040637255,
      0.005033973945081234,
      0.004931614164859056,
      0.0048513139246404175,
      0.004773321536183357,
      0.004711022099107504,
      0.004658024270236492,
      0.00460885428622365,
      0.004553232693225146,
      0.004512733815610409,
      0.004476205758899451,
      0.004437678563147783,
      0.0044007527066767214,
      0.004375572060644627,
      0.004337480032742024,
      0.004316475130468607,
      0.00428486960887909,
      0.004257513100653886,
      0.004241370705664158,
      0.004220572267621755,
      0.004200665865242481,
      0.0041782699935138225,
      0.004160360505729914,
      0.004138045325428248,
      0.004128878011107445,
      0.004106386723220348,
      0.004089857641607523,
      0.004073817968517542,
      0.004058500198125839,
      0.004046968172937632,
      0.0040298843723535534,
      0.0040257105374336246,
      0.004006482516825199,
      0.003994040208905935,
      0.003981225529462099,
      0.0039696276812255385,
      0.0039568332828581335,
      0.003940086558759212,
      0.003937259589135647,
      0.003925281545221805,
      0.003917002303153276,
      0.00390041020154953,
      0.003897340610176325,
      0.003886565206050873,
      0.003876971707046032,
      0.003865392152070999,
      0.003853576366752386,
      0.0038513228383660315,
      0.003839401860386133,
      0.003835424754023552,
      0.0038194637909531592,
      0.0038175610752403735,
      0.0038097108829021455,
      0.0037970167380571365,
      0.003793472907245159,
      0.0037858035665750502,
      0.00377402426302433,
      0.003769416812956333,
      0.0037686375123262405,
      0.003756787827834487,
      0.003748941828608513,
      0.0037390065410733224,
      0.003735499203801155,
      0.0037305932922661305,
      0.003718771112412214,
      0.003713393434584141,
      0.0037111920538544655,
      0.003704852800220251,
      0.003695238072276115,
      0.0036883773902058603,
      0.0036837684604525568,
      0.0036795684003829957,
      0.003673242144137621,
      0.003670202843248844,
      0.0036587054085731505,
      0.00365654331818223,
      0.003649032777994871,
      0.0036462553372979163,
      0.0036428379906713964,
      0.003635426124408841,
      0.003628274787813425,
      0.0036230294236540795,
      0.00361671765036881,
      0.003613649700507522,
      0.003607773295789957,
      0.0036070743750035764,
      0.003596584665477276,
      0.0036001452800631523,
      0.003592498466819525,
      0.0035815571580827235,
      0.0035801091842353346,
      0.003574617454111576,
      0.0035745962476730346,
      0.0035691560384631155,
      0.0035603473274409773,
      0.003559874218404293,
      0.003554904517158866,
      0.003551352673470974,
      0.0035480050119757653,
      0.0035431666143238543,
      0.003541430553495884,
      0.0035329188510775564,
      0.003530635528117418,
      0.003524592375010252,
      0.003526519215926528,
      0.003520688151940703,
      0.0035170512683689596,
      0.003514062086492777,
      0.0035044593659043313,
      0.0035042520482838155,
      0.0034976074843108655,
      0.0035002771654725076,
      0.0034967450857162474,
      0.0034907119040191175,
      0.0034907248155772687,
      0.0034795741790533065,
      0.003482276236563921,
      0.0034720994351804257,
      0.003474564326107502,
      0.003464918749257922,
      0.0034687115877866746,
      0.0034610441017895936,
      0.0034592618687450884,
      0.0034573844219744207,
      0.003452674370110035,
      0.0034529059720039366,
      0.0034455600411444904,
      0.0034440214209258556,
      0.0034398491568118335,
      0.0034384251894056797,
      0.0034356142032146452,
      0.0034305527520179747,
      0.0034258928756415842,
      0.003424574713408947,
      0.003421008536666632,
      0.003421302779018879,
      0.003424387261420488,
      0.003412303743138909,
      0.0034136517521739006,
      0.0034098558232188224,
      0.00340726679995656,
      0.003403385506719351,
      0.003403180066049099,
      0.0033971938683837652,
      0.0033948715619742872,
      0.0033956853526830675,
      0.003389741343781352,
      0.003387513589262962,
      0.00338778164498508,
      0.00338097545132041,
      0.003381060889065266,
      0.003374782795161009,
      0.0033749744085967543,
      0.003371979643404484,
      0.003370844779908657,
      0.00336909878231585,
      0.0033647800726443527,
      0.0033616351088136434,
      0.0033621096180379392,
      0.0033572344706952572,
      0.003354449535384774,
      0.0033549526549875737,
      0.0033560550619661806,
      0.00335096969678998,
      0.003351368344426155,
      0.003342940740585327,
      0.0033440323953330517,
      0.003341786305755377,
      0.0033421930395811797,
      0.0033383492014557124,
      0.0033433876496553423,
      0.0033342031697928907,
      0.003332290254384279,
      0.003333335898593068,
      0.0033296608166396616,
      0.0033298216890543697,
      0.003326057128831744,
      0.0033228472110629083,
      0.0033205295448750258,
      0.003315359804406762,
      0.0033199747407436373,
      0.003318930080682039,
      0.0033204966016858817,
      0.0033157625338435174,
      0.00331553533449769,
      0.003316499097496271,
      0.00331079628713429,
      0.0033114363157749176,
      0.0033051513580977915,
      0.0033069530422985553,
      0.0033083216386288403
    ],
    "eval_losses": [
      0.00576967064961791,
      0.004845075210183859,
      0.004501678254455328,
      0.0043920673526823524,
      0.004217936930060387,
      0.004145598235726356,
      0.004072039122134447,
      0.004018097378313541,
      0.004000926491618156,
      0.003956316072493792,
      0.003923410980403423,
      0.003882584434747696,
      0.003874143560230732,
      0.0038295105904340744,
      0.003810347057133913,
      0.0038034355990588663,
      0.003784798961877823,
      0.003760962922871113,
      0.0037438885807991027,
      0.003734408640116453,
      0.0037250105284154416,
      0.0037165890082716943,
      0.0037098150365054605,
      0.0036887336790561677,
      0.0036726739548146726,
      0.003664633137732744,
      0.003663659084588289,
      0.0036715133138000965,
      0.0036315275840461255,
      0.003635152392089367,
      0.003632712921500206,
      0.003610163827985525,
      0.003613043739646673,
      0.0036120974473655225,
      0.0036059468284249307,
      0.0036058453284204006,
      0.0035918762624263766,
      0.003591402980685234,
      0.0035928383819758894,
      0.003594648364558816
    ],