{
  "args": {
    "device": "cuda:1",
    "exp_home": "./results",
    "ds_name": "mnist",
    "mode": "generative_classification",
    "noise_std": 0.25,
    "down_scale": 2.0,
    "model_type": "conventional",
    "latent_dim": 784,
    "hidden_dims": [
      1150,
      1150,
      1150,
      1150,
      1150,
      1150
    ],
    "wo_Win": false,
    "fix_Win": false,
    "I_Win": true,
    "batch_size": 128,
    "epochs": 200,
    "lr": 1e-05,
    "use_augmentation": true,
    "aug_num": 2,
    "run_id": 1,
    "seed": 42
  },
  "training_logs": {
    "train_losses": [
      0.042097396157979965,
      0.0074143475395441055,
      0.00490257546365261,
      0.0037134358032420278,
      0.0028883805660158395,
      0.0023189848302304743,
      0.0019131197101250291,
      0.001558044959977269,
      0.0013415921273455024,
      0.0011402996568381787,
      0.0009921503905020654,
      0.0008591488809511066,
      0.000777311553247273,
      0.000698689198885113,
      0.0006612349812686444,
      0.0005963455956615508,
      0.0005486566557176411,
      0.0004927841978427023,
      0.0005011775024421513,
      0.00044823486212641,
      0.00044370297362096605,
      0.00038036238548811525,
      0.0003819244253169745,
      0.0003463873384892941,
      0.00035884037520736455,
      0.0003747023793589324,
      0.00029553523727925493,
      0.00030476341127185153,
      0.0002876425588084385,
      0.00025904582510702314,
      0.0003089172011939809,
      0.0002962350896978751,
      0.00024102576894219964,
      0.00022991485107690097,
      0.000244565906743519,
      0.00024491456515155733,
      0.0002531929631670937,
      0.00022334355148486792,
      0.0002414308074908331,
      0.00020498810476157815,
      0.0001895820936653763,
      0.00018434776693116873,
      0.00022917619414627552,
      0.0002221499451668933,
      0.00018792773377615958,
      0.00020657072800211608,
      0.00019500413451110945,
      0.000169894125983119,
      0.0001800584964081645,
      0.00018279090699739755,
      0.00016368677720893175,
      0.000162029439304024,
      0.0001513848543446511,
      0.00017056440617889166,
      0.0001532361513772048,
      0.0001315391097497195,
      0.00016053260772489012,
      0.0001603339356626384,
      0.00012740107918623835,
      0.00013718543577939272,
      0.0001414083143672906,
      0.00013992645474732854,
      0.00010746618395671248,
      0.00012932605253066867,
      0.00014405439522117375,
      0.0001054797141905874,
      0.00011456599679309874,
      0.0001137358205858618,
      0.00012955086812376976,
      0.00011294868670869619,
      0.00010892588796792551,
      0.0001130530695291236,
      0.00010335814931895584,
      0.00010922407565638423,
      0.00011660101156216114,
      0.00010510527856997215,
      0.00011016972375102341,
      0.00010265645691659301,
      0.00011099111554911361,
      0.00010021007756469771,
      0.0001039013777906075,
      8.728423816617579e-05,
      9.455742492806166e-05,
      0.00010102953225839883,
      9.30461403937079e-05,
      7.91306507983245e-05,
      6.636248103808611e-05,
      9.335764992283657e-05,
      9.831826698267832e-05,
      7.855904316995293e-05,
      7.94500569999218e-05,
      6.822185452328995e-05,
      7.113176023005508e-05,
      8.1162419016473e-05,
      7.233289476251229e-05,
      7.670096591231413e-05,
      6.525577128864825e-05,
      5.9738027598941696e-05,
      6.665424853563309e-05,
      8.108847333642189e-05,
      5.8576491371495646e-05,
      7.209894106956199e-05,
      7.574193312437274e-05,
      7.248493079328909e-05,
      5.516935095423833e-05,
      6.117539677768946e-05,
      7.324331544339657e-05,
      6.266363232396542e-05,
      5.424400044139475e-05,
      5.315436441102065e-05,
      5.7936352335382253e-05,
      6.095446173567325e-05,
      5.504887676332146e-05,
      6.219431992154568e-05,
      5.0468889363110065e-05,
      4.456247015623376e-05,
      5.43517639755737e-05,
      5.543270658003166e-05,
      4.6633488317020235e-05,
      5.146058220183477e-05,
      5.731133544119075e-05,
      5.3053521544206885e-05,
      4.424373204121366e-05,
      5.4039029037812725e-05,
      4.3151478910585865e-05,
      3.524465820053592e-05,
      3.7360211310442534e-05,
      5.5352062813472e-05,
      4.856394965783693e-05,
      4.8590403131674975e-05,
      3.96509249554947e-05,
      4.209928928175941e-05,
      3.901441036490723e-05,
      3.4746247821021824e-05,
      4.196975386759732e-05,
      4.034796860767529e-05,
      3.417157773626968e-05,
      3.142972086090595e-05,
      3.85316841583699e-05,
      3.9389746568631384e-05,
      3.16480441566091e-05,
      3.741655448451638e-05,
      3.986786348628812e-05,
      3.097217097412795e-05,
      3.713770048925653e-05,
      3.873002219828777e-05,
      3.4923211496789006e-05,
      3.505488431314006e-05,
      3.36870706314221e-05,
      2.908332446590066e-05,
      3.0830244226381185e-05,
      2.9042359791928903e-05,
      3.061447519576177e-05,
      3.3660420828964564e-05,
      2.827123807510361e-05,
      2.9690582657931372e-05,
      2.8789652134291827e-05,
      2.8605472692288457e-05,
      2.66820919822203e-05,
      2.6797233078978025e-05,
      2.6532669509761036e-05,
      3.3074643383733926e-05,
      2.759594303322956e-05,
      2.465808621607721e-05,
      2.3659436032176018e-05,
      2.3794322678586467e-05,
      2.7931735303718596e-05,
      2.5817078452091662e-05,
      2.3954392638406717e-05,
      2.4884720507543535e-05,
      2.352688648039475e-05,
      2.6199082436505706e-05,
      2.3382537562865763e-05,
      2.359581693657674e-05,
      2.4651660690433347e-05,
      2.3874913934851066e-05,
      2.32628305896651e-05,
      2.4641592495609074e-05,
      2.207510265521705e-05,
      2.2624843671219423e-05,
      2.2272291271947323e-05,
      2.1113999405642973e-05,
      2.1239482712117024e-05,
      2.2402337316889315e-05,
      2.1007953192456627e-05,
      2.129342460888438e-05,
      2.224652974982746e-05,
      2.0837674430804326e-05,
      2.140330352121964e-05,
      2.0419244882068598e-05,
      2.0024871082277968e-05,
      2.069693350349553e-05,
      2.0044918386265636e-05,
      1.978002009913325e-05,
      2.0083288860623725e-05,
      2.05299023760017e-05,
      2.029788689513225e-05,
      1.90135684912093e-05,
      2.0479144379496573e-05,
      1.922233200748451e-05
    ],
    "eval_losses": [
      0.005104294095188379,
      0.004102743750065565,
      0.003462842483818531,
      0.0032407228238880634,
      0.0031609557151794435,
      0.003167642153799534,
      0.003000114995241165,
      0.002855773837119341,
      0.002832674714922905,
      0.0026264844592660667,
      0.0027844918860122562,
      0.0027341801214963196,
      0.0026926192861050366,
      0.0028218131995294245,
      0.0024354934886097906,
      0.002565499202301726,
      0.002589518175832927,
      0.00258167511690408,
      0.0025619633929338304,
      0.0025089031466282905,
      0.0025592561228200794,
      0.0023862514635547994,
      0.0023697095945477485,
      0.002555266334116459,
      0.0023151152338832617,
      0.0024196622973307966,
      0.0023154558597132564,
      0.0022442189430817963,
      0.0022644185645505784,
      0.00226306056920439,
      0.0022489377849269658,
      0.0023539261769503356,
      0.0022252716219983994,
      0.0022957998652011155,
      0.002224783895164728,
      0.0022164247194305063,
      0.0022370810591615738,
      0.0021761193953920154,
      0.002227740075485781,
      0.0021864170894026758
    ],