{
  "args": {
    "device": "cuda:7",
    "exp_home": "./results",
    "ds_name": "mnist",
    "mode": "denoising",
    "noise_std": 0.25,
    "down_scale": 2.0,
    "model_type": "conventional",
    "latent_dim": 784,
    "hidden_dims": [
      1150,
      1150,
      1150,
      1150,
      1150,
      1150,
      1150,
      1150,
      1150,
      1150
    ],
    "wo_Win": false,
    "fix_Win": true,
    "I_Win": true,
    "batch_size": 128,
    "epochs": 100,
    "lr": 5e-05,
    "use_augmentation": true,
    "aug_num": 2,
    "run_id": 1,
    "seed": 42
  },
  "training_logs": {
    "train_losses": [
      0.02231016493320465,
      0.008920332087874412,
      0.007271380131393671,
      0.006492458520233631,
      0.006020662114620209,
      0.005704488744586706,
      0.005462186034470797,
      0.005287263352572918,
      0.005133613316714763,
      0.005015531516671181,
      0.004912058493942022,
      0.004820303547680378,
      0.0047464706633985046,
      0.004678844467550516,
      0.004617320059537888,
      0.004566464229822159,
      0.004521804862469434,
      0.004467746438384056,
      0.0044321365533769135,
      0.004395172294080258,
      0.004357268931567669,
      0.004322070781439543,
      0.004294764648377895,
      0.004258110720217228,
      0.004238482924103737,
      0.004204997062385083,
      0.0041801473379135135,
      0.004161651812791824,
      0.004140407740771771,
      0.004121222858130932,
      0.004097354350984097,
      0.004075469455420971,
      0.004055998616814613,
      0.004044363265931606,
      0.00402271124586463,
      0.004001535006463527,
      0.003990071173459292,
      0.003970874388366938,
      0.0039603130163252355,
      0.003940534251704812,
      0.003935810818225145,
      0.003916906366497278,
      0.003901516803652048,
      0.003888504630923271,
      0.003874848721921444,
      0.0038620116579532624,
      0.003846582632064819,
      0.0038415317027270792,
      0.003828571400791407,
      0.0038168832917511463,
      0.003801479965597391,
      0.0037966647350788116,
      0.003783575679808855,
      0.003775539700090885,
      0.003760844408720732,
      0.0037491415072977543,
      0.003745761882662773,
      0.0037351636685431003,
      0.0037294326312839986,
      0.0037111127677559854,
      0.003709196755886078,
      0.003700591116845608,
      0.0036883867889642716,
      0.0036831047505140302,
      0.0036741897095739842,
      0.0036628985649347304,
      0.0036572425542771817,
      0.0036548734180629253,
      0.0036418270660936833,
      0.0036350187431275845,
      0.0036243341425061227,
      0.0036194757924973963,
      0.003614340218603611,
      0.003602393396049738,
      0.003596979000866413,
      0.0035938609392941,
      0.0035870575392246244,
      0.003579159747585654,
      0.0035682580238580704,
      0.003565401144772768,
      0.0035606067633628846,
      0.0035539420768618585,
      0.0035521181745827198,
      0.0035378374971449375,
      0.003535659144222736,
      0.0035311622524261473,
      0.0035262720260024073,
      0.0035246231186389925,
      0.00351580208748579,
      0.0035109298733621837,
      0.0035053608933091162,
      0.0034965526542812585,
      0.0034969253359735013,
      0.003491619379222393,
      0.003493179099112749,
      0.0034819307978451253,
      0.003484868538677692,
      0.0034772640800476073,
      0.0034694388744235037,
      0.0034693025769293308
    ],
    "eval_losses": [
      0.005560699897259474,
      0.004745263765007258,
      0.0044649696327745915,
      0.004359345564991236,
      0.004189901960641146,
      0.004098924113065005,
      0.004037155441939831,
      0.003999535427987575,
      0.003969569456577301,
      0.0039241942226886746,
      0.003879235079139471,
      0.0038434519074857236,
      0.003835519997775555,
      0.0037928939804434776,
      0.0037654730536043645,
      0.003760095760971308,
      0.003738631846755743,
      0.0037161799632012844,
      0.0037006535209715367,
      0.0036988823145627974
    ],
    "psnr": [
      22.551178524780273,
      23.239834185791015,
      23.503955758666994,
      23.607910314941407,
      23.780216357421875,
      23.875273962402343,
      23.941857110595702,
      23.981875442504883,
      24.01441280517578,
      24.06468557434082,
      24.114626977539064,
      24.155092156982423,
      24.164429956054686,
      24.21294645690918,
      24.243602340698242,
      24.250232217407227,
      24.274924295043945,
      24.30084845275879,
      24.319635290527344,
      24.32138053894043
    ],
    "best_epoch": 100,
    "best_step": null,
    "best_eval_loss": 0.0036988823145627974
  },
  "test_results": {
    "test_loss": 0.0036874212849885226,
    "test_psnr": 24.34272498779297
  }
}