{
  "args": {
    "device": "cuda:3",
    "exp_home": "./results",
    "ds_name": "mnist",
    "mode": "generative_classification",
    "noise_std": 0.25,
    "down_scale": 2.0,
    "model_type": "conventional",
    "latent_dim": 784,
    "hidden_dims": [
      1150,
      1150,
      1150,
      1150
    ],
    "wo_Win": false,
    "fix_Win": false,
    "I_Win": false,
    "batch_size": 128,
    "epochs": 100,
    "lr": 0.0005,
    "use_augmentation": true,
    "aug_num": 2,
    "run_id": 1,
    "seed": 42
  },
  "training_logs": {
    "train_losses": [
      0.01294532608360052,
      0.005764139719903469,
      0.0047109314823150636,
      0.004047128718048334,
      0.0035455974454432727,
      0.0033128751281648874,
      0.002969161073938012,
      0.0027213308116421104,
      0.0025045252652838826,
      0.002341000496633351,
      0.0021733092030137777,
      0.002026562660075724,
      0.0018126761396601795,
      0.0018051091852039098,
      0.001695032838396728,
      0.0015524311444722117,
      0.001475740530602634,
      0.0014397734842449426,
      0.0013156925684027375,
      0.0012944362902268768,
      0.001256446117721498,
      0.0012068534436821938,
      0.0010865279320813716,
      0.0010382521498017014,
      0.0009838881475292146,
      0.0009478873399086297,
      0.0009361899783089757,
      0.0008710204170551151,
      0.000845022237803787,
      0.0008002921744575724,
      0.0007497919242177159,
      0.0007602730747871101,
      0.0006690291588753462,
      0.0006787668925337493,
      0.0006944641634495929,
      0.0006305384435039014,
      0.0006130000582896173,
      0.000603799362424761,
      0.0005034527386073023,
      0.0005075131158530712,
      0.0005438045411277563,
      0.0004981836747098714,
      0.00047157514317892494,
      0.0004937076381314546,
      0.0004617063433025032,
      0.00040106066605541857,
      0.00037588119154796006,
      0.0004265142914652824,
      0.00040213735237717627,
      0.0003106228476995602,
      0.00036031580199953167,
      0.0003133606437733397,
      0.00028521223114337773,
      0.00033100950410123916,
      0.00027013473925646393,
      0.00024092104213312268,
      0.0003213057283544913,
      0.0002782068047253415,
      0.0002396893874090165,
      0.00016472518868278712,
      0.0002484119444852695,
      0.00022887223001103848,
      0.0001700747678708285,
      0.0002004657197650522,
      0.00023176969000138342,
      0.00014582364465575665,
      0.0001714782063732855,
      0.00013036868900526315,
      0.00013366414226591587,
      0.00016439276383956896,
      0.0001382054495345801,
      0.00011683976241154596,
      0.00013489698737859725,
      0.0001224039098643698,
      9.167223465163261e-05,
      9.522065284545533e-05,
      0.00010317201662575826,
      8.959121921798215e-05,
      7.55504179187119e-05,
      6.316561106476001e-05,
      5.615695490501821e-05,
      7.468060526414774e-05,
      5.968348845373839e-05,
      7.191994469263591e-05,
      5.47313234093599e-05,
      4.2324375864118336e-05,
      4.4458069246029484e-05,
      3.399225508095696e-05,
      3.7585503826267084e-05,
      2.800215735216625e-05,
      2.7314674858353102e-05,
      2.9459840753115714e-05,
      3.200859589502215e-05,
      2.577592273475602e-05,
      2.365361322183162e-05,
      2.2965080738067627e-05,
      1.9998715245747006e-05,
      1.896419748489279e-05,
      2.0965132546261883e-05,
      1.8042236265609973e-05
    ],
    "eval_losses": [
      0.0037932806991972027,
      0.003336886841058731,
      0.0027914371691644194,
      0.002795986477751285,
      0.002310116686206311,
      0.002282205667346716,
      0.0022612390572205186,
      0.002514301080442965,
      0.002267067184764892,
      0.0019994829443865454,
      0.002119743986334652,
      0.0020859271463006734,
      0.002019300530711189,
      0.0020287079359812194,
      0.001907692564977333,
      0.001749068726185942,
      0.001769867291027913,
      0.0017508453976755845,
      0.0017113190855248832,
      0.001680132822525775
    ],
    "psnr": [
      24.512910604858398,
      25.153269116210936,
      25.891188314819335,
      26.109402163696288,
      26.91961883239746,
      27.223182977294922,
      27.195805969238283,
      26.478599365234373,
      27.115967645263673,
      27.691002166748046,
      27.476521185302733,
      27.56161049194336,
      27.71335169067383,
      27.725945611572264,
      28.254082943725585,
      28.810896527099608,
      28.619324462890624,
      28.82945200805664,
      28.76088284301758,
      28.865189849853515
    ],
    "best_epoch": 100,
    "best_step": null,
    "best_eval_loss": 0.001680132822525775
  },
  "test_results": {
    "test_loss": 0.0016483807395004987,
    "test_psnr": 34.38495404052735
  }
}