{
  "args": {
    "device": "cuda:8",
    "exp_home": "./results",
    "ds_name": "mnist",
    "mode": "denoising",
    "noise_std": 0.25,
    "down_scale": 2.0,
    "model_type": "hourglass",
    "latent_dim": 2120,
    "hidden_dims": [
      115,
      115,
      115,
      115,
      115,
      115,
      115,
      115
    ],
    "wo_Win": false,
    "fix_Win": true,
    "I_Win": false,
    "wo_Wout": false,
    "batch_size": 128,
    "epochs": 30,
    "lr": 0.01,
    "use_augmentation": false,
    "aug_num": 2,
    "run_id": 1,
    "seed": 42
  },
  "training_logs": {
    "train_losses": [
      0.12049748075962066,
      0.11883445966005325,
      0.11883445958137512,
      0.11883445921421051,
      0.1188344593834877,
      0.11883445917367935,
      0.1188344592499733,
      0.11883445913553238,
      0.11883445925474168,
      0.11883445993185043,
      0.11883445929527282,
      0.11883445931911468,
      0.11883445919513702,
      0.11883445905685425,
      0.11883445921897888,
      0.1188344593000412,
      0.11883445918798446,
      0.11883445964097977,
      0.11883445977926255,
      0.1188344595861435,
      0.11883445947408676,
      0.1188344593334198,
      0.11883445977926255,
      0.11883445924282074,
      0.11883445943593979,
      0.11883445896863937,
      0.11883445919513702,
      0.11883445977210999,
      0.11883445994138718,
      0.11883445931673049
    ],
    "eval_losses": [
      0.1179553240776062,
      0.1179553240776062,
      0.1179553240776062,
      0.1179553240776062,
      0.1179553240776062,
      0.1179553240776062
    ],
    "psnr": [
      9.28439970703125,
      9.28439970703125,
      9.28439970703125,
      9.28439970703125,
      9.28439970703125,
      9.28439970703125
    ],
    "ssim": [
      0.40799535388946534,
      0.40799535388946534,
      0.40799535388946534,
      0.40799535388946534,
      0.40799535388946534,
      0.40799535388946534
    ],
    "best_epoch": 5,
    "best_step": null,
    "best_eval_loss": 0.1179553240776062
  },
  "test_results": {
    "test_loss": 0.11957285096645355,
    "test_psnr": 9.239966291809083,
    "test_ssim": 0.40726408548355103
  }
}