{
  "args": {
    "device": "cuda:0",
    "exp_home": "./results",
    "ds_name": "imagenet32",
    "mode": "denoising",
    "noise_std": 0.25,
    "down_scale": 2.0,
    "model_type": "conventional",
    "latent_dim": 3072,
    "hidden_dims": [
      3546,
      3546,
      3546,
      3546,
      3546,
      3546
    ],
    "wo_Win": false,
    "fix_Win": true,
    "I_Win": true,
    "batch_size": 512,
    "epochs": 4,
    "lr": 0.0003,
    "use_augmentation": true,
    "aug_num": 4,
    "run_id": 2,
    "seed": 42
  },
  "training_logs": {
    "train_losses": [
      0.012685118352994323,
      0.009057232353836297,
      0.008576459746807813,
      0.008346384055912495,
      0.008167768782936036,
      0.008067084635607898,
      0.0079558528624475,
      0.007880934672430158,
      0.007823737770318985,
      0.007765615617856383,
      0.007664495894685388,
      0.007641013589687645,
      0.0075898815942928195,
      0.007508990332484245,
      0.007486192888580262,
      0.007411670019850135,
      0.00737469901330769,
      0.007306294398382306,
      0.007280540493316948,
      0.00726439371239394,
      0.007209893078543246,
      0.007167477769777179,
      0.007096073772758246,
      0.007059823091141879,
      0.007015320405364037,
      0.007020448329858482,
      0.006960001945495606,
      0.006933420362882316,
      0.006909111510962248,
      0.006876825536601246,
      0.006852288312278688,
      0.006823564041405916,
      0.006786023089662194,
      0.006760546864941716,
      0.00672469540964812,
      0.0066928328527137634,
      0.006677281327545643,
      0.006650927014648914,
      0.0066253374861553315,
      0.006611948077566922,
      0.006588297877460719,
      0.006557704606093466,
      0.006501722958870232,
      0.00649881090875715,
      0.006479703184217214,
      0.006455046325922012,
      0.006425025944598019,
      0.006418148965574801,
      0.006388037635944784,
      0.006363683426752686,
      0.006355979005806148,
      0.006320040344260633,
      0.006306198891252279,
      0.006282687877304852,
      0.0062714625513181094,
      0.00624028389621526,
      0.006208905220963061,
      0.006188152261078357,
      0.006175955068320036,
      0.006155292597599327,
      0.006138036218471825,
      0.006108287246897817,
      0.006079301760531962,
      0.00607393027190119,
      0.00605129363015294,
      0.006023575162515045,
      0.006012096602469682,
      0.005985786421224475,
      0.005967379318550229,
      0.005948956357315183,
      0.005932247805409133,
      0.0059160497700795536,
      0.005895799852907658,
      0.005876716313883662,
      0.005857702400535345,
      0.005837896342389286,
      0.005818532300181687,
      0.0057892146967351435,
      0.005788890692405403,
      0.005760427520610392
    ],
    "eval_losses": [
      0.008176839728951455,
      0.007680344350934029,
      0.007359823575615883,
      0.007356905800849199,
      0.0069676693633198734,
      0.006760596817433834,
      0.006632187439650297,
      0.006520214874148369,
      0.0064408703714609146,
      0.006280111673474312,
      0.006176139748841524,
      0.006083089511692524,
      0.005978181555569172,
      0.005874945370107889,
      0.005786502328962087,
      0.0057139116223156455
    ],
    "psnr": [
      20.87621155883789,
      21.148278627319335,
      21.33332896850586,
      21.335219013671875,
      21.57119183288574,
      21.702302997436522,
      21.785544912109376,
      21.85955397644043,
      21.91273649597168,
      22.022524462890626,
      22.095080098876952,
      22.160932774658203,
      22.236480314331054,
      22.31212988586426,
      22.378003662719728,
      22.432840944824218
    ],
    "best_epoch": null,
    "best_step": 40000,
    "best_eval_loss": 0.0057139116223156455
  },
  "test_results": {
    "test_loss": 0.005704479312002659,
    "test_psnr": 22.440412274169923
  }
}