{
  "args": {
    "device": "cuda:1",
    "exp_home": "./results",
    "ds_name": "mnist",
    "mode": "generative_classification",
    "noise_std": 0.25,
    "down_scale": 2.0,
    "model_type": "conventional",
    "latent_dim": 784,
    "hidden_dims": [
      1150,
      1150,
      1150,
      1150,
      1150,
      1150
    ],
    "wo_Win": true,
    "fix_Win": false,
    "I_Win": false,
    "batch_size": 128,
    "epochs": 100,
    "lr": 0.0001,
    "use_augmentation": true,
    "aug_num": 2,
    "run_id": 4,
    "seed": 42
  },
  "training_logs": {
    "train_losses": [
      0.0129097503464669,
      0.004158155333548784,
      0.00309211378633976,
      0.0024801591159403324,
      0.0021472363425791264,
      0.0019340380906034261,
      0.001678265715893358,
      0.0014980333049036563,
      0.0013686813905462623,
      0.0012660533773712814,
      0.0012308327985741199,
      0.0011415116459317506,
      0.0010617380068264901,
      0.0010093730981554836,
      0.0009174443440325558,
      0.0008885408021230251,
      0.0008049701973889023,
      0.0008082762604486197,
      0.0007884570930805058,
      0.0006741574187949299,
      0.0006445657383371145,
      0.0005639231984317303,
      0.0006501075529679656,
      0.0005676198363467119,
      0.0005339308084128425,
      0.0005125320981815457,
      0.0005603240250330418,
      0.0004689074888126925,
      0.00043603894223924727,
      0.0004440922864852473,
      0.00043322022983338686,
      0.0004244000099040568,
      0.00037121904325671494,
      0.00037240743797738103,
      0.00036971483836183323,
      0.00033901866355445234,
      0.0003553212355147116,
      0.0003277833996666595,
      0.0002951898211776279,
      0.000286380581590347,
      0.0003399565722839907,
      0.00026108287138864396,
      0.000275166364852339,
      0.00023475061665987595,
      0.0002598962739133276,
      0.0002682380254333839,
      0.00023008921253029257,
      0.00023355333005776628,
      0.00021106854863232001,
      0.00020296441851416603,
      0.00019146339469123632,
      0.0001817211354477331,
      0.0001708347576786764,
      0.0001758581215608865,
      0.00017879367378773167,
      0.00018766798890195786,
      0.00016791857200674712,
      0.00016619767376221717,
      0.00015503138676285744,
      0.00014922972778324037,
      0.0001303054909151979,
      0.00011353345900541171,
      0.00013307229073601776,
      0.00013068097742740064,
      8.682469919440336e-05,
      0.00010434639018494636,
      0.00011322975308459717,
      9.82106158544775e-05,
      0.00010668828784488141,
      9.12674615427386e-05,
      8.812055806280113e-05,
      9.187079006864224e-05,
      6.914941799244843e-05,
      6.647943892341573e-05,
      7.875391377601773e-05,
      7.131771018495783e-05,
      6.365210512420163e-05,
      6.334365698916372e-05,
      6.672650322201661e-05,
      7.294447700725868e-05,
      6.0050004362128676e-05,
      5.8090889705345036e-05,
      4.937106654397212e-05,
      4.789054878987372e-05,
      3.8106017888057976e-05,
      4.271115433890372e-05,
      3.6477802394074385e-05,
      4.947634891257621e-05,
      4.565074954647571e-05,
      4.6028429140569645e-05,
      3.1601422559469936e-05,
      3.4717156182159666e-05,
      3.761387627746444e-05,
      3.127863607602194e-05,
      2.872567251615692e-05,
      2.7827590908273125e-05,
      2.9237063484615647e-05,
      3.1308940602466465e-05,
      3.0667502732248974e-05,
      2.8308918982511387e-05
    ],
    "eval_losses": [
      0.004142718198150396,
      0.003563799849152565,
      0.0032121397443115713,
      0.003306115548685193,
      0.0034231646372471004,
      0.003249866389296949,
      0.0030458301056176425,
      0.0033414174892008306,
      0.003147110136807896,
      0.0032687000383622945,
      0.0028967103606380986,
      0.0028438479208038187,
      0.002828951508444152,
      0.002809708295937162,
      0.002766428194422042,
      0.0026719258044846355,
      0.0024240001203957944,
      0.002450268141855486,
      0.002507086654493469,
      0.0026488781865889907
    ],
    "psnr": [
      24.109279837036134,
      24.941617971801758,
      25.588102056884765,
      25.492951110839844,
      25.25183088378906,
      25.665278515625,
      26.10455946044922,
      25.253794454956054,
      25.81664796142578,
      25.809091046142576,
      26.416875305175783,
      26.217612481689454,
      26.664432403564454,
      26.38257996826172,
      26.858270477294923,
      27.173674813842773,
      27.512145794677735,
      27.445344836425782,
      27.10566396484375,
      26.566356243896486
    ],
    "best_epoch": 85,
    "best_step": null,
    "best_eval_loss": 0.0024240001203957944
  },
  "test_results": {
    "test_loss": 0.002514172212337144,
    "test_psnr": 29.527066979980468
  }
}