{
  "args": {
    "device": "cuda:9",
    "exp_home": "./results",
    "ds_name": "mnist",
    "mode": "generative_classification",
    "noise_std": 0.25,
    "down_scale": 2.0,
    "model_type": "conventional",
    "latent_dim": 784,
    "hidden_dims": [
      1150,
      1150,
      1150,
      1150,
      1150,
      1150,
      1150,
      1150,
      1150,
      1150
    ],
    "wo_Win": false,
    "fix_Win": true,
    "I_Win": true,
    "batch_size": 128,
    "epochs": 100,
    "lr": 0.0005,
    "use_augmentation": false,
    "aug_num": 2,
    "run_id": 2,
    "seed": 42
  },
  "training_logs": {
    "train_losses": [
      0.012070316112041473,
      0.005379488530904055,
      0.0039287462559342385,
      0.0033742551705613732,
      0.0027979132604598997,
      0.0023391626381874084,
      0.002127393871024251,
      0.0020760769936069845,
      0.0018029762595891952,
      0.0017152565320581199,
      0.001532916964367032,
      0.0014749807436019182,
      0.0012577378595992922,
      0.001270924945101142,
      0.0010804435783624648,
      0.001077116465382278,
      0.0010355220335163176,
      0.00092632877538912,
      0.0010123897149972617,
      0.0008197804283257573,
      0.0008664773813914508,
      0.0007490552456304431,
      0.0006960716670006514,
      0.0007658979112282395,
      0.0007620525900274515,
      0.0005524998219776898,
      0.0005701369445584714,
      0.0006193174018198624,
      0.0006314963859133422,
      0.0005449121755314991,
      0.0005642567413859069,
      0.0004571476150932722,
      0.0005501029423996807,
      0.0005362197372922674,
      0.00037393899145303294,
      0.0003912436938565224,
      0.00041453229053877295,
      0.0004228381865820847,
      0.0003886790975742042,
      0.0003792268126271665,
      0.0003861030785902403,
      0.0004354330936446786,
      0.0002839284809585661,
      0.0002826189196668565,
      0.00027191308218287307,
      0.0003096170300152153,
      0.00027155734659172593,
      0.00023588446801062673,
      0.0002265445722080767,
      0.00026843928918009625,
      0.00027188600750640033,
      0.0002456087836553343,
      0.0002111719390936196,
      0.00018605892024934291,
      0.00019669648661743848,
      0.00017961787290871143,
      0.0002606514947209507,
      0.00018445898171979934,
      0.00015788618102669717,
      0.00013612878489191644,
      0.00015472311580204404,
      0.00015171728407847694,
      0.00011361433188663795,
      0.00014117375262547285,
      0.0001437885140569415,
      0.00013251790109381544,
      0.00010813053464924451,
      0.00011454921749420464,
      0.00011533124069217593,
      0.00011476216380833648,
      9.770930172875523e-05,
      0.00011571876812377013,
      7.268600668059662e-05,
      7.567920944769866e-05,
      7.707464668899775e-05,
      8.789510598056949e-05,
      4.146021203690907e-05,
      4.656241631018929e-05,
      5.503704832517542e-05,
      5.371764926647302e-05,
      7.780547483125701e-05,
      6.192341121961363e-05,
      5.0257259469653943e-05,
      4.2113985239411704e-05,
      5.008278396271635e-05,
      4.220037975901505e-05,
      4.0705950576957545e-05,
      2.8661366356536747e-05,
      2.6862188330851495e-05,
      2.4203071519732477e-05,
      1.8631857279106043e-05,
      2.2151409842190332e-05,
      1.8095186586579075e-05,
      2.3839549325493862e-05,
      2.0130366977027734e-05,
      1.6735101471131202e-05,
      2.3946093013801147e-05,
      1.7939113807369723e-05,
      1.4416769159870454e-05,
      1.6159900938655482e-05
    ],
    "eval_losses": [
      0.004448894663155079,
      0.0038155375316739084,
      0.003802156191272661,
      0.003467707245540805,
      0.0033417287807445974,
      0.0035264650295954198,
      0.002830692142189946,
      0.0031600050022359935,
      0.0034899980419315396,
      0.0031820705766789615,
      0.0035827600571792574,
      0.0032956996625871397,
      0.00335272596628638,
      0.0031267954693379577,
      0.0033017384886130457,
      0.003096962959533266,
      0.0030440750852954806,
      0.0031208801881279216,
      0.0027673443478783157,
      0.0027808042124779606
    ],
    "psnr": [
      23.831346478271485,
      24.65648868408203,
      24.764203369140624,
      25.144999963378908,
      25.20983726196289,
      25.188448327636717,
      26.422447637939452,
      25.71833758544922,
      25.46561271972656,
      26.046687420654298,
      25.580243280029297,
      25.815596307373045,
      25.93787533569336,
      26.211813537597656,
      25.920789587402343,
      26.330051947021484,
      26.755607678222656,
      27.513699713134766,
      27.98020065307617,
      27.92404609375
    ],
    "best_epoch": 95,
    "best_step": null,
    "best_eval_loss": 0.0027673443478783157
  },
  "test_results": {
    "test_loss": 0.003062541242599764,
    "test_psnr": 28.40051895751953
  }
}