{
  "args": {
    "device": "cuda:9",
    "exp_home": "./results",
    "ds_name": "mnist",
    "mode": "generative_classification",
    "noise_std": 0.25,
    "down_scale": 2.0,
    "model_type": "conventional",
    "latent_dim": 784,
    "hidden_dims": [
      1150,
      1150,
      1150,
      1150,
      1150,
      1150,
      1150,
      1150,
      1150,
      1150
    ],
    "wo_Win": true,
    "fix_Win": false,
    "I_Win": false,
    "batch_size": 128,
    "epochs": 100,
    "lr": 0.0005,
    "use_augmentation": false,
    "aug_num": 2,
    "run_id": 3,
    "seed": 42
  },
  "training_logs": {
    "train_losses": [
      0.012006976006627083,
      0.0052123379471898075,
      0.0038238054609298707,
      0.0032652278226614,
      0.0026734718151390554,
      0.0025111755063384773,
      0.0022800644339621067,
      0.0019979559257999064,
      0.0018366289772093296,
      0.0017784171650931239,
      0.0015385614911839365,
      0.0015257995913084597,
      0.0013247703470289707,
      0.0012841684198565781,
      0.0012334805712103845,
      0.0011918324040062725,
      0.0010104430838115514,
      0.0010109005553275347,
      0.0009249366571474821,
      0.0008842395575903357,
      0.0008154103331454098,
      0.0008519528596941381,
      0.0007350015093944966,
      0.0006354889397881925,
      0.0006774782743677497,
      0.0006122546694264748,
      0.0006712914682691917,
      0.0005578062426112592,
      0.0005104058505827562,
      0.0005645937774330377,
      0.0005371681006532162,
      0.0005469275658205151,
      0.0004983640242600813,
      0.0004609632358327508,
      0.0004099664279515855,
      0.0003929899525642395,
      0.000390638578357175,
      0.0004311102571245283,
      0.00030964817035477606,
      0.0003672241988801397,
      0.000417454158810433,
      0.00032120941894710995,
      0.00028962948042666537,
      0.0003134355908003636,
      0.00028152940825093537,
      0.00027219978508539496,
      0.0002759124845848419,
      0.0002931954042543657,
      0.0002580406452436,
      0.00025039832989452406,
      0.0002740361685259268,
      0.0001976609382161405,
      0.00022468109808978625,
      0.00020404274472035467,
      0.00018498028049478306,
      0.00022768078754888848,
      0.00020024474796606227,
      0.00020987016097758897,
      0.00017732400295324623,
      0.00016144658157601953,
      0.00012529610316851177,
      0.00019005348277743907,
      0.00014065019260393457,
      0.0001579204080090858,
      0.00011685875288909301,
      0.00012994407172547653,
      0.00015280063460813837,
      0.00011363161043787841,
      0.00011548886054195463,
      0.0001327735142898746,
      8.277693542186171e-05,
      0.00011346154613886028,
      8.53425954899285e-05,
      9.027487816172652e-05,
      6.525606107490602e-05,
      7.858976011892083e-05,
      7.283112888457254e-05,
      6.288010831573047e-05,
      7.195995456830132e-05,
      8.397206104244106e-05,
      6.103421237028669e-05,
      4.505984853487462e-05,
      6.354684772668406e-05,
      4.205280044930987e-05,
      4.7440490886219775e-05,
      3.319384416099638e-05,
      4.050671944394708e-05,
      4.80230672241305e-05,
      3.410898995556636e-05,
      3.0210817351180594e-05,
      2.7995411812444218e-05,
      2.9484718449530192e-05,
      2.5429411209624958e-05,
      2.7404813580797052e-05,
      2.2958911890891613e-05,
      2.0841556533123367e-05,
      1.9914993334605244e-05,
      1.9064381048374344e-05,
      1.811341285785602e-05,
      2.0339897622470744e-05
    ],
    "eval_losses": [
      0.004194240222685039,
      0.0041600493259727955,
      0.0038881583992391826,
      0.0036285858838120476,
      0.0037288950527552514,
      0.0035590734824305402,
      0.0034386454939842226,
      0.0032975673623848708,
      0.003625886486598756,
      0.0036237052209791725,
      0.003126840043213451,
      0.003522557459078962,
      0.002628411506389966,
      0.0028924998476402832,
      0.003289419304158946,
      0.0031897128086027806,
      0.002946917650166142,
      0.0029076229464131756,
      0.003100781268267019,
      0.0029897527911005453
    ],
    "psnr": [
      24.155995596313478,
      24.28597661743164,
      24.45558536682129,
      25.12881405029297,
      24.80843533935547,
      25.184624237060547,
      25.293349920654297,
      25.789064965820312,
      25.288826483154295,
      25.11568110961914,
      26.106140454101563,
      25.58325718383789,
      27.451700732421877,
      26.48374017944336,
      25.83230523071289,
      25.876834204101563,
      27.025708978271485,
      26.88981154785156,
      26.42276505737305,
      26.539168743896486
    ],
    "best_epoch": 65,
    "best_step": null,
    "best_eval_loss": 0.002628411506389966
  },
  "test_results": {
    "test_loss": 0.0027530643241916552,
    "test_psnr": 29.03496032104492
  }
}