{
  "args": {
    "device": "cuda:9",
    "exp_home": "./results",
    "ds_name": "mnist",
    "mode": "generative_classification",
    "noise_std": 0.25,
    "down_scale": 2.0,
    "model_type": "conventional",
    "latent_dim": 784,
    "hidden_dims": [
      1150
    ],
    "wo_Win": true,
    "fix_Win": false,
    "I_Win": false,
    "wo_Wout": true,
    "batch_size": 128,
    "epochs": 50,
    "lr": 0.0005,
    "use_augmentation": false,
    "aug_num": 2,
    "run_id": 3,
    "seed": 42
  },
  "training_logs": {
    "train_losses": [
      0.01923325738132,
      0.00787432094797492,
      0.006199359378814697,
      0.005260377296209335,
      0.004640626524612308,
      0.004164691036045551,
      0.003790211925804615,
      0.0034914117094129323,
      0.003245200053229928,
      0.002989077164158225,
      0.0028292691040784123,
      0.0026606422363966704,
      0.002515670596882701,
      0.00236758171916008,
      0.0022609865364432336,
      0.002138802674897015,
      0.0020549992148578165,
      0.0019677355439960955,
      0.001885351907685399,
      0.001809552729614079,
      0.0017500795484334231,
      0.0016870072025805712,
      0.0016200631863623857,
      0.001572005770355463,
      0.0015365664595738053,
      0.0014685011468827725,
      0.0014472326342388987,
      0.001413077891021967,
      0.0013752841701731085,
      0.0013290386835113168,
      0.0012981646856665612,
      0.0012613554483652115,
      0.001239561664611101,
      0.0011970906900987028,
      0.00118461036991328,
      0.0011680166341736912,
      0.0011327716401591896,
      0.0011179292933270336,
      0.0010899423584342003,
      0.0010724776100739836,
      0.0010459174745902418,
      0.0010307397759333253,
      0.0010197144129499792,
      0.0010017823271639644,
      0.0009791650611907243,
      0.0009675617933273316,
      0.0009617743363603949,
      0.0009540148725546896,
      0.0009281829002127051,
      0.0009218328880518675
    ],
    "eval_losses": [
      0.00602630927413702,
      0.005544695218652486,
      0.005000622645020485,
      0.004879118203371763,
      0.004879107803851366,
      0.004692334529012442,
      0.004676668599247933,
      0.004460913388431072,
      0.00447679233327508,
      0.004456360973417759
    ],
    "psnr": [
      22.320086697387694,
      22.69251054992676,
      23.146393896484376,
      23.270500170898437,
      23.26428739013672,
      23.43217003479004,
      23.463571862792968,
      23.67330629272461,
      23.654312515258788,
      23.67176485900879
    ],
    "ssim": [
      0.9216471163749694,
      0.9305001173019409,
      0.9379517511367798,
      0.9411676294326782,
      0.9403167360305786,
      0.9446491427421569,
      0.944938028717041,
      0.9477149690628052,
      0.9473854507446289,
      0.9477142499923706
    ],
    "best_epoch": 50,
    "best_step": null,
    "best_eval_loss": 0.004456360973417759
  },
  "test_results": {
    "test_loss": 0.004351478832028806,
    "test_psnr": 24.30064782714844,
    "test_ssim": 0.9492414336204529
  }
}