{
  "args": {
    "device": "cuda:0",
    "exp_home": "./results",
    "ds_name": "mnist",
    "mode": "denoising",
    "noise_std": 0.25,
    "down_scale": 2.0,
    "model_type": "conventional",
    "latent_dim": 784,
    "hidden_dims": [
      2870
    ],
    "wo_Win": true,
    "fix_Win": false,
    "I_Win": false,
    "wo_Wout": true,
    "batch_size": 128,
    "epochs": 30,
    "lr": 0.001,
    "use_augmentation": false,
    "aug_num": 2,
    "run_id": 5,
    "seed": 42
  },
  "training_logs": {
    "train_losses": [
      0.011565342474877834,
      0.006703152617812157,
      0.0064596816956996915,
      0.0061396533434093,
      0.005966725440621376,
      0.0058057810218632225,
      0.00554170903429389,
      0.005319470201134682,
      0.005116818431168795,
      0.0049795051948726176,
      0.0048597371557354925,
      0.004766715268492699,
      0.0046569852617383,
      0.004564861426949501,
      0.004491250426769257,
      0.0043973506779968734,
      0.00434337183624506,
      0.004261601826697588,
      0.004190024056136608,
      0.004143796156644821,
      0.00409001138150692,
      0.004034804767668247,
      0.003982790849506855,
      0.003936898766309023,
      0.003884144048318267,
      0.0038311316838860513,
      0.003790591969192028,
      0.0037392517430335282,
      0.003709555162638426,
      0.003671637998521328
    ],
    "eval_losses": [
      0.005613179989159107,
      0.004839877531677484,
      0.004333393754810095,
      0.00407922702729702,
      0.0038751281253993513,
      0.003716870577633381
    ],
    "psnr": [
      22.511200857543944,
      23.153860772705077,
      23.633550454711916,
      23.89604555053711,
      24.11904987487793,
      24.299980767822266
    ],
    "ssim": [
      0.9243687831878662,
      0.9355699964523315,
      0.9406353721618652,
      0.9455807750701904,
      0.9461151782989502,
      0.9494229001998902
    ],
    "best_epoch": 30,
    "best_step": null,
    "best_eval_loss": 0.003716870577633381
  },
  "test_results": {
    "test_loss": 0.003689812557771802,
    "test_psnr": 24.337294973754883,
    "test_ssim": 0.9506409457206726
  }
}