{
  "args": {
    "device": "cuda:6",
    "exp_home": "./results",
    "ds_name": "mnist",
    "mode": "denoising",
    "noise_std": 0.25,
    "down_scale": 2.0,
    "model_type": "conventional",
    "latent_dim": 784,
    "hidden_dims": [
      2870
    ],
    "wo_Win": false,
    "fix_Win": false,
    "I_Win": false,
    "wo_Wout": false,
    "batch_size": 128,
    "epochs": 30,
    "lr": 0.0001,
    "use_augmentation": false,
    "aug_num": 2,
    "run_id": 3,
    "seed": 42
  },
  "training_logs": {
    "train_losses": [
      0.030817469424903394,
      0.010332460747659207,
      0.007764013806730509,
      0.006667297360152006,
      0.006062164409458637,
      0.005687950185537338,
      0.005413314596861601,
      0.005229754257500172,
      0.005057501569092274,
      0.004939623757749796,
      0.004845222560912371,
      0.0047446573668718335,
      0.004657418301105499,
      0.004610765468031168,
      0.004552631172537804,
      0.004507271933704615,
      0.004460733144283295,
      0.004425099858492613,
      0.0043904849541187285,
      0.004343934102356434,
      0.004316806139498949,
      0.004297475439310074,
      0.004266409552097321,
      0.00424842553704977,
      0.004226642500907183,
      0.004201174159199,
      0.004183591189533472,
      0.004169911617040634,
      0.004150832034945488,
      0.004142326859682798
    ],
    "eval_losses": [
      0.005692056627571582,
      0.004762065967917443,
      0.004435616993159056,
      0.004304071278125048,
      0.004184958612918854,
      0.004132448463886976
    ],
    "psnr": [
      22.450516314697264,
      23.224864208984375,
      23.532761331176758,
      23.663686212158204,
      23.785434161376955,
      23.840213528442384
    ],
    "ssim": [
      0.8708596830368042,
      0.8953952032089233,
      0.9041800110816955,
      0.9071279779434204,
      0.9138067077636719,
      0.91703749294281
    ],
    "best_epoch": 30,
    "best_step": null,
    "best_eval_loss": 0.004132448463886976
  },
  "test_results": {
    "test_loss": 0.00408152090460062,
    "test_psnr": 23.90190379638672,
    "test_ssim": 0.9191968046188355
  }
}