{
  "args": {
    "device": "cuda:9",
    "exp_home": "./results",
    "ds_name": "mnist",
    "mode": "generative_classification",
    "noise_std": 0.25,
    "down_scale": 2.0,
    "model_type": "conventional",
    "latent_dim": 784,
    "hidden_dims": [
      1150,
      1150
    ],
    "wo_Win": false,
    "fix_Win": false,
    "I_Win": true,
    "batch_size": 128,
    "epochs": 200,
    "lr": 0.0001,
    "use_augmentation": true,
    "aug_num": 2,
    "run_id": 5,
    "seed": 42
  },
  "training_logs": {
    "train_losses": [
      0.01743128459841013,
      0.005287108816206455,
      0.0038245530922710897,
      0.003072787583172321,
      0.0026045745902508496,
      0.002225611242428422,
      0.0019450069587677718,
      0.001721032664552331,
      0.0015400885531678796,
      0.0013884908339381217,
      0.0013162301045656203,
      0.0011116413719020784,
      0.0010310778475552797,
      0.0009307699758931995,
      0.0008828489616140723,
      0.0008584469987079501,
      0.0008248537543043494,
      0.000703414457924664,
      0.0006905514990538359,
      0.000678595975190401,
      0.0006229617098905146,
      0.0005803675917722285,
      0.0005653816766291856,
      0.000563591201948002,
      0.0004475787054561079,
      0.0005075122040882707,
      0.0004939190121181309,
      0.0005171692639775574,
      0.0004038371364213526,
      0.00039559907540678976,
      0.00043427486460655926,
      0.0004092292708763853,
      0.0003842455946281552,
      0.00034859630256891253,
      0.00031501257225871084,
      0.0003472272648755461,
      0.00031659996940754353,
      0.0002759012749325484,
      0.00039930608747527,
      0.00031209891323931514,
      0.00029224428782239557,
      0.00025334983478300275,
      0.0002257621893286705,
      0.00030870741338469087,
      0.0002746717412676662,
      0.0002371283463295549,
      0.0002900859153456986,
      0.0002974077624920756,
      0.00022501410118304192,
      0.00014769336750730872,
      0.00030214831965975463,
      0.00021842004016973078,
      0.00014753661995753646,
      0.00027072850375901906,
      0.00021555195471737533,
      0.00019630201145075262,
      0.00022944003735668957,
      0.0001918321938579902,
      0.0001304243618156761,
      0.00019713336401619018,
      0.00019711741522885858,
      0.00019494012857787312,
      0.00016129567872267216,
      0.00017704576135147364,
      0.0001346943330252543,
      0.00021802829519379884,
      0.00011726520222611725,
      0.00012896482293959708,
      0.00015096937177702785,
      0.00019474193967413157,
      0.00015501512089744211,
      0.0001447534448164515,
      0.00013718857118859886,
      0.00017230659941677004,
      9.895472273696214e-05,
      0.00010705414202529937,
      0.00014884821799118073,
      0.00016387731841765345,
      9.096993968356401e-05,
      0.0001439235052326694,
      8.974432076327503e-05,
      0.00011310886571649461,
      0.00013858415835769848,
      9.572468016296625e-05,
      9.135843246243894e-05,
      0.00015194805697537958,
      0.00010450375551357866,
      7.711485638748855e-05,
      0.00012404063363559545,
      8.20326369884424e-05,
      9.67295132437721e-05,
      0.00010318002256564796,
      8.876580964075401e-05,
      5.799953469540924e-05,
      0.00012094749421346932,
      7.327045811340213e-05,
      8.344420783221721e-05,
      8.468470685649664e-05,
      0.00012202029850799591,
      8.356061048805714e-05,
      6.389948958763853e-05,
      6.570717968512327e-05,
      5.154021960450336e-05,
      8.447173214517534e-05,
      6.75597171508707e-05,
      7.778122474439442e-05,
      9.378083084709943e-05,
      5.9892163502518086e-05,
      5.64625441050157e-05,
      5.0076081950683144e-05,
      8.322975585702806e-05,
      4.8118273597210645e-05,
      5.894518648274243e-05,
      6.988645270233974e-05,
      4.658829869120382e-05,
      3.993584690848365e-05,
      5.0664482205174866e-05,
      0.00011418150311801582,
      5.250348025932908e-05,
      4.488328297389671e-05,
      4.2769436319358644e-05,
      4.682926436653361e-05,
      4.0115612803492695e-05,
      8.183885598322377e-05,
      4.0529679955216126e-05,
      3.3489281281363216e-05,
      3.914846235420555e-05,
      3.835416260641068e-05,
      6.650367659516632e-05,
      4.204844709485769e-05,
      3.3861949457786975e-05,
      3.329138305736706e-05,
      4.517054938012734e-05,
      3.4539314191788434e-05,
      4.389704494969919e-05,
      4.4530967916361985e-05,
      3.742701710900292e-05,
      3.960203686729073e-05,
      3.429217173019424e-05,
      2.9011225200956686e-05,
      3.6324693635106085e-05,
      3.893843017052859e-05,
      3.078538119792938e-05,
      3.205290234880522e-05,
      2.739407008048147e-05,
      3.201851731166244e-05,
      3.541253750678152e-05,
      3.031542048789561e-05,
      2.855735331890173e-05,
      2.5312260892242195e-05,
      2.557386009953916e-05,
      3.125165745615959e-05,
      2.3835879624239168e-05,
      2.7456306339008735e-05,
      2.4817988604772836e-05,
      3.095637322752737e-05,
      2.313002899987623e-05,
      2.2495959110674447e-05,
      2.4754651539260522e-05,
      2.5347724871244283e-05,
      2.5585181755013763e-05,
      2.2440218812553212e-05,
      2.271719715441577e-05,
      2.176362464786507e-05,
      2.20194671722129e-05,
      2.0768768326379358e-05,
      2.5341451455606148e-05,
      2.0301851237891242e-05,
      2.1526379581773653e-05,
      1.928934125113301e-05,
      1.9449347204063087e-05,
      1.9476944303605706e-05,
      1.8666887271683663e-05,
      1.8998372784117238e-05,
      1.8683486451627688e-05,
      1.77737269224599e-05,
      1.757523517590016e-05,
      2.0357534373179077e-05,
      1.9091164050623774e-05,
      1.7038866888033225e-05,
      1.6744704050943255e-05,
      1.7099014142295347e-05,
      1.6582250227220358e-05,
      1.6377331744879484e-05,
      1.648885682807304e-05,
      1.7349743681261317e-05,
      1.6363516377750783e-05,
      1.587531146360561e-05,
      1.5255536657059564e-05,
      1.527295447245706e-05,
      1.5132863050093875e-05,
      1.4775408563436941e-05,
      1.470335602061823e-05,
      1.4392709000385366e-05,
      1.433227509027347e-05,
      1.4474064592504873e-05,
      1.398458125651814e-05,
      1.3925818679854274e-05,
      1.3938630159245804e-05,
      1.3986472761025653e-05
    ],
    "eval_losses": [
      0.003504791730642319,
      0.0030637590758502485,
      0.002833593420498073,
      0.002833382460009307,
      0.0030306264489889144,
      0.0025613576048985126,
      0.0025045452285557984,
      0.0024357045497745275,
      0.0024840788012370466,
      0.0021034581900574267,
      0.0022717794992029665,
      0.0025564825245179236,
      0.0021803346639033406,
      0.0022574772035703064,
      0.002083711522165686,
      0.0020999554514884947,
      0.0023563248842954636,
      0.0019889909671619533,
      0.002127881487365812,
      0.002124741185456514,
      0.002231077278777957,
      0.0021230045330245047,
      0.0020628035420551896,
      0.0021098171657882633,
      0.001993128046998754,
      0.002035571122355759,
      0.0021072465606033802,
      0.0020324142765253783,
      0.0020431604912504553,
      0.002022465114109218,
      0.002134884836897254,
      0.002055830683559179,
      0.002034016392752528,
      0.0020354226145893337,
      0.002016223109140992,
      0.002004966753162444,
      0.0020308830330148337,
      0.0020068030584603548,
      0.002002301420457661,
      0.001993005298636854
    ],