{
  "args": {
    "device": "cuda:7",
    "exp_home": "./results",
    "ds_name": "mnist",
    "mode": "denoising",
    "noise_std": 0.25,
    "down_scale": 2.0,
    "model_type": "conventional",
    "latent_dim": 784,
    "hidden_dims": [
      1150,
      1150,
      1150,
      1150,
      1150,
      1150,
      1150,
      1150,
      1150,
      1150
    ],
    "wo_Win": true,
    "fix_Win": false,
    "I_Win": false,
    "batch_size": 128,
    "epochs": 100,
    "lr": 0.005,
    "use_augmentation": true,
    "aug_num": 4,
    "run_id": 2,
    "seed": 42
  },
  "training_logs": {
    "train_losses": [
      0.12963507991313936,
      0.12943879883766174,
      0.1276144216775894,
      0.12731088895559312,
      0.12731088930130005,
      0.12731088930606843,
      0.12731088927268983,
      0.12731088933706283,
      0.1273108891248703,
      0.12731088928222656,
      0.12731088928222656,
      0.12731088907241822,
      0.127310889172554,
      0.12731088934898377,
      0.12731088933467866,
      0.1273108891272545,
      0.12731088926792145,
      0.12731088931083678,
      0.1273108892560005,
      0.12731088908672333,
      0.12731088926792145,
      0.12731088891983033,
      0.12731088930606843,
      0.12731088948488237,
      0.12731088896751402,
      0.12731088941335678,
      0.12731088958740233,
      0.12731088926553727,
      0.1273108891773224,
      0.12731088932991028,
      0.12731088936328888,
      0.1273108894300461,
      0.1273108892297745,
      0.12722334690332412,
      0.13110030695438385,
      0.13711340189933777,
      0.13711340189933777,
      0.13711340177059173,
      0.13711340181827544,
      0.13711340194702148,
      0.13711340195178987,
      0.1371134020137787,
      0.13711340161323549,
      0.13711340218544008,
      0.1371134022474289,
      0.1371134018135071,
      0.1371134020137787,
      0.13711340188026427,
      0.137113401927948,
      0.13711340153694151,
      0.13711340194702148,
      0.13711340178966522,
      0.13711340181827544,
      0.13711340143680573,
      0.1371134017753601,
      0.13711340184211732,
      0.13711340169906616,
      0.13739176199913025,
      0.13785495120048524,
      0.13785488973617555,
      0.13785488970279694,
      0.13785488975048066,
      0.13785488975048066,
      0.13785488995552064,
      0.1378548896074295,
      0.13785488966941833,
      0.1378548894262314,
      0.1378548901462555,
      0.13785488972187043,
      0.13785505806446074,
      0.13785488972187043,
      0.13785488972187043,
      0.13785488981723784,
      0.13785488976955415,
      0.1378548894071579,
      0.13785488980293273,
      0.13785488955974579,
      0.1378548896408081,
      0.1378548896408081,
      0.13785488978385926,
      0.13785488977909088,
      0.1378548896074295,
      0.13785488963127135,
      0.13785488966464995,
      0.1378548896598816,
      0.13797332467079162,
      0.1380012303876877,
      0.1380012305355072,
      0.1380012305021286,
      0.13800123055934907,
      0.13800123047351837,
      0.13800123057365418,
      0.13800123079299928,
      0.13800123067855835,
      0.1380012307024002,
      0.13800123043060303,
      0.1384457935523987,
      0.13876623421669007,
      0.13879082534313203,
      0.13879082517147065
    ],
    "eval_losses": [
      0.1289544376730919,
      0.1289544376730919,
      0.1289544376730919,
      0.1289544376730919,
      0.1289544376730919,
      0.1289544376730919,
      0.1375499233484268,
      0.1375499233484268,
      0.1375499233484268,
      0.1375499233484268,
      0.1375499233484268,
      0.1386347444295883,
      0.1386347444295883,
      0.1386347444295883,
      0.1386347444295883,
      0.1386347444295883,
      0.1386347444295883,
      0.13853196957111358,
      0.13853196957111358,
      0.13921410851478577
    ],
    "psnr": [
      8.896709936523438,
      8.896709936523438,
      8.896709936523438,
      8.896709936523438,
      8.896709936523438,
      8.896709936523438,
      8.616136325073242,
      8.616136325073242,
      8.616136325073242,
      8.616136325073242,
      8.616136325073242,
      8.582001596069336,
      8.582001596069336,
      8.582001596069336,
      8.582001596069336,
      8.582001596069336,
      8.582001596069336,
      8.585222512817383,
      8.585222512817383,
      8.563852911376953
    ],
    "ssim": [
      0.364134693145752,
      0.364134693145752,
      0.364134693145752,
      0.364134693145752,
      0.364134693145752,
      0.364134693145752,
      0.3113999978065491,
      0.3113999978065491,
      0.3113999978065491,
      0.3113999978065491,
      0.3113999978065491,
      0.3060000074863434,
      0.3060000074863434,
      0.3060000074863434,
      0.3060000074863434,
      0.3060000074863434,
      0.3060000074863434,
      0.3066882569313049,
      0.3066882569313049,
      0.30532171592712404
    ],
    "best_epoch": 5,
    "best_step": null,
    "best_eval_loss": 0.1289544376730919
  },
  "test_results": {
    "test_loss": 0.1300179838657379,
    "test_psnr": 8.87424695739746,
    "test_ssim": 0.3662157905101776
  }
}