{
  "args": {
    "device": "cuda:6",
    "exp_home": "./results",
    "ds_name": "mnist",
    "mode": "denoising",
    "noise_std": 0.25,
    "down_scale": 2.0,
    "model_type": "conventional",
    "latent_dim": 784,
    "hidden_dims": [
      1150,
      1150,
      1150,
      1150,
      1150,
      1150,
      1150,
      1150,
      1150,
      1150,
      1150,
      1150,
      1150,
      1150,
      1150
    ],
    "wo_Win": true,
    "fix_Win": false,
    "I_Win": false,
    "batch_size": 128,
    "epochs": 100,
    "lr": 0.001,
    "use_augmentation": true,
    "aug_num": 2,
    "run_id": 2,
    "seed": 42
  },
  "training_logs": {
    "train_losses": [
      0.021603054809570314,
      0.013868145262598991,
      0.014083140670061112,
      0.014012547317147255,
      0.016034323742985725,
      0.015096933090686798,
      0.014201758278608322,
      0.013697061329483985,
      0.015241038950681686,
      0.01389166664302349,
      0.013029319041371345,
      0.012882792581021785,
      0.014823595776259899,
      0.015118476514816284,
      0.015291140605807304,
      0.01756046319901943,
      0.015731308201551438,
      0.015291810858249663,
      0.015419568051099777,
      0.015519780047237874,
      0.0156162498408556,
      0.013551708372235299,
      0.013289564304351806,
      0.013610100193619728,
      0.012060277518332005,
      0.01212050115287304,
      0.012365334704518317,
      0.013118538835048675,
      0.011908062366247177,
      0.013222498195767403,
      0.011112550151944161,
      0.010708476551175117,
      0.012517705929279328,
      0.011071724831461906,
      0.010598524240851403,
      0.011261889280080796,
      0.010973892197012902,
      0.011628121248483657,
      0.009870295276045798,
      0.01036856633901596,
      0.010007862220406533,
      0.009538455193936824,
      0.009536252370476722,
      0.011510488843023777,
      0.009746291663646697,
      0.009049548414945603,
      0.009089212712049485,
      0.011123270840644836,
      0.010438863933682442,
      0.009479086736440658,
      0.009036273444890976,
      0.008820994586646556,
      0.009277764298319816,
      0.009048023635447025,
      0.008737139816880226,
      0.0086646488904953,
      0.008527108940184117,
      0.008269320737123489,
      0.008571888068318366,
      0.007918316246271134,
      0.00836124055236578,
      0.008662796815037727,
      0.008187004600465298,
      0.00852558570086956,
      0.008120875648856163,
      0.007731986163258552,
      0.00793154747247696,
      0.007901880116462708,
      0.008571581682562827,
      0.007572512989640236,
      0.007561017715930938,
      0.007507072618305683,
      0.00711864242374897,
      0.007297604290246964,
      0.007160564828217029,
      0.007437354418337345,
      0.007470918737649918,
      0.00717432884812355,
      0.00751418827265501,
      0.007223410922884941,
      0.006990503942370415,
      0.007583329836726189,
      0.007003281967639923,
      0.0068713483667373655,
      0.006761880654990673,
      0.0066961861023306845,
      0.006912769057750702,
      0.00675153013586998,
      0.006688253307342529,
      0.0064506784158945086,
      0.006404796442091465,
      0.006314046478867531,
      0.0063315470880270005,
      0.0063604608896374705,
      0.006251249060034752,
      0.006214882019162178,
      0.00621594434261322,
      0.006085549342036247,
      0.006088285905122757,
      0.006033611927330494
    ],
    "eval_losses": [
      0.015139531156420707,
      0.01375710488408804,
      0.014812460148334504,
      0.013619232939183712,
      0.01246883246153593,
      0.014386610080301761,
      0.01216324911415577,
      0.009966425116360188,
      0.01054976780489087,
      0.009329346784949302,
      0.01010852615609765,
      0.009840978624671698,
      0.008236867456883193,
      0.010699811770766973,
      0.006897595438361168,
      0.007001596119254828,
      0.008275252187997103,
      0.008088699129223824,
      0.00710150378420949,
      0.006989110573381185
    ],
    "psnr": [
      18.24865881958008,
      18.66538317565918,
      18.363910830688475,
      18.72517895202637,
      19.094925341796873,
      18.49277338256836,
      19.21969072570801,
      20.077478646850587,
      19.8491244140625,
      20.365772033691407,
      20.032531866455077,
      20.13278953857422,
      20.92843706665039,
      19.801157254028322,
      21.684086965942384,
      21.63557348022461,
      20.956630407714844,
      21.05400823059082,
      21.61115834350586,
      21.686978955078125
    ],
    "best_epoch": 75,
    "best_step": null,
    "best_eval_loss": 0.006897595438361168
  },
  "test_results": {
    "test_loss": 0.006724189236015082,
    "test_psnr": 21.83534874572754
  }
}