{
  "args": {
    "device": "cuda:9",
    "exp_home": "./results",
    "ds_name": "imagenet32",
    "mode": "denoising",
    "noise_std": 0.25,
    "down_scale": 2.0,
    "model_type": "conventional",
    "latent_dim": 3072,
    "hidden_dims": [
      3546,
      3546
    ],
    "wo_Win": false,
    "fix_Win": false,
    "I_Win": false,
    "batch_size": 512,
    "epochs": 2,
    "lr": 0.0003,
    "use_augmentation": true,
    "aug_num": 4,
    "run_id": 2,
    "seed": 42
  },
  "training_logs": {
    "train_losses": [
      0.012592176206409931,
      0.008838697148486972,
      0.00828858214057982,
      0.008015772076323629,
      0.007778777663595975,
      0.007645724879577756,
      0.007511794773861766,
      0.007412784646265208,
      0.007338587821461261,
      0.00727428132109344,
      0.007181067109107971,
      0.0071385004734620455,
      0.0070859379768371585,
      0.007023829715326429,
      0.006973664375953376,
      0.006916003612801432,
      0.006874082486145198,
      0.006821154205128551,
      0.006787497744895518,
      0.006748168366029859,
      0.006713192722760141,
      0.00668164973706007,
      0.006623060039244592,
      0.006584086451679468,
      0.006545247815549373,
      0.006528980262577534,
      0.006481058773584664,
      0.006450737779028714,
      0.006419778599403798,
      0.006381239242851734,
      0.006362827675417066,
      0.006327813608571887,
      0.00629030035994947,
      0.006261948341503739,
      0.006228524161502719,
      0.006192339331842959,
      0.0061660268604755404,
      0.006143092101439833,
      0.006115830605849624,
      0.006087832230143249
    ],
    "eval_losses": [
      0.007843413904607296,
      0.007247377915084362,
      0.007021876911222935,
      0.006828298333138227,
      0.006564171978235245,
      0.0063536933533847335,
      0.006205078418552876,
      0.006058757558912039
    ],
    "psnr": [
      21.056991521606445,
      21.40029460571289,
      21.53748578491211,
      21.65879969177246,
      21.83020974182129,
      21.971831927490236,
      22.0745528314209,
      22.178251472167968
    ],
    "best_epoch": null,
    "best_step": 20000,
    "best_eval_loss": 0.006058757558912039
  },
  "test_results": {
    "test_loss": 0.006049522375166416,
    "test_psnr": 22.18521491821289
  }
}