{
  "args": {
    "device": "cuda:3",
    "exp_home": "./results",
    "ds_name": "mnist",
    "mode": "generative_classification",
    "noise_std": 0.25,
    "down_scale": 2.0,
    "model_type": "conventional",
    "latent_dim": 784,
    "hidden_dims": [
      1150,
      1150,
      1150,
      1150,
      1150,
      1150,
      1150,
      1150,
      1150,
      1150
    ],
    "wo_Win": false,
    "fix_Win": true,
    "I_Win": true,
    "batch_size": 128,
    "epochs": 200,
    "lr": 1e-05,
    "use_augmentation": true,
    "aug_num": 2,
    "run_id": 5,
    "seed": 42
  },
  "training_logs": {
    "train_losses": [
      0.03837385696172714,
      0.007234891716837883,
      0.004719103834182024,
      0.0034403784817457197,
      0.0026240166696161033,
      0.0020274001758173107,
      0.001598358979076147,
      0.0012719852662831544,
      0.0010712789711356163,
      0.0009144441542029381,
      0.0007793597942218185,
      0.0007388936943374574,
      0.0006670462962426245,
      0.0005727530548535287,
      0.0005395475543662905,
      0.0005054453323129564,
      0.00047861904388293625,
      0.00044706353197805583,
      0.0004233519189991057,
      0.00039419730856083334,
      0.0003565838216757402,
      0.00035536581818945706,
      0.0003733767022565007,
      0.000323701710277237,
      0.0003493979532457888,
      0.00030941197731532155,
      0.00030227820947766303,
      0.00030129078245721757,
      0.0002820140181761235,
      0.00027448451924137773,
      0.0002721779040247202,
      0.0002375827707280405,
      0.00023882708849385381,
      0.0002290006181318313,
      0.00023108401054516435,
      0.00024450668519129977,
      0.00022736779859289526,
      0.00023608223133254796,
      0.0002123151182429865,
      0.00020001122588291764,
      0.00020874266465660185,
      0.00017362353845033795,
      0.0002114000768540427,
      0.0001749365027854219,
      0.00019923080598935485,
      0.00018019592992961407,
      0.00016559471719898285,
      0.00019073990258388222,
      0.00015118581003975123,
      0.0001834830295899883,
      0.00016280540384119377,
      0.00014290392573922873,
      0.00014595907769165934,
      0.0001527027098974213,
      0.00014840345188044013,
      0.0001616427414631471,
      0.00013628304626327008,
      0.00012217026220401748,
      0.00014196461469400675,
      0.00014572909350972623,
      0.00013217033036984504,
      0.00013681579486001284,
      0.00013711742855608463,
      0.0001305359156988561,
      0.00014815262505086138,
      0.00010635616290383041,
      0.00010866158210206777,
      0.00014338026926852764,
      0.0001264072455931455,
      0.00010898389460984617,
      0.00014001981779467314,
      0.00011705452770926059,
      0.00012026823518332095,
      0.00010533763462328351,
      0.00011909983900375664,
      9.42634836724028e-05,
      9.887420801678673e-05,
      9.244586593471468e-05,
      9.517029092647135e-05,
      0.00010372199061326682,
      0.0001057864831853658,
      8.948146566748619e-05,
      9.306704169954174e-05,
      9.25903026945889e-05,
      8.498167602811008e-05,
      8.463100366294385e-05,
      8.059218803187832e-05,
      9.060609037755057e-05,
      8.101988454815001e-05,
      8.1271979638841e-05,
      6.293897555675357e-05,
      8.613856441574172e-05,
      8.821852966910228e-05,
      7.408561787568033e-05,
      6.813774267560803e-05,
      8.554198520258069e-05,
      7.471266599139198e-05,
      5.726776555646211e-05,
      6.886215556412935e-05,
      4.810984285082668e-05,
      7.864122275495902e-05,
      6.37147418409586e-05,
      7.942310226149857e-05,
      7.537194462842308e-05,
      5.6764425141736866e-05,
      6.673860795446671e-05,
      6.26903527835384e-05,
      6.213644516887143e-05,
      7.095741629367694e-05,
      6.822917059296742e-05,
      6.475374054745771e-05,
      6.248682548408396e-05,
      5.852971833315678e-05,
      5.9373741114977746e-05,
      5.185959058231674e-05,
      5.231676867231726e-05,
      5.622563883662224e-05,
      6.539351821644232e-05,
      5.4969574664719404e-05,
      5.957157446071506e-05,
      5.85745477268938e-05,
      4.9526189172174785e-05,
      4.48970574233681e-05,
      4.967100512003526e-05,
      5.569913749117404e-05,
      4.887905217939988e-05,
      3.9397550376597794e-05,
      5.022550521185622e-05,
      3.7738265772350135e-05,
      4.277264497475699e-05,
      5.118607744923793e-05,
      4.924499428132549e-05,
      4.11034596641548e-05,
      4.900988962966949e-05,
      4.536299706203863e-05,
      3.929846630198881e-05,
      3.984653462306596e-05,
      4.462331409100443e-05,
      3.912417639279738e-05,
      3.759060661075637e-05,
      3.736661617760547e-05,
      4.3095937771722675e-05,
      3.4502453636960125e-05,
      4.047513667610474e-05,
      3.439648984465748e-05,
      3.63176694791764e-05,
      3.2155382876517254e-05,
      3.809722371865064e-05,
      3.8246479318477215e-05,
      3.939335674745962e-05,
      3.2158782228361816e-05,
      2.792750311898999e-05,
      2.9255264953826555e-05,
      3.164081787574105e-05,
      3.0348116394598036e-05,
      3.566337432013825e-05,
      2.5769826038740576e-05,
      2.8287596145528367e-05,
      2.9746707329759373e-05,
      2.8973826558794826e-05,
      2.984270117012784e-05,
      2.86773580359295e-05,
      2.5576690888265147e-05,
      2.4337236785795538e-05,
      2.572597100166604e-05,
      2.712181321287062e-05,
      2.4503068463527598e-05,
      2.8629546902375295e-05,
      2.520397211308591e-05,
      2.415377910481766e-05,
      2.633945894544013e-05,
      2.2538749088998882e-05,
      2.2460049463552424e-05,
      2.3553805479314178e-05,
      2.577595526119694e-05,
      2.4455892195692287e-05,
      2.3925116977188737e-05,
      2.356292353477329e-05,
      2.1990502183325588e-05,
      2.1366576389409602e-05,
      2.2461019430775196e-05,
      2.1333005449851044e-05,
      2.1889239808078855e-05,
      2.2974666963564233e-05,
      2.257348146289587e-05,
      2.1117105891462416e-05,
      2.1115871708025225e-05,
      2.089667749358341e-05,
      2.058435695071239e-05,
      2.1321199979865924e-05,
      2.0217261145589873e-05,
      2.115846488857642e-05,
      1.9975720618967897e-05,
      2.0944358754204585e-05,
      2.0084266510093585e-05,
      2.0253879615338518e-05,
      1.984272315108683e-05,
      1.9977595426607876e-05,
      2.1064046623650938e-05,
      2.05739318090491e-05
    ],
    "eval_losses": [
      0.005027927609533071,
      0.004761519448459149,
      0.004506537127494812,
      0.0044833222448825835,
      0.004140337082743644,
      0.00421835987009108,
      0.004405625505745411,
      0.003970709841698408,
      0.003735861624777317,
      0.004172568607330322,
      0.004238017509877682,
      0.004001786598563194,
      0.0038145622795447707,
      0.0037261514637619256,
      0.004119164401292801,
      0.004380405559949577,
      0.003860912511497736,
      0.0039364971086382865,
      0.004211642326414585,
      0.003966684484481811,
      0.0039025378976017236,
      0.003993626516312361,
      0.003727676233369857,
      0.0037910186655819417,
      0.0038178610157221554,
      0.0036461242092773317,
      0.003492236504377797,
      0.0036841757125686855,
      0.0034666036079637704,
      0.003604221273213625,
      0.0033729236379265786,
      0.0036828141532838344,
      0.0039227308293804525,
      0.003486850133538246,
      0.00326725457534194,
      0.0031729894301388414,
      0.003302206982579082,
      0.003584468852542341,
      0.003392168112238869,
      0.0037115454575978217
    ],