{
  "args": {
    "device": "cuda:2",
    "exp_home": "./results",
    "ds_name": "mnist",
    "mode": "generative_classification",
    "noise_std": 0.25,
    "down_scale": 2.0,
    "model_type": "conventional",
    "latent_dim": 784,
    "hidden_dims": [
      1150
    ],
    "wo_Win": false,
    "fix_Win": false,
    "I_Win": true,
    "batch_size": 128,
    "epochs": 200,
    "lr": 0.0001,
    "use_augmentation": true,
    "aug_num": 2,
    "run_id": 5,
    "seed": 42
  },
  "training_logs": {
    "train_losses": [
      0.02586478938519955,
      0.010932333855330944,
      0.008723437022417783,
      0.007442136593163014,
      0.006600592973977327,
      0.005933779222071171,
      0.00541601778537035,
      0.00497253854110837,
      0.004639904955774546,
      0.004344039558768272,
      0.0040887239605933426,
      0.0038994395764172076,
      0.003686690739542246,
      0.0035245675513148307,
      0.003365850341916084,
      0.003239571234434843,
      0.003131462408453226,
      0.003013517657071352,
      0.002895848978087306,
      0.0028379291363805534,
      0.0027374612895399333,
      0.0026373051505535843,
      0.002566893439143896,
      0.00251616769105196,
      0.002433019400089979,
      0.0023951991319656374,
      0.002345555627942085,
      0.002288542483001947,
      0.002251422111168504,
      0.0021825343495607374,
      0.0021474973449110983,
      0.00209491079878062,
      0.00205361187517643,
      0.0020212466192990543,
      0.001993759609311819,
      0.0019650063103437425,
      0.0019332034445554017,
      0.001906673506423831,
      0.001867395744882524,
      0.001848319101780653,
      0.0018349981960654258,
      0.001784768716916442,
      0.0017702655095607042,
      0.0017407746305316686,
      0.0017245222084969283,
      0.0017043225762248039,
      0.0016852729328349233,
      0.0016650458680093289,
      0.001653578433021903,
      0.0016291289355605842,
      0.001613172610849142,
      0.0015857630991190671,
      0.0015713823394477367,
      0.0015619303127378226,
      0.0015429798562824725,
      0.0015368311481922866,
      0.0015009338792040944,
      0.001493625422939658,
      0.0014749652671068906,
      0.001474787551909685,
      0.0014584159514307977,
      0.0014553712025284766,
      0.001423891406133771,
      0.0014152429461479186,
      0.0014029026585072278,
      0.0013862946368008852,
      0.0013807107301801443,
      0.0013754262069240212,
      0.0013550663438439369,
      0.0013523790884017945,
      0.0013463614859431981,
      0.0013278943128138781,
      0.001313034435659647,
      0.0013092805352807044,
      0.0013051512020081282,
      0.0012940528673678637,
      0.0012750307833403348,
      0.001276832485832274,
      0.0012560186125710607,
      0.0012564529559016227,
      0.0012395450810343026,
      0.001234219003468752,
      0.0012238740671798587,
      0.001211850297898054,
      0.0012172238721698523,
      0.0011947565126046538,
      0.0011869103045016526,
      0.0011853541181981563,
      0.0011827571622282267,
      0.0011624073671549558,
      0.0011569122347608208,
      0.0011614633337408305,
      0.0011551261963322758,
      0.0011364853218942881,
      0.0011336611368507148,
      0.0011289390264451504,
      0.001131261801198125,
      0.0011162731674686074,
      0.0011158515840768814,
      0.0011044524406641722,
      0.0011058539939299225,
      0.0010954207805171608,
      0.0010820762569457292,
      0.001083549320884049,
      0.0010726288639009,
      0.0010749307254701852,
      0.0010652836788073183,
      0.0010640552083030343,
      0.0010558919045701623,
      0.0010394566628336907,
      0.0010373893807642163,
      0.0010443073343858122,
      0.0010342274469137191,
      0.0010254905508086086,
      0.0010120544559508561,
      0.001016606525555253,
      0.0010139394371956587,
      0.0010106030014902353,
      0.0009993468489125372,
      0.000998073575347662,
      0.0009959616399556398,
      0.0009899833089485764,
      0.0009881785487383605,
      0.0009827294701710344,
      0.0009824300412461162,
      0.0009673856744915247,
      0.0009700897780433297,
      0.0009607291670143605,
      0.0009563228861242533,
      0.0009590814632922411,
      0.0009467002908140421,
      0.0009476005821302533,
      0.0009412981481850147,
      0.0009331129157170654,
      0.0009350256676226855,
      0.000928501268364489,
      0.0009224229241721332,
      0.0009189681179821492,
      0.0009170130090788007,
      0.0009175894439592958,
      0.000907239572070539,
      0.0009073955357819795,
      0.0009036971819400787,
      0.0009032778017222881,
      0.0008922749024257064,
      0.0008934731455147267,
      0.0008922070881724357,
      0.0008842210423946381,
      0.000886486766859889,
      0.0008833916074037552,
      0.0008717850029096008,
      0.0008670268712937832,
      0.0008649567765742541,
      0.0008683589681237937,
      0.0008564617009460926,
      0.0008588271811231971,
      0.0008534805073589087,
      0.0008519845473393798,
      0.0008499298229441047,
      0.0008461112775653601,
      0.0008392621762305498,
      0.0008425675981491804,
      0.0008361966280266643,
      0.0008328234650194645,
      0.0008252121685817838,
      0.0008293606944754719,
      0.0008215413340553642,
      0.0008235234472155571,
      0.0008158437690883875,
      0.0008153296549990773,
      0.0008089150172472,
      0.0008094872786104679,
      0.0008068322094902397,
      0.0008042844946682453,
      0.000803347278945148,
      0.0007988509382680059,
      0.0007911211159825325,
      0.000794474714845419,
      0.0007913032176345586,
      0.0007892890076339245,
      0.0007868833100795746,
      0.0007846733517572283,
      0.0007817108749598265,
      0.0007791055231168866,
      0.000776315561980009,
      0.0007739064629003405,
      0.0007702611718699336,
      0.000774255094639957,
      0.000766707062870264,
      0.0007674759324640036,
      0.0007608899423107505,
      0.0007597507043555379,
      0.0007548376407101751,
      0.0007557245459407568,
      0.0007517334649711847,
      0.000750771816894412,
      0.0007495517451502383,
      0.000745738680139184,
      0.0007492793752998113,
      0.0007435156254470348
    ],
    "eval_losses": [
      0.0068390929937362675,
      0.005575317656248808,
      0.005106053673475981,
      0.0049307422779500485,
      0.00478005493581295,
      0.0048295461192727086,
      0.004685421940684318,
      0.004713568792492151,
      0.004543359191715717,
      0.00451298153847456,
      0.004528055644035339,
      0.004508254943788052,
      0.004548055446892977,
      0.004480406641215086,
      0.004478615183383226,
      0.004597760216891765,
      0.004551440349966287,
      0.004479998980462551,
      0.0044966976374387745,
      0.004608168425410986,
      0.004595098073780537,
      0.004546733702719212,
      0.004659031926095486,
      0.0044880186207592486,
      0.004565049663931131,
      0.00455647731795907,
      0.004547670525312424,
      0.00455797244310379,
      0.004618799212574959,
      0.004615485465526581,
      0.004681210584193468,
      0.004608875322341919,
      0.004646804995089769,
      0.00464056383818388,
      0.0046836578607559205,
      0.0046611108623445035,
      0.004680882018059492,
      0.004687264819443226,
      0.004666407284885645,
      0.004674307827651501
    ],