{
  "args": {
    "device": "cuda:2",
    "exp_home": "./results",
    "ds_name": "mnist",
    "mode": "generative_classification",
    "noise_std": 0.25,
    "down_scale": 2.0,
    "model_type": "conventional",
    "latent_dim": 784,
    "hidden_dims": [
      1150,
      1150
    ],
    "wo_Win": true,
    "fix_Win": false,
    "I_Win": false,
    "batch_size": 128,
    "epochs": 100,
    "lr": 0.0001,
    "use_augmentation": true,
    "aug_num": 4,
    "run_id": 1,
    "seed": 42
  },
  "training_logs": {
    "train_losses": [
      0.0173915501627326,
      0.00688727462798357,
      0.005292973930165172,
      0.0044303311348706485,
      0.00380079165160656,
      0.0032778700792044403,
      0.0029288627230003475,
      0.0026189820808544756,
      0.0023321059953421352,
      0.002138319624401629,
      0.0019273716919869185,
      0.0017879070508480073,
      0.0016561042143031955,
      0.0015233523936197162,
      0.0014035193499177694,
      0.0013185509813763202,
      0.0012272777023538948,
      0.0011556387328729033,
      0.001084487256705761,
      0.0010191113591007889,
      0.0009773451993800699,
      0.0009249458635225892,
      0.0008757525399699808,
      0.0008561004719510675,
      0.0008020576952956617,
      0.0007823228768631816,
      0.000719422515258193,
      0.0006904186753556133,
      0.0006932982023246586,
      0.0006509844124130905,
      0.0006185777415335178,
      0.0005860781135596335,
      0.0005643860413506627,
      0.0005602863624785096,
      0.0005273072625882923,
      0.0005013924957159906,
      0.000522238692343235,
      0.000491774425432086,
      0.00045970695319585503,
      0.000452358684875071,
      0.00042277004471048715,
      0.0004179998587630689,
      0.0004165132842306048,
      0.0004013933223951608,
      0.00038099728148430586,
      0.00036325584831647576,
      0.000371026606997475,
      0.00034843746297992767,
      0.0003429702182020992,
      0.00032565595430321994,
      0.00031544133635237815,
      0.0003198476747516543,
      0.00029033250925131145,
      0.0002916181371314451,
      0.0002794513791613281,
      0.0002710131776612252,
      0.0002554224204923958,
      0.0002652968639601022,
      0.000252474480480887,
      0.0002479237994365394,
      0.00023600210540462285,
      0.00023101375736296178,
      0.00022337491961661726,
      0.00021758982064202427,
      0.00020730054664891214,
      0.00021615105266217143,
      0.00019687038630247116,
      0.00020088262027595193,
      0.00019261730755213647,
      0.00019283658325206489,
      0.00018371502169873565,
      0.00017589990145992489,
      0.00017402189530897884,
      0.0001676130029698834,
      0.0001641288706101477,
      0.0001571236113179475,
      0.0001582523136679083,
      0.00015293471159879117,
      0.00015127371112350375,
      0.00014352847809903324,
      0.00014347977774217726,
      0.00013827284494880588,
      0.00013246286480221898,
      0.00013154308133758605,
      0.00012851619427092374,
      0.00012962960173841566,
      0.00012077627003192901,
      0.00011982116433558986,
      0.00011859270804096014,
      0.0001143010346731171,
      0.0001126332487957552,
      0.00010948744024382904,
      0.00010883485552854836,
      0.00010708403757540509,
      0.00010415565792005509,
      0.0001030679886532016,
      0.0001022700637881644,
      9.883670444367454e-05,
      9.723741633817554e-05,
      9.649868723237887e-05
    ],
    "eval_losses": [
      0.006201682104170323,
      0.005640274818241596,
      0.005203195063769817,
      0.0050932765506207945,
      0.00516887192055583,
      0.0049118485569953916,
      0.004616864608973265,
      0.005137659318745136,
      0.004894534641131759,
      0.004674629254639149,
      0.004600771751999855,
      0.004539408078789711,
      0.004576645858585834,
      0.004693129788339138,
      0.004428695374727249,
      0.0043385497353971006,
      0.00451736047565937,
      0.004069167883694172,
      0.004475133269280195,
      0.004109379008412361
    ],
    "psnr": [
      22.23048174133301,
      22.6617690032959,
      23.07867466430664,
      23.155081011962892,
      23.118545703125,
      23.325054437255858,
      23.62543374633789,
      23.154894607543945,
      23.3831365814209,
      23.535011129760743,
      23.627937707519532,
      23.708686166381835,
      23.639635385131836,
      23.569396188354492,
      23.804014147949218,
      23.92622628479004,
      23.738645172119142,
      24.253870108032228,
      23.76690121154785,
      24.178462762451172
    ],
    "ssim": [
      0.9375800629615784,
      0.946989998626709,
      0.9542578052520752,
      0.9559844367980957,
      0.9567826034545899,
      0.9594382089614868,
      0.9621283193588257,
      0.9591642114639283,
      0.9619306379318238,
      0.9630008695602417,
      0.9640016860961914,
      0.9654357166290283,
      0.9656051222801209,
      0.9650642904281617,
      0.9667341110229493,
      0.96731434841156,
      0.9662047288894653,
      0.9691729242324829,
      0.9674025651931762,
      0.9692583032608032
    ],
    "best_epoch": 90,
    "best_step": null,
    "best_eval_loss": 0.004069167883694172
  },
  "test_results": {
    "test_loss": 0.003939484871621244,
    "test_psnr": 25.473099182128905,
    "test_ssim": 0.9698699119567871
  }
}