{
  "args": {
    "device": "cuda:1",
    "exp_home": "./results",
    "ds_name": "mnist",
    "mode": "generative_classification",
    "noise_std": 0.25,
    "down_scale": 2.0,
    "model_type": "conventional",
    "latent_dim": 784,
    "hidden_dims": [
      1150,
      1150,
      1150,
      1150,
      1150,
      1150
    ],
    "wo_Win": false,
    "fix_Win": true,
    "I_Win": false,
    "batch_size": 128,
    "epochs": 100,
    "lr": 5e-05,
    "use_augmentation": true,
    "aug_num": 2,
    "run_id": 1,
    "seed": 42
  },
  "training_logs": {
    "train_losses": [
      0.016175277215838432,
      0.00393083268173039,
      0.002744636051207781,
      0.0022059445588989185,
      0.0017566096920333804,
      0.0015056992569565772,
      0.0013330367206409574,
      0.0012014458280801773,
      0.0010850470416992903,
      0.0009814778326824307,
      0.0009214904789533466,
      0.0008180001210607588,
      0.0007522897619195283,
      0.0007677960991160944,
      0.0006976077120006085,
      0.000662445899695158,
      0.0006070560840517283,
      0.0006085987724247389,
      0.000564546399032697,
      0.0005538164551928639,
      0.0005008494026167318,
      0.00047185800779145213,
      0.0005150982417026535,
      0.0004477250242372975,
      0.00043377113016322254,
      0.0004072242330573499,
      0.0003825848748604767,
      0.00034254870834294704,
      0.0003768154064612463,
      0.0003735194180568215,
      0.00029592603211756795,
      0.0003381087613850832,
      0.00036619795528473333,
      0.00030444621147122236,
      0.00030647984064882623,
      0.00026391142108943315,
      0.0002648441191483289,
      0.00026242667731363325,
      0.00024232022983022034,
      0.00023531269551021978,
      0.0002080498658353463,
      0.0002592074670596048,
      0.0002248278034850955,
      0.0002036033308552578,
      0.00022956862833583728,
      0.00019125942522194237,
      0.00020063422176404855,
      0.0001911982909659855,
      0.0001625202851416543,
      0.00016538321648025886,
      0.00016441924534039572,
      0.00015194392493227495,
      0.00016920139158144593,
      0.00013809788651764394,
      0.00014841539956163616,
      0.00014809288988704793,
      0.00010329925815574824,
      0.0001467765638628043,
      0.00012586501802899875,
      0.00013084555639885365,
      0.00012918139174813404,
      0.00011090005390171427,
      9.873451474122703e-05,
      0.00010657039917306974,
      9.745386460795999e-05,
      9.454422823851928e-05,
      9.544916738988831e-05,
      9.880407979595475e-05,
      8.215216369368135e-05,
      8.97028727491852e-05,
      8.542018518550321e-05,
      6.525331055512652e-05,
      8.102604241110385e-05,
      7.08373583224602e-05,
      5.9946882944786924e-05,
      6.592161072185263e-05,
      4.701896414742805e-05,
      4.76772437983891e-05,
      5.417631273739971e-05,
      5.47941938060103e-05,
      5.44686438026838e-05,
      5.2152915133628996e-05,
      4.545976377150509e-05,
      4.5378236828837545e-05,
      4.249293111613952e-05,
      4.242141157854348e-05,
      4.1432788423262534e-05,
      3.9415347100584767e-05,
      3.4947719557676466e-05,
      3.6144918272038925e-05,
      3.607446088222787e-05,
      3.367093527922407e-05,
      3.188859784044325e-05,
      3.152681004954502e-05,
      3.117071585496888e-05,
      3.117323578917421e-05,
      3.0475100008188748e-05,
      3.05793631094275e-05,
      2.959915373357944e-05,
      2.8210475513187703e-05
    ],
    "eval_losses": [
      0.00298464640378952,
      0.0027943179776892067,
      0.002311297320574522,
      0.0023198192968498913,
      0.002743161807756405,
      0.002261607833614107,
      0.001942155657429248,
      0.0020723219852370675,
      0.0020114129967347253,
      0.002091351100918837,
      0.0022073712433688343,
      0.002113581114372937,
      0.002236017869057832,
      0.0020925864252087194,
      0.0019488597628689603,
      0.00198034322228923,
      0.001979811040023924,
      0.0018145571943590766,
      0.0017996165765624028,
      0.0017536665122635895
    ],
    "psnr": [
      25.720065588378905,
      26.115607489013673,
      27.06401872253418,
      27.13674637451172,
      26.484594549560548,
      27.666561437988282,
      28.340221673583983,
      28.215545391845705,
      28.22663807373047,
      28.28091906738281,
      28.319740209960937,
      28.64931474609375,
      28.043661273193358,
      28.330753039550782,
      28.996354345703125,
      29.046710205078124,
      28.683003302001953,
      29.341898791503905,
      29.632256079101563,
      29.53799362182617
    ],
    "best_epoch": 100,
    "best_step": null,
    "best_eval_loss": 0.0017536665122635895
  },
  "test_results": {
    "test_loss": 0.0017779088985698764,
    "test_psnr": 33.06140303344726
  }
}