{
  "args": {
    "device": "cuda:0",
    "exp_home": "./results",
    "ds_name": "mnist",
    "mode": "generative_classification",
    "noise_std": 0.25,
    "down_scale": 2.0,
    "model_type": "conventional",
    "latent_dim": 784,
    "hidden_dims": [
      1150,
      1150,
      1150,
      1150
    ],
    "wo_Win": false,
    "fix_Win": true,
    "I_Win": false,
    "batch_size": 128,
    "epochs": 100,
    "lr": 0.0005,
    "use_augmentation": false,
    "aug_num": 2,
    "run_id": 4,
    "seed": 42
  },
  "training_logs": {
    "train_losses": [
      0.013212044922113418,
      0.004675697744190693,
      0.0035500649351626634,
      0.0029250468325056136,
      0.0024932819518446924,
      0.0022484090641885996,
      0.001989197849109769,
      0.0016852640482969581,
      0.0016979657989367842,
      0.0014962479219585657,
      0.0012922310517728328,
      0.0013328178073465824,
      0.0011402588159404696,
      0.0011431199856102466,
      0.0009641624266281724,
      0.0009768394226767122,
      0.0008773789500631392,
      0.0008514350937400013,
      0.0007780095378682018,
      0.0008661328025721014,
      0.0008198209702409804,
      0.0007073045795224607,
      0.0007149243653193116,
      0.0005714519328111783,
      0.0006386615418223664,
      0.0005093385337479413,
      0.00047190953413955866,
      0.00044734967060387136,
      0.0005567464837711305,
      0.00043689052369911223,
      0.0004161119508929551,
      0.0004667191564850509,
      0.0004056136478111148,
      0.0004327581099001691,
      0.0004361874279100448,
      0.0003389474777365103,
      0.0003323173853848129,
      0.0002902904584631324,
      0.00025341181638650597,
      0.00036430305175017566,
      0.0003173466996755451,
      0.00031963610942009835,
      0.0002789885078975931,
      0.0002880616106535308,
      0.0002503689982392825,
      0.00024508775462396445,
      0.0001947478124848567,
      0.00023957748304586856,
      0.00016445166104473173,
      0.00016662480694940314,
      0.00019830936702899634,
      0.0001938341528037563,
      0.00021665068821050227,
      0.00017627756503410638,
      0.00011533716789330356,
      0.00014252070280490443,
      0.00013566457756911406,
      0.00016692195150069892,
      0.00013383271185215563,
      9.324879523832351e-05,
      0.00013288040104554965,
      8.780430962331593e-05,
      8.022723235422745e-05,
      0.00011368293768027797,
      0.00010303484234027565,
      7.69786369067151e-05,
      0.00010675369464443065,
      9.325276751304045e-05,
      9.54326652479358e-05,
      7.130525462678634e-05,
      0.00010340581871394534,
      5.5289157667430116e-05,
      8.354691489017568e-05,
      4.696826349769253e-05,
      6.1024799087899736e-05,
      5.4074079474667086e-05,
      4.2649790746509095e-05,
      4.091225001378916e-05,
      2.270260440360289e-05,
      2.4273496221285314e-05,
      2.0420816883270162e-05,
      1.915776687557809e-05,
      2.6899226707173512e-05,
      3.832942969049327e-05,
      3.3727588799083604e-05,
      1.885825773468241e-05,
      2.299827990529593e-05,
      2.109717432380421e-05,
      2.5596037792565766e-05,
      2.3228492338676005e-05,
      1.587896760989679e-05,
      1.2383943416934925e-05,
      1.0964922737912275e-05,
      1.0960644907900132e-05,
      1.0073060328431893e-05,
      1.0139655231614597e-05,
      9.614530360559001e-06,
      1.0034291248157387e-05,
      9.367749724624446e-06,
      1.0030301504593809e-05
    ],
    "eval_losses": [
      0.0033381358167156577,
      0.0026106640376150608,
      0.002863194063305855,
      0.0024701722522731872,
      0.0021957065797876566,
      0.002581624473631382,
      0.0022365523595362902,
      0.0023217610159888863,
      0.0020942960124928503,
      0.0018806052786298096,
      0.0020390862376720178,
      0.0018092048317892477,
      0.0019459388484159717,
      0.0018714789868332447,
      0.0018665957615361549,
      0.0017780855428252834,
      0.001746196280647564,
      0.0017516927134594881,
      0.001733392254831415,
      0.001755682669714588
    ],
    "psnr": [
      25.165241473388672,
      26.34921565551758,
      26.068630087280273,
      26.726450811767577,
      27.625858966064452,
      26.8665542175293,
      27.31622366027832,
      27.4831658203125,
      27.853324548339845,
      28.620425457763673,
      27.969422290039063,
      29.081051556396485,
      28.5563921875,
      28.915228997802735,
      28.923879919433595,
      29.578068811035156,
      29.462752954101564,
      29.4668255859375,
      29.76414069213867,
      30.06740739135742
    ],
    "best_epoch": 95,
    "best_step": null,
    "best_eval_loss": 0.001733392254831415
  },
  "test_results": {
    "test_loss": 0.0018592401103607699,
    "test_psnr": 32.97348557739258
  }
}