{
  "args": {
    "device": "cuda:0",
    "exp_home": "./results",
    "ds_name": "mnist",
    "mode": "generative_classification",
    "noise_std": 0.25,
    "down_scale": 2.0,
    "model_type": "conventional",
    "latent_dim": 784,
    "hidden_dims": [
      1150,
      1150,
      1150,
      1150,
      1150,
      1150
    ],
    "wo_Win": false,
    "fix_Win": false,
    "I_Win": false,
    "batch_size": 128,
    "epochs": 100,
    "lr": 0.0001,
    "use_augmentation": true,
    "aug_num": 4,
    "run_id": 3,
    "seed": 42
  },
  "training_logs": {
    "train_losses": [
      0.011530758810788393,
      0.005074929241314531,
      0.003957963461261243,
      0.0033789788597263395,
      0.0028951281080953776,
      0.002590720541020855,
      0.0023394990156963467,
      0.0021112812602706254,
      0.0019215430458914488,
      0.0017723832172434778,
      0.0016319815550837665,
      0.0015336780105996877,
      0.0014071190806524828,
      0.0013078234585002064,
      0.001233129583718255,
      0.0011584732198342681,
      0.0010607434107130394,
      0.00102553915892262,
      0.0009966043488867581,
      0.0009148702338151633,
      0.0008710192015045322,
      0.0008164046703046187,
      0.0007803246271423995,
      0.0007234330340381712,
      0.0007165375839173793,
      0.0006684497539279983,
      0.0006456040908163414,
      0.0006148410405195318,
      0.0005556428728275933,
      0.0005468491469672881,
      0.000534906898913905,
      0.0005230871132039465,
      0.00046716150720603765,
      0.00048006368222413583,
      0.00042138337866170334,
      0.000431508416114375,
      0.00039480865600402467,
      0.00040278998724301344,
      0.0003789992077241186,
      0.00037886269951006396,
      0.0003546467116032727,
      0.00033773475667694584,
      0.0003276435599057004,
      0.00029834673404577187,
      0.00027919592776801436,
      0.0002762036672013346,
      0.0002731195878784638,
      0.0002524725138128269,
      0.000245767634245567,
      0.00025009784900234083,
      0.00023805191768566146,
      0.00022742775893828365,
      0.00020733810857171192,
      0.0001992717415408697,
      0.00018261703021009453,
      0.00018339206741540694,
      0.00017024835505522788,
      0.00017494825190049595,
      0.0001595073346531717,
      0.00016925589345628396,
      0.00015795894861686974,
      0.0001373201537859859,
      0.00013612502372299787,
      0.00014032326152722818,
      0.00011651800629333593,
      0.00011503841703175566,
      0.00012410937592503615,
      9.955004833231215e-05,
      9.984786492714193e-05,
      9.065614777617157e-05,
      8.865205353009514e-05,
      8.661345939792227e-05,
      8.433126681193244e-05,
      7.967125434108311e-05,
      6.843038927443558e-05,
      6.891095658706035e-05,
      7.14427583880024e-05,
      6.114586966228671e-05,
      6.0942075577622747e-05,
      5.157208605291089e-05,
      5.239107648987556e-05,
      3.924129396124045e-05,
      5.16917539248243e-05,
      4.1438956639904064e-05,
      3.501119184715208e-05,
      3.4543017436517404e-05,
      2.8253928445919882e-05,
      3.255391877522925e-05,
      2.8437895861279686e-05,
      2.5954587596061173e-05,
      2.245697279664455e-05,
      2.054358365741791e-05,
      2.1705530618783087e-05,
      1.7201118420343847e-05,
      1.552750382688828e-05,
      1.433323377466877e-05,
      1.4590119163622149e-05,
      1.4401275757118129e-05,
      1.2162713274592534e-05,
      1.1791824420943157e-05
    ],
    "eval_losses": [
      0.00354831478507258,
      0.0029053502884460614,
      0.002667288946127519,
      0.002522916355449706,
      0.002411823669367004,
      0.0027872637080785354,
      0.0023681578880699818,
      0.0021338320726994424,
      0.0021097927329159576,
      0.0021025866370764563,
      0.001945478080114117,
      0.0021528658212700974,
      0.002055744286844856,
      0.0020800710324576357,
      0.002063960675722046,
      0.0019301898032237658,
      0.002033755077195383,
      0.0017209872415071003,
      0.0017340486825672997,
      0.0016971019816042826
    ],
    "psnr": [
      24.98322621459961,
      26.13690697631836,
      26.696950170898436,
      26.77711664428711,
      27.038121099853516,
      26.4837400390625,
      27.51119690551758,
      28.251154064941407,
      28.249854638671874,
      28.427423822021485,
      28.813366387939453,
      28.109708966064453,
      28.93639905395508,
      29.01759268798828,
      29.470819409179686,
      29.610400622558593,
      29.350613916015625,
      30.361957440185545,
      30.343276416015627,
      30.37854084472656
    ],
    "ssim": [
      0.967166238117218,
      0.9760398066520691,
      0.9784366344451905,
      0.9803044686317444,
      0.982481414604187,
      0.9804686902999878,
      0.9839620950698853,
      0.9847170393943787,
      0.986153545665741,
      0.9858991031646729,
      0.9868935435295105,
      0.9865544752120972,
      0.9869392201423645,
      0.987099164390564,
      0.98695483045578,
      0.9883006525993348,
      0.9878920818328858,
      0.9894107089996338,
      0.9896687780380249,
      0.9899671563148499
    ],
    "best_epoch": 100,
    "best_step": null,
    "best_eval_loss": 0.0016971019816042826
  },
  "test_results": {
    "test_loss": 0.0019120551540709129,
    "test_psnr": 34.212916949462894,
    "test_ssim": 0.9886671318054199
  }
}