{
  "args": {
    "device": "cuda:3",
    "exp_home": "./results",
    "ds_name": "mnist",
    "mode": "generative_classification",
    "noise_std": 0.25,
    "down_scale": 2.0,
    "model_type": "conventional",
    "latent_dim": 784,
    "hidden_dims": [
      1150,
      1150,
      1150,
      1150
    ],
    "wo_Win": false,
    "fix_Win": true,
    "I_Win": true,
    "batch_size": 128,
    "epochs": 200,
    "lr": 0.0005,
    "use_augmentation": true,
    "aug_num": 2,
    "run_id": 5,
    "seed": 42
  },
  "training_logs": {
    "train_losses": [
      0.01259850720345974,
      0.005260481598824263,
      0.0040748779610544445,
      0.0034346685161441566,
      0.002994065944775939,
      0.002652728180736303,
      0.0023507835046947,
      0.0021956652932986617,
      0.0019686346166208385,
      0.001754965728893876,
      0.001649085277877748,
      0.0015839848760142922,
      0.0014276274009048938,
      0.0013642693965509533,
      0.0012703196329809725,
      0.0011835295842215418,
      0.0011765700019150973,
      0.0010414035429432988,
      0.0010654687071032821,
      0.0009679822825081647,
      0.0009809847874939443,
      0.000888237889315933,
      0.0008638157621398568,
      0.0007919529380742461,
      0.0007342612520232797,
      0.0007711591886915267,
      0.0007881192856654524,
      0.0007254325730353594,
      0.0006765396764408797,
      0.000691463124146685,
      0.0006289202618971467,
      0.0006141682979092002,
      0.0005980963939987123,
      0.0005320823994651437,
      0.0005630051497276873,
      0.0005264441314619035,
      0.0005737982885260134,
      0.00047063972764648497,
      0.0005188753921166062,
      0.0004609426851011813,
      0.00047305821930989625,
      0.0005102667912468314,
      0.0004568761831149459,
      0.0003889301929436624,
      0.00045245738202240315,
      0.000450432767784223,
      0.00044364514247514306,
      0.00037221400590613485,
      0.0004109730677865446,
      0.00036452308655716476,
      0.0004214267131686211,
      0.00040394610831514003,
      0.00034909005964174866,
      0.00036475462689064444,
      0.00036253038697410376,
      0.0003691807457944378,
      0.00032378591855522244,
      0.00028478316127788275,
      0.0003255790471192449,
      0.0003667922776937485,
      0.00032127778767142447,
      0.0002903093155846,
      0.00027235895461868493,
      0.0003275063065253198,
      0.0002788688231166452,
      0.0002713538967212662,
      0.0002741299514006823,
      0.00029087725992314517,
      0.00026114041078835725,
      0.00028073800491169095,
      0.00019585345530882478,
      0.00026910549622029067,
      0.0002460150548443198,
      0.00025505759256891906,
      0.00022502109789755196,
      0.00022647583696059882,
      0.00020040522566996515,
      0.00023453748097177594,
      0.00022542987562250346,
      0.0002270434776507318,
      0.00020989466628525407,
      0.00021627648544032127,
      0.00019615471908356996,
      0.00020689334163907915,
      0.00019565965763060377,
      0.00020050490842666476,
      0.00017542011816287412,
      0.0001673249081056565,
      0.00021940723641309886,
      0.00017439216282218696,
      0.00018646185542922468,
      0.00016960154152940958,
      0.00017667879468761386,
      0.00014994735090993345,
      0.00015608046068111433,
      0.00015555334951030092,
      0.00018479162176838145,
      0.00013333498425548897,
      0.00015707855344284326,
      0.0001266376559040509,
      0.00017928047391120344,
      0.00011290894583100452,
      0.000151292685684748,
      0.00014301081907586193,
      0.00012150457150069996,
      0.00012987507688347252,
      0.00015887463064398615,
      0.00012460475503234193,
      0.00012471468464937062,
      0.00010374218021053821,
      0.00013250564650166779,
      0.00012213028780417516,
      0.00011763916480354965,
      0.00010845137562137097,
      9.602480693021789e-05,
      0.00011083226196933538,
      9.375125726684928e-05,
      0.00011632468685973435,
      9.377707533305511e-05,
      7.864855877473019e-05,
      9.023851126432418e-05,
      9.496030113077723e-05,
      8.860703897895292e-05,
      7.518664044211619e-05,
      9.260453277034685e-05,
      9.180096676340327e-05,
      9.180444611585699e-05,
      5.918786584865302e-05,
      6.211166471941397e-05,
      7.298710134811699e-05,
      8.695493003586307e-05,
      8.508801687858067e-05,
      6.269653107388876e-05,
      5.2873677782481534e-05,
      4.876707372022793e-05,
      5.316688579157926e-05,
      7.442705339111854e-05,
      5.136714054853655e-05,
      5.6990049900487064e-05,
      5.926522147783544e-05,
      4.880517588928342e-05,
      5.047902508405968e-05,
      5.905848662485368e-05,
      3.827472629374825e-05,
      4.157461977913044e-05,
      4.814720580121502e-05,
      3.555324385524727e-05,
      6.69231401628349e-05,
      3.3205603164387866e-05,
      3.958173179766163e-05,
      3.189023433427792e-05,
      1.8157056262134575e-05,
      4.592376734071877e-05,
      3.172896076634061e-05,
      2.8937762206187473e-05,
      3.280408239224926e-05,
      2.972426136780996e-05,
      3.40040310844779e-05,
      2.8250688606058248e-05,
      2.8375353380688466e-05,
      2.418879751174245e-05,
      3.112076701421756e-05,
      1.9812073006760328e-05,
      2.1957559102447702e-05,
      2.784551258897409e-05,
      2.178396490868181e-05,
      1.5744024363812058e-05,
      1.6228455970413053e-05,
      1.4081865219050087e-05,
      1.9565424771863035e-05,
      1.74744199970155e-05,
      1.0258283719886095e-05,
      1.1064943459350617e-05,
      1.7060314181726424e-05,
      1.817725147877354e-05,
      1.2249909739475698e-05,
      9.288362188381142e-06,
      1.2622300547664054e-05,
      1.422433654021006e-05,
      7.607009445491712e-06,
      7.358311545103788e-06,
      6.467693582526408e-06,
      6.681941930728499e-06,
      6.9930231288890355e-06,
      6.1917684029322115e-06,
      7.704806115361862e-06,
      7.649881205288693e-06,
      5.716327563277446e-06,
      4.628474915080005e-06,
      7.87946721946355e-06,
      4.49734099325724e-06,
      4.928712713590357e-06,
      4.908526778162923e-06,
      4.087849539500894e-06,
      3.682835461513605e-06,
      3.9294596304534935e-06,
      3.616619798121974e-06,
      3.5694575699744746e-06,
      3.4355818410404025e-06,
      4.122944661066867e-06
    ],
    "eval_losses": [
      0.004758482502959668,
      0.0034537815858609973,
      0.0038207979733124375,
      0.004072745535522699,
      0.0038983809322118757,
      0.003801916506048292,
      0.00382125994656235,
      0.0032865168038988487,
      0.003390983061946463,
      0.003314094284106977,
      0.003574326952989213,
      0.004008497233316303,
      0.0033189653721055947,
      0.003158584277774207,
      0.003336617624387145,
      0.003998522031772882,
      0.0035211120360530914,
      0.003165055483067408,
      0.003165632589062443,
      0.0034527452748967335,
      0.0033448860235628674,
      0.0031627255774626974,
      0.003372135059628636,
      0.0032229097425501094,
      0.0032024424389819612,
      0.0032859011561173247,
      0.003143729488411918,
      0.003370450148236705,
      0.003158664496583515,
      0.003019495368597563,
      0.0028883662758889843,
      0.0029940095411089716,
      0.003490727237140527,
      0.0028945044694468377,
      0.002824918857673765,
      0.0025729461757146056,
      0.0026297805880429225,
      0.002837004245782737,
      0.0029428415387163114,
      0.003106819787022687
    ],