{
  "args": {
    "device": "cuda:9",
    "exp_home": "./results",
    "ds_name": "mnist",
    "mode": "generative_classification",
    "noise_std": 0.25,
    "down_scale": 2.0,
    "model_type": "conventional",
    "latent_dim": 784,
    "hidden_dims": [
      1150,
      1150,
      1150
    ],
    "wo_Win": true,
    "fix_Win": false,
    "I_Win": false,
    "wo_Wout": true,
    "batch_size": 128,
    "epochs": 50,
    "lr": 0.001,
    "use_augmentation": false,
    "aug_num": 2,
    "run_id": 3,
    "seed": 42
  },
  "training_logs": {
    "train_losses": [
      0.011235362798571586,
      0.005306322985216975,
      0.004063970677405596,
      0.003440632598698139,
      0.0030435024984925983,
      0.0027027386607974767,
      0.002384413973838091,
      0.0021449681368842723,
      0.0020734326246380805,
      0.00176293805424124,
      0.0016414981630444526,
      0.0015384791441448032,
      0.0013045697036758064,
      0.0013440933041647077,
      0.0012451768262870609,
      0.0012448688421398402,
      0.001171931706853211,
      0.0009676066807284951,
      0.000919651270546019,
      0.0008369776242598891,
      0.0009015422134846449,
      0.000939459140598774,
      0.0007448446228727698,
      0.0007064324158243835,
      0.0006973176916316152,
      0.0005881744433194399,
      0.0005452271446958184,
      0.0005483477868139744,
      0.0005056326176039875,
      0.0004851328036468476,
      0.00044416122261434795,
      0.00043920110805891453,
      0.0005007844433002174,
      0.0004089599468093365,
      0.0003576916823443025,
      0.0003297401164378971,
      0.0002945994598045945,
      0.0003395802043378353,
      0.000326886960119009,
      0.000284610993321985,
      0.0002482755531743169,
      0.00023377856879495083,
      0.00022635624737478793,
      0.00022011831604875625,
      0.0002076765694702044,
      0.0002021631130389869,
      0.0001901520638121292,
      0.00018370224189944565,
      0.0001758433249872178,
      0.00017130961789749562
    ],
    "eval_losses": [
      0.004499131856299937,
      0.004288923501595855,
      0.003895408201403916,
      0.0036606018256396056,
      0.0035792493992950767,
      0.0035896892620250584,
      0.0033706171879544855,
      0.003371121104992926,
      0.0032511593553237617,
      0.0030656887765508145
    ],
    "psnr": [
      23.783545526123046,
      24.028515646362305,
      24.441435925292968,
      24.847715994262696,
      24.99179296875,
      24.89198956604004,
      25.342213412475587,
      25.203524938964843,
      25.416787634277345,
      25.801776849365233
    ],
    "ssim": [
      0.9642116437911987,
      0.9666680380821228,
      0.9720818412780762,
      0.9735058847427368,
      0.9752938507080078,
      0.9757741649627686,
      0.9769753454208374,
      0.9769905250549317,
      0.9778092479705811,
      0.9791523670196534
    ],
    "best_epoch": 50,
    "best_step": null,
    "best_eval_loss": 0.0030656887765508145
  },
  "test_results": {
    "test_loss": 0.002842603618092835,
    "test_psnr": 27.20961658935547,
    "test_ssim": 0.9810747727394104
  }
}