{
  "args": {
    "device": "cuda:1",
    "exp_home": "./results",
    "ds_name": "mnist",
    "mode": "generative_classification",
    "noise_std": 0.25,
    "down_scale": 2.0,
    "model_type": "conventional",
    "latent_dim": 784,
    "hidden_dims": [
      1150,
      1150,
      1150,
      1150,
      1150,
      1150
    ],
    "wo_Win": false,
    "fix_Win": true,
    "I_Win": true,
    "batch_size": 128,
    "epochs": 200,
    "lr": 1e-05,
    "use_augmentation": true,
    "aug_num": 2,
    "run_id": 1,
    "seed": 42
  },
  "training_logs": {
    "train_losses": [
      0.04749543058454991,
      0.009366960799694062,
      0.006080333780944348,
      0.0046069316547363995,
      0.0035772834606468676,
      0.0028733041942864655,
      0.002340172592625022,
      0.001873797616250813,
      0.0015598654512315989,
      0.0012945786871388554,
      0.0010958144646883012,
      0.0009249012492597103,
      0.0008019058754108846,
      0.0006895017463900149,
      0.000646505567934364,
      0.0005741088413633406,
      0.0005346974243409932,
      0.0004696374409645796,
      0.00044552699849009515,
      0.00042881383641622963,
      0.00040428011254407467,
      0.0003546925947861746,
      0.0003416534955985844,
      0.00030520064944401386,
      0.0003191825321037322,
      0.0002995357075612992,
      0.00029461143113439903,
      0.00027313474167604,
      0.00025637415068224074,
      0.0002260319103207439,
      0.0002316998498281464,
      0.00022488291517831386,
      0.00021166096806526184,
      0.00021109996571205556,
      0.0002399097141996026,
      0.00017845455470494925,
      0.000176160979969427,
      0.00020727632001042365,
      0.00018704724621027707,
      0.00017015126007609069,
      0.00017116207523737103,
      0.00017354845772497355,
      0.00017474759698845447,
      0.00015720724397338926,
      0.0001615053698187694,
      0.00015369082415476443,
      0.00015071622671559452,
      0.00016916427640244365,
      0.00013770346712321043,
      0.00011460646060761064,
      0.00013334125651977958,
      0.00014810186742804946,
      0.00014256765270372851,
      0.0001293869848921895,
      0.00012434954100754112,
      0.00012338006793987007,
      0.00011153574739582837,
      0.00012854030802845955,
      0.00012214404772035778,
      0.00010802057080902159,
      0.00010465883906930685,
      0.00011802573313936592,
      0.00010551802113186568,
      0.00010555162240285426,
      8.494545850902795e-05,
      0.00010195548661053181,
      0.00011969874913804234,
      0.00012428908611647786,
      9.699799481779338e-05,
      9.201270376332104e-05,
      8.598392990650609e-05,
      0.00010657809526193888,
      0.0001021662388322875,
      9.385284204035997e-05,
      8.627017100341618e-05,
      8.166997949127108e-05,
      7.981638830155134e-05,
      9.280741435009987e-05,
      9.274619631003589e-05,
      7.028460896457546e-05,
      9.222518734168262e-05,
      7.489555309526622e-05,
      7.771696341689676e-05,
      6.567861052113585e-05,
      8.44443902443163e-05,
      6.897791855968535e-05,
      7.772597828879953e-05,
      8.040116343297995e-05,
      8.298772196285427e-05,
      6.729516438907012e-05,
      6.805232259212062e-05,
      5.86328383279033e-05,
      7.003152322256938e-05,
      6.643864447250962e-05,
      5.687985222088173e-05,
      6.928266347385944e-05,
      7.529885462019592e-05,
      6.393951680744067e-05,
      6.934422704391182e-05,
      6.424668431049212e-05,
      5.23575664521195e-05,
      5.238340589916334e-05,
      5.614051099517383e-05,
      6.190296577056869e-05,
      5.828319974476472e-05,
      5.320340990554541e-05,
      5.97248691204004e-05,
      4.809103266801685e-05,
      4.637674192432314e-05,
      5.249828641535714e-05,
      4.802952091093175e-05,
      4.6527024200186136e-05,
      4.5948189098853615e-05,
      4.97750151832588e-05,
      5.245446528075263e-05,
      4.961799619719386e-05,
      4.945698916213587e-05,
      4.281161036575213e-05,
      4.3886276581324635e-05,
      4.5710730929858985e-05,
      3.97171917790547e-05,
      4.948051214567386e-05,
      3.957192906877026e-05,
      4.469639228540473e-05,
      3.861267596366815e-05,
      3.706437858985737e-05,
      3.732565633952618e-05,
      4.4250096345786e-05,
      3.71623919880949e-05,
      3.551526190945879e-05,
      3.7526733520207925e-05,
      4.04623141256161e-05,
      3.4476132144918665e-05,
      3.2069302722811697e-05,
      3.71999772102572e-05,
      3.263398403534666e-05,
      3.5949783297255635e-05,
      3.31200639763847e-05,
      3.5585568943060936e-05,
      3.755031871376559e-05,
      3.116666174086276e-05,
      3.3120350895915184e-05,
      3.6221468003932386e-05,
      3.204965295502916e-05,
      3.2658834571484476e-05,
      3.097671923052985e-05,
      3.326102500548586e-05,
      3.2745344273280354e-05,
      3.096753227058798e-05,
      3.169920514337718e-05,
      3.14940042514354e-05,
      3.301327745430171e-05,
      2.8175986129790544e-05,
      2.8548247278667986e-05,
      2.7142950384877623e-05,
      2.9025779832154514e-05,
      3.0965939203742894e-05,
      2.8679594446439295e-05,
      3.141428048547823e-05,
      2.704166719922796e-05,
      2.5238701368216426e-05,
      2.7692302092909812e-05,
      2.680363604333252e-05,
      2.483457479684148e-05,
      2.423503694590181e-05,
      2.6446004735771566e-05,
      2.7494943859637713e-05,
      2.4043007828295233e-05,
      2.4337197835557162e-05,
      2.381063856300898e-05,
      2.6122213380876927e-05,
      2.5287028928287327e-05,
      2.2562217899248936e-05,
      2.4669945230707525e-05,
      2.3920805612578988e-05,
      2.3631755765527486e-05,
      2.4765535875922067e-05,
      2.2094784372020513e-05,
      2.245436304016039e-05,
      2.2287817819742484e-05,
      2.1978793994057922e-05,
      2.231301424675621e-05,
      2.1704986036056652e-05,
      2.1901697721332312e-05,
      2.129043537483085e-05,
      2.153603520418983e-05,
      2.145298092975281e-05,
      2.198757686186582e-05,
      2.245345925563015e-05,
      2.1179703735979275e-05,
      2.1147167464951055e-05,
      2.2450381426606327e-05,
      2.0769482185132802e-05,
      2.095477928640321e-05,
      2.0912366167758592e-05,
      2.100138210458681e-05,
      2.139918363769539e-05,
      2.0559459268115462e-05,
      2.0413329486036673e-05,
      2.0671346407616512e-05
    ],
    "eval_losses": [
      0.005881426338106394,
      0.00494738090634346,
      0.004560842239111662,
      0.004528992088139057,
      0.00493853951971978,
      0.0047406989812850955,
      0.004626958212256432,
      0.004442506419867277,
      0.004094666532054543,
      0.0041695294335484506,
      0.0045842890642583374,
      0.004048372889310122,
      0.003949858570843935,
      0.00432415209338069,
      0.0040585191536694765,
      0.0038869879730045794,
      0.004127875170856715,
      0.004612168071419001,
      0.004250668913498521,
      0.0042076621599495415,
      0.0041202364146709445,
      0.004066435531526804,
      0.004391420972347259,
      0.004195801204442978,
      0.004257942018657923,
      0.004407945726811886,
      0.0039477288879454136,
      0.0040541921578347686,
      0.004111596901714802,
      0.003885336152464151,
      0.00356825815141201,
      0.003911136487871408,
      0.003862725498713553,
      0.003559716509282589,
      0.003651972407847643,
      0.0036813712272793053,
      0.0036828298948705196,
      0.0036920431323349476,
      0.0038755470618605614,
      0.0037201988540589807
    ],