{
  "args": {
    "device": "cuda:3",
    "exp_home": "./results",
    "ds_name": "mnist",
    "mode": "generative_classification",
    "noise_std": 0.25,
    "down_scale": 2.0,
    "model_type": "conventional",
    "latent_dim": 784,
    "hidden_dims": [
      1150,
      1150,
      1150,
      1150
    ],
    "wo_Win": true,
    "fix_Win": false,
    "I_Win": false,
    "batch_size": 128,
    "epochs": 200,
    "lr": 0.0001,
    "use_augmentation": true,
    "aug_num": 2,
    "run_id": 2,
    "seed": 42
  },
  "training_logs": {
    "train_losses": [
      0.014562279811501502,
      0.004179504107013345,
      0.003011945527717471,
      0.0023033638579770923,
      0.0019702362198010088,
      0.0017667985036596656,
      0.001531357596423477,
      0.0013542979263328017,
      0.0012635627622157334,
      0.0011513995223678649,
      0.0010470932959672063,
      0.0009195410002581776,
      0.0009288463898934424,
      0.000887896702424623,
      0.0007656520473677665,
      0.0007830477890372276,
      0.000704352606208995,
      0.0007302562802098692,
      0.0006568617616500705,
      0.0006124208136182278,
      0.0006337746988330037,
      0.000568297340637073,
      0.0005318251607660204,
      0.0005490573029406369,
      0.0005105710103968158,
      0.0004270817843079567,
      0.0004925665626395494,
      0.00044732510187197477,
      0.0004773438974935561,
      0.00041234805278480055,
      0.0004361782696843147,
      0.0004070479159755632,
      0.0003807075039274059,
      0.0003617214380437508,
      0.0003361390723567456,
      0.00037227965674363077,
      0.00033222092296462507,
      0.0002729480402544141,
      0.0003213087107613683,
      0.00035653488509124144,
      0.00032996981176082045,
      0.00023519090800080448,
      0.00031536643516272305,
      0.00028068449674639853,
      0.0002979616854479536,
      0.0002703017465863377,
      0.0002596359531476628,
      0.0002609920218447223,
      0.0002657132095657289,
      0.00025955580332316457,
      0.0002662768711894751,
      0.0002221689512906596,
      0.00016983168344129808,
      0.0002456844356376678,
      0.0002186780487955548,
      0.00022346322947880252,
      0.00020335275790886952,
      0.0001685375057545025,
      0.0001941259635123424,
      0.000218290581330657,
      0.00019032258356688545,
      0.0001572176552435849,
      0.00018893694893806241,
      0.00017752304311841727,
      0.0001851440413040109,
      0.00015898816043976693,
      0.00017275417863042093,
      0.00014004415812902152,
      0.0001623476108815521,
      0.00016730575741268696,
      0.00014079200992709958,
      0.00016706456861109473,
      0.00015022529870504513,
      0.00011765766758006066,
      0.00014234551055240444,
      0.00010064664255944081,
      0.00013551390980370343,
      0.0001389903179963585,
      0.00013954082449898125,
      0.00013180869524367155,
      0.0001119461064063944,
      0.00011601988462265581,
      0.0001280063269729726,
      9.481082348851487e-05,
      0.00010909917287412099,
      0.0001276721258694306,
      0.00010437394509208388,
      9.477087029488758e-05,
      0.00014879799689166247,
      8.984004529425875e-05,
      8.872881278279237e-05,
      0.00010168222948326729,
      9.60530062241014e-05,
      0.00010578294992796146,
      8.430613840580918e-05,
      9.455070738680661e-05,
      8.004689595196396e-05,
      9.524974387837574e-05,
      8.195290705421939e-05,
      8.305829286691733e-05,
      8.149202133528888e-05,
      8.27560122217983e-05,
      0.00010496722404728643,
      8.698856415809132e-05,
      9.206474815611728e-05,
      5.8873448095982896e-05,
      6.655327565676998e-05,
      7.987325418158435e-05,
      6.752058704267256e-05,
      6.281715713907033e-05,
      5.076643192209304e-05,
      7.067394262296148e-05,
      6.19650558871217e-05,
      6.427063273033127e-05,
      6.859102357644588e-05,
      7.06592157681007e-05,
      2.7233972643152812e-05,
      5.88895437726751e-05,
      6.631873855250887e-05,
      5.4972146142390556e-05,
      4.510122106585186e-05,
      5.2179449239047244e-05,
      5.0875966548046565e-05,
      2.8162074028514326e-05,
      6.149676218163222e-05,
      5.1803343697683885e-05,
      3.594356074463576e-05,
      4.089851568627637e-05,
      4.859021931071766e-05,
      3.6688017970882356e-05,
      3.569206471031066e-05,
      3.6449698751675895e-05,
      2.678637346602045e-05,
      4.013300690974575e-05,
      4.038140410324559e-05,
      3.4151172937708904e-05,
      3.244933874811977e-05,
      3.3186327434377745e-05,
      2.821011933439877e-05,
      2.840206141816452e-05,
      2.981748951075133e-05,
      2.6378349395236e-05,
      2.9848115208442324e-05,
      2.5768274925067088e-05,
      2.7856498533510605e-05,
      2.0636362142395228e-05,
      2.6223605029517785e-05,
      2.3298860943177714e-05,
      2.6816065148450435e-05,
      2.679794319381472e-05,
      2.021872179757338e-05,
      3.2661832123121715e-05,
      1.8688952158845497e-05,
      1.4500902515137569e-05,
      2.528748445096426e-05,
      1.9398126699961723e-05,
      1.9421436552656813e-05,
      1.2410980762942927e-05,
      1.868333289050497e-05,
      1.097629647818394e-05,
      2.1542696135584264e-05,
      1.562682643037988e-05,
      2.3565467171429192e-05,
      1.9827647123893258e-05,
      1.438423800689634e-05,
      1.1242985292337834e-05,
      1.4948891176318284e-05,
      1.060924060002435e-05,
      9.367673462256789e-06,
      1.1217678610119037e-05,
      1.160523062600987e-05,
      1.152284619747661e-05,
      1.1994269970164168e-05,
      1.173300552269211e-05,
      9.839725709753111e-06,
      5.353532591543626e-06,
      6.478295421693474e-06,
      9.72159801167436e-06,
      5.01675450388575e-06,
      4.513715923822019e-06,
      9.289148249081336e-06,
      7.635695758799556e-06,
      5.4312516166828574e-06,
      5.533517488802318e-06,
      4.7650978277670216e-06,
      4.393900713475887e-06,
      4.988653458858607e-06,
      3.755749106348958e-06,
      5.094512719660998e-06,
      5.913924364431296e-06,
      4.01315734765376e-06,
      3.4012652598903513e-06,
      3.7310261995298786e-06,
      3.629093141062185e-06,
      3.4650990192312747e-06,
      3.0008251740946434e-06,
      4.2018733837176115e-06,
      3.059398086334113e-06,
      3.0564967781538142e-06,
      3.916201279207598e-06
    ],
    "eval_losses": [
      0.004702313087694347,
      0.0036752595965517687,
      0.003909545126929879,
      0.0035315325597301125,
      0.0032850519409170376,
      0.0031263324946165087,
      0.0031777850287035107,
      0.0032681764692999425,
      0.003386641057091765,
      0.0030418381216935813,
      0.002709394952096045,
      0.0032240717995679004,
      0.0032573586520855315,
      0.003178105458151549,
      0.0026355571836233138,
      0.00280569565044716,
      0.002821932325931266,
      0.0030722233290551232,
      0.0027641415225691164,
      0.0028089279413339684,
      0.0030075478380545972,
      0.0028837619891390206,
      0.002849100599903613,
      0.002863171097211307,
      0.0029882935270667075,
      0.002996539966168348,
      0.0026932034422643483,
      0.002660840589622967,
      0.002900685835024342,
      0.0025830298860324546,
      0.0028606439737835897,
      0.0025650411295471713,
      0.002784107260039309,
      0.0025442194817587734,
      0.0026934211936750214,
      0.0025683547071348586,
      0.0026734465258356067,
      0.0026978846752659593,
      0.0025953765731625026,
      0.0026266334145417206
    ],