{
  "args": {
    "device": "cuda:6",
    "exp_home": "./results",
    "ds_name": "mnist",
    "mode": "denoising",
    "noise_std": 0.25,
    "down_scale": 2.0,
    "model_type": "conventional",
    "latent_dim": 784,
    "hidden_dims": [
      1150,
      1150,
      1150,
      1150,
      1150,
      1150,
      1150,
      1150,
      1150,
      1150
    ],
    "wo_Win": true,
    "fix_Win": false,
    "I_Win": false,
    "batch_size": 128,
    "epochs": 100,
    "lr": 5e-05,
    "use_augmentation": false,
    "aug_num": 2,
    "run_id": 1,
    "seed": 42
  },
  "training_logs": {
    "train_losses": [
      0.03106945839345455,
      0.011714522469937802,
      0.009066208610236645,
      0.007876673806607724,
      0.007170439958274364,
      0.006671300947368145,
      0.006321985953003168,
      0.006062563294321298,
      0.0058158553417027,
      0.005650466172397136,
      0.005471681664139033,
      0.005336058241277933,
      0.005245829951763153,
      0.005131440136283636,
      0.005050974162518978,
      0.004951891364902258,
      0.004887343360632658,
      0.004827432093024254,
      0.004757497802823782,
      0.004705544179975986,
      0.004669323801994324,
      0.004606198919266462,
      0.004554608748853207,
      0.004515112301260233,
      0.004482858534306288,
      0.004443472266942263,
      0.004416765626370907,
      0.004377763183265925,
      0.004349984128922224,
      0.004320885774791241,
      0.0042898194912076,
      0.004275739969313144,
      0.004235217008590698,
      0.004224303786307573,
      0.004191819381117821,
      0.0041675509682297706,
      0.00415531514659524,
      0.004140740522295237,
      0.004100574530810118,
      0.004082172027379274,
      0.0040777412189543245,
      0.004043484871685505,
      0.004024965074807405,
      0.004023320866525173,
      0.004014200071692467,
      0.003992686491161585,
      0.003967762040346861,
      0.0039604849061369895,
      0.003945166723430157,
      0.003929763161689043,
      0.003915219667702913,
      0.0039008522115647794,
      0.003884011179357767,
      0.0038795710918307306,
      0.0038689166752994063,
      0.0038525219377875328,
      0.003836642126142979,
      0.0038275133869051935,
      0.003820010853111744,
      0.0037996885825693607,
      0.0037948099009692668,
      0.0037809999001771214,
      0.00377412341915071,
      0.003766081618145108,
      0.0037539528696238994,
      0.003754065424799919,
      0.003743770535737276,
      0.0037234305142611265,
      0.0037156951819360255,
      0.003719126719683409,
      0.003705008278340101,
      0.0036954414893686774,
      0.003686258615925908,
      0.0036802744425833227,
      0.00367472494520247,
      0.0036576475724577904,
      0.003647208768054843,
      0.003646006794273853,
      0.0036408558114618063,
      0.003631338668689132,
      0.00362779527336359,
      0.0036165028221905233,
      0.0036084540745615957,
      0.0035987586829811335,
      0.0035944767222553494,
      0.0035925412797182797,
      0.003588179463297129,
      0.00357429513938725,
      0.003578461125344038,
      0.0035699543286859987,
      0.003569229744821787,
      0.0035610597573220728,
      0.0035571325296908617,
      0.0035475219301879407,
      0.003547688158378005,
      0.003545676030293107,
      0.0035353561016917227,
      0.003536974915191531,
      0.003528252668902278,
      0.003523155842870474
    ],
    "eval_losses": [
      0.0066202018827199935,
      0.00547818403840065,
      0.004906155093759299,
      0.004680817300826311,
      0.0045302256308496,
      0.00439234327673912,
      0.0042717526823282245,
      0.00423567426726222,
      0.00415993173122406,
      0.004120906426757574,
      0.004071878019720316,
      0.0040470307201147075,
      0.0040206593714654446,
      0.003982867909222841,
      0.003969830795377493,
      0.003937165186554193,
      0.0039119451217353345,
      0.003893969041854143,
      0.0038815117500722407,
      0.0038652579560875893
    ],
    "psnr": [
      21.79451244506836,
      22.616520950317383,
      23.095721636962892,
      23.29913725280762,
      23.441313955688475,
      23.575742471313475,
      23.69689366455078,
      23.73286522216797,
      23.811179119873046,
      23.85299611816406,
      23.904286666870117,
      23.93121858215332,
      23.959658825683594,
      24.000386892700195,
      24.014585067749024,
      24.05048733215332,
      24.078811553955077,
      24.098767651367186,
      24.112334783935548,
      24.130449600219727
    ],
    "ssim": [
      0.881650253868103,
      0.8997445703506469,
      0.9131875361442566,
      0.9197997231483459,
      0.9255998653411865,
      0.9279897956848144,
      0.933438831615448,
      0.9323003036499024,
      0.9356731725692748,
      0.9380597082138061,
      0.9390316608428955,
      0.9415025429725647,
      0.9414877167701721,
      0.9427593202590943,
      0.9435415749549866,
      0.9440663515090942,
      0.9442372246742249,
      0.945969492816925,
      0.9462629549026489,
      0.9463848479270935
    ],
    "best_epoch": 100,
    "best_step": null,
    "best_eval_loss": 0.0038652579560875893
  },
  "test_results": {
    "test_loss": 0.0038738635458052157,
    "test_psnr": 24.12832964477539,
    "test_ssim": 0.9468716479301452
  }
}