{
  "args": {
    "device": "cuda:9",
    "exp_home": "./results",
    "ds_name": "mnist",
    "mode": "denoising",
    "noise_std": 0.25,
    "down_scale": 2.0,
    "model_type": "conventional",
    "latent_dim": 784,
    "hidden_dims": [
      1150,
      1150,
      1150,
      1150
    ],
    "wo_Win": false,
    "fix_Win": false,
    "I_Win": true,
    "batch_size": 128,
    "epochs": 100,
    "lr": 0.0005,
    "use_augmentation": true,
    "aug_num": 2,
    "run_id": 2,
    "seed": 42
  },
  "training_logs": {
    "train_losses": [
      0.013853125077188016,
      0.00645056037068367,
      0.005784108313173056,
      0.005462489600479603,
      0.00525056409060955,
      0.005097130286693573,
      0.0049746475592255595,
      0.004872307236492634,
      0.0047761405180394645,
      0.0047014833156764505,
      0.004629799353778362,
      0.004580510632544756,
      0.004524058403670788,
      0.004478865033686161,
      0.004442448765784502,
      0.004397686819732189,
      0.004365578113347292,
      0.004335284019112587,
      0.004304164538085461,
      0.004280865425467491,
      0.004252771175354719,
      0.004223962390720844,
      0.004201975895613432,
      0.004182190607935191,
      0.004158995321989059,
      0.004136837002038956,
      0.004114475097358227,
      0.004098482715040445,
      0.004073162608370185,
      0.00405872277751565,
      0.004035803531110287,
      0.004020123519897461,
      0.004007783159166575,
      0.003986886198222637,
      0.003972459339797497,
      0.003954504230320454,
      0.0039412318389117715,
      0.003923483910113573,
      0.00390900571078062,
      0.003895094904974103,
      0.0038759895064681767,
      0.0038599259708821773,
      0.0038526999734342098,
      0.0038370927006751297,
      0.0038253747852146627,
      0.0038118579523265363,
      0.003796709067225456,
      0.0037870623307675122,
      0.0037685440012812615,
      0.003755236067175865,
      0.0037491424226760864,
      0.0037288134643435476,
      0.0037179508039355278,
      0.0037117573362588883,
      0.003695931743234396,
      0.0036838025118410586,
      0.003672334248423576,
      0.0036650389659404754,
      0.0036514216317236423,
      0.003642513676509261,
      0.003628664331957698,
      0.003612883982360363,
      0.0036067347767204045,
      0.0035897490402311085,
      0.0035802674958109854,
      0.003567797277122736,
      0.0035556450632959606,
      0.0035480088120698927,
      0.0035384689436107875,
      0.0035234825493395327,
      0.0035120181339234114,
      0.0035030183665454386,
      0.003488618043586612,
      0.0034763807988911865,
      0.0034684892351180313,
      0.00345504021063447,
      0.003442923770174384,
      0.0034268787341564895,
      0.003421179878935218,
      0.003411410412490368,
      0.0033945501352846625,
      0.0033806323223561047,
      0.003370817306190729,
      0.003357361732199788,
      0.003345661721676588,
      0.00333928624548018,
      0.0033255524191260336,
      0.0033123054352402685,
      0.0032954415327310564,
      0.0032879730758070946,
      0.003275773139372468,
      0.003261212516129017,
      0.0032539617433398962,
      0.0032349841763824223,
      0.003226371253579855,
      0.003218572556078434,
      0.0032021471605449916,
      0.0031938739393651485,
      0.0031873785691708327,
      0.003174973146468401
    ],
    "eval_losses": [
      0.005072851886600256,
      0.004683878083527088,
      0.004426589077711106,
      0.00432898185402155,
      0.004182024511694908,
      0.004095197069644928,
      0.003992427559196949,
      0.003932521813362837,
      0.0038946432664990426,
      0.003819507398456335,
      0.0037549987241625787,
      0.003712403563410044,
      0.0036820148184895517,
      0.0036141401596367357,
      0.003584108518064022,
      0.0035420151915401222,
      0.003479571248218417,
      0.003451762592047453,
      0.0033989761997014283,
      0.0033694257609546184
    ],
    "psnr": [
      22.94959690246582,
      23.295604846191406,
      23.54093853149414,
      23.637903985595702,
      23.787550372314453,
      23.87885779724121,
      23.98913970336914,
      24.05545599975586,
      24.09734921569824,
      24.181457861328123,
      24.256112661743163,
      24.304792361450197,
      24.34141719055176,
      24.421479818725587,
      24.457948175048827,
      24.509134713745116,
      24.586463870239257,
      24.621687243652342,
      24.688547076416015,
      24.726602935791014
    ],
    "best_epoch": 100,
    "best_step": null,
    "best_eval_loss": 0.0033694257609546184
  },
  "test_results": {
    "test_loss": 0.0033638023540377617,
    "test_psnr": 24.74021784362793
  }
}