{
  "args": {
    "device": "cuda:9",
    "exp_home": "./results",
    "ds_name": "mnist",
    "mode": "generative_classification",
    "noise_std": 0.25,
    "down_scale": 2.0,
    "model_type": "conventional",
    "latent_dim": 784,
    "hidden_dims": [
      1470,
      1470,
      1470,
      1470
    ],
    "wo_Win": true,
    "fix_Win": false,
    "I_Win": false,
    "wo_Wout": true,
    "batch_size": 128,
    "epochs": 50,
    "lr": 0.0005,
    "use_augmentation": false,
    "aug_num": 2,
    "run_id": 3,
    "seed": 42
  },
  "training_logs": {
    "train_losses": [
      0.010360163684487342,
      0.004582094132602215,
      0.0034476443713903427,
      0.002890112480521202,
      0.0024379966770857573,
      0.0021836208640784024,
      0.0019606056156754492,
      0.0017989545569568873,
      0.001636718072220683,
      0.0014439113641530276,
      0.0013100933738239109,
      0.001249607023363933,
      0.0010914925569482149,
      0.0010114415686391293,
      0.0010024530427902936,
      0.000968642726931721,
      0.0008062096651643514,
      0.0007453481908515096,
      0.0007281432294100523,
      0.0006611495449021458,
      0.000624431037362665,
      0.0006102427299134434,
      0.000579135472588241,
      0.000544634564742446,
      0.0005512697093561291,
      0.0004604106999700889,
      0.00043622982496395706,
      0.0004054657434299588,
      0.00042362537642475216,
      0.0002819526914460585,
      0.00028820859163068235,
      0.0003054748273361474,
      0.00029702755870763213,
      0.0002503113131225109,
      0.000198404189767316,
      0.00022712803374044598,
      0.00017774914673529565,
      0.00019168101735413074,
      0.00020799186252523213,
      0.00014624630856560544,
      0.0001382445461815223,
      0.000141147216912359,
      0.00012033800621982664,
      0.00011785888177342712,
      0.00010893773645628244,
      9.672552119474858e-05,
      8.645798758370802e-05,
      7.711492826230824e-05,
      7.352638110052794e-05,
      6.789721167646348e-05
    ],
    "eval_losses": [
      0.004347768849134445,
      0.00402747739488259,
      0.003389466883894056,
      0.0034772712105419486,
      0.003310721083683893,
      0.003118456469255034,
      0.0030924998481059447,
      0.002846040077059297,
      0.002766689540736843,
      0.0027536161121446637
    ],
    "psnr": [
      23.965528897094728,
      24.485499548339845,
      25.159885009765624,
      25.29890054321289,
      25.606370532226563,
      25.691604803466795,
      25.748346563720702,
      26.303584564208986,
      26.302850756835937,
      26.647246594238283
    ],
    "ssim": [
      0.966579702758789,
      0.9705554301261902,
      0.9767346681594848,
      0.9767632551193237,
      0.9783215514183045,
      0.9795983079910279,
      0.9802164086341858,
      0.9816768617630005,
      0.9816722087860107,
      0.9819430947303772
    ],
    "best_epoch": 50,
    "best_step": null,
    "best_eval_loss": 0.0027536161121446637
  },
  "test_results": {
    "test_loss": 0.00273546706866764,
    "test_psnr": 28.044837396240233,
    "test_ssim": 0.9826482381820679
  }
}