{
  "args": {
    "device": "cuda:6",
    "exp_home": "./results",
    "ds_name": "mnist",
    "mode": "denoising",
    "noise_std": 0.25,
    "down_scale": 2.0,
    "model_type": "conventional",
    "latent_dim": 784,
    "hidden_dims": [
      1150,
      1150,
      1150,
      1150,
      1150,
      1150
    ],
    "wo_Win": false,
    "fix_Win": false,
    "I_Win": true,
    "batch_size": 128,
    "epochs": 100,
    "lr": 0.0005,
    "use_augmentation": false,
    "aug_num": 2,
    "run_id": 1,
    "seed": 42
  },
  "training_logs": {
    "train_losses": [
      0.01846165258318186,
      0.007694797124415636,
      0.006543786991089582,
      0.006057210204303265,
      0.005789036753773689,
      0.005541624734699726,
      0.005386044908165932,
      0.00523840872913599,
      0.005161065103709697,
      0.00508274824604392,
      0.004978599860817194,
      0.004911036753058434,
      0.0048634734620153905,
      0.004782903982996941,
      0.004746692517697811,
      0.004685771947950125,
      0.004635989963561297,
      0.004602510661929846,
      0.004554605837613344,
      0.0045175201942026615,
      0.0044862216086685655,
      0.004434409217834473,
      0.004401838610321283,
      0.00437605479285121,
      0.004343994247019291,
      0.004315633672475815,
      0.0042879788702726365,
      0.004255331488400698,
      0.004236445923224092,
      0.004205558507144451,
      0.004181107865720987,
      0.004158844338580966,
      0.004134410293996334,
      0.004121360419094562,
      0.004094561471939087,
      0.0040609754119813445,
      0.00405125666886568,
      0.0040288499641418455,
      0.003994220934212208,
      0.003977904637306929,
      0.003976104469001293,
      0.003938375048488378,
      0.003917929891869426,
      0.003908178603649139,
      0.0038937857355922463,
      0.0038661747290194034,
      0.003850802392214537,
      0.003833786098361015,
      0.0038166255167126654,
      0.0037933948389440777,
      0.003783263735473156,
      0.003760370681583881,
      0.0037398248405754566,
      0.003729163864478469,
      0.0037071951933205127,
      0.003694523741900921,
      0.0036786418977379797,
      0.0036592029708623886,
      0.003642997274398804,
      0.00362041568428278,
      0.00361206599265337,
      0.0035914707059413195,
      0.0035719546077400445,
      0.003558878075554967,
      0.003546139645949006,
      0.003533612701743841,
      0.003510745085775852,
      0.003492898698374629,
      0.003476796537041664,
      0.003465266091004014,
      0.0034428494234383105,
      0.003431484967470169,
      0.003416782425120473,
      0.0034015451762080193,
      0.003386137432232499,
      0.0033618526684492827,
      0.0033440435941517353,
      0.0033351470094919204,
      0.0033192455945163964,
      0.0033025367580354213,
      0.0032917939671874047,
      0.0032645755328983067,
      0.0032515415263921024,
      0.0032336090014874934,
      0.0032176201847940685,
      0.0032032191111892464,
      0.003192945971339941,
      0.0031693218094110487,
      0.003159027708694339,
      0.0031406746911257504,
      0.0031295920906215906,
      0.003112990337833762,
      0.0031008848674595356,
      0.0030830298808962107,
      0.0030691623889654873,
      0.00305951733417809,
      0.0030436264882981777,
      0.003031860159933567,
      0.0030179898392409085,
      0.003001600878089666
    ],
    "eval_losses": [
      0.005626243369281292,
      0.005040563935041428,
      0.004751798231899738,
      0.0046073654428124425,
      0.00452223078161478,
      0.004321760700643063,
      0.004265662448108196,
      0.004145884539932012,
      0.00405062943994999,
      0.0040013175144791606,
      0.003917519718408585,
      0.003886308730393648,
      0.0038351276461035012,
      0.003768122009187937,
      0.003727433877438307,
      0.0036841878578066827,
      0.0036318367019295694,
      0.0036036377780139447,
      0.003566007728129625,
      0.003520588733255863
    ],
    "psnr": [
      22.500365325927735,
      22.977153372192383,
      23.233628161621095,
      23.36749527282715,
      23.448556787109375,
      23.645384896850587,
      23.70245001525879,
      23.82551345214844,
      23.926480026245116,
      23.98022052307129,
      24.071865774536132,
      24.106728433227538,
      24.164263006591796,
      24.240758004760742,
      24.288386380004884,
      24.338533935546874,
      24.40102322692871,
      24.434942129516603,
      24.480272033691406,
      24.53587685546875
    ],
    "ssim": [
      0.9118469763755799,
      0.9118848889350891,
      0.9190075981140137,
      0.9256835720062256,
      0.9300076822280884,
      0.9328641389846801,
      0.9366528717041016,
      0.9400388062477112,
      0.9410427145957947,
      0.9410823698997498,
      0.9461282445907593,
      0.946142942237854,
      0.9462850697517395,
      0.9475181955337525,
      0.9509667003631592,
      0.9511520493507385,
      0.9512166667938232,
      0.9531790106773377,
      0.9534938247680664,
      0.954106506061554
    ],
    "best_epoch": 100,
    "best_step": null,
    "best_eval_loss": 0.003520588733255863
  },
  "test_results": {
    "test_loss": 0.003530417566001415,
    "test_psnr": 24.53119324951172,
    "test_ssim": 0.9545912172317504
  }
}