{
  "args": {
    "device": "cuda:7",
    "exp_home": "./results",
    "ds_name": "mnist",
    "mode": "denoising",
    "noise_std": 0.25,
    "down_scale": 2.0,
    "model_type": "conventional",
    "latent_dim": 784,
    "hidden_dims": [
      1470,
      1470,
      1470,
      1470,
      1470,
      1470
    ],
    "wo_Win": false,
    "fix_Win": false,
    "I_Win": false,
    "wo_Wout": false,
    "batch_size": 128,
    "epochs": 30,
    "lr": 0.005,
    "use_augmentation": false,
    "aug_num": 2,
    "run_id": 5,
    "seed": 42
  },
  "training_logs": {
    "train_losses": [
      0.13015996405124663,
      0.12957352546215056,
      0.12957352511882783,
      0.1295735246372223,
      0.12957352607727052,
      0.12957352486133575,
      0.12957352501869202,
      0.12957352531433106,
      0.1295735252046585,
      0.1295735254573822,
      0.12957352531909944,
      0.12957352510929107,
      0.1295735251522064,
      0.1295735257911682,
      0.12957352559566498,
      0.12957352549076082,
      0.12957352599143981,
      0.12957352546691894,
      0.12957352511405945,
      0.1295735253763199,
      0.129573525223732,
      0.12957352508544923,
      0.1295735256767273,
      0.12957352529048918,
      0.129573525056839,
      0.1295735253715515,
      0.12957352470397948,
      0.1295735254096985,
      0.12957352470874786,
      0.12957352499485017
    ],
    "eval_losses": [
      0.1289676160812378,
      0.1289676160812378,
      0.1289676160812378,
      0.1289676160812378,
      0.1289676160812378,
      0.1289676160812378
    ],
    "psnr": [
      8.89609308166504,
      8.89609308166504,
      8.89609308166504,
      8.89609308166504,
      8.89609308166504,
      8.89609308166504
    ],
    "ssim": [
      0.38766524505615235,
      0.38766524505615235,
      0.38766524505615235,
      0.38766524505615235,
      0.38766524505615235,
      0.38766524505615235
    ],
    "best_epoch": 5,
    "best_step": null,
    "best_eval_loss": 0.1289676160812378
  },
  "test_results": {
    "test_loss": 0.1297302080631256,
    "test_psnr": 8.877241174316406,
    "test_ssim": 0.38990247673988343
  }
}