{
  "args": {
    "device": "cuda:9",
    "exp_home": "./results",
    "ds_name": "mnist",
    "mode": "generative_classification",
    "noise_std": 0.25,
    "down_scale": 2.0,
    "model_type": "conventional",
    "latent_dim": 784,
    "hidden_dims": [
      1150
    ],
    "wo_Win": true,
    "fix_Win": false,
    "I_Win": false,
    "wo_Wout": true,
    "batch_size": 128,
    "epochs": 50,
    "lr": 0.0005,
    "use_augmentation": false,
    "aug_num": 2,
    "run_id": 2,
    "seed": 42
  },
  "training_logs": {
    "train_losses": [
      0.01925050636202097,
      0.007867732545882463,
      0.00618348260730505,
      0.005244658907651901,
      0.004620663454532623,
      0.004129081706628204,
      0.0037802585723996163,
      0.003516001893132925,
      0.0032319309314340354,
      0.003020575592815876,
      0.0028149292409420015,
      0.0026582166808098557,
      0.0025122546430677174,
      0.0023782199593633414,
      0.002264198912680149,
      0.0021428134340047834,
      0.002055430834554136,
      0.001972598589062691,
      0.0018919032230228186,
      0.0018256963958591223,
      0.001741708436831832,
      0.0016781383845582605,
      0.0016311028845608234,
      0.0015824804043769835,
      0.0015536264949291944,
      0.0014968017053604125,
      0.0014497961903363467,
      0.001418185622319579,
      0.001379844398200512,
      0.0013312813517451286,
      0.0013007219494134187,
      0.0012683981289342047,
      0.0012475286542251707,
      0.0012066292288154363,
      0.001199680083580315,
      0.001167780442982912,
      0.0011400464533641934,
      0.0011090042653121054,
      0.0011062192495912314,
      0.0010809367471933365,
      0.001056359751597047,
      0.0010442598853260278,
      0.0010209114160761236,
      0.0010101821284368635,
      0.0009886250676214695,
      0.0009814775117859245,
      0.0009626964880898595,
      0.0009508545084670186,
      0.0009349989283271134,
      0.0009257581051811576
    ],
    "eval_losses": [
      0.005933115558326245,
      0.0053680927626788616,
      0.0052003648705780505,
      0.0049445822834968565,
      0.004835385180264711,
      0.004677433238923549,
      0.00449576543495059,
      0.004578678549826145,
      0.004618790656328201,
      0.004463136031478644
    ],
    "psnr": [
      22.39093983154297,
      22.840773336791994,
      22.970067767333983,
      23.202324572753906,
      23.29507951660156,
      23.46979961242676,
      23.63032601623535,
      23.562422177124024,
      23.51697939147949,
      23.681200903320313
    ],
    "ssim": [
      0.9226207639694214,
      0.9329226999282837,
      0.9370233077049256,
      0.9393246631622314,
      0.9432939785003662,
      0.9454847751617431,
      0.9467291893005371,
      0.9466389600753784,
      0.9458260071754455,
      0.9481246164321899
    ],
    "best_epoch": 50,
    "best_step": null,
    "best_eval_loss": 0.004463136031478644
  },
  "test_results": {
    "test_loss": 0.004414297735504806,
    "test_psnr": 24.25841164855957,
    "test_ssim": 0.949135543346405
  }
}