{
  "args": {
    "device": "cuda:8",
    "exp_home": "./results",
    "ds_name": "mnist",
    "mode": "denoising",
    "noise_std": 0.25,
    "down_scale": 2.0,
    "model_type": "hourglass",
    "latent_dim": 785,
    "hidden_dims": [
      115,
      115,
      115,
      115,
      115
    ],
    "wo_Win": false,
    "fix_Win": true,
    "I_Win": false,
    "wo_Wout": false,
    "batch_size": 128,
    "epochs": 30,
    "lr": 0.005,
    "use_augmentation": false,
    "aug_num": 2,
    "run_id": 1,
    "seed": 42
  },
  "training_logs": {
    "train_losses": [
      0.028776843173503874,
      0.021976211662888528,
      0.024988381096720694,
      0.02949890723466873,
      0.031084386531710625,
      0.03305648561000824,
      0.03333235105752945,
      0.034225799112319946,
      0.03409385172009468,
      0.033875986998081205,
      0.03422507603406906,
      0.0338529529774189,
      0.032844399487972256,
      0.03221624982714653,
      0.03177810223579407,
      0.03090764763236046,
      0.030759635504484177,
      0.030382415314912797,
      0.030294349364638328,
      0.029480063564181327,
      0.028923987422585486,
      0.028111813626289367,
      0.027645984295606614,
      0.026960219343304635,
      0.026503814653158188,
      0.025867943065166474,
      0.02553178225159645,
      0.02494944392859936,
      0.024607449346780778,
      0.02435053084373474
    ],
    "eval_losses": [
      0.029817129403352738,
      0.03338621740937233,
      0.030984846293926237,
      0.028415025079250335,
      0.0255706806987524,
      0.02360119406580925
    ],
    "psnr": [
      15.259120988464355,
      14.767648036193847,
      15.091302671813965,
      15.467584086608886,
      15.925015187072754,
      16.272964054870606
    ],
    "ssim": [
      0.7944238618850707,
      0.7748799201965332,
      0.7880416540145874,
      0.8041934241294861,
      0.8241629608154297,
      0.8348180685043335
    ],
    "best_epoch": 30,
    "best_step": null,
    "best_eval_loss": 0.02360119406580925
  },
  "test_results": {
    "test_loss": 0.02343836263716221,
    "test_psnr": 16.318172589111327,
    "test_ssim": 0.8357173426628113
  }
}