{
  "args": {
    "device": "cuda:6",
    "exp_home": "./results",
    "ds_name": "mnist",
    "mode": "denoising",
    "noise_std": 0.25,
    "down_scale": 2.0,
    "model_type": "conventional",
    "latent_dim": 784,
    "hidden_dims": [
      2870
    ],
    "wo_Win": false,
    "fix_Win": false,
    "I_Win": false,
    "wo_Wout": false,
    "batch_size": 128,
    "epochs": 30,
    "lr": 0.0005,
    "use_augmentation": false,
    "aug_num": 2,
    "run_id": 3,
    "seed": 42
  },
  "training_logs": {
    "train_losses": [
      0.018065934513509272,
      0.0068251015195250515,
      0.005912465604692697,
      0.0055063908578455445,
      0.005265624277591706,
      0.005122741692960262,
      0.0050057699097692965,
      0.004891520690172911,
      0.004779795916974545,
      0.004708435446470976,
      0.0046378585025668145,
      0.004564177206605673,
      0.004479140450954437,
      0.004423315363228321,
      0.004357612515985966,
      0.004306451750099659,
      0.004247205246984959,
      0.004194075701534748,
      0.004133960277885198,
      0.0040895655156672,
      0.004032446037828923,
      0.00398756433993578,
      0.003936111980974674,
      0.003904680319428444,
      0.0038555116894841194,
      0.0038058897145837544,
      0.0037621658420562746,
      0.0037238207560032605,
      0.003680838414132595,
      0.0036483721762895585
    ],
    "eval_losses": [
      0.005095234798640012,
      0.004688482969254255,
      0.004333397261798382,
      0.004091138984262943,
      0.003930185591429472,
      0.0037656988631933927
    ],
    "psnr": [
      22.930363162231444,
      23.291997525024414,
      23.63388366088867,
      23.883668295288086,
      24.058061993408202,
      24.243598486328125
    ],
    "ssim": [
      0.8890776845932007,
      0.9254646149635315,
      0.9202374038696289,
      0.9267374534606934,
      0.9303605463981628,
      0.9354096361160278
    ],
    "best_epoch": 30,
    "best_step": null,
    "best_eval_loss": 0.0037656988631933927
  },
  "test_results": {
    "test_loss": 0.0037362216353416444,
    "test_psnr": 24.284316958618163,
    "test_ssim": 0.9369264499664307
  }
}