{
  "args": {
    "device": "cuda:7",
    "exp_home": "./results",
    "ds_name": "mnist",
    "mode": "denoising",
    "noise_std": 0.25,
    "down_scale": 2.0,
    "model_type": "conventional",
    "latent_dim": 784,
    "hidden_dims": [
      1150,
      1150,
      1150,
      1150
    ],
    "wo_Win": false,
    "fix_Win": false,
    "I_Win": false,
    "wo_Wout": false,
    "batch_size": 128,
    "epochs": 30,
    "lr": 0.001,
    "use_augmentation": false,
    "aug_num": 2,
    "run_id": 3,
    "seed": 42
  },
  "training_logs": {
    "train_losses": [
      0.017832235094308854,
      0.007731017588973045,
      0.006691215931028127,
      0.006206997816562652,
      0.0058773006309568885,
      0.005679337632656097,
      0.005497981736063957,
      0.005306295776516199,
      0.00517610503450036,
      0.005044170702248812,
      0.004946179658770561,
      0.0048322064778208735,
      0.004743905103206635,
      0.004654675838500261,
      0.004575376290529966,
      0.004520381777584553,
      0.004449397766888141,
      0.004380336761772632,
      0.0043009793110191825,
      0.004226051104068756,
      0.00416845923230052,
      0.004106905587762594,
      0.004037094041705131,
      0.003994393753260374,
      0.003927945876270532,
      0.003868767850548029,
      0.003808977300673723,
      0.003749526976197958,
      0.003692495390251279,
      0.003640017102062702
    ],
    "eval_losses": [
      0.005872173308581113,
      0.005000649512559176,
      0.0046149026773869995,
      0.004305794813483954,
      0.004026982571929693,
      0.00377906204611063
    ],
    "psnr": [
      22.314172286987304,
      23.01209358215332,
      23.36045284423828,
      23.6613244140625,
      23.952267745971678,
      24.22829955444336
    ],
    "ssim": [
      0.9016846956253052,
      0.9217489311218262,
      0.9162664868354797,
      0.9258018060684204,
      0.9321767882347107,
      0.9379674627304078
    ],
    "best_epoch": 30,
    "best_step": null,
    "best_eval_loss": 0.00377906204611063
  },
  "test_results": {
    "test_loss": 0.003737713483348489,
    "test_psnr": 24.28243454284668,
    "test_ssim": 0.9396773249626159
  }
}