{
  "args": {
    "device": "cuda:9",
    "exp_home": "./results",
    "ds_name": "mnist",
    "mode": "generative_classification",
    "noise_std": 0.25,
    "down_scale": 2.0,
    "model_type": "conventional",
    "latent_dim": 784,
    "hidden_dims": [
      1150
    ],
    "wo_Win": false,
    "fix_Win": true,
    "I_Win": true,
    "batch_size": 128,
    "epochs": 50,
    "lr": 0.0005,
    "use_augmentation": false,
    "aug_num": 2,
    "run_id": 1,
    "seed": 42
  },
  "training_logs": {
    "train_losses": [
      0.019147664789259434,
      0.007206314394026994,
      0.005592204193621874,
      0.004772575156986714,
      0.00416477623641491,
      0.003776516870632768,
      0.0034181252998113634,
      0.0030958997325599195,
      0.0028664286049455406,
      0.0026889445328712462,
      0.0024728426069021226,
      0.0023391240893304347,
      0.002238349740207195,
      0.002067401491776109,
      0.001989804118126631,
      0.0018896808654814959,
      0.00178847667619586,
      0.0017174917452782393,
      0.0016326541196927428,
      0.0016017400183528663,
      0.001525658792629838,
      0.0014759876946732402,
      0.0014317930467054247,
      0.0013657104906439782,
      0.0013264794274419546,
      0.0012950399513170124,
      0.001245495485253632,
      0.0012329767787456513,
      0.0011695338942110539,
      0.0011546305684000254,
      0.0011130255901813507,
      0.00108124091476202,
      0.0010442440755665302,
      0.0010284262796863913,
      0.0010022942239418626,
      0.0009718367963284254,
      0.0009494875412806869,
      0.0009213739526458084,
      0.0009081563793495298,
      0.0008751815949939191,
      0.0008586269787698984,
      0.0008326513882726431,
      0.0008229311034269631,
      0.0008009532419219613,
      0.0007858141316100955,
      0.0007626101251505315,
      0.0007404844426549971,
      0.0007293016287125647,
      0.0007155140400491655,
      0.0007078574159182608
    ],
    "eval_losses": [
      0.0061812811940908435,
      0.005822191013395786,
      0.005364632435888052,
      0.005162052622437477,
      0.004933009653538466,
      0.004876110658049583,
      0.0046699068166315555,
      0.004803945629298687,
      0.004606048551946879,
      0.004490262647718191
    ],
    "psnr": [
      22.194992834472657,
      22.447933013916014,
      22.832125521850585,
      23.00111526489258,
      23.21671986694336,
      23.274120944213866,
      23.473135095214843,
      23.344839276123047,
      23.543723294067384,
      23.649243884277343
    ],
    "best_epoch": 50,
    "best_step": null,
    "best_eval_loss": 0.004490262647718191
  },
  "test_results": {
    "test_loss": 0.004518314881809056,
    "test_psnr": 24.082483206176757
  }
}