{
  "args": {
    "device": "cuda:2",
    "exp_home": "./results",
    "ds_name": "mnist",
    "mode": "generative_classification",
    "noise_std": 0.25,
    "down_scale": 2.0,
    "model_type": "conventional",
    "latent_dim": 784,
    "hidden_dims": [
      1150
    ],
    "wo_Win": false,
    "fix_Win": false,
    "I_Win": false,
    "batch_size": 128,
    "epochs": 100,
    "lr": 0.0005,
    "use_augmentation": true,
    "aug_num": 2,
    "run_id": 4,
    "seed": 42
  },
  "training_logs": {
    "train_losses": [
      0.017757939314246178,
      0.008983026369214058,
      0.0076288996551930905,
      0.006727942385077477,
      0.006177062265574932,
      0.005737603131309152,
      0.005343369332849979,
      0.005057380476444959,
      0.004770556301772594,
      0.004541580532118678,
      0.0043041766254603864,
      0.0041314514675736425,
      0.00400615596100688,
      0.0038407211576402187,
      0.0037048842817544937,
      0.0035172137773036957,
      0.0034278453643620016,
      0.0033238534954190256,
      0.003228954158574343,
      0.003089708164483309,
      0.0030188704858720304,
      0.002931801809594035,
      0.0028429517997056244,
      0.0027639968755096196,
      0.0026689975787699224,
      0.002668807453215122,
      0.002562715965807438,
      0.0024942954535037277,
      0.0024512894508987664,
      0.0024131006050109862,
      0.00234792325951159,
      0.0022955287569761274,
      0.002265728433057666,
      0.0022079852528870104,
      0.002160881056264043,
      0.0021332315574586393,
      0.0020836311882734297,
      0.0020500789102911947,
      0.0020226771837472918,
      0.0019698224449902772,
      0.001937168648429215,
      0.0019078420533239842,
      0.0018746030566841364,
      0.0018411248560994864,
      0.0018111068042367697,
      0.0017919739108532668,
      0.0017600825104862451,
      0.0017273964716494083,
      0.0017099083483219147,
      0.0016732358333468437,
      0.0016629639180749654,
      0.0016336227025091647,
      0.00160957115881145,
      0.0015961196286976337,
      0.0015694632339850068,
      0.001546806135326624,
      0.0015408729423582554,
      0.0015074551163613797,
      0.001499509312659502,
      0.0014739117119461297,
      0.0014488913852721452,
      0.0014303125677257776,
      0.0014188363537564874,
      0.0013908154927939178,
      0.001374130218140781,
      0.0013571404340863228,
      0.0013472316988930107,
      0.0013294973287731409,
      0.0013180575773492455,
      0.0012914318455755712,
      0.0012779866804927588,
      0.0012740556252747773,
      0.0012427686950936914,
      0.0012322946581616997,
      0.0012195348323509098,
      0.0012061388459429145,
      0.001198457695879042,
      0.0011785617562755943,
      0.0011735519030690194,
      0.0011571867311000823,
      0.0011345332241430878,
      0.0011302720038220287,
      0.0011161886519938707,
      0.0011063183851912617,
      0.0010915881748870015,
      0.0010782192435860635,
      0.001067757528424263,
      0.0010567338861525058,
      0.0010467428928613663,
      0.0010348986102640628,
      0.001022516123391688,
      0.0010151801906526088,
      0.0010078117232397198,
      0.0009943988133966923,
      0.0009871490113437175,
      0.0009724657247588038,
      0.0009661760714277625,
      0.0009605192847177386,
      0.0009452118064463139,
      0.0009340699489787221
    ],
    "eval_losses": [
      0.006915102162957191,
      0.005605756464600563,
      0.005201060600578785,
      0.005017987941205501,
      0.005138493846356868,
      0.0046375989437103275,
      0.0046313232883811,
      0.004634706118702888,
      0.0045836177803576,
      0.004441478308290243,
      0.004373694179207087,
      0.004420698968321085,
      0.004262973792105913,
      0.004270177668333054,
      0.004355995953083038,
      0.0042613226614892485,
      0.0042757453776896,
      0.004201459074765444,
      0.004202950868755579,
      0.004195579924434424
    ],
    "psnr": [
      21.67519414367676,
      22.60515104675293,
      22.93822710571289,
      23.090354705810547,
      22.97618778991699,
      23.443057556152343,
      23.441361877441405,
      23.453793353271486,
      23.498235983276366,
      23.642907818603515,
      23.704357189941405,
      23.66131497192383,
      23.822885775756834,
      23.815090911865234,
      23.730525756835938,
      23.83333649597168,
      23.809923135375975,
      23.884592416381835,
      23.892219845581053,
      23.898056121826173
    ],
    "best_epoch": 100,
    "best_step": null,
    "best_eval_loss": 0.004195579924434424
  },
  "test_results": {
    "test_loss": 0.004176270148158074,
    "test_psnr": 24.367245736694336
  }
}