{
  "args": {
    "device": "cuda:1",
    "exp_home": "./results",
    "ds_name": "mnist",
    "mode": "generative_classification",
    "noise_std": 0.25,
    "down_scale": 2.0,
    "model_type": "conventional",
    "latent_dim": 784,
    "hidden_dims": [
      1150,
      1150,
      1150,
      1150,
      1150,
      1150
    ],
    "wo_Win": false,
    "fix_Win": false,
    "I_Win": true,
    "batch_size": 128,
    "epochs": 200,
    "lr": 0.0001,
    "use_augmentation": true,
    "aug_num": 2,
    "run_id": 3,
    "seed": 42
  },
  "training_logs": {
    "train_losses": [
      0.01220381329551339,
      0.004219297410622239,
      0.0032112081201002003,
      0.0027816792704164982,
      0.0023560766366124155,
      0.0020762821277417244,
      0.0020232432356104254,
      0.001791754170898348,
      0.0016139962429367006,
      0.001483010626686737,
      0.0014200822692364454,
      0.0013253049925155938,
      0.0012191564499773086,
      0.0011386947601940483,
      0.001117825700780377,
      0.0010666212382074445,
      0.0010177270004991443,
      0.000977553445706144,
      0.0008733930425252766,
      0.0008593439968209714,
      0.0007979643711727112,
      0.0008029937569238245,
      0.0008266278207488358,
      0.0007420507393497974,
      0.0007357655658014119,
      0.0006605567819997668,
      0.0006953476432710887,
      0.0006385707302158698,
      0.0006202989734476433,
      0.000611520234500058,
      0.0005875957137811929,
      0.0005278162066778169,
      0.0005482424008101225,
      0.0004829246366675943,
      0.0005112995706824585,
      0.0004965282747987658,
      0.00047518379975575956,
      0.0004698735490813851,
      0.0004994183488423005,
      0.0004176381781697273,
      0.00036320780229754746,
      0.00046772053376305847,
      0.00040304809700232,
      0.0003934893769444898,
      0.00040020129886223003,
      0.00035571368916891515,
      0.0003606291160872206,
      0.0003757397794397548,
      0.0003385520820459351,
      0.0002906765378313139,
      0.00031533008902799337,
      0.0003226665035961196,
      0.000297863074473571,
      0.00033497048946330325,
      0.00034223134437110273,
      0.00027935456330887973,
      0.00027555117269977925,
      0.0002977271870872937,
      0.0002916905576689169,
      0.00024117662345292046,
      0.0002999645366589539,
      0.0002687631046515889,
      0.00023247291442705318,
      0.00024613049736479296,
      0.0002909620484174229,
      0.00020065968814538793,
      0.00017924850137205795,
      0.0002504058963060379,
      0.00022718927279580383,
      0.0002382827830966562,
      0.00023289014538982884,
      0.0002020949547085911,
      0.00018661878463579343,
      0.00020086605621501803,
      0.00020110594920814037,
      0.00020909059466794132,
      0.00020902597200591117,
      0.00017779297911096363,
      0.00019655422682175413,
      0.00021087423066841438,
      0.00016589461313793437,
      0.00015568599697202444,
      0.00016720199132105336,
      0.00019952800057595595,
      0.00015950549187487923,
      0.00014789115802384912,
      0.00015039989219978452,
      0.0001803414840903133,
      0.00014242742391536013,
      0.00012553426657919772,
      0.00017241168508073316,
      0.0001304969986283686,
      0.0001270358662120998,
      0.00015630238535697572,
      0.00012701386303524487,
      0.00010508912098768632,
      0.00015491146072628908,
      0.00011228538049384952,
      0.00012822879600687883,
      0.00014070241833804176,
      0.00012280220530345106,
      0.00011733033996191808,
      0.00012544377094134688,
      0.00010221563993312884,
      9.09898879751563e-05,
      8.705530288163572e-05,
      9.948956496664323e-05,
      0.0001121894482895732,
      0.00010040741181466729,
      9.24208584218286e-05,
      8.550655193743296e-05,
      9.242814644589089e-05,
      0.00010389417457510717,
      0.00010552340700523928,
      7.839449867838993e-05,
      8.516877221234608e-05,
      7.739769590785726e-05,
      7.681203009444288e-05,
      9.207478657830507e-05,
      8.872605001146439e-05,
      8.02269783365773e-05,
      6.571970569319092e-05,
      9.430388555978424e-05,
      6.802837210707366e-05,
      5.495120853011031e-05,
      8.889824854617473e-05,
      6.0459046783507805e-05,
      5.421072681900114e-05,
      6.937322389974724e-05,
      6.292737999989185e-05,
      6.33823459665291e-05,
      5.6606409545056525e-05,
      6.232899012917187e-05,
      5.971449906181078e-05,
      5.5672186870942824e-05,
      6.937116342713125e-05,
      4.595444818260148e-05,
      4.943906342319679e-05,
      5.723890884546563e-05,
      4.947353672527243e-05,
      4.444680735236034e-05,
      3.622070695273578e-05,
      5.442688810871914e-05,
      7.064603341947076e-05,
      3.83934604638489e-05,
      2.9854543182300404e-05,
      2.8119750713813118e-05,
      3.804004100093153e-05,
      5.0519457964110186e-05,
      4.1655104649544225e-05,
      4.199876079714159e-05,
      3.115237458201591e-05,
      3.76190326444339e-05,
      3.013116842834279e-05,
      3.308803702588193e-05,
      2.979487648117356e-05,
      2.728329369099811e-05,
      3.330500039912295e-05,
      2.2436399050639012e-05,
      2.9221516513207463e-05,
      2.932618821010692e-05,
      2.3349504773213994e-05,
      2.651840004749829e-05,
      2.5811848246958108e-05,
      2.2501777010620572e-05,
      1.9656529069179668e-05,
      1.764871957624564e-05,
      1.9060619360243435e-05,
      2.5258203578414395e-05,
      2.4547468165983446e-05,
      2.8686312963545788e-05,
      2.1166613049281296e-05,
      1.954498211678583e-05,
      1.863496497273445e-05,
      1.712305921901134e-05,
      1.8547584884800017e-05,
      2.020952461694833e-05,
      1.6022432934551033e-05,
      1.3836343459843192e-05,
      1.6696171179937664e-05,
      1.5161481304094195e-05,
      1.1644930400652811e-05,
      1.7202170965028927e-05,
      1.1813699931662995e-05,
      1.1615298411343246e-05,
      1.5140504902665271e-05,
      1.1596125588694121e-05,
      9.675457864359487e-06,
      1.0270420708402526e-05,
      8.997237069124821e-06,
      1.1871119950374122e-05,
      9.137904596573208e-06,
      1.063195695693139e-05,
      8.376328800804913e-06,
      8.197894793993328e-06,
      7.88485521945404e-06,
      7.980693008430535e-06,
      8.159396493574605e-06,
      8.01502615911886e-06,
      8.498969938373194e-06
    ],
    "eval_losses": [
      0.0030987939837388693,
      0.0024938198275864126,
      0.002565286187361926,
      0.0020663492979598234,
      0.002277647508191876,
      0.0021873180486029014,
      0.0023013771239086054,
      0.002103530472889543,
      0.001913594177167397,
      0.0020969258209923283,
      0.0019838809253124056,
      0.0019096243467414751,
      0.002085093295108527,
      0.002145583139359951,
      0.0021526732714584797,
      0.0018161660222918727,
      0.0018729704927187413,
      0.0020157314814277924,
      0.0018816487930744187,
      0.0019428616323915776,
      0.001936745093682839,
      0.001795345141623693,
      0.001731419645086862,
      0.001933132602092519,
      0.0019202818177320297,
      0.001889380898559466,
      0.001783057040796848,
      0.0018153690705206827,
      0.0018439047547552036,
      0.001915539360128605,
      0.0017050814742142393,
      0.0017105865850782721,
      0.00174940591804625,
      0.0017469655213972145,
      0.0017802828028034127,
      0.0016981214324609027,
      0.0016586513096754061,
      0.0016906930190118145,
      0.0016801719807801418,
      0.0016783957467006985
    ],