{
  "args": {
    "device": "cuda:0",
    "exp_home": "./results",
    "ds_name": "mnist",
    "mode": "denoising",
    "noise_std": 0.25,
    "down_scale": 2.0,
    "model_type": "conventional",
    "latent_dim": 784,
    "hidden_dims": [
      1470,
      1470,
      1470,
      1470,
      1470
    ],
    "wo_Win": true,
    "fix_Win": false,
    "I_Win": false,
    "wo_Wout": true,
    "batch_size": 128,
    "epochs": 30,
    "lr": 0.0005,
    "use_augmentation": false,
    "aug_num": 2,
    "run_id": 5,
    "seed": 42
  },
  "training_logs": {
    "train_losses": [
      0.01199118967950344,
      0.006966755200922489,
      0.0060145962408185,
      0.005517327848523855,
      0.005264376000314951,
      0.005089626271426678,
      0.004939832638502121,
      0.004842881009429693,
      0.0047525145506858825,
      0.004639473992735147,
      0.004578879115134478,
      0.004498681518286467,
      0.004429502403885126,
      0.00435850343555212,
      0.004304789494127035,
      0.004236382970064879,
      0.004182967284321785,
      0.004117108445316553,
      0.004058787539750338,
      0.004026170175224542,
      0.003985286504477262,
      0.003925680371969938,
      0.0038798383945226667,
      0.0038371411745250225,
      0.0037871681111305952,
      0.0037318653262406586,
      0.003688486812338233,
      0.0036381085962057112,
      0.003607313204109669,
      0.0035687444473803042
    ],
    "eval_losses": [
      0.005077660952508449,
      0.0046417658500373365,
      0.004321943867206574,
      0.004039065875858068,
      0.003864203841984272,
      0.003704561561346054
    ],
    "psnr": [
      22.945206051635743,
      23.33482454223633,
      23.644978997802735,
      23.93877262878418,
      24.131240884399414,
      24.314557485961913
    ],
    "ssim": [
      0.9207033498764038,
      0.932484902381897,
      0.9400008107185364,
      0.9442038060188294,
      0.9473324675559998,
      0.9536306573867798
    ],
    "best_epoch": 30,
    "best_step": null,
    "best_eval_loss": 0.003704561561346054
  },
  "test_results": {
    "test_loss": 0.003690018943324685,
    "test_psnr": 24.337519137573242,
    "test_ssim": 0.954494400215149
  }
}