{
  "args": {
    "device": "cuda:7",
    "exp_home": "./results",
    "ds_name": "mnist",
    "mode": "denoising",
    "noise_std": 0.25,
    "down_scale": 2.0,
    "model_type": "conventional",
    "latent_dim": 784,
    "hidden_dims": [
      1470,
      1470,
      1470,
      1470,
      1470,
      1470
    ],
    "wo_Win": false,
    "fix_Win": false,
    "I_Win": false,
    "wo_Wout": false,
    "batch_size": 128,
    "epochs": 30,
    "lr": 0.0001,
    "use_augmentation": false,
    "aug_num": 2,
    "run_id": 4,
    "seed": 42
  },
  "training_logs": {
    "train_losses": [
      0.02325370417624712,
      0.009150129984021187,
      0.007378104608803987,
      0.006580849536061287,
      0.00609365386262536,
      0.005753166780024767,
      0.005526965208947659,
      0.005314405052959919,
      0.005170829639434814,
      0.005042166836261749,
      0.004916858881264925,
      0.004831761606484652,
      0.004747869814187288,
      0.004663257891535759,
      0.004589759711921215,
      0.0045262431488931176,
      0.004465439446419478,
      0.004421472162306309,
      0.004369501199424267,
      0.004308700404316187,
      0.004275823513269424,
      0.004227489501088858,
      0.004189822702556849,
      0.004164339145123958,
      0.004126611116677522,
      0.004092296542078257,
      0.004060487987995147,
      0.004028743024468422,
      0.004015323903262615,
      0.003990771948844195
    ],
    "eval_losses": [
      0.005980407787114382,
      0.0049599963940680026,
      0.004625848346203566,
      0.004397846192866563,
      0.0042456226386129855,
      0.004145800908654928
    ],
    "psnr": [
      22.235743435668944,
      23.047975326538086,
      23.350601400756837,
      23.569961578369142,
      23.722730535888672,
      23.82642420349121
    ],
    "ssim": [
      0.8920387643814087,
      0.9127327526092529,
      0.9229196115493774,
      0.9264891471862793,
      0.9306270177841186,
      0.9334614873886108
    ],
    "best_epoch": 30,
    "best_step": null,
    "best_eval_loss": 0.004145800908654928
  },
  "test_results": {
    "test_loss": 0.004112749825045467,
    "test_psnr": 23.87024454345703,
    "test_ssim": 0.9347005744934082
  }
}