{
  "args": {
    "device": "cuda:5",
    "exp_home": "./results",
    "ds_name": "mnist",
    "mode": "denoising",
    "noise_std": 0.25,
    "down_scale": 2.0,
    "model_type": "conventional",
    "latent_dim": 784,
    "hidden_dims": [
      1150,
      1150,
      1150,
      1150,
      1150,
      1150,
      1150,
      1150,
      1150,
      1150,
      1150,
      1150,
      1150,
      1150,
      1150,
      1150,
      1150,
      1150,
      1150,
      1150,
      1150,
      1150,
      1150,
      1150,
      1150
    ],
    "wo_Win": true,
    "fix_Win": false,
    "I_Win": false,
    "batch_size": 128,
    "epochs": 100,
    "lr": 1e-05,
    "use_augmentation": true,
    "aug_num": 4,
    "run_id": 1,
    "seed": 42
  },
  "training_logs": {
    "train_losses": [
      0.028299508649110794,
      0.011017499790489674,
      0.008701045140326023,
      0.007607588172852993,
      0.006948404925167561,
      0.006503800815492868,
      0.006188704690933228,
      0.005935836650431156,
      0.005746171003729105,
      0.005571510112732649,
      0.005441899694949389,
      0.005329162689596415,
      0.005231952479332685,
      0.005142867648154497,
      0.005072839463204145,
      0.005001147926151753,
      0.004939783625602722,
      0.0048876232182979585,
      0.004841494362205267,
      0.004791396780461073,
      0.004744642505943775,
      0.0047040270760655405,
      0.004673093705624342,
      0.004639278670400381,
      0.004602388535737991,
      0.0045737827616930005,
      0.00454309440433979,
      0.004516194048374891,
      0.004494217570126057,
      0.0044667644013464455,
      0.0044470086133480075,
      0.004426488547474146,
      0.004399465471357107,
      0.004382862002104521,
      0.0043642394314706325,
      0.004346173922419548,
      0.004331278593093157,
      0.004314291842877865,
      0.004293634013235569,
      0.004278443410247564,
      0.004268390851169824,
      0.0042502603510022165,
      0.004235474498271942,
      0.004226394113600254,
      0.00421320465311408,
      0.004203026607632637,
      0.004190714276582003,
      0.004179113101363182,
      0.0041676120992004875,
      0.004160392641574144,
      0.004147973125725984,
      0.00413831395983696,
      0.004124682544916868,
      0.004122424590140581,
      0.004107876313626766,
      0.004096314555704594,
      0.004093083192110061,
      0.00408369162529707,
      0.00407230887144804,
      0.004069051470607519,
      0.004057826666012406,
      0.00405094273686409,
      0.004046910426169634,
      0.004034506803452968,
      0.0040315164004266265,
      0.0040256129656732085,
      0.004020401518344879,
      0.004016091258376837,
      0.004003717300444841,
      0.004001628370955587,
      0.003994291041344404,
      0.003990549815744162,
      0.0039851075759530065,
      0.003980049633532762,
      0.003974936632812023,
      0.003972696561813355,
      0.003963152110278607,
      0.0039595144328475,
      0.00395589320525527,
      0.003952249361276626,
      0.003949784331768751,
      0.0039450565992295746,
      0.003939343736022711,
      0.003934551259726286,
      0.00393346157670021,
      0.0039298876966536046,
      0.003927811331450939,
      0.0039222257193923,
      0.0039208020447194574,
      0.0039193070185184475,
      0.003913966207057237,
      0.0039108477905392645,
      0.0039062848977744575,
      0.003906543043851852,
      0.003908024514317513,
      0.003902389395236969,
      0.003901874024719,
      0.0039001326385140417,
      0.003897156165391207,
      0.0038970124022662637
    ],
    "eval_losses": [
      0.006262870170921087,
      0.005155626209080219,
      0.004759996432811022,
      0.0045689594075083734,
      0.004432954403758049,
      0.004322171613574028,
      0.004232566943764686,
      0.004188441347330808,
      0.004127907337993383,
      0.004091422073543072,
      0.004058251719921828,
      0.0040182465635240075,
      0.0040101125121116635,
      0.003973170513659715,
      0.003960452365875244,
      0.003950188721716404,
      0.0039473958507180214,
      0.0039326414309442045,
      0.003933714863657951,
      0.003911339169740677
    ],
    "psnr": [
      22.035243856811523,
      22.87940298461914,
      23.226120025634767,
      23.403997741699218,
      23.535460458374022,
      23.644992965698243,
      23.736069668579102,
      23.7815833984375,
      23.845124130249022,
      23.883497079467773,
      23.91876940612793,
      23.961553463745116,
      23.97063996887207,
      24.010935455322265,
      24.024641830444335,
      24.036387161254883,
      24.038981619262696,
      24.054931759643555,
      24.054096112060545,
      24.078628622436522
    ],
    "ssim": [
      0.893816487121582,
      0.9160268386840821,
      0.9235070286750794,
      0.9290359968185424,
      0.930329926776886,
      0.9350069513320923,
      0.9366819412231445,
      0.9384311634063721,
      0.9396532950401306,
      0.9414872995376586,
      0.9417496383666992,
      0.942540638923645,
      0.9424709917068481,
      0.9441308772087097,
      0.9451460035324096,
      0.945979006767273,
      0.9455758564949036,
      0.9460168296813964,
      0.9466442127227783,
      0.9455147005081177
    ],
    "best_epoch": 100,
    "best_step": null,
    "best_eval_loss": 0.003911339169740677
  },
  "test_results": {
    "test_loss": 0.003893066167831421,
    "test_psnr": 24.10667940673828,
    "test_ssim": 0.9466698156356812
  }
}