{
  "args": {
    "device": "cuda:6",
    "exp_home": "./results",
    "ds_name": "mnist",
    "mode": "denoising",
    "noise_std": 0.25,
    "down_scale": 2.0,
    "model_type": "conventional",
    "latent_dim": 784,
    "hidden_dims": [
      2870,
      2870
    ],
    "wo_Win": false,
    "fix_Win": false,
    "I_Win": false,
    "wo_Wout": false,
    "batch_size": 128,
    "epochs": 30,
    "lr": 0.005,
    "use_augmentation": false,
    "aug_num": 2,
    "run_id": 4,
    "seed": 42
  },
  "training_logs": {
    "train_losses": [
      0.13601401425361634,
      0.1354796210861206,
      0.135479620885849,
      0.13547962135791777,
      0.1354796214199066,
      0.13547962156772614,
      0.13547962144374848,
      0.13547962159633636,
      0.13547962122440338,
      0.1354796216583252,
      0.1354796211242676,
      0.1354796210670471,
      0.1354796210336685,
      0.13547962113380432,
      0.1354796212720871,
      0.13547962100505828,
      0.13547962112903594,
      0.1354796209001541,
      0.13547962136268615,
      0.13547962182998657,
      0.13547962120056153,
      0.12943413420200348,
      0.1176468348455429,
      0.11764683494091034,
      0.11764683529853821,
      0.11764683431148529,
      0.11764683487892151,
      0.11764683505773545,
      0.1176468348813057,
      0.11764683439493179
    ],
    "eval_losses": [
      0.13484798455238342,
      0.13484798455238342,
      0.13484798455238342,
      0.13484798455238342,
      0.11673328529596329,
      0.11673328529596329
    ],
    "psnr": [
      8.70213217163086,
      8.70213217163086,
      8.70213217163086,
      8.70213217163086,
      9.329863885498046,
      9.329863885498046
    ],
    "ssim": [
      0.37856926832199095,
      0.37856926832199095,
      0.37856926832199095,
      0.37856926832199095,
      0.4207990533351898,
      0.4207990533351898
    ],
    "best_epoch": 25,
    "best_step": null,
    "best_eval_loss": 0.11673328529596329
  },
  "test_results": {
    "test_loss": 0.11846820242404937,
    "test_psnr": 9.280377658081054,
    "test_ssim": 0.4187935773849487
  }
}