{
  "args": {
    "device": "cuda:4",
    "exp_home": "./results",
    "ds_name": "imagenet32",
    "mode": "denoising",
    "noise_std": 0.25,
    "down_scale": 2.0,
    "model_type": "hourglass",
    "latent_dim": 3546,
    "hidden_dims": [
      270,
      270,
      270,
      270,
      270
    ],
    "wo_Win": false,
    "fix_Win": false,
    "I_Win": false,
    "batch_size": 512,
    "epochs": 4,
    "lr": 0.0003,
    "use_augmentation": true,
    "aug_num": 4,
    "run_id": 11,
    "seed": 42
  },
  "training_logs": {
    "train_losses": [
      0.013334865909069777,
      0.008817691786214709,
      0.008152933336794376,
      0.0078080424992367625,
      0.007618619434535503,
      0.007517058717086912,
      0.007402539998292923,
      0.007358588563278317,
      0.007318839787505567,
      0.007271438877098262,
      0.007217449903488159,
      0.007193456022068858,
      0.007165393558330834,
      0.00712849963735789,
      0.007092836610041559,
      0.007063554732128978,
      0.007041416424326599,
      0.007025231598876417,
      0.006996434490196407,
      0.006962663759477437,
      0.0069553603567183014,
      0.006915803991258144,
      0.006899274801835418,
      0.0068600271921604875,
      0.006873432587832212,
      0.006847984945401549,
      0.006836935121566057,
      0.006806671439670026,
      0.00678027945291251,
      0.006758172506466508,
      0.0067453558007255195,
      0.00673734503146261,
      0.006709912499412894,
      0.006704186949878931,
      0.00668895616196096,
      0.00666386154666543,
      0.006653368534520268,
      0.0066273047309368845,
      0.006611132198013365,
      0.006604639696888626,
      0.00658605576865375,
      0.006570736797526479,
      0.006551873993128538,
      0.0065372094567865136,
      0.006540629052557051,
      0.006513282788917422,
      0.0065004362668842075,
      0.006483650952577591,
      0.006472813218832016,
      0.006466953979805112,
      0.006450026500970125,
      0.006431532881222665,
      0.006426901757717133,
      0.00640853404160589,
      0.006400072363205254,
      0.006379243351519108,
      0.006362671450711787,
      0.006362884525209665,
      0.006353224419057369,
      0.006338263500481844,
      0.006326615140773356,
      0.006308931775391101,
      0.006297389257699251,
      0.006290161301381886,
      0.006274499222636223,
      0.006267673635855317,
      0.006254559559747577,
      0.006241902019828558,
      0.006223011140711605,
      0.006215050453320146,
      0.00620552319008857,
      0.0062039916049689055,
      0.006185324541293085,
      0.006170852184295654,
      0.0061680748853832484,
      0.006150979797355831,
      0.006141096684150398,
      0.00613395064137876,
      0.006124109297059476,
      0.00611184252332896
    ],
    "eval_losses": [
      0.007950341671705247,
      0.007507383706271648,
      0.00702134719491005,
      0.00693167451903224,
      0.007006397495567799,
      0.006796453896164894,
      0.006703940361589194,
      0.006654865693747998,
      0.006555260401666164,
      0.006481359193772077,
      0.0064045093688368795,
      0.006316117453277111,
      0.006270975180268288,
      0.00621175932765007,
      0.00615056088924408,
      0.006098692981898785
    ],
    "psnr": [
      20.998054529418944,
      21.246900091552735,
      21.537654115600585,
      21.593507980957032,
      21.546926942749025,
      21.679015197753905,
      21.738671539916993,
      21.770454036865235,
      21.835980950927734,
      21.88524924682617,
      21.937111831054686,
      21.99738592163086,
      22.028594453125,
      22.06978538696289,
      22.112844193725586,
      22.14956818237305
    ],
    "ssim": [
      0.6435613122749329,
      0.6562856999778748,
      0.6626918377685547,
      0.666069992351532,
      0.6670724743843078,
      0.6709793055534363,
      0.674203010520935,
      0.6763211693000794,
      0.6795442691040039,
      0.6814110506248474,
      0.6840437645721436,
      0.6876023295402527,
      0.6894231337547302,
      0.6914574109649658,
      0.6935749152183532,
      0.6954996772956848
    ],
    "best_epoch": null,
    "best_step": 40000,
    "best_eval_loss": 0.006098692981898785
  },
  "test_results": {
    "test_loss": 0.006092435657083988,
    "test_psnr": 22.154594041137695,
    "test_ssim": 0.6956256023025512
  }
}