{
  "args": {
    "device": "cuda:6",
    "exp_home": "./results",
    "ds_name": "mnist",
    "mode": "denoising",
    "noise_std": 0.25,
    "down_scale": 2.0,
    "model_type": "conventional",
    "latent_dim": 784,
    "hidden_dims": [
      1150,
      1150,
      1150,
      1150,
      1150,
      1150,
      1150,
      1150,
      1150,
      1150
    ],
    "wo_Win": false,
    "fix_Win": false,
    "I_Win": true,
    "batch_size": 128,
    "epochs": 100,
    "lr": 5e-05,
    "use_augmentation": false,
    "aug_num": 2,
    "run_id": 2,
    "seed": 42
  },
  "training_logs": {
    "train_losses": [
      0.03042934518903494,
      0.011357389086782932,
      0.008722685833275318,
      0.0076048497328162195,
      0.006889442569464445,
      0.006424169003218412,
      0.006060013198703527,
      0.005785428414195776,
      0.0055629644358158115,
      0.0053984015887975694,
      0.005242262264192104,
      0.005121930065155029,
      0.005015107292681932,
      0.004930906757265329,
      0.004841796339452266,
      0.004767061670422554,
      0.0046780055975914,
      0.004642237040698528,
      0.004586309476345777,
      0.004525941836684942,
      0.004480673461556435,
      0.004425353095531464,
      0.0044025888393819336,
      0.004352837582528591,
      0.004313159269988537,
      0.004289062754809857,
      0.004252962547540665,
      0.004231250993311405,
      0.004190856315344572,
      0.004163190592080355,
      0.004138305731266737,
      0.004110955367535352,
      0.004088221902400256,
      0.0040700440914928915,
      0.0040541266594827175,
      0.004023382314518094,
      0.004006902701854706,
      0.003988954715877771,
      0.003959494175761938,
      0.003954982499331236,
      0.003928666202127933,
      0.003920007871687412,
      0.0039025693038105963,
      0.003884093236029148,
      0.003865847555100918,
      0.0038588390597701075,
      0.0038431912736594676,
      0.003818552346304059,
      0.003819017907679081,
      0.003806187659204006,
      0.003787828059196472,
      0.003777474157586694,
      0.0037653230486810207,
      0.003756330854296684,
      0.003738195563182235,
      0.0037359071861207487,
      0.0037164477820694447,
      0.003708590558990836,
      0.0036985468719899655,
      0.00369185118496418,
      0.0036749366471916438,
      0.0036743900214880705,
      0.0036638845512270927,
      0.0036505316653847692,
      0.003639076378419995,
      0.00363047906331718,
      0.003617653909251094,
      0.0036147737769782542,
      0.003603975512981415,
      0.0036023758259415626,
      0.003591975527629256,
      0.003584381922930479,
      0.0035830093747377394,
      0.003557635649368167,
      0.0035587877503037452,
      0.0035465772420167924,
      0.003548260263055563,
      0.003539438624456525,
      0.0035344763389229773,
      0.003524565927237272,
      0.003519086855351925,
      0.0035133440837264063,
      0.003502370291277766,
      0.003496440685465932,
      0.0034990816189348697,
      0.0034916461580246686,
      0.0034818110277503728,
      0.003475063417106867,
      0.0034730147069692613,
      0.003468720625936985,
      0.0034612815057486297,
      0.0034496636065095665,
      0.003452723929807544,
      0.0034494718451797963,
      0.0034449932322651146,
      0.0034365403751283885,
      0.0034330358823388813,
      0.0034276978661119937,
      0.0034207208179682495,
      0.0034239431013911963
    ],
    "eval_losses": [
      0.006305351486057043,
      0.005158118632435799,
      0.00476519718170166,
      0.0045710600897669795,
      0.004423574401438236,
      0.0042850283324718475,
      0.004222764618694782,
      0.00415595668554306,
      0.004107908195257187,
      0.004071918617933989,
      0.004032447537779808,
      0.004006385988742113,
      0.00394558041319251,
      0.003922385261207819,
      0.003906948154419661,
      0.003880885072797537,
      0.003870086222141981,
      0.003853604083508253,
      0.003842895095050335,
      0.003825204285234213
    ],
    "psnr": [
      22.0056292388916,
      22.87810112915039,
      23.222006829833983,
      23.401921179199217,
      23.54476301574707,
      23.682888110351563,
      23.74669817199707,
      23.81601528930664,
      23.86638804321289,
      23.90401527404785,
      23.946729675292968,
      23.974562426757814,
      24.041224328613282,
      24.067151034545898,
      24.084357122802736,
      24.113038537597657,
      24.125553036499024,
      24.143736447143553,
      24.15581326599121,
      24.17622366027832
    ],
    "ssim": [
      0.8838304290771485,
      0.9095378246307373,
      0.9169821290016175,
      0.9251152268409729,
      0.9279224851608276,
      0.9314538228988647,
      0.9355530786514282,
      0.9323303310394288,
      0.9365596940040588,
      0.9392764165878296,
      0.9419517726898193,
      0.9396610790252685,
      0.9423417795181275,
      0.943904861831665,
      0.9454219324111939,
      0.9458621361732483,
      0.9462615969657898,
      0.945893194770813,
      0.9471560576438903,
      0.9467808252334595
    ],
    "best_epoch": 100,
    "best_step": null,
    "best_eval_loss": 0.003825204285234213
  },
  "test_results": {
    "test_loss": 0.0038126454684883357,
    "test_psnr": 24.198079217529298,
    "test_ssim": 0.9477129697799682
  }
}