{
  "args": {
    "device": "cuda:6",
    "exp_home": "./results",
    "ds_name": "mnist",
    "mode": "denoising",
    "noise_std": 0.25,
    "down_scale": 2.0,
    "model_type": "conventional",
    "latent_dim": 784,
    "hidden_dims": [
      1150,
      1150,
      1150,
      1150,
      1150,
      1150,
      1150,
      1150,
      1150,
      1150
    ],
    "wo_Win": false,
    "fix_Win": true,
    "I_Win": false,
    "batch_size": 128,
    "epochs": 100,
    "lr": 0.0005,
    "use_augmentation": false,
    "aug_num": 2,
    "run_id": 2,
    "seed": 42
  },
  "training_logs": {
    "train_losses": [
      0.01792212014913559,
      0.008819827072918415,
      0.00751342008382082,
      0.007040532815754413,
      0.006632715661972761,
      0.0064144180791079995,
      0.006220501678436995,
      0.006052046928703785,
      0.00596284725561738,
      0.0058222109490633014,
      0.0057273152858018875,
      0.005626813763380051,
      0.005563349332213402,
      0.005540339560806751,
      0.005445170146524906,
      0.005353533010929823,
      0.00530502477735281,
      0.005280773978978396,
      0.005232194730490446,
      0.005155331166386604,
      0.005104774018526078,
      0.0050702457074821,
      0.005043972252160311,
      0.004999618223905563,
      0.004977820644378662,
      0.004922133419811726,
      0.00487080347970128,
      0.004857023011744023,
      0.004813025206774473,
      0.0047776823484897615,
      0.004759560440182686,
      0.0047155412973463534,
      0.004681789491176605,
      0.004661628903448582,
      0.004645004223138094,
      0.004596909743249417,
      0.004579911144375801,
      0.004539151201546192,
      0.004507990071028471,
      0.004498725778609514,
      0.004457019232660532,
      0.004441916257143021,
      0.004418657775074244,
      0.004383462826013565,
      0.00435402980029583,
      0.004340968450307846,
      0.004328315782696009,
      0.004285014076083899,
      0.00427057857632637,
      0.0042448578843474385,
      0.0042257608453929426,
      0.004195498315989971,
      0.004188806397020817,
      0.0041642571453750134,
      0.004136090967208147,
      0.004117439517825842,
      0.004085741710066796,
      0.004072695445641875,
      0.004045008008480072,
      0.004036998058110476,
      0.003995894183814526,
      0.003989760609567165,
      0.003968244481384754,
      0.003945679856091738,
      0.003919031842052937,
      0.0038992101462930443,
      0.0038748462496697904,
      0.003854565314948559,
      0.0038336700822412966,
      0.003821661140471697,
      0.003803451785594225,
      0.003776952906399965,
      0.0037610206543654203,
      0.003731879010275006,
      0.0037144999706745147,
      0.003690190180391073,
      0.003676249318867922,
      0.003650841587483883,
      0.003635336563363671,
      0.003613831278309226,
      0.0035905774300545455,
      0.003570594055652618,
      0.0035494526233524086,
      0.0035317672733962534,
      0.0035142266973108055,
      0.003487642418369651,
      0.0034625203777104616,
      0.003440524990707636,
      0.0034251777156442402,
      0.0034030691555142403,
      0.0033828523196280003,
      0.0033563916844129562,
      0.003340143998041749,
      0.003321193586587906,
      0.003300784531086683,
      0.0032811109407246113,
      0.0032617697024345397,
      0.0032419589023292067,
      0.003223412098661065,
      0.003212879582494497
    ],
    "eval_losses": [
      0.006330110366642475,
      0.005651204497367144,
      0.005338653314113617,
      0.005047426923364401,
      0.004926796955615282,
      0.004752274514734745,
      0.0047136039726436135,
      0.004554741686582565,
      0.004519634273648262,
      0.00436310505270958,
      0.0042990600109100345,
      0.004214177678525448,
      0.004165658577531576,
      0.0041270568296313285,
      0.004063487641513348,
      0.0040047297708690165,
      0.00395180074647069,
      0.003919798926264048,
      0.003889744348824024,
      0.0038424325093626976
    ],
    "psnr": [
      21.98820576477051,
      22.480954904174805,
      22.728130419921875,
      22.970631546020506,
      23.076190322875977,
      23.232863568115235,
      23.26853746948242,
      23.417522958374022,
      23.451013705444335,
      23.60372682495117,
      23.668256259155275,
      23.754949362182618,
      23.805226522827148,
      23.84591674499512,
      23.913744680786134,
      23.97610849304199,
      24.03448728027344,
      24.069655422973632,
      24.103342752075196,
      24.15669921875
    ],
    "ssim": [
      0.8933125781059266,
      0.9146504012107849,
      0.9192980862617492,
      0.9253805932998658,
      0.9290150818824768,
      0.929423388004303,
      0.9316404787063599,
      0.9341640171051026,
      0.9357072206497192,
      0.9381334806442261,
      0.9410601601600647,
      0.9425031639099121,
      0.9437801938056946,
      0.9442277725219727,
      0.9463049727439881,
      0.9498278197288513,
      0.9496327851295471,
      0.9498343956947327,
      0.9517534107208252,
      0.9516823656082153
    ],
    "best_epoch": 100,
    "best_step": null,
    "best_eval_loss": 0.0038424325093626976
  },
  "test_results": {
    "test_loss": 0.0038416815992444752,
    "test_psnr": 24.16551185913086,
    "test_ssim": 0.9523591068267823
  }
}