{
  "args": {
    "device": "cuda:0",
    "exp_home": "./results",
    "ds_name": "mnist",
    "mode": "denoising",
    "noise_std": 0.25,
    "down_scale": 2.0,
    "model_type": "conventional",
    "latent_dim": 784,
    "hidden_dims": [
      905,
      905
    ],
    "wo_Win": true,
    "fix_Win": false,
    "I_Win": false,
    "wo_Wout": true,
    "batch_size": 128,
    "epochs": 30,
    "lr": 0.0001,
    "use_augmentation": false,
    "aug_num": 2,
    "run_id": 1,
    "seed": 42
  },
  "training_logs": {
    "train_losses": [
      0.03249360936641693,
      0.010808011963665485,
      0.008092695757448674,
      0.006935030731260777,
      0.006299478403925896,
      0.005883876535892486,
      0.005597426397651434,
      0.005401272198855877,
      0.005225545082837344,
      0.005114226974248886,
      0.004996337252855301,
      0.004904992492645979,
      0.004839362969100475,
      0.004766415989547968,
      0.004722299631536007,
      0.004664947137236595,
      0.004626842459589243,
      0.004598375736027956,
      0.0045501822192966935,
      0.004524386553317309,
      0.004500461313277483,
      0.004469647554010153,
      0.004444276192188263,
      0.004430681937634945,
      0.00441602800577879,
      0.004397185249626637,
      0.004390073559880256,
      0.004372131305038929,
      0.004370176945328713,
      0.004358896477371454
    ],
    "eval_losses": [
      0.0057644281059503555,
      0.004848355849087238,
      0.004533003494888544,
      0.004397837746888399,
      0.004330003936588764,
      0.004261065641790628
    ],
    "psnr": [
      22.395319479370116,
      23.146423193359375,
      23.438867907714844,
      23.56989981689453,
      23.637040368652343,
      23.707188717651366
    ],
    "ssim": [
      0.83594566116333,
      0.8816686845779419,
      0.9005930868148804,
      0.9099148545265198,
      0.9140957549095153,
      0.9169335834503174
    ],
    "best_epoch": 30,
    "best_step": null,
    "best_eval_loss": 0.004261065641790628
  },
  "test_results": {
    "test_loss": 0.00423346012942493,
    "test_psnr": 23.743857675170897,
    "test_ssim": 0.9184668146133422
  }
}