{
  "args": {
    "device": "cuda:6",
    "exp_home": "./results",
    "ds_name": "mnist",
    "mode": "denoising",
    "noise_std": 0.25,
    "down_scale": 2.0,
    "model_type": "conventional",
    "latent_dim": 784,
    "hidden_dims": [
      1150,
      1150,
      1150,
      1150,
      1150,
      1150,
      1150,
      1150,
      1150,
      1150,
      1150,
      1150,
      1150,
      1150,
      1150
    ],
    "wo_Win": false,
    "fix_Win": true,
    "I_Win": true,
    "batch_size": 128,
    "epochs": 100,
    "lr": 0.001,
    "use_augmentation": false,
    "aug_num": 2,
    "run_id": 1,
    "seed": 42
  },
  "training_logs": {
    "train_losses": [
      0.02627064961731434,
      0.01427262422710657,
      0.013286789512038231,
      0.012927471340596675,
      0.012892080466151238,
      0.013724128648936748,
      0.01287763497531414,
      0.012596525788009167,
      0.013568121056556701,
      0.012756445668637753,
      0.011677950460612773,
      0.01432565595805645,
      0.012289120169878006,
      0.0121868796479702,
      0.012732000395059586,
      0.011734268901646137,
      0.011862433589696884,
      0.01324047633945942,
      0.014327130942344666,
      0.013977824832201004,
      0.013156673904955387,
      0.011933739747703075,
      0.011654143643081188,
      0.010558659374713899,
      0.010277183426320552,
      0.010321145315468312,
      0.010750679253041745,
      0.010891099707186222,
      0.01012103899806738,
      0.011798456319868564,
      0.011055685592889785,
      0.011771684913933277,
      0.011154925795793533,
      0.009934301562607288,
      0.010645676880180836,
      0.01016687739700079,
      0.009174254035949706,
      0.00905873798519373,
      0.009130305635035038,
      0.008892962894141675,
      0.008430953946709632,
      0.010631070884168148,
      0.008732130575478078,
      0.008410013973712922,
      0.008918895135521888,
      0.008757332950234413,
      0.007998602166771888,
      0.008388409716784954,
      0.007955917822420597,
      0.007729236697852611,
      0.007837847178280354,
      0.007463413187265396,
      0.009092189200222492,
      0.007656417225897313,
      0.007523887196928263,
      0.008488986937701701,
      0.008172172817885875,
      0.007423200083971023,
      0.0071785552847385406,
      0.0070119958582520485,
      0.007103872027546167,
      0.00768468591183424,
      0.007700092629790306,
      0.006978422474563122,
      0.007623880037218332,
      0.007002678822278977,
      0.006441389250904321,
      0.0068245722439885135,
      0.006628558579683304,
      0.0067842582884430885,
      0.006419376418292522,
      0.0064191739672422405,
      0.006266902719438076,
      0.00634448808401823,
      0.00686170830026269,
      0.0064771596896648406,
      0.006299047162532806,
      0.006686292417794466,
      0.006256627682894468,
      0.006034333879500628,
      0.00597662616699934,
      0.006061906458288431,
      0.006080588411539793,
      0.005886274602264166,
      0.0061996056511998176,
      0.006289657286405563,
      0.0059548462687432765,
      0.0059063407862186435,
      0.00599469428524375,
      0.005824247564971447,
      0.005676462836116552,
      0.005626428303569555,
      0.005654067579209805,
      0.005540438324660063,
      0.00551791844561696,
      0.005486077938228846,
      0.005434066636413336,
      0.005361390410214662,
      0.005363077748268843,
      0.00529138889014721
    ],
    "eval_losses": [
      0.012217829275131226,
      0.010982901541888714,
      0.01118058204203844,
      0.014532041771709919,
      0.0098899256631732,
      0.012355744843184947,
      0.010655680745840073,
      0.007534440924227238,
      0.007918624694645405,
      0.007009882758557797,
      0.0069875039577484135,
      0.006165893193334341,
      0.007271193754673004,
      0.0062488986030220985,
      0.006193001691997051,
      0.0058904683329164985,
      0.005690274817496538,
      0.005366481177508831,
      0.005184483421593905,
      0.004941423182189464
    ],
    "psnr": [
      19.167292416381837,
      19.652078805541993,
      19.56495289916992,
      18.42834564819336,
      20.088831210327147,
      19.116352856445314,
      19.783329522705078,
      21.285505709838866,
      21.07255378112793,
      21.591354278564452,
      21.60821033630371,
      22.15614958190918,
      21.43448641357422,
      22.09413858642578,
      22.142526416015624,
      22.368626922607422,
      22.516809521484376,
      22.773712634277345,
      22.914957556152345,
      23.12402356262207
    ],
    "ssim": [
      0.8946618038177491,
      0.912573335647583,
      0.9133140687942505,
      0.8994782613754273,
      0.9159273738861085,
      0.9082699542999267,
      0.9152087730407715,
      0.9297345916748047,
      0.9267420335769654,
      0.930040417098999,
      0.9286276720046998,
      0.9298211073875428,
      0.9200179625511169,
      0.9303409703254699,
      0.9301019104957581,
      0.9294451362609863,
      0.9296031915664673,
      0.9342022106170654,
      0.9331184879302978,
      0.93587592420578
    ],
    "best_epoch": 100,
    "best_step": null,
    "best_eval_loss": 0.004941423182189464
  },
  "test_results": {
    "test_loss": 0.004807247131317854,
    "test_psnr": 23.25430196838379,
    "test_ssim": 0.9376138851165772
  }
}