{
  "args": {
    "device": "cuda:1",
    "exp_home": "./results",
    "ds_name": "mnist",
    "mode": "generative_classification",
    "noise_std": 0.25,
    "down_scale": 2.0,
    "model_type": "conventional",
    "latent_dim": 784,
    "hidden_dims": [
      1150
    ],
    "wo_Win": false,
    "fix_Win": false,
    "I_Win": true,
    "batch_size": 128,
    "epochs": 100,
    "lr": 0.0005,
    "use_augmentation": false,
    "aug_num": 2,
    "run_id": 5,
    "seed": 42
  },
  "training_logs": {
    "train_losses": [
      0.017542505746781827,
      0.007485655227601528,
      0.006117166131287813,
      0.005338529830873013,
      0.0047198119390010835,
      0.004323910873681307,
      0.0039562123116850855,
      0.0037209844428300856,
      0.0034063071390986444,
      0.0031800566917657854,
      0.003003402544781566,
      0.00278725598461926,
      0.0026097601943463086,
      0.0024670784530043603,
      0.0023539396253973244,
      0.0022605826061218976,
      0.00214823616437614,
      0.001982097942382097,
      0.001949751080274582,
      0.0018527732068300247,
      0.001805898310765624,
      0.0017071364425122737,
      0.0016688858375698329,
      0.0015994206447526812,
      0.0015403203957155347,
      0.0014932164979353547,
      0.00143618212133646,
      0.0014055783326923847,
      0.0013731840333715082,
      0.0013103292733430863,
      0.0012895185431838036,
      0.0012421901770681143,
      0.0012156772225350141,
      0.001180636692494154,
      0.0011394646601378918,
      0.0011239370013773442,
      0.0010945494423806668,
      0.0010722680802643298,
      0.001055919179916382,
      0.0010206421434134246,
      0.0010069534707069397,
      0.0009929546551965178,
      0.0009509622552245856,
      0.0009458510133810342,
      0.0009232286252826452,
      0.000898436437677592,
      0.0008850116221234203,
      0.0008813216990604997,
      0.0008504911549948156,
      0.0008374679031968117,
      0.0008256163553148508,
      0.0008018840769305826,
      0.0007846735970303417,
      0.0007823131621628999,
      0.00076939752118662,
      0.0007494210894405842,
      0.0007406827915273607,
      0.0007217819059081376,
      0.0007061466952040791,
      0.000699899812284857,
      0.0006900487269461155,
      0.0006784523250348866,
      0.0006637013225071132,
      0.0006511869474127888,
      0.0006357256588339806,
      0.0006425717158615589,
      0.0006170286085829139,
      0.0006186622391827404,
      0.0006085791384615004,
      0.000594024360049516,
      0.0005837158683501184,
      0.0005684228232689202,
      0.0005642686066962779,
      0.0005474858681298792,
      0.0005452485466748476,
      0.0005403349788859487,
      0.0005330931031703949,
      0.0005190478752553463,
      0.0005119062190875411,
      0.0005049596818722785,
      0.0004933127024956047,
      0.0004885173805523664,
      0.00048142755219712856,
      0.0004750656735058874,
      0.00046810400215908883,
      0.00046379422543570397,
      0.0004520096651092172,
      0.0004446303414553404,
      0.00044133664552122357,
      0.00043613994383253155,
      0.0004314216195978224,
      0.0004173183888848871,
      0.0004062199595943093,
      0.0004075251686479896,
      0.0003991610404662788,
      0.00039785794988274575,
      0.00038898884933441876,
      0.00038492055892013014,
      0.00037655121747404337,
      0.00037783661130815746
    ],
    "eval_losses": [
      0.0056378078937530515,
      0.00486605474203825,
      0.004532012657821179,
      0.00423787632137537,
      0.004005882294476033,
      0.0038522186040878294,
      0.0036872218929231166,
      0.003771802751719952,
      0.0035655460335314274,
      0.003596486722677946,
      0.003605828393995762,
      0.003594957411289215,
      0.0036255536407232285,
      0.003570177786052227,
      0.0035760586008429527,
      0.0036028633587062357,
      0.003565573361515999,
      0.0035766793489456178,
      0.0036076815746724604,
      0.0035984199106693267
    ],
    "psnr": [
      22.6066665222168,
      23.247653463745117,
      23.555874240112306,
      23.85942640991211,
      24.123817990112304,
      24.30683388671875,
      24.506734579467775,
      24.397854067993165,
      24.6711158203125,
      24.618502124023436,
      24.606578106689454,
      24.618512329101563,
      24.586148718261718,
      24.659554183959962,
      24.65376463623047,
      24.626403436279297,
      24.668994647216795,
      24.650307205200196,
      24.615388717651367,
      24.628810760498048
    ],
    "best_epoch": 45,
    "best_step": null,
    "best_eval_loss": 0.0035655460335314274
  },
  "test_results": {
    "test_loss": 0.003584088942408562,
    "test_psnr": 25.125005682373047
  }
}