{
  "args": {
    "device": "cuda:3",
    "exp_home": "./results",
    "ds_name": "mnist",
    "mode": "generative_classification",
    "noise_std": 0.25,
    "down_scale": 2.0,
    "model_type": "conventional",
    "latent_dim": 784,
    "hidden_dims": [
      1150,
      1150,
      1150,
      1150,
      1150,
      1150,
      1150,
      1150,
      1150,
      1150
    ],
    "wo_Win": false,
    "fix_Win": true,
    "I_Win": false,
    "batch_size": 128,
    "epochs": 100,
    "lr": 0.0001,
    "use_augmentation": true,
    "aug_num": 2,
    "run_id": 1,
    "seed": 42
  },
  "training_logs": {
    "train_losses": [
      0.011503244163691997,
      0.004194174071997404,
      0.003202060137577355,
      0.0027578578110039236,
      0.0022459708607941867,
      0.0021165271053276958,
      0.0018754188230633735,
      0.0016804382733814419,
      0.0015313006975129246,
      0.001436276392620057,
      0.0013251498803310096,
      0.0012541478598490357,
      0.0011350435982923955,
      0.0011081839421018958,
      0.000997089612558484,
      0.0009935124544333666,
      0.0009171195130888372,
      0.0008161682834010571,
      0.0007667591727618128,
      0.0007828926588781178,
      0.000756605767942965,
      0.0006849455360486172,
      0.0006794433728046715,
      0.000624571514064446,
      0.0006186111754830927,
      0.0005572283536940813,
      0.0005210871161660179,
      0.000560551760001108,
      0.000526040456071496,
      0.0004518175286916085,
      0.0004751002424163744,
      0.0004756143412552774,
      0.00045063294710824265,
      0.00043462224506307396,
      0.0004002999698743224,
      0.00038537276120856405,
      0.0003790710951760411,
      0.0003507663629855961,
      0.00035071892853360626,
      0.0003192427730280906,
      0.0003071262835105881,
      0.00034348153080791235,
      0.00030475695424713194,
      0.00030604137175250796,
      0.0003055890886904672,
      0.0002942821675678715,
      0.00025027453863061964,
      0.00021772121671587228,
      0.0002573778698220849,
      0.00025371076342649756,
      0.00022060656889574603,
      0.00020618663596687838,
      0.00020057122222613544,
      0.00019834297962253913,
      0.00021013595728203654,
      0.0001721768475533463,
      0.00018313768515596166,
      0.0001939707331545651,
      0.00016107472657924518,
      0.00014131205076118932,
      0.0001409079010412097,
      0.00016920706050586886,
      0.0001389532758842688,
      0.00013056849472457542,
      0.00013723710500169545,
      0.00011088047093828209,
      0.00012331461553927511,
      9.870952359866351e-05,
      9.978645078488626e-05,
      0.0001096847656799946,
      8.873584021697752e-05,
      0.0001133881208440289,
      7.812629677122458e-05,
      9.939005357795394e-05,
      7.445347847416997e-05,
      7.508101789630019e-05,
      7.799299483885989e-05,
      7.812553470488638e-05,
      6.51252828608267e-05,
      6.071804426319432e-05,
      6.444579010712915e-05,
      5.1767084908206016e-05,
      6.425235875882208e-05,
      4.172444170544622e-05,
      5.275834451196715e-05,
      4.485647019231692e-05,
      5.50922606268432e-05,
      4.270880128839053e-05,
      3.905831199372187e-05,
      3.971612601133529e-05,
      4.0144501946051605e-05,
      3.4730199525365605e-05,
      3.2449760462041016e-05,
      3.269244850089308e-05,
      3.148612480930751e-05,
      3.4873842199449425e-05,
      3.196356808359269e-05,
      3.0490952873660717e-05,
      2.9547182515088936e-05,
      2.9418276095821056e-05
    ],
    "eval_losses": [
      0.0031238721173256637,
      0.0026016621615737676,
      0.0023831821301952003,
      0.0023916254366748036,
      0.002515043646655977,
      0.0023009234729222954,
      0.002488985769171268,
      0.0022211500427685676,
      0.0021450121191795915,
      0.001799643349600956,
      0.0021495156846940517,
      0.0018943091017426922,
      0.0019335459089721552,
      0.0018972968310234136,
      0.0018797250376373995,
      0.001911536340782186,
      0.0018692114492645487,
      0.00172361094012158,
      0.001628085831401404,
      0.0016252968936110847
    ],
    "psnr": [
      25.5732400390625,
      26.672445187377928,
      27.10167632446289,
      27.124066360473634,
      26.87515432434082,
      27.38563677368164,
      27.01079506530762,
      27.905339065551757,
      28.04599560546875,
      28.8725072265625,
      27.848736489868163,
      29.317832623291014,
      28.422014276123047,
      28.851611010742186,
      28.813199029541014,
      29.24663845214844,
      28.67520690917969,
      29.827355670166014,
      30.308703308105468,
      30.88926821899414
    ],
    "best_epoch": 100,
    "best_step": null,
    "best_eval_loss": 0.0016252968936110847
  },
  "test_results": {
    "test_loss": 0.0016394472971383949,
    "test_psnr": 34.593181335449216
  }
}