{
  "args": {
    "device": "cuda:9",
    "exp_home": "./results",
    "ds_name": "mnist",
    "mode": "generative_classification",
    "noise_std": 0.25,
    "down_scale": 2.0,
    "model_type": "conventional",
    "latent_dim": 784,
    "hidden_dims": [
      1150,
      1150,
      1150
    ],
    "wo_Win": true,
    "fix_Win": false,
    "I_Win": false,
    "wo_Wout": true,
    "batch_size": 128,
    "epochs": 50,
    "lr": 0.001,
    "use_augmentation": false,
    "aug_num": 2,
    "run_id": 2,
    "seed": 42
  },
  "training_logs": {
    "train_losses": [
      0.01123312141060829,
      0.005375934363156557,
      0.004195061771571636,
      0.0035510892452299595,
      0.0030430229309201242,
      0.0027209195088595153,
      0.002534872011989355,
      0.002303863009363413,
      0.002164495038241148,
      0.001822911058217287,
      0.0017752328278124333,
      0.001557785027101636,
      0.0014718141342327,
      0.0014638224413245917,
      0.0012348967653885484,
      0.001210915083065629,
      0.001204237138107419,
      0.0011094885579124093,
      0.0010191613169573247,
      0.0009018739748001099,
      0.0008557423833012581,
      0.0007539447621256113,
      0.0007274674230627715,
      0.0008181282498314977,
      0.000781556228455156,
      0.0006053958562761545,
      0.0005095992138050496,
      0.0005163979208096861,
      0.0005270856614410877,
      0.0004935518303792924,
      0.00046925363496877254,
      0.00042843545155599714,
      0.00036065427953377364,
      0.0003526423869933933,
      0.00035363436084240676,
      0.00035710731734521684,
      0.000312478136299178,
      0.00026882835235446693,
      0.000244895616392605,
      0.00024837889443151654,
      0.0002483261706214398,
      0.00023493791645392775,
      0.0002061111675715074,
      0.0001899497566372156,
      0.00018023581197019667,
      0.000178755530747585,
      0.00017109443930909038,
      0.0001617327997647226,
      0.0001535478253941983,
      0.00014754715356975795
    ],
    "eval_losses": [
      0.005163634149730206,
      0.004627489966154099,
      0.0041465709902346135,
      0.0036526970509439707,
      0.0036567664672620594,
      0.003550062781199813,
      0.00301445854017511,
      0.0033822139946511017,
      0.003051360420230776,
      0.0028990213624201715
    ],
    "psnr": [
      23.132155447387696,
      23.661898110961914,
      24.230844833374025,
      24.927699377441407,
      24.787347940063476,
      25.041932464599608,
      25.80803030395508,
      25.46632975463867,
      25.93516305541992,
      26.33261407470703
    ],
    "ssim": [
      0.9580600239753723,
      0.9661461965560914,
      0.9696443799972534,
      0.9745032941818237,
      0.9740201378822326,
      0.9753261647224426,
      0.9794431944847107,
      0.9778455774307251,
      0.9799445671081543,
      0.9809793632507324
    ],
    "best_epoch": 50,
    "best_step": null,
    "best_eval_loss": 0.0028990213624201715
  },
  "test_results": {
    "test_loss": 0.002928010436403565,
    "test_psnr": 27.126983447265626,
    "test_ssim": 0.9808449460029602
  }
}