{
  "args": {
    "device": "cuda:0",
    "exp_home": "./results",
    "ds_name": "mnist",
    "mode": "denoising",
    "noise_std": 0.25,
    "down_scale": 2.0,
    "model_type": "conventional",
    "latent_dim": 784,
    "hidden_dims": [
      905,
      905,
      905,
      905,
      905
    ],
    "wo_Win": true,
    "fix_Win": false,
    "I_Win": false,
    "wo_Wout": true,
    "batch_size": 128,
    "epochs": 30,
    "lr": 0.001,
    "use_augmentation": false,
    "aug_num": 2,
    "run_id": 5,
    "seed": 42
  },
  "training_logs": {
    "train_losses": [
      0.013022373973429204,
      0.008530840933918952,
      0.007574091404527426,
      0.006741950292140245,
      0.006289986953735352,
      0.005901493785083294,
      0.005548957052230835,
      0.005310563097000122,
      0.005129133845120668,
      0.004978162634372711,
      0.00488402696505189,
      0.004789326421916485,
      0.004702630056738853,
      0.004634352392554283,
      0.004568625780045986,
      0.004492579271346331,
      0.004434516104310751,
      0.0043622526463866235,
      0.004300130358785391,
      0.004260082550644874,
      0.004210204621106386,
      0.004149407825469971,
      0.00409648497864604,
      0.004045240776538849,
      0.003988922989144921,
      0.0039311772172153,
      0.00387918276488781,
      0.003823605732768774,
      0.0037817087099701165,
      0.003732457004636526
    ],
    "eval_losses": [
      0.005908184897899627,
      0.004869830317050219,
      0.004459251573681831,
      0.004194628772884608,
      0.0039925098486244676,
      0.0038090299539268015
    ],
    "psnr": [
      22.288218740844727,
      23.12657464904785,
      23.50905539550781,
      23.774832263183594,
      23.989338061523437,
      24.193922482299804
    ],
    "ssim": [
      0.9203458902359009,
      0.9323027877807617,
      0.9381593687057496,
      0.9445634675979614,
      0.9468559071540833,
      0.9528094782829285
    ],
    "best_epoch": 30,
    "best_step": null,
    "best_eval_loss": 0.0038090299539268015
  },
  "test_results": {
    "test_loss": 0.003788331829756498,
    "test_psnr": 24.224079626464842,
    "test_ssim": 0.9536260397911072
  }
}