{
  "args": {
    "device": "cuda:9",
    "exp_home": "./results",
    "ds_name": "mnist",
    "mode": "generative_classification",
    "noise_std": 0.25,
    "down_scale": 2.0,
    "model_type": "conventional",
    "latent_dim": 784,
    "hidden_dims": [
      1150,
      1150
    ],
    "wo_Win": false,
    "fix_Win": true,
    "I_Win": false,
    "batch_size": 128,
    "epochs": 200,
    "lr": 5e-05,
    "use_augmentation": true,
    "aug_num": 2,
    "run_id": 4,
    "seed": 42
  },
  "training_logs": {
    "train_losses": [
      0.026156753115057944,
      0.006943079916536808,
      0.005049172023460269,
      0.003943382943496108,
      0.003296957709789276,
      0.0027846838584542274,
      0.002390447943136096,
      0.002087445257976651,
      0.0018179793566465378,
      0.0016212188563123346,
      0.001458776074014604,
      0.0013348647385090589,
      0.00120107867192477,
      0.0011001257950812578,
      0.0010048568971455097,
      0.0009038402176927775,
      0.000830180888324976,
      0.0007857670149579644,
      0.0007175369999930263,
      0.0006741118435561657,
      0.0006370932011865079,
      0.0006103345708362758,
      0.0005574688686523587,
      0.0005185720218159258,
      0.0005321868448890745,
      0.0005244069658592343,
      0.00046648037103936077,
      0.0003905946874246001,
      0.0004625277605466545,
      0.0004394273906201124,
      0.00036174647146835923,
      0.00034049747237935665,
      0.0004223131628707051,
      0.0003486013684608042,
      0.000338335335701704,
      0.0003389961235038936,
      0.0003488916638679802,
      0.0002589173466898501,
      0.0003339529618341476,
      0.00026641466679982843,
      0.0002611577315069735,
      0.00029018321251496673,
      0.00027830083820968866,
      0.0002581237330660224,
      0.00022538251000456513,
      0.0002859322860743851,
      0.00021813867136836053,
      0.00019944352214224637,
      0.00022998543133493512,
      0.0002192200476396829,
      0.000214126286637038,
      0.00020701553827151656,
      0.00021417831708677113,
      0.00021508784470148385,
      0.0001998138821963221,
      0.0001764726101513952,
      0.00016840464177541434,
      0.0002104145682323724,
      0.00017918956099078058,
      0.00021940670642070474,
      0.0001594440058618784,
      0.00018143138364888728,
      0.00019163541107438504,
      0.00012985060799866914,
      0.00013777221181429924,
      0.00013177747333422302,
      0.00014730669769458474,
      0.00018141395862214266,
      0.00014456505480455234,
      0.00016296655882149934,
      0.0001154348808620125,
      0.00015302641313523054,
      0.00010513307036133483,
      0.00014994014151394367,
      0.00015639739014208318,
      0.0001202869563922286,
      0.0001170217135315761,
      0.00014337045690976084,
      0.0001108739261655137,
      0.00010219272216549143,
      0.000153625078224577,
      0.00011944978198036551,
      0.00011248528392985463,
      0.00011700774931814521,
      9.519655109848827e-05,
      0.00012512306367512793,
      8.488158927764743e-05,
      9.07708609616384e-05,
      8.652402591891587e-05,
      0.00011588734973687679,
      8.231730067636818e-05,
      7.62414240418002e-05,
      0.00013383312549907714,
      8.071583090350032e-05,
      0.00012007995752152056,
      8.37955015199259e-05,
      7.353844712488353e-05,
      9.224311555735767e-05,
      9.629016096703708e-05,
      8.615337379276753e-05,
      7.05620755138807e-05,
      8.263056508265436e-05,
      7.939921779558062e-05,
      6.77368824183941e-05,
      8.06697220588103e-05,
      9.616703597130255e-05,
      6.889503385871649e-05,
      7.857298786751926e-05,
      6.266261959448457e-05,
      7.587179019581527e-05,
      6.962072935886681e-05,
      6.44374063401483e-05,
      6.367927841842175e-05,
      5.95538396993652e-05,
      6.895092822145671e-05,
      7.355677235638723e-05,
      5.366885905037634e-05,
      6.479831016156822e-05,
      5.7809014650993047e-05,
      5.278286995366216e-05,
      6.41079563042149e-05,
      5.9035678748041394e-05,
      6.964317416306586e-05,
      4.9056841749697925e-05,
      4.8477540658786896e-05,
      5.8515217676758764e-05,
      6.531062651891262e-05,
      5.2218341082334516e-05,
      4.658436600817367e-05,
      5.53330076765269e-05,
      4.823938988847658e-05,
      4.467719719978049e-05,
      4.392580403713509e-05,
      4.517080030404031e-05,
      5.279289013240486e-05,
      4.794602127280086e-05,
      4.370845540892333e-05,
      5.215178488986567e-05,
      4.292904447764158e-05,
      4.083552359836176e-05,
      4.0473345739301294e-05,
      4.412380431545898e-05,
      4.399890510831028e-05,
      4.0097788255661724e-05,
      4.3636384182609615e-05,
      3.9168536004144696e-05,
      3.8872083339374515e-05,
      3.823612158885226e-05,
      3.682239877525717e-05,
      4.5353159208316355e-05,
      3.76571963657625e-05,
      3.674546347931027e-05,
      3.5362648975569754e-05,
      3.8949862383306025e-05,
      4.100459420471452e-05,
      3.765658443327993e-05,
      3.696443705121055e-05,
      3.37042269075755e-05,
      3.3017759746871886e-05,
      3.2705868813209235e-05,
      3.255702578928322e-05,
      3.259982168441638e-05,
      3.213438747450709e-05,
      3.3251101803034546e-05,
      3.330121720675379e-05,
      3.198841987876222e-05,
      3.1284019746817646e-05,
      3.0362723264843224e-05,
      2.9947427480947226e-05,
      3.0999311720952395e-05,
      3.269848726456985e-05,
      2.9095198535360395e-05,
      2.9759580658283084e-05,
      3.0792456776835024e-05,
      2.8849934530444442e-05,
      2.8044954636134206e-05,
      2.8795517741236837e-05,
      2.824466032208875e-05,
      2.809516871289816e-05,
      2.7936283014714716e-05,
      2.9039703430607915e-05,
      2.6749608789687045e-05,
      2.6547801380511374e-05,
      2.741115437587723e-05,
      2.6565815734211357e-05,
      2.597208549268544e-05,
      2.6697998156305404e-05,
      2.6138245393522085e-05,
      2.5351995506789536e-05,
      2.571744047338143e-05,
      2.5642065342981368e-05,
      2.5521425157785417e-05,
      2.5292352663818746e-05,
      2.5315889983903618e-05,
      2.5111939717317e-05,
      2.4631102585699408e-05,
      2.4651571639114992e-05,
      2.4507146074902267e-05,
      2.435310913482681e-05,
      2.469597215647809e-05
    ],
    "eval_losses": [
      0.004067444762587548,
      0.0034080846566706896,
      0.0030897268053144216,
      0.003016527608782053,
      0.0029613892689347265,
      0.002889767008088529,
      0.002859175743535161,
      0.002637307969108224,
      0.0030453245222568513,
      0.0029034530153498055,
      0.002623381526581943,
      0.0026101805005222557,
      0.002624872348830104,
      0.002501208904385567,
      0.0024703523963689805,
      0.0024825394589453936,
      0.0026098451763391494,
      0.002429244750738144,
      0.0025003823012113573,
      0.0023765339609235527,
      0.0023702524326741697,
      0.0024188114173710347,
      0.0024679328514263035,
      0.0023853170774877073,
      0.0023242117173969744,
      0.0024220685351639985,
      0.002563882262632251,
      0.002303431471809745,
      0.0023612200167030094,
      0.0022989747293293474,
      0.0023262324396520853,
      0.002322134956158698,
      0.0023058330807834864,
      0.002298096872866154,
      0.002274085995927453,
      0.0023444121848791837,
      0.002306614415161312,
      0.0023453704286366703,
      0.002334424645639956,
      0.0022746389167383313
    ],