{
  "args": {
    "device": "cuda:5",
    "exp_home": "./results",
    "ds_name": "imagenet32",
    "mode": "denoising",
    "noise_std": 0.25,
    "down_scale": 2.0,
    "model_type": "conventional",
    "latent_dim": 3072,
    "hidden_dims": [
      3546,
      3546,
      3546,
      3546,
      3546,
      3546
    ],
    "wo_Win": false,
    "fix_Win": true,
    "I_Win": true,
    "batch_size": 512,
    "epochs": 2,
    "lr": 0.0001,
    "use_augmentation": false,
    "aug_num": 2,
    "run_id": 1,
    "seed": 42
  },
  "training_logs": {
    "train_losses": [
      0.013650036618113518,
      0.009172991935163737,
      0.008462621837854385,
      0.008086436722427606,
      0.007857056647539138,
      0.007642245761118829,
      0.007494115811772645,
      0.007369138610549271,
      0.007270972442813218,
      0.007178793237544596
    ],
    "eval_losses": [
      0.007908053843677043,
      0.0070884624636173245
    ],
    "psnr": [
      21.02131917114258,
      21.496566135253907
    ],
    "ssim": [
      0.64052839220047,
      0.6579152772140503
    ],
    "best_epoch": null,
    "best_step": 5000,
    "best_eval_loss": 0.0070884624636173245
  },
  "test_results": {
    "test_loss": 0.007079589266777039,
    "test_psnr": 21.502566790161133,
    "test_ssim": 0.6580650092697143
  }
}