{
  "args": {
    "device": "cuda:8",
    "exp_home": "./results",
    "ds_name": "mnist",
    "mode": "denoising",
    "noise_std": 0.25,
    "down_scale": 2.0,
    "model_type": "conventional",
    "latent_dim": 784,
    "hidden_dims": [
      1150
    ],
    "wo_Win": false,
    "fix_Win": false,
    "I_Win": false,
    "wo_Wout": false,
    "batch_size": 128,
    "epochs": 30,
    "lr": 0.005,
    "use_augmentation": false,
    "aug_num": 2,
    "run_id": 1,
    "seed": 42
  },
  "training_logs": {
    "train_losses": [
      0.11468808940887451,
      0.11426177574396133,
      0.11426177609682082,
      0.11426177540302276,
      0.11426177619457245,
      0.11426177614212037,
      0.11426177567720414,
      0.11426177597045899,
      0.11426177616596223,
      0.11426177568912506,
      0.11426177580356597,
      0.11426177615642548,
      0.11426177591562271,
      0.11426177599668502,
      0.11426177613019943,
      0.11426177597284318,
      0.1142617756652832,
      0.11426177560806275,
      0.11426177561044693,
      0.1142617761874199,
      0.11426177590608597,
      0.11426177598237991,
      0.11426177636146545,
      0.11426177588939666,
      0.11426177578926086,
      0.11426177619695664,
      0.11426177532911301,
      0.11426177599191666,
      0.11426177613735199,
      0.11426177651405335
    ],
    "eval_losses": [
      0.11339527897834778,
      0.11339527897834778,
      0.11339527897834778,
      0.11339527897834778,
      0.11339527897834778,
      0.11339527897834778
    ],
    "psnr": [
      9.456085427856445,
      9.456085427856445,
      9.456085427856445,
      9.456085427856445,
      9.456085427856445,
      9.456085427856445
    ],
    "ssim": [
      0.4163598047733307,
      0.4163598047733307,
      0.4163598047733307,
      0.4163598047733307,
      0.4163598047733307,
      0.4163598047733307
    ],
    "best_epoch": 5,
    "best_step": null,
    "best_eval_loss": 0.11339527897834778
  },
  "test_results": {
    "test_loss": 0.11525704665184021,
    "test_psnr": 9.41049805908203,
    "test_ssim": 0.41666271438598634
  }
}