{
  "args": {
    "device": "cuda:1",
    "exp_home": "./results",
    "ds_name": "mnist",
    "mode": "generative_classification",
    "noise_std": 0.25,
    "down_scale": 2.0,
    "model_type": "conventional",
    "latent_dim": 784,
    "hidden_dims": [
      1150,
      1150,
      1150,
      1150,
      1150,
      1150
    ],
    "wo_Win": false,
    "fix_Win": true,
    "I_Win": true,
    "batch_size": 128,
    "epochs": 200,
    "lr": 5e-05,
    "use_augmentation": true,
    "aug_num": 2,
    "run_id": 2,
    "seed": 42
  },
  "training_logs": {
    "train_losses": [
      0.017192711870074272,
      0.004185658382624388,
      0.002881673749797046,
      0.0021921178349480035,
      0.0017520032808929682,
      0.0015995588080771268,
      0.0013796141613833606,
      0.0012289664841629564,
      0.0011693431923817843,
      0.0010059690846130251,
      0.0009057759880553931,
      0.0008616887044440955,
      0.0008503004374355078,
      0.0007929528880491853,
      0.000679702931214124,
      0.0007336844894941896,
      0.0006255501326546074,
      0.0006434531540982425,
      0.0006200004100333899,
      0.0005613618501648307,
      0.0005993811499513686,
      0.0005237512977281586,
      0.000488597556934692,
      0.00047777584582101555,
      0.0004503145920764655,
      0.0004384891493804753,
      0.0003960162005526945,
      0.0004717023354256526,
      0.0004691227946942672,
      0.000359577191285789,
      0.0004081024777702987,
      0.00035083594711031766,
      0.0003919471231615171,
      0.00036778846512548627,
      0.00034565438067540524,
      0.00032786005936563016,
      0.0003650452628103085,
      0.0003092303394479677,
      0.0002887527675833553,
      0.00029330861103720964,
      0.0003145231157820672,
      0.00031074776763562114,
      0.0003050493355887011,
      0.0002787495313817635,
      0.00026369097103364766,
      0.0002759729634877294,
      0.0002631633959466126,
      0.00023268549320288004,
      0.0002453489943104796,
      0.00026126437870087105,
      0.00026658341899747027,
      0.00020764253668021412,
      0.00024651224277564323,
      0.00020600714210653676,
      0.00023032896969700232,
      0.00021494928076397628,
      0.00018294490619795396,
      0.00023527892827987672,
      0.00019148513190681116,
      0.00017232767021283508,
      0.00023430713437730445,
      0.00022225399554125032,
      0.0001879778398841154,
      0.00016429942541290075,
      0.00019593398130498827,
      0.0001635004069027491,
      0.0001840942391077988,
      0.00017386088582105002,
      0.0001470565590984188,
      0.0001774478142359294,
      0.00015859641133458353,
      0.00017316558293940034,
      0.00011783539121737704,
      0.00016648258817614987,
      0.00015126313764601945,
      0.0001496076674136566,
      0.00014705788634484634,
      0.00012786895374127197,
      0.0001578314326959662,
      0.00013772272028494625,
      0.00010904805912869051,
      0.00013038078950485216,
      0.00013931822224752977,
      0.00012073065423523076,
      0.00013685320436372423,
      9.88777884049341e-05,
      0.00012548045305302367,
      9.724591434933245e-05,
      0.00012527374199940822,
      0.00013092775146476924,
      0.0001030919195129536,
      0.00010968935871962457,
      0.00011463511210400611,
      9.86597538786009e-05,
      0.00010274056405527517,
      0.0001001979851257056,
      0.0001076785696321167,
      0.00010497858256334439,
      9.216689858352765e-05,
      0.00010753214182448574,
      8.833560681552627e-05,
      8.074454164947383e-05,
      0.00010942967574228533,
      7.651247748988681e-05,
      0.00011169833933818154,
      9.215620858361944e-05,
      6.423603420320433e-05,
      9.662552623951342e-05,
      8.065682539425325e-05,
      7.48215304990299e-05,
      8.058562245452777e-05,
      7.907355255447328e-05,
      7.514523389749229e-05,
      8.07188942132052e-05,
      6.321754538745154e-05,
      4.5308938081143425e-05,
      8.61330252001062e-05,
      8.679080969304777e-05,
      6.298547787358984e-05,
      4.605332723935135e-05,
      6.626065539428964e-05,
      7.712594792537856e-05,
      6.333328512730077e-05,
      6.170446502161212e-05,
      5.0412760209292175e-05,
      6.322195969929453e-05,
      4.4531195590971036e-05,
      4.643459012033418e-05,
      5.8810727513046e-05,
      4.3520332682528535e-05,
      4.918555450451095e-05,
      4.849256433080882e-05,
      3.982059128466062e-05,
      5.310635798610747e-05,
      5.124566006008535e-05,
      4.789857771713287e-05,
      5.8059551902115346e-05,
      4.197412208537571e-05,
      3.8377402058104056e-05,
      3.761470895376988e-05,
      4.369550074276049e-05,
      4.518968128308188e-05,
      3.575277046649717e-05,
      4.1903825945337306e-05,
      3.096269573259633e-05,
      3.933883116405923e-05,
      2.8834872140432707e-05,
      2.934468766557984e-05,
      3.45454855117714e-05,
      3.484082423732616e-05,
      2.8009057423914784e-05,
      3.147948280209675e-05,
      2.8773266169591807e-05,
      2.4523724605678582e-05,
      2.4300993043289053e-05,
      2.5967494776996318e-05,
      2.94297701184405e-05,
      2.5477506660390644e-05,
      3.249349625897594e-05,
      2.4452590490400326e-05,
      2.3568561054999008e-05,
      2.581467150594108e-05,
      2.8413213304593227e-05,
      1.9168598584074062e-05,
      2.148483098077122e-05,
      2.6307276849402114e-05,
      2.0389168242400047e-05,
      1.9795012634713204e-05,
      2.071824657265097e-05,
      2.29944466255256e-05,
      1.6502652855415364e-05,
      2.0608541392430198e-05,
      1.5946292944136074e-05,
      2.1102907750755547e-05,
      1.6715120117296465e-05,
      1.6685970582184383e-05,
      1.480224397382699e-05,
      1.568961944867624e-05,
      1.4616231067629996e-05,
      1.4259932055138052e-05,
      1.466378565033665e-05,
      1.2748790734040085e-05,
      1.1904116313089617e-05,
      1.2017925622640178e-05,
      1.3788443911180366e-05,
      1.135881755501032e-05,
      1.0968641821818891e-05,
      1.2495758922887035e-05,
      1.1087426545564085e-05,
      1.074928364920197e-05,
      1.1224421701626853e-05,
      1.074089336732868e-05,
      1.0523399621015414e-05,
      1.1659193755476735e-05,
      1.1024314261740074e-05,
      1.0490448727214243e-05,
      1.0592662025010214e-05,
      1.0171907772892154e-05,
      1.005061530333478e-05,
      1.1346597902593204e-05
    ],
    "eval_losses": [
      0.0042797037610784175,
      0.004129225903796032,
      0.004742642687261105,
      0.0037589158964576198,
      0.003893952744919807,
      0.003472763316577766,
      0.0034145096831955015,
      0.0036407747877761723,
      0.0033010514418128876,
      0.0030989917311817407,
      0.0028450052580388727,
      0.0032785154120007066,
      0.0035551696290785913,
      0.0034080381999228846,
      0.0030484876058500957,
      0.0031117971139901783,
      0.0031032022332772614,
      0.003589132911944762,
      0.0031966112418100236,
      0.0032963362591253826,
      0.002967633641514112,
      0.0033778189218137415,
      0.002989373588153103,
      0.003045608066604473,
      0.0032083454430568963,
      0.0031570707127655624,
      0.0028801032047413174,
      0.0028942446994711644,
      0.003058545311105263,
      0.002833087806442927,
      0.002828197824604285,
      0.002667990672447195,
      0.0028130428802454845,
      0.002691982112347614,
      0.002830918683310301,
      0.0025814681523370383,
      0.002873336380395631,
      0.0027401547874862445,
      0.002667975548281538,
      0.002673393825971289
    ],