{
  "args": {
    "device": "cuda:1",
    "exp_home": "./results",
    "ds_name": "mnist",
    "mode": "denoising",
    "noise_std": 0.25,
    "down_scale": 2.0,
    "model_type": "conventional",
    "latent_dim": 784,
    "hidden_dims": [
      905,
      905
    ],
    "wo_Win": true,
    "fix_Win": false,
    "I_Win": false,
    "wo_Wout": true,
    "batch_size": 128,
    "epochs": 100,
    "lr": 0.005,
    "use_augmentation": true,
    "aug_num": 4,
    "run_id": 1,
    "seed": 42
  },
  "training_logs": {
    "train_losses": [
      0.018232403717637062,
      0.020984561781287193,
      0.021836199569702147,
      0.022125512677431108,
      0.022168686911463738,
      0.022142056401968,
      0.022081066603660583,
      0.022052252625226976,
      0.021999921565651892,
      0.021928158153891562,
      0.021840296684503557,
      0.02175648338854313,
      0.021679088579416275,
      0.02162986417233944,
      0.021583912726044655,
      0.021471599846482278,
      0.02135754877746105,
      0.021303653084039687,
      0.021263205749988554,
      0.021126385027766228,
      0.021103583810925485,
      0.02102493048131466,
      0.020933874811530112,
      0.02084463350176811,
      0.0207318936085701,
      0.020695827050805093,
      0.020619736755490302,
      0.020530331076979637,
      0.020450741694569587,
      0.02039265849351883,
      0.02029410671532154,
      0.020232869778871537,
      0.02014649750471115,
      0.02006728558897972,
      0.019982248916625978,
      0.019894380941987037,
      0.01983150344312191,
      0.01976868597447872,
      0.0196647100430727,
      0.019569966376423834,
      0.0195136264783144,
      0.019464189987182617,
      0.019362462785840036,
      0.019310208136439324,
      0.01922962815105915,
      0.01914299030125141,
      0.019071687741875648,
      0.018970071275234222,
      0.01892140330851078,
      0.018842161576151848,
      0.018796157346367835,
      0.018733251631855966,
      0.01864130022406578,
      0.0185505638307333,
      0.018496834725141527,
      0.01841923801779747,
      0.01836028770148754,
      0.01825792231619358,
      0.018195754575133324,
      0.018133289577960968,
      0.018044350175261497,
      0.017992663784623147,
      0.017924519833922386,
      0.017846766716241837,
      0.017784331068396567,
      0.017705268493294717,
      0.017635921891927718,
      0.017571995881795883,
      0.017487962715029715,
      0.017413938471674918,
      0.01734746268093586,
      0.017273867931962013,
      0.01720561932682991,
      0.017159967201948165,
      0.01709774693787098,
      0.017012853570580484,
      0.01696140933215618,
      0.016890925371050833,
      0.01683669629752636,
      0.01676944975733757,
      0.016686005575060843,
      0.016628067384362222,
      0.016554655361771583,
      0.016494596900343893,
      0.016430445681810377,
      0.01636777879834175,
      0.01628938394755125,
      0.016222560209035872,
      0.01615587501883507,
      0.01609852883517742,
      0.01603872656226158,
      0.01598390681385994,
      0.01592666752755642,
      0.015872591167092324,
      0.015815914604961873,
      0.01576976337611675,
      0.015719856144189834,
      0.015671531005501747,
      0.015635405145287513,
      0.01561388650804758
    ],
    "eval_losses": [
      0.018255967858433725,
      0.015139618420600891
    ],
    "psnr": [
      17.387972271728515,
      18.20070043334961
    ],
    "ssim": [
      0.869804224395752,
      0.8909695711135864
    ],
    "best_epoch": 100,
    "best_step": null,
    "best_eval_loss": 0.015139618420600891
  },
  "test_results": {
    "test_loss": 0.014986126209795475,
    "test_psnr": 18.249932183837892,
    "test_ssim": 0.8924053966522216
  }
}