{
  "args": {
    "device": "cuda:9",
    "exp_home": "./results",
    "ds_name": "mnist",
    "mode": "generative_classification",
    "noise_std": 0.25,
    "down_scale": 2.0,
    "model_type": "conventional",
    "latent_dim": 784,
    "hidden_dims": [
      905,
      905
    ],
    "wo_Win": true,
    "fix_Win": false,
    "I_Win": false,
    "wo_Wout": true,
    "batch_size": 128,
    "epochs": 50,
    "lr": 0.0005,
    "use_augmentation": false,
    "aug_num": 2,
    "run_id": 1,
    "seed": 42
  },
  "training_logs": {
    "train_losses": [
      0.012895546791553497,
      0.004335277792215347,
      0.0030501482758671047,
      0.0023940077276527884,
      0.00187447534263134,
      0.0015638948940485716,
      0.0014410449870675803,
      0.0011898590751737357,
      0.0011189771257713438,
      0.0010036067809164524,
      0.0008696706929057837,
      0.0007283303382992745,
      0.0006193048150185496,
      0.0006657080659270287,
      0.0006277042096666991,
      0.0006156663180142641,
      0.00047341430285945536,
      0.0004655187900364399,
      0.0004315589951723814,
      0.00033912016038782893,
      0.00035474436810240147,
      0.0003313409514166415,
      0.00035524534396827223,
      0.0002726226529479027,
      0.00023740739495493472,
      0.00024029596235137433,
      0.00024400619621388613,
      0.00026672906037885697,
      0.00023484334154054524,
      0.00022546573121100664,
      0.00016806616482790558,
      0.0001689529580483213,
      0.00015821953162085264,
      0.00015437233601231127,
      0.0001468407808803022,
      0.00011322455644141883,
      0.00012228116947226225,
      0.00011549875915981829,
      0.0001110912852594629,
      9.168357085436582e-05,
      8.88477811589837e-05,
      8.523399935802445e-05,
      8.833337216638028e-05,
      7.866706926375628e-05,
      8.017811693716795e-05,
      7.036786317825317e-05,
      6.74558222363703e-05,
      6.440034749219194e-05,
      6.194866590667516e-05,
      5.954037149786018e-05
    ],
    "eval_losses": [
      0.004077825219184161,
      0.003947469857893884,
      0.0034976572908461093,
      0.003169841706007719,
      0.003237150695826858,
      0.0031061194189824165,
      0.003102897999761626,
      0.0031080268108984455,
      0.002981821557786316,
      0.002910420683748089
    ],
    "psnr": [
      24.231948916625978,
      24.329689025878906,
      25.036066638183595,
      25.458126333618164,
      25.418027819824218,
      25.509565466308594,
      25.627721966552734,
      25.56406796875,
      25.87831438598633,
      25.848022711181642
    ],
    "ssim": [
      0.9644531609535217,
      0.969186708164215,
      0.9726156490325928,
      0.9760834121704102,
      0.9759147947311402,
      0.9768830266952515,
      0.9778951927185059,
      0.9782488073348999,
      0.9790765378952027,
      0.9793241567611695
    ],
    "best_epoch": 50,
    "best_step": null,
    "best_eval_loss": 0.002910420683748089
  },
  "test_results": {
    "test_loss": 0.003060102687263861,
    "test_psnr": 26.782637457275392,
    "test_ssim": 0.978952540397644
  }
}