{
  "args": {
    "device": "cuda:1",
    "exp_home": "./results",
    "ds_name": "mnist",
    "mode": "generative_classification",
    "noise_std": 0.25,
    "down_scale": 2.0,
    "model_type": "conventional",
    "latent_dim": 784,
    "hidden_dims": [
      1150,
      1150,
      1150,
      1150,
      1150,
      1150
    ],
    "wo_Win": false,
    "fix_Win": true,
    "I_Win": true,
    "batch_size": 128,
    "epochs": 100,
    "lr": 0.0005,
    "use_augmentation": true,
    "aug_num": 2,
    "run_id": 2,
    "seed": 42
  },
  "training_logs": {
    "train_losses": [
      0.012220614092350006,
      0.005410286657810211,
      0.004299300596415996,
      0.003628309980109334,
      0.0031519327963888647,
      0.002914418196603656,
      0.002586780929714441,
      0.002322813487611711,
      0.0020859519953280686,
      0.0019968337185308337,
      0.001826169201210141,
      0.0016420542095787823,
      0.001557592932600528,
      0.001465231687258929,
      0.0013490363188646735,
      0.0012826645544543862,
      0.0011734819247573615,
      0.0011424791507050394,
      0.0011088131773099304,
      0.0010749765118677169,
      0.0009917186257988216,
      0.000927579232417047,
      0.0009387712653912604,
      0.000814291989132762,
      0.0008358692667540163,
      0.0007139588016457856,
      0.0007614117300882936,
      0.0007518504132237285,
      0.0006987229449022561,
      0.0006031735560204834,
      0.0005970623817387968,
      0.0006548636549059302,
      0.0005606817312538624,
      0.0006005758394021541,
      0.0005006809149915352,
      0.0005067791947163642,
      0.0005085079315630719,
      0.0004265109865227714,
      0.0004197131042042747,
      0.0004084636487113312,
      0.0004702125124447048,
      0.00044426211854442954,
      0.00040969812523107974,
      0.00036127535872161387,
      0.00032916069464292375,
      0.0003732367060193792,
      0.00032545784924644977,
      0.00033954796241596343,
      0.0003086846811766736,
      0.00030852580782026053,
      0.0003235043954034336,
      0.0002431077728420496,
      0.0002628726223343983,
      0.0002485612430842593,
      0.0002382726427586749,
      0.00024857887579128146,
      0.00022686113071860746,
      0.00022706510165007785,
      0.00017868299483088777,
      0.0001863429369032383,
      0.00018153654251014815,
      0.0001464207409019582,
      0.00021604961172910406,
      0.00017582666953327135,
      0.00015757085467339493,
      0.00012649709751829505,
      0.00014508463910780847,
      0.00014325841420446522,
      0.00010961429288610816,
      0.00012253504160791636,
      0.00012223953295615502,
      0.00012923015238484368,
      9.858824461814948e-05,
      0.00010713196254917421,
      0.00010057454322697595,
      6.691877699980977e-05,
      9.723665727069602e-05,
      7.146977749653161e-05,
      7.838736218633131e-05,
      8.542706159583758e-05,
      6.962829118361696e-05,
      7.613182556349785e-05,
      7.772398816479836e-05,
      4.9168282842147165e-05,
      5.707866361364722e-05,
      5.4088111303863114e-05,
      4.2972116117016414e-05,
      4.6098871006979606e-05,
      4.3685500753927045e-05,
      3.365705774340313e-05,
      4.596330639178632e-05,
      3.5548397459788246e-05,
      3.3629277333966453e-05,
      3.389644388284068e-05,
      2.684402500570286e-05,
      2.739260110334726e-05,
      2.8273508843558376e-05,
      2.4392478791996836e-05,
      2.3820331902243196e-05,
      1.9612069824943317e-05
    ],
    "eval_losses": [
      0.004192976345494389,
      0.003975645649526269,
      0.0042930946342647075,
      0.004026405458897352,
      0.0038334989043418317,
      0.003528340324899182,
      0.0032966666920576245,
      0.0035977521509863437,
      0.003591209412156604,
      0.003237809693464078,
      0.0028914766401983796,
      0.00307387579632923,
      0.0029483719731215386,
      0.003165999583154917,
      0.0030096064743585886,
      0.00287167339399457,
      0.002962536098412238,
      0.0026898539325396994,
      0.0026344282382633538,
      0.002741014771000482
    ],
    "psnr": [
      24.18105869140625,
      24.41410115966797,
      24.14679471435547,
      24.360896728515623,
      24.6898588684082,
      25.32383901977539,
      25.532263250732424,
      25.068412930297853,
      25.148214880371093,
      25.46917518310547,
      26.55257594909668,
      26.106655697631837,
      26.340760803222658,
      26.02283334655762,
      26.206048901367186,
      26.572866369628905,
      26.382198693847656,
      27.140773345947267,
      26.903484729003907,
      26.901889434814453
    ],
    "best_epoch": 95,
    "best_step": null,
    "best_eval_loss": 0.0026344282382633538
  },
  "test_results": {
    "test_loss": 0.0027263412185260676,
    "test_psnr": 29.562851751708983
  }
}