{
  "args": {
    "device": "cuda:9",
    "exp_home": "./results",
    "ds_name": "mnist",
    "mode": "generative_classification",
    "noise_std": 0.25,
    "down_scale": 2.0,
    "model_type": "conventional",
    "latent_dim": 784,
    "hidden_dims": [
      1150,
      1150
    ],
    "wo_Win": false,
    "fix_Win": true,
    "I_Win": false,
    "batch_size": 128,
    "epochs": 200,
    "lr": 5e-05,
    "use_augmentation": true,
    "aug_num": 2,
    "run_id": 5,
    "seed": 42
  },
  "training_logs": {
    "train_losses": [
      0.026093361284136772,
      0.006867351746559143,
      0.004986318506076932,
      0.003938805231899023,
      0.00327971951007843,
      0.0027886150620132686,
      0.0024054418639838696,
      0.0020816764779388905,
      0.0018436625696718692,
      0.0016180421552062034,
      0.0014562338962778448,
      0.001300663991421461,
      0.0012153102294914424,
      0.0010644868310168386,
      0.0009691327945515513,
      0.0009273410387337208,
      0.0008509936139173806,
      0.0007760188850015402,
      0.0007559041897580028,
      0.0006846997975930571,
      0.0006549820996075869,
      0.0005824609756469726,
      0.0005728807878494262,
      0.0005215422635525465,
      0.0005037246989458799,
      0.0005316129369661212,
      0.0004795608986727893,
      0.00044114250220358373,
      0.0004216881866753101,
      0.00040711279604583976,
      0.0003979186044819653,
      0.00038828904849477113,
      0.00034496988002210855,
      0.00039849150747060775,
      0.0003616526911780238,
      0.0003301547920517623,
      0.00029866962322965267,
      0.00027807154793292284,
      0.0002939219818636775,
      0.00031833378944545987,
      0.00029372532609850166,
      0.00028378034872934225,
      0.0002718341466691345,
      0.00022442382597364486,
      0.0002688223406858742,
      0.00023763445218093692,
      0.00026156327333301305,
      0.0002529085935652256,
      0.0002420826128218323,
      0.00018942001984454692,
      0.00023457088991068304,
      0.00021885482941754164,
      0.0001831941023375839,
      0.0002087871760968119,
      0.00020236980605404823,
      0.0001884929371997714,
      0.00019223025150597096,
      0.00018260581243783236,
      0.00014985944052692504,
      0.0002229814815428108,
      0.00016880959389731288,
      0.00018974776349030436,
      0.0001836550312116742,
      0.0001481575322523713,
      0.00012352210418321193,
      0.00017093872361816467,
      0.00014441921418532728,
      0.00014962225398980082,
      0.00011580966149456799,
      0.0001515389372035861,
      0.0001817427626438439,
      0.00013384314694907517,
      0.00012950013271532953,
      0.00012323206997010857,
      0.0001860298163071275,
      0.00010714018776547164,
      0.00013094285374041646,
      0.0001194525486510247,
      0.0001354837427660823,
      0.00013396022357512266,
      0.00010134511015377938,
      9.51961027737707e-05,
      0.00013272705564275385,
      0.0001013178489310667,
      9.635592790320515e-05,
      0.0001277125540515408,
      0.0001340874125668779,
      8.572327570989727e-05,
      8.140420193318278e-05,
      8.091086592059583e-05,
      0.00011391642540227622,
      0.00010470313652418554,
      8.18953442480415e-05,
      8.76386870117858e-05,
      7.809554115403444e-05,
      9.609545214101672e-05,
      0.00011372707169037312,
      6.953181664459408e-05,
      8.318439872004092e-05,
      8.869345420971513e-05,
      8.337676004040986e-05,
      0.00010242049772292376,
      6.664060248993338e-05,
      9.048012031707912e-05,
      6.802920891204849e-05,
      6.314592863433063e-05,
      9.560333439148962e-05,
      6.905717239249497e-05,
      6.930926848668605e-05,
      6.823563914280385e-05,
      8.423759593977593e-05,
      6.0932143712416295e-05,
      6.80073180096224e-05,
      8.110170308500528e-05,
      5.785214145667851e-05,
      5.606648955028504e-05,
      7.617163687478751e-05,
      7.226183406542987e-05,
      6.07993406848982e-05,
      6.0541390045545994e-05,
      5.1480675967177376e-05,
      7.11990767950192e-05,
      5.981347364373505e-05,
      5.415706404484808e-05,
      7.154597329907119e-05,
      6.37036929000169e-05,
      4.925052133155987e-05,
      5.364099557045847e-05,
      6.941686903126538e-05,
      5.067856075940654e-05,
      4.587766794022173e-05,
      4.610087394714355e-05,
      5.024737582076341e-05,
      4.742733200546354e-05,
      4.681913355132565e-05,
      5.47805645223707e-05,
      4.608371536596678e-05,
      4.9008147213608026e-05,
      5.408279542811215e-05,
      4.320169683312997e-05,
      4.153948760824278e-05,
      4.185430790297687e-05,
      4.829018005169928e-05,
      4.0783843148965386e-05,
      3.9464875753037634e-05,
      4.699653210118413e-05,
      4.494154420215636e-05,
      3.911631737137213e-05,
      4.021050201263279e-05,
      3.882014700444415e-05,
      4.0529368927236645e-05,
      4.093560990644619e-05,
      3.9127550064586104e-05,
      3.730907290708273e-05,
      3.7117836985271425e-05,
      3.770675458479673e-05,
      3.563286928925663e-05,
      3.566835801349953e-05,
      3.5175244093406946e-05,
      3.5422150583472104e-05,
      3.462241767439991e-05,
      3.493588651996106e-05,
      3.369789769174531e-05,
      3.3915488307829945e-05,
      3.6085589886642995e-05,
      3.358417064649984e-05,
      3.1490610762266444e-05,
      3.1965862633660436e-05,
      3.40819545625709e-05,
      3.19470767211169e-05,
      3.105231981957331e-05,
      3.190307331737131e-05,
      2.9797133535612373e-05,
      3.1941611324436966e-05,
      3.0492342107463627e-05,
      3.0181294137146325e-05,
      2.9216467505320907e-05,
      3.0307177230715753e-05,
      2.9761194575112314e-05,
      2.9270894962828607e-05,
      3.010137358913198e-05,
      2.9502124530263244e-05,
      2.7951323764864355e-05,
      2.86090066190809e-05,
      2.8044859510846435e-05,
      2.7668679563794285e-05,
      2.7540652721654623e-05,
      2.778245324268937e-05,
      2.6859796640928834e-05,
      2.6997325082775205e-05,
      2.691150100377854e-05,
      2.646557162050158e-05,
      2.644301916472614e-05,
      2.604886271758005e-05,
      2.5859523846302183e-05,
      2.606706166639924e-05,
      2.5582005562027916e-05,
      2.5633981861174105e-05,
      2.5330954417586328e-05,
      2.5414560480276124e-05
    ],
    "eval_losses": [
      0.004070067134872079,
      0.003281079926714301,
      0.0032223543863743546,
      0.003022215476259589,
      0.002979630794003606,
      0.002788406529137865,
      0.003020978236105293,
      0.0026474465121049434,
      0.002729545341152698,
      0.002543151403684169,
      0.0025127177552785726,
      0.0025441205884329976,
      0.002511894381791353,
      0.002736623574141413,
      0.0025093572423793373,
      0.0025080329502932728,
      0.0024208653282839806,
      0.002389649146422744,
      0.00236502166534774,
      0.002403714328724891,
      0.0024267369689419866,
      0.00241083712996915,
      0.0023633647565264254,
      0.00227950994130224,
      0.0025708624627441166,
      0.0023102519732434304,
      0.002326396616268903,
      0.002313543513324112,
      0.0023638152414932846,
      0.002340169085934758,
      0.002322871643304825,
      0.002268302120594308,
      0.0023027919847518207,
      0.002282064415421337,
      0.002258430251548998,
      0.0022745029757265003,
      0.0022726999927777797,
      0.0022510611581616105,
      0.002266278313100338,
      0.0022552910808008165
    ],