{
  "args": {
    "device": "cuda:1",
    "exp_home": "./results",
    "ds_name": "mnist",
    "mode": "denoising",
    "noise_std": 0.25,
    "down_scale": 2.0,
    "model_type": "conventional",
    "latent_dim": 784,
    "hidden_dims": [
      1150,
      1150,
      1150,
      1150,
      1150,
      1150,
      1150,
      1150,
      1150,
      1150
    ],
    "wo_Win": false,
    "fix_Win": false,
    "I_Win": true,
    "batch_size": 128,
    "epochs": 100,
    "lr": 0.0005,
    "use_augmentation": true,
    "aug_num": 4,
    "run_id": 1,
    "seed": 42
  },
  "training_logs": {
    "train_losses": [
      0.010543918098658324,
      0.006291553280949593,
      0.0057782033886015416,
      0.005457951050698757,
      0.005232247689515353,
      0.005057168512493372,
      0.004935385288447142,
      0.0048361816923320295,
      0.004766951515823603,
      0.004697667878419161,
      0.004647174005210399,
      0.0045873472334444524,
      0.004542003307044506,
      0.004507378639578819,
      0.0044775151026248934,
      0.004439327710717917,
      0.004410423147678375,
      0.0043865702226758,
      0.004355644663721323,
      0.004328178476542235,
      0.004317857127785683,
      0.004269446232020855,
      0.004279143456816673,
      0.00423426132902503,
      0.00421643423512578,
      0.004220705104023218,
      0.004159486714005471,
      0.004173154703825712,
      0.004133787269890309,
      0.004116612107008696,
      0.0040981557485461236,
      0.004081651652157307,
      0.004058467921316623,
      0.00404652335330844,
      0.004029886375367641,
      0.004008900910168887,
      0.004003166973441839,
      0.003982767125815153,
      0.00395728068202734,
      0.003951740575879812,
      0.003930195054411888,
      0.00391482405051589,
      0.0039009298000484706,
      0.0038797682961076497,
      0.003866916211247444,
      0.003942053918987513,
      0.0038169039004296063,
      0.003817678000330925,
      0.0038042729545384644,
      0.0037924059222638608,
      0.0037802456229925154,
      0.0037615669994056225,
      0.0037447766163945196,
      0.003744539982676506,
      0.0037250509732961656,
      0.003696786724925041,
      0.0036888700842857363,
      0.003675331293940544,
      0.0036590021753311157,
      0.003645072552040219,
      0.003631301644295454,
      0.0036148470840603113,
      0.003601346191391349,
      0.003584954448863864,
      0.0035702629052847623,
      0.0035576907778531314,
      0.003545140056088567,
      0.003535407391637564,
      0.003511333897858858,
      0.003499952534586191,
      0.003487585557028651,
      0.003472826275229454,
      0.0034590413780510427,
      0.0034447336961328985,
      0.0034301897274702786,
      0.0034158482498675585,
      0.003402345136478543,
      0.0033878523218631744,
      0.0033734637173265217,
      0.003357103415876627,
      0.003345326138883829,
      0.0033307210670411587,
      0.0033138852720707656,
      0.003297404183000326,
      0.0032855070608109236,
      0.003273233791515231,
      0.0032568434004485607,
      0.0032590448523312806,
      0.003223329031690955,
      0.0032124682557582857,
      0.003198019234612584,
      0.003183968778774142,
      0.0031676966183632614,
      0.003155545214340091,
      0.0031420347954332828,
      0.0031273044820129873,
      0.0031142892863601445,
      0.0031019493943452835,
      0.003087295676022768,
      0.0030791605856269597
    ],
    "eval_losses": [
      0.0050288061976432805,
      0.0045784064874053,
      0.004509188083559275,
      0.004215155886113643,
      0.004137611220031976,
      0.004065137562155724,
      0.00392770534530282,
      0.0039230405703186986,
      0.0038254569351673126,
      0.003803299343585968,
      0.0036968825742602347,
      0.003636276895925403,
      0.003594470997899771,
      0.0035220796674489976,
      0.0035015756946057083,
      0.0034436048805713652,
      0.003414506474137306,
      0.003376868611201644,
      0.0033382222935557366,
      0.0032847842525690796
    ],
    "psnr": [
      22.98681000061035,
      23.394434268188476,
      23.460485134887694,
      23.753444122314452,
      23.83436336669922,
      23.910952001953124,
      24.060510803222655,
      24.065619833374022,
      24.17525350036621,
      24.200447381591797,
      24.32356264038086,
      24.395081744384765,
      24.4456457611084,
      24.53397230529785,
      24.559176217651366,
      24.63185531616211,
      24.66842399597168,
      24.716664358520507,
      24.766893450927736,
      24.836678713989258
    ],
    "ssim": [
      0.9169905943870544,
      0.9344726280212402,
      0.9375885640144348,
      0.9396832697868347,
      0.9420750098228454,
      0.9453310056686401,
      0.946326877784729,
      0.9469083326339721,
      0.949727690410614,
      0.9511351490020752,
      0.9512064022064209,
      0.9508941933631897,
      0.9523500183105469,
      0.9548174213409424,
      0.9546728046417237,
      0.9562842544555664,
      0.9569143165588379,
      0.9580089252471924,
      0.9593115797042847,
      0.9596150839805603
    ],
    "best_epoch": 100,
    "best_step": null,
    "best_eval_loss": 0.0032847842525690796
  },
  "test_results": {
    "test_loss": 0.0032893859125673773,
    "test_psnr": 24.838040606689454,
    "test_ssim": 0.960078102684021
  }
}