{
  "args": {
    "device": "cuda:3",
    "exp_home": "./results",
    "ds_name": "mnist",
    "mode": "generative_classification",
    "noise_std": 0.25,
    "down_scale": 2.0,
    "model_type": "conventional",
    "latent_dim": 784,
    "hidden_dims": [
      1150,
      1150,
      1150,
      1150,
      1150,
      1150,
      1150,
      1150,
      1150,
      1150
    ],
    "wo_Win": true,
    "fix_Win": false,
    "I_Win": false,
    "batch_size": 128,
    "epochs": 200,
    "lr": 5e-05,
    "use_augmentation": true,
    "aug_num": 2,
    "run_id": 5,
    "seed": 42
  },
  "training_logs": {
    "train_losses": [
      0.014678021750748158,
      0.004054356600418687,
      0.002865320766121149,
      0.0023019365589134395,
      0.001945776816215366,
      0.0016650328029505909,
      0.0015118703658506274,
      0.0013707750316336751,
      0.00127821592643857,
      0.0011654070750065147,
      0.001066558781284839,
      0.0009797046564519406,
      0.0009570963464304805,
      0.0008456715663522482,
      0.0008510373354982584,
      0.0008207667319010943,
      0.0007613803246803582,
      0.0006807845922745764,
      0.0006761485862266273,
      0.0006715039530303329,
      0.0006326701786834747,
      0.0006245573214814067,
      0.0005759804912284016,
      0.0006154530502972193,
      0.000536987632419914,
      0.00046420592034235596,
      0.0005477002261951566,
      0.0005096810292871669,
      0.0004864410184696317,
      0.0004560056544886902,
      0.0004489353170571849,
      0.0004056180412392132,
      0.0004523073063371703,
      0.00040976903652306646,
      0.0004206337105901912,
      0.0004095113392127678,
      0.00037250022837426514,
      0.0003762225270550698,
      0.00038862667513545605,
      0.00035718841917347163,
      0.00033141148747410626,
      0.0003492554357973859,
      0.00035817867599660533,
      0.00034196969146840274,
      0.00032545908362139014,
      0.0002986212158179842,
      0.0003058476406103,
      0.0003116446913452819,
      0.0002903500947449356,
      0.00029720825360855086,
      0.0002462703058728948,
      0.0002614319570409134,
      0.00027176698541268705,
      0.0002928349885018542,
      0.0002526110402098857,
      0.00023914634557557294,
      0.0002264383104699664,
      0.00023242772764060646,
      0.00021688864274416119,
      0.00022801426537102088,
      0.00021713889432139693,
      0.00019173568937461824,
      0.00021129638283979148,
      0.0002539240354113281,
      0.000197487082821317,
      0.0002234235114301555,
      0.00016348807798698546,
      0.00024067277323221788,
      0.00016811785433674232,
      0.00018972858939087019,
      0.0001614848581934348,
      0.0002077000890043564,
      0.0001742611537827179,
      0.0001870603118755389,
      0.0001610919050988741,
      0.000177826781780459,
      0.00016149918760405854,
      0.0001591811274725478,
      0.0001661125042079948,
      0.0001545628468785435,
      0.0001477606235607527,
      0.000160637051735539,
      0.00015629706801613793,
      0.00013483004020992668,
      0.0001677502340823412,
      0.00010422095257672482,
      0.00014624383206712083,
      0.00013919445698149503,
      0.00011946992706274614,
      0.0001301924479205627,
      0.00013274901942233555,
      9.748271029209718e-05,
      0.00011771613633725793,
      0.00012633359716739505,
      0.00012239610501332208,
      0.00011724496072391048,
      0.00013665993011556567,
      0.00010767565317335538,
      0.00010880423121037892,
      0.00011638505603652448,
      0.00010344438667641953,
      9.40896863793023e-05,
      8.545280524413101e-05,
      0.00010307150625623763,
      0.00010144852346624247,
      7.91184937080834e-05,
      9.960373550886288e-05,
      8.591614655801095e-05,
      0.0001051594130450394,
      7.454907371429726e-05,
      9.98360213887645e-05,
      6.704510708688758e-05,
      9.334589715581387e-05,
      7.504069248680026e-05,
      5.890878063393757e-05,
      7.298497771145777e-05,
      0.00010593112391303294,
      0.00010430471168830991,
      7.649889007210731e-05,
      6.0357467721914874e-05,
      4.922396231559105e-05,
      5.738309407024644e-05,
      6.83496369922068e-05,
      7.532741265837103e-05,
      5.422557647689246e-05,
      6.586769887362607e-05,
      6.441046943538823e-05,
      6.242091900785453e-05,
      4.640415768721141e-05,
      5.862327932205517e-05,
      6.572515109204687e-05,
      4.223012000293238e-05,
      5.465054430882447e-05,
      5.268942471011542e-05,
      4.8811909959185867e-05,
      4.5607887360965833e-05,
      4.438913145131664e-05,
      5.295156622421928e-05,
      5.550584640703164e-05,
      5.019858045619913e-05,
      3.9606919211801145e-05,
      4.182881930144504e-05,
      4.874046624347102e-05,
      4.3392027961090204e-05,
      3.5879963792394844e-05,
      3.0408620012458415e-05,
      3.231649405672215e-05,
      3.463602614065167e-05,
      3.532500516157597e-05,
      3.0330596137209796e-05,
      3.1332423861022104e-05,
      3.715438554529101e-05,
      2.5071653210325166e-05,
      2.493120434926823e-05,
      2.9434325697948225e-05,
      2.9333146961289457e-05,
      3.166344298922923e-05,
      2.4614313176716678e-05,
      2.326969729270786e-05,
      2.400980408245232e-05,
      2.5312868778710252e-05,
      2.0042973533272744e-05,
      2.0705249807797372e-05,
      2.280051552981604e-05,
      2.5748183323885313e-05,
      1.4063535461900755e-05,
      1.7292153973248786e-05,
      1.596373898035381e-05,
      1.714945195999462e-05,
      1.6898047873401085e-05,
      1.781240587675711e-05,
      2.2037270175060258e-05,
      1.8275872954400258e-05,
      1.76611628907267e-05,
      1.6779083781584633e-05,
      1.6910315743880347e-05,
      1.2505434364429675e-05,
      1.4179418892599643e-05,
      1.648049482901115e-05,
      1.2479205589042977e-05,
      1.3275358634709846e-05,
      1.1219603222270963e-05,
      1.096174726029858e-05,
      1.0367537043930496e-05,
      1.1507290541776456e-05,
      1.1977376189897767e-05,
      1.0924026745487936e-05,
      1.1019143454032018e-05,
      1.0779873900755774e-05,
      1.0921893356135115e-05,
      1.0671512057597284e-05,
      1.0012271309969947e-05,
      9.67265054845484e-06,
      9.48434954858385e-06,
      9.276247712841723e-06,
      1.0151078712078744e-05,
      9.768008577520959e-06,
      8.553219255700241e-06,
      9.470387281035074e-06,
      9.515704239311162e-06
    ],
    "eval_losses": [
      0.004061976786982268,
      0.00388701903000474,
      0.004050083220750094,
      0.004062836402282118,
      0.0032209954220219516,
      0.0032323928736150264,
      0.0033532222558627835,
      0.003131728647556156,
      0.003257298631221056,
      0.0029662097030668517,
      0.0031319159047154244,
      0.003168282849312527,
      0.003125428822066169,
      0.003145892473909771,
      0.003010299763397779,
      0.0032658305880613626,
      0.0029862446225539315,
      0.0031805448523024096,
      0.002936706162514747,
      0.003075199446140323,
      0.0031811715359799566,
      0.003077386065002065,
      0.003174308118596673,
      0.002946406562975608,
      0.0030202871205867268,
      0.003040842151781544,
      0.00299365867965098,
      0.0031272518248559207,
      0.0029097942122360107,
      0.002919430955068674,
      0.00275807413913426,
      0.0031146474717897946,
      0.0031241505772894016,
      0.002922496776394837,
      0.002726716695230425,
      0.002630129452252004,
      0.002706683461825742,
      0.0028947413377318296,
      0.0029241921514068965,
      0.0031285688757692696
    ],