{
  "args": {
    "device": "cuda:4",
    "exp_home": "./results",
    "ds_name": "imagenet32",
    "mode": "denoising",
    "noise_std": 0.25,
    "down_scale": 2.0,
    "model_type": "hourglass",
    "latent_dim": 4000,
    "hidden_dims": [
      270,
      270,
      270,
      270,
      270
    ],
    "wo_Win": false,
    "fix_Win": false,
    "I_Win": false,
    "batch_size": 512,
    "epochs": 2,
    "lr": 0.0003,
    "use_augmentation": true,
    "aug_num": 4,
    "run_id": 1,
    "seed": 42
  },
  "training_logs": {
    "train_losses": [
      0.0132160511482507,
      0.008802107218652964,
      0.008068495159037412,
      0.007772353064268827,
      0.007604414075613022,
      0.0074849233347922565,
      0.007382709278725088,
      0.0073233479894697666,
      0.00725235856603831,
      0.007205305716954172,
      0.007163597028702498,
      0.007125785478390753,
      0.007075930039398372,
      0.007043780732899904,
      0.007003668357618153,
      0.0069674151847139,
      0.006930146069265902,
      0.006886070348322391,
      0.006872186704538762,
      0.006840798450633884,
      0.006808661337010562,
      0.006769288686104119,
      0.006758492273278535,
      0.006713659094646573,
      0.006681214614771306,
      0.006656259138137102,
      0.006617287465371192,
      0.006592885327525437,
      0.006557611079886555,
      0.0065327432490885256,
      0.006501765955239535,
      0.006481980773620308,
      0.006456278916448355,
      0.0064298651125282045,
      0.006405168254859745,
      0.006378612209111452,
      0.006351534700021148,
      0.006328422980383039,
      0.006307952906005085,
      0.006290832357481122
    ],
    "eval_losses": [
      0.007676869087815285,
      0.00730011803984642,
      0.006983763235807419,
      0.0068408784939348695,
      0.006765750105828047,
      0.006566385545879602,
      0.006381524921506643,
      0.006258783982545138
    ],
    "psnr": [
      21.150098596801758,
      21.368536411132812,
      21.560947103271484,
      21.650702623291014,
      21.698737589111328,
      21.82864559326172,
      21.952615239868162,
      22.036991065673828
    ],
    "best_epoch": null,
    "best_step": 20000,
    "best_eval_loss": 0.006258783982545138
  },
  "test_results": {
    "test_loss": 0.006248571212142706,
    "test_psnr": 22.044576884155273
  }
}