{
  "args": {
    "device": "cuda:0",
    "exp_home": "./results",
    "ds_name": "mnist",
    "mode": "denoising",
    "noise_std": 0.25,
    "down_scale": 2.0,
    "model_type": "conventional",
    "latent_dim": 784,
    "hidden_dims": [
      2870,
      2870,
      2870
    ],
    "wo_Win": true,
    "fix_Win": false,
    "I_Win": false,
    "wo_Wout": true,
    "batch_size": 128,
    "epochs": 30,
    "lr": 0.001,
    "use_augmentation": false,
    "aug_num": 2,
    "run_id": 5,
    "seed": 42
  },
  "training_logs": {
    "train_losses": [
      0.015487483823299408,
      0.011215489282310009,
      0.00951081219792366,
      0.00841346098124981,
      0.007657966185957194,
      0.006958568376153707,
      0.006415099733322859,
      0.00598598195284605,
      0.005765942703336477,
      0.005537502502202988,
      0.005324913745820522,
      0.005190195399522781,
      0.005077391402721405,
      0.004975280466526746,
      0.004890424786806106,
      0.004761032523959875,
      0.004690351106822491,
      0.004604161351919174,
      0.004515358600020409,
      0.004442379434406758,
      0.004362224156856537,
      0.0042928141452372075,
      0.004231173251867294,
      0.004172381662577391,
      0.004109151138588786,
      0.004044244603961706,
      0.003992886821776629,
      0.003932581119313836,
      0.003890257320404053,
      0.0038431678353250025
    ],
    "eval_losses": [
      0.006964493080973625,
      0.0053268612787127495,
      0.004727182559669018,
      0.004345187383145094,
      0.004093915294110775,
      0.0038852382097393275
    ],
    "psnr": [
      21.57551703491211,
      22.73756221008301,
      23.2559359375,
      23.6219487701416,
      23.88040417480469,
      24.107760714721678
    ],
    "ssim": [
      0.9183730743408203,
      0.9350925714492798,
      0.9391210561752319,
      0.9449478775024414,
      0.9456102054595947,
      0.9487556789398194
    ],
    "best_epoch": 30,
    "best_step": null,
    "best_eval_loss": 0.0038852382097393275
  },
  "test_results": {
    "test_loss": 0.0038489860355854035,
    "test_psnr": 24.155125436401367,
    "test_ssim": 0.9500995050430298
  }
}