{
  "args": {
    "device": "cuda:6",
    "exp_home": "./results",
    "ds_name": "mnist",
    "mode": "denoising",
    "noise_std": 0.25,
    "down_scale": 2.0,
    "model_type": "conventional",
    "latent_dim": 784,
    "hidden_dims": [
      1150,
      1150,
      1150,
      1150,
      1150,
      1150,
      1150,
      1150,
      1150,
      1150
    ],
    "wo_Win": false,
    "fix_Win": false,
    "I_Win": true,
    "batch_size": 128,
    "epochs": 100,
    "lr": 0.0005,
    "use_augmentation": false,
    "aug_num": 2,
    "run_id": 2,
    "seed": 42
  },
  "training_logs": {
    "train_losses": [
      0.017525914242863656,
      0.007969625054001808,
      0.00674037347510457,
      0.0063305242128670215,
      0.0059922115533053875,
      0.005789649611562491,
      0.005624601305425167,
      0.005458800304979086,
      0.005391171694844961,
      0.005248824904561042,
      0.005177134569436311,
      0.005067891644984484,
      0.005022747890502215,
      0.0049926558084785935,
      0.004900475959777832,
      0.004832324291169644,
      0.004775701642781496,
      0.004746378795206547,
      0.004692713960707188,
      0.004637033444792033,
      0.004592422772198916,
      0.0045648918688297275,
      0.004526811633706093,
      0.004493807461261749,
      0.004464648213237524,
      0.004426493906676769,
      0.004382259824275971,
      0.004366949947178364,
      0.004332109159976244,
      0.004298432187289,
      0.004279724697321653,
      0.004251248947829008,
      0.004231651722043752,
      0.004208505005836487,
      0.004182874899357558,
      0.004146743074208498,
      0.004121404842883349,
      0.004100422745645046,
      0.004077085490375758,
      0.004062277037352324,
      0.004028739284276962,
      0.00402076573997736,
      0.004003775060176849,
      0.003966935184597969,
      0.003939291015118361,
      0.003930735138654709,
      0.003912293272167444,
      0.0038764987619966267,
      0.003873825388252735,
      0.0038424131156504153,
      0.0038273134657740592,
      0.003812533867135644,
      0.0037851242059469222,
      0.0037690049731731413,
      0.0037539227203279733,
      0.003740071876347065,
      0.0037101208963245154,
      0.003696748972311616,
      0.0036736849724501373,
      0.0036618141290545463,
      0.0036339936823397874,
      0.003625928868278861,
      0.0036056060982495547,
      0.003591038092970848,
      0.0035642930852621793,
      0.0035502285429090262,
      0.0035247568076848985,
      0.0035110227670520546,
      0.0034911860055476425,
      0.0034768428431451322,
      0.003459290439784527,
      0.003435071745812893,
      0.003425531402230263,
      0.0033944934953004124,
      0.003383186073899269,
      0.0033627821122854946,
      0.0033505288343131543,
      0.003326799603998661,
      0.003310846536755562,
      0.0032949213491380216,
      0.003275003614500165,
      0.0032524949749559162,
      0.003234209041893482,
      0.0032165487910062076,
      0.003204044184759259,
      0.003186055711954832,
      0.0031580892402678726,
      0.0031403546132147313,
      0.0031225892747193573,
      0.0031030446964502335,
      0.0030822228265553714,
      0.003063568087667227,
      0.00305000086851418,
      0.003030696696192026,
      0.0030102701438218353,
      0.0029903991623967886,
      0.0029769756592810154,
      0.002956086976006627,
      0.0029419646278768777,
      0.002932358141243458
    ],
    "eval_losses": [
      0.005699849797785282,
      0.005225210851430893,
      0.004886102683842182,
      0.004675079085677862,
      0.004584026058018207,
      0.00442298779040575,
      0.004394950481504202,
      0.00425556610673666,
      0.004166816094517708,
      0.004064539010822773,
      0.004017219953238964,
      0.0039413749434053895,
      0.00384829366132617,
      0.003832394102215767,
      0.0037978976748883723,
      0.0037172499880194663,
      0.003685499045997858,
      0.0036469238951802254,
      0.0036219494476914405,
      0.0035814206160604952
    ],
    "psnr": [
      22.44336519165039,
      22.82091923828125,
      23.112415759277344,
      23.303290423583984,
      23.38936820678711,
      23.54468480529785,
      23.57249306945801,
      23.712246267700195,
      23.803849642944336,
      23.911380505371095,
      23.962447900390625,
      24.045303573608397,
      24.149348669433593,
      24.167404193115235,
      24.20699698791504,
      24.299682626342772,
      24.33738684387207,
      24.38284889831543,
      24.41296419067383,
      24.462011093139647
    ],
    "ssim": [
      0.8985432807922363,
      0.9208422332763672,
      0.9268144021987915,
      0.9278466086387634,
      0.9287763031005859,
      0.9340567280769349,
      0.9386435307502746,
      0.9396138590812683,
      0.9404787992477417,
      0.9412847111701965,
      0.9447807573318482,
      0.9467063300132752,
      0.946199377822876,
      0.9470969738006592,
      0.9496387820243836,
      0.9517825254440307,
      0.9522184070587159,
      0.9527616655349731,
      0.9546523884773255,
      0.9544857396125793
    ],
    "best_epoch": 100,
    "best_step": null,
    "best_eval_loss": 0.0035814206160604952
  },
  "test_results": {
    "test_loss": 0.0035796393848955632,
    "test_psnr": 24.471582022094726,
    "test_ssim": 0.9551468658447265
  }
}