{
  "args": {
    "device": "cuda:9",
    "exp_home": "./results",
    "ds_name": "mnist",
    "mode": "generative_classification",
    "noise_std": 0.25,
    "down_scale": 2.0,
    "model_type": "conventional",
    "latent_dim": 784,
    "hidden_dims": [
      1150,
      1150,
      1150,
      1150
    ],
    "wo_Win": true,
    "fix_Win": false,
    "I_Win": false,
    "wo_Wout": true,
    "batch_size": 128,
    "epochs": 50,
    "lr": 0.0005,
    "use_augmentation": false,
    "aug_num": 2,
    "run_id": 2,
    "seed": 42
  },
  "training_logs": {
    "train_losses": [
      0.010627812495231629,
      0.004609209698289633,
      0.003442469664812088,
      0.002976755302250385,
      0.002473587368577719,
      0.002091110276654363,
      0.002047776519432664,
      0.0017571078589744865,
      0.0016064062610268593,
      0.0014986650689691305,
      0.0013799074153602122,
      0.0012190681084245443,
      0.0010477172296866775,
      0.0010902017407119274,
      0.0008782212490960955,
      0.0008804360902309418,
      0.0007271221167966723,
      0.0008196073208842427,
      0.000701143716769293,
      0.0006535431799944491,
      0.0006094567242264748,
      0.0004674532261118293,
      0.0005899897801596671,
      0.0005817451419308781,
      0.00046128292460925876,
      0.00044323840461671355,
      0.00044922362903133034,
      0.00043706174111925064,
      0.000404919352568686,
      0.0003567412268603221,
      0.0002558220452535897,
      0.00026561554702930155,
      0.00026073653558269144,
      0.000222027475098148,
      0.0002180375833529979,
      0.00021633963061962275,
      0.00020582880049711092,
      0.00014808222423773259,
      0.00014497042967472225,
      0.00014170984209980816,
      0.0001292376309260726,
      0.00012604542416520416,
      0.00010221480384003371,
      0.00011225874606519937,
      9.349409305257722e-05,
      8.81486131530255e-05,
      8.426089934189804e-05,
      7.084682389628142e-05,
      6.888067817781121e-05,
      6.20103002525866e-05
    ],
    "eval_losses": [
      0.004664203996583819,
      0.0037165098627097905,
      0.0035243191324174404,
      0.0033039501942694186,
      0.003264580078050494,
      0.0031778850536909884,
      0.003137615762196947,
      0.0030536533295118717,
      0.002885425116238184,
      0.0027629707264481113
    ],
    "psnr": [
      23.596606088256834,
      24.69809599609375,
      25.052634490966796,
      25.33677262878418,
      25.482218502807616,
      25.90455050048828,
      25.858622509765624,
      25.95823739013672,
      26.304250018310547,
      26.64501566772461
    ],
    "ssim": [
      0.9624202900886536,
      0.972850740814209,
      0.9756050585746765,
      0.9780556770324706,
      0.9789090968132019,
      0.9801125759124756,
      0.9803558763504028,
      0.9809808891296387,
      0.981496914768219,
      0.9825367580413819
    ],
    "best_epoch": 50,
    "best_step": null,
    "best_eval_loss": 0.0027629707264481113
  },
  "test_results": {
    "test_loss": 0.0025566871626942884,
    "test_psnr": 28.43099013671875,
    "test_ssim": 0.9840028820037842
  }
}