{
  "args": {
    "device": "cuda:6",
    "exp_home": "./results",
    "ds_name": "mnist",
    "mode": "denoising",
    "noise_std": 0.25,
    "down_scale": 2.0,
    "model_type": "conventional",
    "latent_dim": 784,
    "hidden_dims": [
      2870,
      2870
    ],
    "wo_Win": false,
    "fix_Win": false,
    "I_Win": false,
    "wo_Wout": false,
    "batch_size": 128,
    "epochs": 30,
    "lr": 0.001,
    "use_augmentation": false,
    "aug_num": 2,
    "run_id": 5,
    "seed": 42
  },
  "training_logs": {
    "train_losses": [
      0.017277794049978257,
      0.007468377000689507,
      0.006617878144532442,
      0.006209997969120741,
      0.0059852678547799585,
      0.005750452706962824,
      0.00556645643979311,
      0.005421489731818437,
      0.005285747729539872,
      0.005163939418047666,
      0.005051951882243157,
      0.0049311194083094595,
      0.004834009499996901,
      0.004734826558977365,
      0.004654285297244787,
      0.004556029430031776,
      0.00447832631200552,
      0.004387833154797554,
      0.004318275675475597,
      0.004247672409713269,
      0.004185181144475937,
      0.004095881222933531,
      0.00403975810945034,
      0.003965515083819628,
      0.0038920294258743523,
      0.0038261329375952483,
      0.003752010067552328,
      0.0036867085479944943,
      0.003625815737247467,
      0.003563656849861145
    ],
    "eval_losses": [
      0.00580961112678051,
      0.005196085102856159,
      0.004641260370612145,
      0.004360932593792677,
      0.004030644946545363,
      0.0037122869454324246
    ],
    "psnr": [
      22.36053458557129,
      22.845398937988282,
      23.335391094970703,
      23.605886328125,
      23.948109826660158,
      24.30546545715332
    ],
    "ssim": [
      0.9103320769309997,
      0.9231764955520629,
      0.9290835903167725,
      0.9309409418106079,
      0.9357876110076905,
      0.9410118181228637
    ],
    "best_epoch": 30,
    "best_step": null,
    "best_eval_loss": 0.0037122869454324246
  },
  "test_results": {
    "test_loss": 0.0036865653391927483,
    "test_psnr": 24.342077670288084,
    "test_ssim": 0.9426027030944825
  }
}