{
  "args": {
    "device": "cuda:9",
    "exp_home": "./results",
    "ds_name": "mnist",
    "mode": "generative_classification",
    "noise_std": 0.25,
    "down_scale": 2.0,
    "model_type": "conventional",
    "latent_dim": 784,
    "hidden_dims": [
      785,
      785,
      785,
      785,
      785,
      785
    ],
    "wo_Win": true,
    "fix_Win": false,
    "I_Win": false,
    "wo_Wout": true,
    "batch_size": 128,
    "epochs": 50,
    "lr": 0.0005,
    "use_augmentation": false,
    "aug_num": 2,
    "run_id": 3,
    "seed": 42
  },
  "training_logs": {
    "train_losses": [
      0.01058045054629445,
      0.004766064474582672,
      0.0035349328559637068,
      0.0028893216958642007,
      0.002574699478894472,
      0.00227584253128618,
      0.002007816585376859,
      0.0017702656600810586,
      0.0016268452794104815,
      0.0015381865744292737,
      0.001394034895300865,
      0.00129622650324367,
      0.0011950839779525995,
      0.0010583850813936442,
      0.0009530889109428972,
      0.0009445956343226134,
      0.0008348834268748761,
      0.0008360958915762603,
      0.0007524660039599985,
      0.0007518076632451266,
      0.0006642561909370124,
      0.0006231972092576325,
      0.0005902876363415271,
      0.00048514921095222236,
      0.0005253921142220497,
      0.0005561345944553614,
      0.0004703765323664993,
      0.00044984429223462937,
      0.0004001165297627449,
      0.0003433343101106584,
      0.0003399571383744478,
      0.00033752896236255767,
      0.0002656858414784074,
      0.00025007744692731647,
      0.00026354545515030624,
      0.0002322344222292304,
      0.000223906877390109,
      0.00019896497633308172,
      0.00018335275819292293,
      0.00016885702873580157,
      0.0001628550385660492,
      0.0001455543261882849,
      0.00013027731984853745,
      0.00012564112714491784,
      0.00011394342694897204,
      9.103261718526483e-05,
      8.14959882502444e-05,
      7.87282044114545e-05,
      7.18729298748076e-05,
      6.697524718823843e-05
    ],
    "eval_losses": [
      0.0041305207073688505,
      0.004045872422307729,
      0.0032892050969880074,
      0.0033491128904744984,
      0.0035992445413954555,
      0.003225391478545498,
      0.003247173068067059,
      0.0031501664326293393,
      0.0031523984162136914,
      0.0030830502491095103
    ],
    "psnr": [
      24.285963522338868,
      24.4566946685791,
      25.444544885253908,
      25.377648614501954,
      24.968799310302735,
      25.561535363769533,
      25.55455532836914,
      25.57077296142578,
      25.82314617919922,
      25.926413470458986
    ],
    "ssim": [
      0.965608256816864,
      0.9708100034713745,
      0.9764565951347352,
      0.9759114938735962,
      0.9760462551116943,
      0.9787148846626281,
      0.9786332030296325,
      0.9794811567306518,
      0.9794012434959412,
      0.9797993762969971
    ],
    "best_epoch": 50,
    "best_step": null,
    "best_eval_loss": 0.0030830502491095103
  },
  "test_results": {
    "test_loss": 0.002814623002996086,
    "test_psnr": 28.529827453613283,
    "test_ssim": 0.9821110883712768
  }
}