{
  "args": {
    "device": "cuda:3",
    "exp_home": "./results",
    "ds_name": "mnist",
    "mode": "generative_classification",
    "noise_std": 0.25,
    "down_scale": 2.0,
    "model_type": "conventional",
    "latent_dim": 784,
    "hidden_dims": [
      1150,
      1150,
      1150,
      1150
    ],
    "wo_Win": false,
    "fix_Win": true,
    "I_Win": false,
    "batch_size": 128,
    "epochs": 100,
    "lr": 0.0001,
    "use_augmentation": true,
    "aug_num": 2,
    "run_id": 2,
    "seed": 42
  },
  "training_logs": {
    "train_losses": [
      0.01373546911895275,
      0.004051939241662621,
      0.002985836471617222,
      0.0023747887179628013,
      0.002035648502111435,
      0.001767121535986662,
      0.0015661029332410545,
      0.0014176562700793148,
      0.0012761327455192803,
      0.001188415707917884,
      0.0011088229865580798,
      0.0009877789568342268,
      0.0008970731443911791,
      0.0009480989641044289,
      0.0008288902033213526,
      0.0007129088706802577,
      0.0007429661255609244,
      0.0006690705622266978,
      0.000651144493650645,
      0.0006465067174565047,
      0.0005831009126175194,
      0.0005527992243645713,
      0.0005282545037101954,
      0.0005093174523487687,
      0.00051624726687558,
      0.00043280832445714623,
      0.0004644462227355689,
      0.00040608335176482794,
      0.0004089868740038946,
      0.00036476187891792505,
      0.00039286718513816595,
      0.0003730511617008597,
      0.0003792809804854915,
      0.0003177166338916868,
      0.00030535211529117076,
      0.0003461262538097799,
      0.0002700949542305898,
      0.0003073689984343946,
      0.00030324834698345515,
      0.00023352548776194452,
      0.0002543194369645789,
      0.00023606685898732395,
      0.0002307521814282518,
      0.0002255345341411885,
      0.00021767013638280332,
      0.00024231870012823492,
      0.0001846100003051106,
      0.0002369477438577451,
      0.00017098768677562475,
      0.00016772941051283852,
      0.00018608861869666725,
      0.0001799908668966964,
      0.00016110619116574526,
      0.0001311123032239266,
      0.0001425871441012714,
      0.00011115210454212502,
      0.00011771274697268382,
      0.0001424469543399755,
      0.0001262780160224065,
      0.00011571846735314466,
      0.00012911495176842435,
      9.332598214852624e-05,
      8.886680427822285e-05,
      0.00010869589916663244,
      0.00011366444842657074,
      7.278354533133097e-05,
      0.00010196299001108855,
      8.46957074815873e-05,
      9.527208471554332e-05,
      8.485425349324942e-05,
      8.05270225321874e-05,
      8.510719085170422e-05,
      6.307209014310501e-05,
      7.371021412196569e-05,
      7.167676912271418e-05,
      5.161157685739454e-05,
      6.0653510735137386e-05,
      5.773814533895347e-05,
      5.115377407637425e-05,
      5.234511455753818e-05,
      4.85122976108687e-05,
      5.15507245977642e-05,
      4.8930924934102224e-05,
      4.657516627165023e-05,
      3.767007586895488e-05,
      4.520448950584978e-05,
      4.274538450641558e-05,
      3.336254193680361e-05,
      3.5455797258764505e-05,
      3.561859976500273e-05,
      3.2758929343544876e-05,
      3.1748033897602e-05,
      3.3392399608856064e-05,
      3.243310123507399e-05,
      2.7615609359927476e-05,
      2.9732773656141944e-05,
      2.6956785115762615e-05,
      2.5582281433744354e-05,
      2.483625870256219e-05,
      2.5381003826041707e-05
    ],
    "eval_losses": [
      0.0027246794799342753,
      0.0027153055559610948,
      0.002281986154220067,
      0.0023155220214975997,
      0.002600073495134711,
      0.002007494797441177,
      0.002029649879015051,
      0.0021979110004846005,
      0.0019392633286886849,
      0.002117350090481341,
      0.0017666834876174107,
      0.001799960771246697,
      0.0019539463737979533,
      0.0018568280802341178,
      0.0018273082087456715,
      0.0016644261308494607,
      0.0016689843791347812,
      0.0017392139224510174,
      0.0016588579040108017,
      0.0016552614252315833
    ],
    "psnr": [
      26.15893930053711,
      26.280142462158203,
      27.195297021484375,
      27.103169403076173,
      26.456901525878905,
      28.22297964477539,
      28.00031202392578,
      27.601485198974608,
      28.510740893554686,
      27.631157821655272,
      29.016009118652345,
      28.782942016601563,
      28.870794140625,
      28.894782464599608,
      29.233799249267577,
      29.554620989990234,
      29.779011529541016,
      29.18705124511719,
      29.75593759765625,
      30.00569391479492
    ],
    "best_epoch": 100,
    "best_step": null,
    "best_eval_loss": 0.0016552614252315833
  },
  "test_results": {
    "test_loss": 0.001597111027061328,
    "test_psnr": 33.455548529052734
  }
}