{
  "args": {
    "device": "cuda:3",
    "exp_home": "./results",
    "ds_name": "mnist",
    "mode": "generative_classification",
    "noise_std": 0.25,
    "down_scale": 2.0,
    "model_type": "conventional",
    "latent_dim": 784,
    "hidden_dims": [
      1150,
      1150,
      1150,
      1150
    ],
    "wo_Win": false,
    "fix_Win": false,
    "I_Win": true,
    "batch_size": 128,
    "epochs": 100,
    "lr": 0.0005,
    "use_augmentation": true,
    "aug_num": 2,
    "run_id": 2,
    "seed": 42
  },
  "training_logs": {
    "train_losses": [
      0.01258715760231018,
      0.005702653787657618,
      0.004628585256636143,
      0.004018659404814244,
      0.0034952799132466315,
      0.003211086401194334,
      0.0028786171278357506,
      0.0025927970807254315,
      0.0024432294166460635,
      0.0022898528850078584,
      0.0020415778786316515,
      0.0019419158955290914,
      0.0018140859895572066,
      0.0017627016749233008,
      0.0016398779775202274,
      0.0015329431021772325,
      0.0014454206157289446,
      0.0013448118446394801,
      0.0013001510016992688,
      0.0013097417136840523,
      0.001185754017010331,
      0.0011424862920492887,
      0.0010356791755557061,
      0.0010402811005711555,
      0.0009424864548817277,
      0.0009620575901772827,
      0.0008694928624108434,
      0.0008504248241893947,
      0.0008258692784048617,
      0.0007720235684514046,
      0.0007540654310584068,
      0.0007446365543827414,
      0.0006970694703049958,
      0.0006730189380049705,
      0.0006769890860654414,
      0.0005757500951364637,
      0.0005927345554251224,
      0.0005704793659970165,
      0.0005368877771031111,
      0.0005371490434091538,
      0.0005416247831098735,
      0.0004945906135998666,
      0.0004897631221404299,
      0.0003710165559593588,
      0.0004832923143170774,
      0.0003684214158169925,
      0.0004057018920267001,
      0.0003655494925752282,
      0.00040132309265434744,
      0.00031479761816561225,
      0.00036217977338004855,
      0.0003526303657284006,
      0.000250393591192551,
      0.0003243673879140988,
      0.0002976038031792268,
      0.00027071504921186715,
      0.0002097367905639112,
      0.00027617275893921034,
      0.00021793360176496207,
      0.0002435236171586439,
      0.0002067824182426557,
      0.00019488550782669335,
      0.00020146379138808699,
      0.0001765745589812286,
      0.0001850700324610807,
      0.00011178816439583898,
      0.00021023318029474467,
      0.0001524319215491414,
      0.00015573349496582524,
      0.00010162575451424346,
      0.00012101674398640171,
      0.00013765827433322557,
      0.00012391698212129996,
      0.00010614310967270285,
      8.197025695350021e-05,
      8.630871769157238e-05,
      8.208331506932154e-05,
      9.165697292308323e-05,
      5.457667031674646e-05,
      6.1158809378976e-05,
      7.469794782577082e-05,
      4.9929388646269216e-05,
      6.244258882128634e-05,
      6.31285544653656e-05,
      4.913121735793538e-05,
      4.133993975119665e-05,
      4.505400919704698e-05,
      3.462563706794754e-05,
      3.4542845724499786e-05,
      2.9399021783610805e-05,
      3.0859696234110746e-05,
      2.5512434376287275e-05,
      3.291155489976518e-05,
      2.5966899794875644e-05,
      2.064409441431053e-05,
      2.4611934713902882e-05,
      1.959350358869415e-05,
      1.7420073624816722e-05,
      1.836766504100524e-05,
      1.5467440613429063e-05
    ],
    "eval_losses": [
      0.003996989418938756,
      0.0029026996111497284,
      0.002792359569855034,
      0.0026493691258132456,
      0.002413231143169105,
      0.0022168175557628275,
      0.002334102774783969,
      0.0021548507412313483,
      0.0022094885531812906,
      0.0020051152007654308,
      0.002031713453982957,
      0.0021475158179877327,
      0.0018596622471144656,
      0.0018787851440429221,
      0.00184967817455763,
      0.001757940174304531,
      0.0018198674508865223,
      0.001745359973734594,
      0.0017138513603887986,
      0.0016367910722910892
    ],
    "psnr": [
      24.27172508239746,
      25.84229426269531,
      25.993032641601562,
      26.39697746887207,
      26.756317529296876,
      27.441883435058593,
      26.920476824951173,
      27.761083337402344,
      27.53959429321289,
      27.851921704101564,
      28.126663623046873,
      27.664852923583986,
      28.653989404296876,
      28.72002554321289,
      28.857862194824218,
      29.016639385986327,
      29.15229780883789,
      29.446994091796874,
      29.4518802734375,
      30.019612359619142
    ],
    "best_epoch": 100,
    "best_step": null,
    "best_eval_loss": 0.0016367910722910892
  },
  "test_results": {
    "test_loss": 0.0015673001445939009,
    "test_psnr": 34.437814178466795
  }
}