{
  "args": {
    "device": "cuda:6",
    "exp_home": "./results",
    "ds_name": "mnist",
    "mode": "denoising",
    "noise_std": 0.25,
    "down_scale": 2.0,
    "model_type": "conventional",
    "latent_dim": 784,
    "hidden_dims": [
      905,
      905,
      905
    ],
    "wo_Win": false,
    "fix_Win": false,
    "I_Win": false,
    "wo_Wout": false,
    "batch_size": 128,
    "epochs": 30,
    "lr": 0.0005,
    "use_augmentation": false,
    "aug_num": 2,
    "run_id": 4,
    "seed": 42
  },
  "training_logs": {
    "train_losses": [
      0.019286147598326205,
      0.0077176174592971806,
      0.006458924537152052,
      0.005950012562572956,
      0.0056481421498954295,
      0.005414152952283621,
      0.005250369579344988,
      0.005091475337296724,
      0.004971535610407591,
      0.004893309697657823,
      0.004773693170696497,
      0.004684924098104238,
      0.004621473956257105,
      0.0045342573645710945,
      0.004453351959735155,
      0.004392569674998522,
      0.004327302646636963,
      0.00427540956735611,
      0.0042083023327589035,
      0.004145692120790481,
      0.004089567202925682,
      0.0040339270527660846,
      0.003979025930166244,
      0.003936051564365626,
      0.0038817920592427255,
      0.003830581254810095,
      0.0037872042940557,
      0.0037389764139056205,
      0.0037070086145401,
      0.0036662737711519004
    ],
    "eval_losses": [
      0.00558437721952796,
      0.004850302020460367,
      0.004510121838748455,
      0.004235475508868694,
      0.004037775088101625,
      0.0038378931887447835
    ],
    "psnr": [
      22.532491079711914,
      23.144493377685546,
      23.46019287414551,
      23.732740615844726,
      23.940592272949218,
      24.161241149902345
    ],
    "ssim": [
      0.8961534437179566,
      0.91369453125,
      0.9184627884864807,
      0.9296894543647766,
      0.9325493606567383,
      0.93922451171875
    ],
    "best_epoch": 30,
    "best_step": null,
    "best_eval_loss": 0.0038378931887447835
  },
  "test_results": {
    "test_loss": 0.0038227679390460253,
    "test_psnr": 24.186045925903322,
    "test_ssim": 0.9402241733551026
  }
}