{
  "args": {
    "device": "cuda:0",
    "exp_home": "./results",
    "ds_name": "mnist",
    "mode": "denoising",
    "noise_std": 0.25,
    "down_scale": 2.0,
    "model_type": "conventional",
    "latent_dim": 784,
    "hidden_dims": [
      2870,
      2870,
      2870,
      2870,
      2870,
      2870
    ],
    "wo_Win": true,
    "fix_Win": false,
    "I_Win": false,
    "wo_Wout": true,
    "batch_size": 128,
    "epochs": 30,
    "lr": 0.0001,
    "use_augmentation": false,
    "aug_num": 2,
    "run_id": 2,
    "seed": 42
  },
  "training_logs": {
    "train_losses": [
      0.013265294434577227,
      0.006018231830149889,
      0.005357047600597143,
      0.005098726840317249,
      0.0049106343480944635,
      0.004779633754044771,
      0.004663019802570343,
      0.004575488058626652,
      0.004484687179923058,
      0.004431798694729805,
      0.004348209049552679,
      0.004289074172824621,
      0.00423937345162034,
      0.004191310306191445,
      0.004143201377689839,
      0.004092663833349943,
      0.004040904813408851,
      0.004020111417025327,
      0.003972261871546507,
      0.003931906815171242,
      0.003899442054182291,
      0.003859823533296585,
      0.003834884776622057,
      0.003800281119570136,
      0.003767489697784185,
      0.0037463095466047525,
      0.0037143554547429086,
      0.0036869215154647825,
      0.003662643149122596,
      0.0036408472411334513
    ],
    "eval_losses": [
      0.004697782384604216,
      0.00434549156576395,
      0.0041678740993142125,
      0.004021028185635805,
      0.0038921514421701433,
      0.003804658009111881
    ],
    "psnr": [
      23.28303227233887,
      23.62187146911621,
      23.802832495117187,
      23.958284658813476,
      24.1001357421875,
      24.198840658569335
    ],
    "ssim": [
      0.9006921349525452,
      0.920799951171875,
      0.9323618749618531,
      0.9374258378982544,
      0.9400913086891174,
      0.9423250734329224
    ],
    "best_epoch": 30,
    "best_step": null,
    "best_eval_loss": 0.003804658009111881
  },
  "test_results": {
    "test_loss": 0.0037832652140408754,
    "test_psnr": 24.229432244873045,
    "test_ssim": 0.9434546123504639
  }
}