{
  "args": {
    "device": "cuda:1",
    "exp_home": "./results",
    "ds_name": "mnist",
    "mode": "denoising",
    "noise_std": 0.25,
    "down_scale": 2.0,
    "model_type": "conventional",
    "latent_dim": 784,
    "hidden_dims": [
      785
    ],
    "wo_Win": false,
    "fix_Win": false,
    "I_Win": false,
    "wo_Wout": false,
    "batch_size": 128,
    "epochs": 100,
    "lr": 0.0001,
    "use_augmentation": true,
    "aug_num": 4,
    "run_id": 1,
    "seed": 42
  },
  "training_logs": {
    "train_losses": [
      0.019601957922577858,
      0.007399404882788658,
      0.006190737770944834,
      0.0056660656575858595,
      0.005377290882319212,
      0.005180626717507839,
      0.005037778408527374,
      0.004933055093288422,
      0.004853164188712835,
      0.004771928887963295,
      0.004714955552220345,
      0.00466151781603694,
      0.004612062388658524,
      0.004567717419415712,
      0.004530653200149536,
      0.004491667470037937,
      0.004455481966137886,
      0.004427538311034441,
      0.004398996209055185,
      0.004368789923489094,
      0.004338452991992235,
      0.004315661900937557,
      0.00429642193749547,
      0.00427516511246562,
      0.00425102782741189,
      0.004232696205228567,
      0.004211579178124666,
      0.0041925392298400406,
      0.004177175015360117,
      0.004160289171934128,
      0.004146267777681351,
      0.0041324789994955065,
      0.004110724912434817,
      0.004102812536507845,
      0.004091321624815464,
      0.004079137276411056,
      0.004066928779929876,
      0.004056396068930626,
      0.004044407115131617,
      0.004032443462908268,
      0.004026823750287295,
      0.004017697031199932,
      0.0040049697478115555,
      0.003999960162937641,
      0.003992970443069935,
      0.003985890186354518,
      0.003977385457605124,
      0.003973046010285616,
      0.0039620040316134695,
      0.003957433604449034,
      0.0039490499432384965,
      0.00394474028646946,
      0.003936762964427471,
      0.003935213651806116,
      0.003924709566831589,
      0.003919243362545967,
      0.003918012757599354,
      0.0039110630849003795,
      0.0039051990634948017,
      0.0039011440023779867,
      0.003895242241770029,
      0.003890779152363539,
      0.0038871009512245654,
      0.0038803480598330496,
      0.003878810425400734,
      0.0038741021237522363,
      0.003873335985839367,
      0.003867345423698425,
      0.0038606313072144984,
      0.0038594874955713747,
      0.0038547509700059893,
      0.003853245273604989,
      0.003851924477517605,
      0.003847226414605975,
      0.0038446697436273097,
      0.0038422035606205463,
      0.003837241129130125,
      0.0038349600645154716,
      0.0038307846979796886,
      0.003828674463480711,
      0.003826569589227438,
      0.003824754997640848,
      0.0038190960002690553,
      0.0038152703615278007,
      0.0038137737837433813,
      0.00381393971607089,
      0.0038109582591056824,
      0.003807928150743246,
      0.0038051646126806738,
      0.0038034369619190695,
      0.003800479280650616,
      0.0037992593508958815,
      0.0037955149372667072,
      0.0037950076918303968,
      0.003794182313233614,
      0.0037909149146080016,
      0.0037891424714028834,
      0.003787842741459608,
      0.0037840249343961477,
      0.0037837360596656797
    ],
    "eval_losses": [
      0.0050854022055864334,
      0.004575799899548292,
      0.004357352118939162,
      0.004265118835121393,
      0.004164665226638317,
      0.004076578564941883,
      0.004003809718042612,
      0.003989063747227192,
      0.003940803219377995,
      0.003918092779815197,
      0.003880936288461089,
      0.003853579796850681,
      0.0038504623480141165,
      0.00382059630677104,
      0.0038074276715517044,
      0.0038021332308650017,
      0.0037995951414108277,
      0.0037820489563047885,
      0.00378258475586772,
      0.003763577847927809
    ],
    "psnr": [
      22.93904581298828,
      23.397331878662108,
      23.609661663818358,
      23.702547216796876,
      23.80645846557617,
      23.89867716064453,
      23.976978314208985,
      23.99337180786133,
      24.04613024597168,
      24.07137405090332,
      24.112517526245117,
      24.14310192565918,
      24.146659930419922,
      24.18066624145508,
      24.195365628051757,
      24.20183218688965,
      24.20440241699219,
      24.224377084350586,
      24.224013760375975,
      24.245647705078124
    ],
    "ssim": [
      0.8783656970024109,
      0.8983251320838929,
      0.9124948035240174,
      0.9125070931434631,
      0.9245666410446167,
      0.9252668399810791,
      0.9284859184265136,
      0.9302419404983521,
      0.9315043360710143,
      0.9362573826789856,
      0.9356783441543579,
      0.9345449251174927,
      0.9362820010185242,
      0.9372816745758057,
      0.9399238809585572,
      0.9395136094093323,
      0.9401817297935486,
      0.9403672538757324,
      0.9422602308273316,
      0.9408483287811279
    ],
    "best_epoch": 100,
    "best_step": null,
    "best_eval_loss": 0.003763577847927809
  },
  "test_results": {
    "test_loss": 0.0037389924857765436,
    "test_psnr": 24.279243048095704,
    "test_ssim": 0.9425093277931214
  }
}