{
  "args": {
    "device": "cuda:6",
    "exp_home": "./results",
    "ds_name": "mnist",
    "mode": "denoising",
    "noise_std": 0.25,
    "down_scale": 2.0,
    "model_type": "conventional",
    "latent_dim": 784,
    "hidden_dims": [
      785,
      785
    ],
    "wo_Win": false,
    "fix_Win": false,
    "I_Win": false,
    "wo_Wout": false,
    "batch_size": 128,
    "epochs": 30,
    "lr": 0.005,
    "use_augmentation": false,
    "aug_num": 2,
    "run_id": 4,
    "seed": 42
  },
  "training_logs": {
    "train_losses": [
      0.11466998577594757,
      0.11358676228046417,
      0.11358676187038422,
      0.1135867624092102,
      0.11358676182508469,
      0.11358676175355911,
      0.11358676182746887,
      0.11358676198244094,
      0.11358676199913025,
      0.11358676150083542,
      0.11358676198244094,
      0.11358676233530045,
      0.11358676138401032,
      0.11358676207780838,
      0.11358676138401032,
      0.11358676161766053,
      0.11358676225423812,
      0.11358676171779633,
      0.11358676149845123,
      0.11358676201581955,
      0.11358676186323166,
      0.11358676229953765,
      0.11358676182031631,
      0.11358676231861115,
      0.11358676179885864,
      0.11358676229715348,
      0.11358676174163819,
      0.11358676218271256,
      0.11358676171541214,
      0.11358676195383072
    ],
    "eval_losses": [
      0.11251169564723969,
      0.11251169564723969,
      0.11251169564723969,
      0.11251169564723969,
      0.11251169564723969,
      0.11251169564723969
    ],
    "psnr": [
      9.490432252502442,
      9.490432252502442,
      9.490432252502442,
      9.490432252502442,
      9.490432252502442,
      9.490432252502442
    ],
    "ssim": [
      0.42833285007476807,
      0.42833285007476807,
      0.42833285007476807,
      0.42833285007476807,
      0.42833285007476807,
      0.42833285007476807
    ],
    "best_epoch": 5,
    "best_step": null,
    "best_eval_loss": 0.11251169564723969
  },
  "test_results": {
    "test_loss": 0.11472892932891846,
    "test_psnr": 9.428866310119629,
    "test_ssim": 0.42581443419456483
  }
}