{
  "args": {
    "device": "cuda:0",
    "exp_home": "./results",
    "ds_name": "mnist",
    "mode": "denoising",
    "noise_std": 0.25,
    "down_scale": 2.0,
    "model_type": "conventional",
    "latent_dim": 784,
    "hidden_dims": [
      1470,
      1470,
      1470,
      1470
    ],
    "wo_Win": true,
    "fix_Win": false,
    "I_Win": false,
    "wo_Wout": true,
    "batch_size": 128,
    "epochs": 30,
    "lr": 0.005,
    "use_augmentation": false,
    "aug_num": 2,
    "run_id": 4,
    "seed": 42
  },
  "training_logs": {
    "train_losses": [
      0.038208637694120404,
      0.031625722918510436,
      0.031581318802833554,
      0.03133191587567329,
      0.030999464882016183,
      0.030670881878137587,
      0.03003401455283165,
      0.029603107486367224,
      0.029009951949715614,
      0.028658846682310106,
      0.028686503773927688,
      0.028429748888611793,
      0.02791371755361557,
      0.027329592678546906,
      0.02703023430109024,
      0.026527667421102522,
      0.02599153961420059,
      0.02570743789732456,
      0.02524060027360916,
      0.02470583137154579,
      0.024500764715075493,
      0.02366583188354969,
      0.0232106590116024,
      0.022690095674991608,
      0.02230503890156746,
      0.021557511316537856,
      0.020772343775629996,
      0.02013860408127308,
      0.019654928103089334,
      0.01929513026058674
    ],
    "eval_losses": [
      0.029611059352755546,
      0.027481078058481215,
      0.025865042236447335,
      0.023835392773151397,
      0.021879239383339882,
      0.018855748489499093
    ],
    "psnr": [
      15.304842678833008,
      15.62658130493164,
      15.887239227294922,
      16.23948907470703,
      16.6098843170166,
      17.249550231933593
    ],
    "ssim": [
      0.8136258688926696,
      0.8235515201568604,
      0.831409582901001,
      0.8398713479995727,
      0.8513806345939636,
      0.865707239151001
    ],
    "best_epoch": 30,
    "best_step": null,
    "best_eval_loss": 0.018855748489499093
  },
  "test_results": {
    "test_loss": 0.01855251159667969,
    "test_psnr": 17.330807009887696,
    "test_ssim": 0.8678922386169433
  }
}