{
  "args": {
    "device": "cuda:8",
    "exp_home": "./results",
    "ds_name": "mnist",
    "mode": "denoising",
    "noise_std": 0.25,
    "down_scale": 2.0,
    "model_type": "conventional",
    "latent_dim": 784,
    "hidden_dims": [
      1150,
      1150,
      1150,
      1150,
      1150,
      1150
    ],
    "wo_Win": false,
    "fix_Win": false,
    "I_Win": true,
    "batch_size": 128,
    "epochs": 100,
    "lr": 0.005,
    "use_augmentation": true,
    "aug_num": 2,
    "run_id": 2,
    "seed": 42
  },
  "training_logs": {
    "train_losses": [
      0.1275621507906914,
      0.1272918997192383,
      0.12729189955711365,
      0.12729189959049225,
      0.12729189965248108,
      0.12729189992666246,
      0.12729189932823182,
      0.12729189956665038,
      0.1272914336156845,
      0.12729189944267272,
      0.12729189933776855,
      0.12729189974069596,
      0.1272918993330002,
      0.12729189966201782,
      0.1272918999195099,
      0.12729189970970153,
      0.1272918998146057,
      0.12729189955234527,
      0.12729190008163452,
      0.1272918996143341,
      0.1272918999195099,
      0.12729189962625503,
      0.12729189940452576,
      0.12729189975976943,
      0.1272918998479843,
      0.1272919000148773,
      0.1272918996477127,
      0.12729189949274064,
      0.12729189999580384,
      0.12729189976215363,
      0.12729189984321596,
      0.12729189994335174,
      0.12694028086662293,
      0.12675700302600862,
      0.1267570033788681,
      0.12675700323343278,
      0.12675700337409973,
      0.1267570033311844,
      0.12675700332164763,
      0.12675700338602067,
      0.1267570032429695,
      0.12675700346946717,
      0.12675700341224672,
      0.12675700328826905,
      0.12675700362205505,
      0.12675700328350067,
      0.12675700376033783,
      0.12675700323581696,
      0.1267570036792755,
      0.126757003364563,
      0.12675700360298156,
      0.1267570031785965,
      0.1267570034790039,
      0.12675700358390807,
      0.12675700343132018,
      0.1267570031785965,
      0.12675700355529784,
      0.12675700346946717,
      0.1267570035123825,
      0.12675700335502624,
      0.12675700361967088,
      0.1267570033121109,
      0.12675700337409973,
      0.12675700390815736,
      0.12675700370788573,
      0.12675700362205505,
      0.12675700376749038,
      0.12675700296878814,
      0.12675700343608856,
      0.12675700338602067,
      0.12675700370788573,
      0.12675700335025789,
      0.12675700360536576,
      0.12675700366020204,
      0.12675700351715088,
      0.1267570031309128,
      0.12675700384616853,
      0.12675700380325317,
      0.12675700339794158,
      0.12675700315475463,
      0.12675700325012207,
      0.12675700310468674,
      0.12675700368881226,
      0.1267570030784607,
      0.1267570033121109,
      0.12675700350046157,
      0.12675700355529784,
      0.1267570032119751,
      0.12675700356006622,
      0.12675700321674346,
      0.12675700334072112,
      0.12675700335025789,
      0.12675700326919556,
      0.12675700390815736,
      0.12675700307130813,
      0.12675700342655183,
      0.12675700346946717,
      0.12675700331687928,
      0.12675700347185134,
      0.12675700353860855
    ],
    "eval_losses": [
      0.12488954033851624,
      0.12488954033851624,
      0.12488954033851624,
      0.12488954033851624,
      0.12488954033851624,
      0.12488954033851624,
      0.12527265170812607,
      0.12527265170812607,
      0.12527265170812607,
      0.12527265170812607,
      0.12527265170812607,
      0.12527265170812607,
      0.12527265170812607,
      0.12527265170812607,
      0.12527265170812607,
      0.12527265170812607,
      0.12527265170812607,
      0.12527265170812607,
      0.12527265170812607,
      0.12527265170812607
    ],
    "psnr": [
      9.036013153076173,
      9.036013153076173,
      9.036013153076173,
      9.036013153076173,
      9.036013153076173,
      9.036013153076173,
      9.022767668151856,
      9.022767668151856,
      9.022767668151856,
      9.022767668151856,
      9.022767668151856,
      9.022767668151856,
      9.022767668151856,
      9.022767668151856,
      9.022767668151856,
      9.022767668151856,
      9.022767668151856,
      9.022767668151856,
      9.022767668151856,
      9.022767668151856
    ],
    "best_epoch": 5,
    "best_step": null,
    "best_eval_loss": 0.12488954033851624
  },
  "test_results": {
    "test_loss": 0.1262957985162735,
    "test_psnr": 8.996161451721191
  }
}