{
  "args": {
    "device": "cuda:7",
    "exp_home": "./results",
    "ds_name": "mnist",
    "mode": "denoising",
    "noise_std": 0.25,
    "down_scale": 2.0,
    "model_type": "conventional",
    "latent_dim": 784,
    "hidden_dims": [
      785,
      785,
      785,
      785,
      785,
      785
    ],
    "wo_Win": false,
    "fix_Win": false,
    "I_Win": false,
    "wo_Wout": false,
    "batch_size": 128,
    "epochs": 30,
    "lr": 0.005,
    "use_augmentation": false,
    "aug_num": 2,
    "run_id": 5,
    "seed": 42
  },
  "training_logs": {
    "train_losses": [
      0.11957312673568725,
      0.11942652698040009,
      0.11974169606208801,
      0.11974169609069824,
      0.11974169528484345,
      0.1197416959810257,
      0.11974169597387314,
      0.11974169516563415,
      0.11974169558286667,
      0.11974169556379319,
      0.11966478774070739,
      0.1191164320063591,
      0.11911643200397491,
      0.11911643172502517,
      0.11911643158435821,
      0.11911643178224564,
      0.11911643199920655,
      0.1191164317059517,
      0.11911643198490143,
      0.11911643219709396,
      0.11911643225669862,
      0.11911643213748932,
      0.11911643258094788,
      0.11911643176794053,
      0.11911643194675446,
      0.11911643151044846,
      0.11911643215417862,
      0.11911643153905868,
      0.11911643208503724,
      0.11911643200397491
    ],
    "eval_losses": [
      0.11893899277448654,
      0.11893899277448654,
      0.11830780647993087,
      0.11830780647993087,
      0.11830780647993087,
      0.11830780647993087
    ],
    "psnr": [
      9.248300732421875,
      9.248300732421875,
      9.271477059936524,
      9.271477059936524,
      9.271477059936524,
      9.271477059936524
    ],
    "ssim": [
      0.39864194655418395,
      0.39864194655418395,
      0.40010208082199095,
      0.40010208082199095,
      0.40010208082199095,
      0.40010208082199095
    ],
    "best_epoch": 15,
    "best_step": null,
    "best_eval_loss": 0.11830780647993087
  },
  "test_results": {
    "test_loss": 0.11978919253349304,
    "test_psnr": 9.232417147827148,
    "test_ssim": 0.40032476511001586
  }
}