{
  "args": {
    "device": "cuda:0",
    "exp_home": "./results",
    "ds_name": "mnist",
    "mode": "denoising",
    "noise_std": 0.25,
    "down_scale": 2.0,
    "model_type": "conventional",
    "latent_dim": 784,
    "hidden_dims": [
      785
    ],
    "wo_Win": true,
    "fix_Win": false,
    "I_Win": false,
    "wo_Wout": true,
    "batch_size": 128,
    "epochs": 30,
    "lr": 0.001,
    "use_augmentation": false,
    "aug_num": 2,
    "run_id": 1,
    "seed": 42
  },
  "training_logs": {
    "train_losses": [
      0.014485029745101928,
      0.005990625721514225,
      0.005446503940969706,
      0.005199209714233875,
      0.005046148521602154,
      0.004926985078901052,
      0.004844731448590755,
      0.004781861836016178,
      0.004694356135576963,
      0.004648650136590004,
      0.0045772276730835434,
      0.004523583541661501,
      0.004490222100019455,
      0.004438347046077252,
      0.004405088888406753,
      0.004352192812860012,
      0.004323843404948712,
      0.004292688592672348,
      0.0042460730740427974,
      0.004213454050570727,
      0.004185619081556797,
      0.004147116982042789,
      0.0041152791698277,
      0.004088126653879881,
      0.004060421013236046,
      0.004036932316273451,
      0.004014314138740301,
      0.003984543772339821,
      0.003963814226761461,
      0.0039395634405314925
    ],
    "eval_losses": [
      0.004776907162368298,
      0.0044821961805224415,
      0.0042772832110524175,
      0.004152683163434267,
      0.004025999207049608,
      0.00392599861100316
    ],
    "psnr": [
      23.21108310546875,
      23.487350677490234,
      23.690668496704102,
      23.81877468261719,
      23.953242953491213,
      24.063106646728517
    ],
    "ssim": [
      0.9111693881988525,
      0.9188196153640747,
      0.925776354598999,
      0.931656210899353,
      0.933600089263916,
      0.936996871471405
    ],
    "best_epoch": 30,
    "best_step": null,
    "best_eval_loss": 0.00392599861100316
  },
  "test_results": {
    "test_loss": 0.003916927426680922,
    "test_psnr": 24.078639294433593,
    "test_ssim": 0.9380661554336548
  }
}