{
  "args": {
    "device": "cuda:0",
    "exp_home": "./results",
    "ds_name": "mnist",
    "mode": "denoising",
    "noise_std": 0.25,
    "down_scale": 2.0,
    "model_type": "conventional",
    "latent_dim": 784,
    "hidden_dims": [
      1470,
      1470,
      1470,
      1470,
      1470
    ],
    "wo_Win": true,
    "fix_Win": false,
    "I_Win": false,
    "wo_Wout": true,
    "batch_size": 128,
    "epochs": 30,
    "lr": 0.001,
    "use_augmentation": false,
    "aug_num": 2,
    "run_id": 3,
    "seed": 42
  },
  "training_logs": {
    "train_losses": [
      0.015221764207482337,
      0.011343434496223926,
      0.00990086833178997,
      0.008782517791092397,
      0.007635224746614695,
      0.006877308139950037,
      0.0064047330236434935,
      0.006038350462168455,
      0.005689414182156324,
      0.005466877816319465,
      0.005276272763460875,
      0.0051300405204296115,
      0.00499289303034544,
      0.00490818959876895,
      0.004796595624536276,
      0.004707718552052975,
      0.004617696849256754,
      0.004545869045853614,
      0.004475153540819884,
      0.004398659880161285,
      0.00432479943215847,
      0.004272490358054638,
      0.004200132789462805,
      0.004155500513315201,
      0.004086360528618097,
      0.0040351625630259515,
      0.00397783889696002,
      0.003933096921890974,
      0.0038781357553601264,
      0.00383479168087244
    ],
    "eval_losses": [
      0.006857297731935978,
      0.0052444423995912075,
      0.004658226502686739,
      0.0042833722241222855,
      0.004078449486941099,
      0.0038766472183167935
    ],
    "psnr": [
      21.642758740234374,
      22.805266104125977,
      23.319756579589843,
      23.684165557861327,
      23.897124771118165,
      24.11767721862793
    ],
    "ssim": [
      0.9174476649284363,
      0.9304547417640686,
      0.9367848381996154,
      0.9434746276855469,
      0.9448823305130005,
      0.9500554288864136
    ],
    "best_epoch": 30,
    "best_step": null,
    "best_eval_loss": 0.0038766472183167935
  },
  "test_results": {
    "test_loss": 0.003848962138593197,
    "test_psnr": 24.1565525970459,
    "test_ssim": 0.9511550441741944
  }
}