{
  "args": {
    "device": "cuda:6",
    "exp_home": "./results",
    "ds_name": "mnist",
    "mode": "denoising",
    "noise_std": 0.25,
    "down_scale": 2.0,
    "model_type": "conventional",
    "latent_dim": 784,
    "hidden_dims": [
      1150,
      1150,
      1150,
      1150,
      1150,
      1150
    ],
    "wo_Win": false,
    "fix_Win": true,
    "I_Win": true,
    "batch_size": 128,
    "epochs": 100,
    "lr": 0.0005,
    "use_augmentation": false,
    "aug_num": 2,
    "run_id": 1,
    "seed": 42
  },
  "training_logs": {
    "train_losses": [
      0.018115825582444667,
      0.008007370330244302,
      0.006869197594672441,
      0.00639147701382637,
      0.006107896149158478,
      0.005861554615944624,
      0.005720638917684555,
      0.00557079650491476,
      0.005465724278688431,
      0.005420301265120506,
      0.0053285876767337325,
      0.005248115428686142,
      0.005205036418884992,
      0.0051208181291818615,
      0.0050897834680974485,
      0.0050129936799407,
      0.004973828692138195,
      0.004951480239331722,
      0.004898479391634464,
      0.004846394938975572,
      0.0048513240887224675,
      0.0047708221450448035,
      0.004741161198467016,
      0.004713907640576363,
      0.004678996122479438,
      0.004650343986451626,
      0.004624946396052838,
      0.004580724698454141,
      0.0045605556914210315,
      0.004529106014817953,
      0.00449877231746912,
      0.0044800874863564965,
      0.004461588527262211,
      0.004437712470591069,
      0.004394597634077072,
      0.004377599295079708,
      0.00436030924424529,
      0.004348945066183806,
      0.00428932308703661,
      0.004266723737865686,
      0.0042721280464529995,
      0.004227564029246568,
      0.004206722082793712,
      0.004200315657556057,
      0.0041968008920550345,
      0.0041504297263920305,
      0.004119888060092926,
      0.0041083079640567306,
      0.00408951111972332,
      0.004072620336413383,
      0.004044206499606371,
      0.004020524815022945,
      0.003997986611276865,
      0.003988264495134354,
      0.003960589340031147,
      0.00394207608550787,
      0.003922423605471849,
      0.003902384639531374,
      0.003880778408199549,
      0.003855650861263275,
      0.00384596417799592,
      0.003824820297881961,
      0.0038042880365252497,
      0.003785050317719579,
      0.003768199546635151,
      0.0037569256491959096,
      0.003733293420523405,
      0.003708199878334999,
      0.0036868069476634264,
      0.0036762759871780872,
      0.0036547404462099076,
      0.003640384870916605,
      0.0036164413676410914,
      0.0036070510352402925,
      0.0035849849067628383,
      0.003556425193399191,
      0.003537097573429346,
      0.0035267880330979826,
      0.0035080042043328283,
      0.00348809739947319,
      0.003473228127062321,
      0.0034515585973113774,
      0.0034290336499363185,
      0.0034088281193375585,
      0.003390527305603027,
      0.003381271612867713,
      0.0033595732397586108,
      0.003337477618530393,
      0.0033260848324745892,
      0.0033055145306885242,
      0.003293626910969615,
      0.0032731050496548415,
      0.003260455254241824,
      0.0032387440334260462,
      0.003224587274938822,
      0.0032136333306878803,
      0.003196121403723955,
      0.0031841030087321996,
      0.0031682160810381174,
      0.0031515343593806026
    ],
    "eval_losses": [
      0.0058472519382834435,
      0.005165125900506973,
      0.0048738786585628985,
      0.004844717875868082,
      0.004630997575819492,
      0.004499927838891744,
      0.0043703659109771255,
      0.004343765825033188,
      0.004259316325187683,
      0.004143459241092205,
      0.004071871192008257,
      0.0040053061194717885,
      0.003951896360516548,
      0.003921344045549631,
      0.003865792631357908,
      0.0038135468810796738,
      0.0037492360450327397,
      0.0037246434584259987,
      0.003683150628209114,
      0.0036445579171180725
    ],
    "psnr": [
      22.33299150390625,
      22.870966848754883,
      23.123457415771483,
      23.14934992980957,
      23.345156344604494,
      23.46987287902832,
      23.59715749206543,
      23.623223751831055,
      23.708475939941405,
      23.828685321044922,
      23.904227404785157,
      23.97584405822754,
      24.034335385131836,
      24.0677815826416,
      24.130154483032225,
      24.188772326660157,
      24.26317943725586,
      24.29173610534668,
      24.340114227294922,
      24.3858371673584
    ],
    "ssim": [
      0.9075135915756226,
      0.9093275485038758,
      0.9248433963775635,
      0.9280449077606201,
      0.9356151002883911,
      0.93189203042984,
      0.9342083953857422,
      0.9372466974258423,
      0.9378822269439697,
      0.9418037504196167,
      0.9445004040718079,
      0.9459614929199218,
      0.9459076959609986,
      0.9475712593078613,
      0.9494427362442016,
      0.9507280045509339,
      0.9501248344421387,
      0.9527275267601013,
      0.9531400077819824,
      0.9538440944671631
    ],
    "best_epoch": 100,
    "best_step": null,
    "best_eval_loss": 0.0036445579171180725
  },
  "test_results": {
    "test_loss": 0.003653876880556345,
    "test_psnr": 24.382125506591798,
    "test_ssim": 0.9542424209594726
  }
}