{
  "args": {
    "device": "cuda:2",
    "exp_home": "./results",
    "ds_name": "mnist",
    "mode": "generative_classification",
    "noise_std": 0.25,
    "down_scale": 2.0,
    "model_type": "conventional",
    "latent_dim": 784,
    "hidden_dims": [
      1150
    ],
    "wo_Win": false,
    "fix_Win": true,
    "I_Win": true,
    "batch_size": 128,
    "epochs": 100,
    "lr": 0.0005,
    "use_augmentation": true,
    "aug_num": 4,
    "run_id": 2,
    "seed": 42
  },
  "training_logs": {
    "train_losses": [
      0.01795344560086727,
      0.010979111671447755,
      0.009582427140772343,
      0.00868620303183794,
      0.0079944762891531,
      0.007517680620551109,
      0.007062640176415443,
      0.006721662376672029,
      0.006413926779329776,
      0.006139809920489788,
      0.005915159509927034,
      0.005691351663768291,
      0.005505500142872334,
      0.005357180616855622,
      0.005164192901104689,
      0.005040328984111548,
      0.004927696800529957,
      0.0047958259585499765,
      0.004670478945225477,
      0.004567868254482746,
      0.004490291938483715,
      0.004396085924357176,
      0.004298369135782122,
      0.004217481985688209,
      0.004143199237287044,
      0.00408713557511568,
      0.00400237271592021,
      0.003936132155954838,
      0.003885345215499401,
      0.0038357136818766594,
      0.003755640190541744,
      0.003724205966889858,
      0.003645928215160966,
      0.003606060678511858,
      0.0035712065809965134,
      0.003527785526514053,
      0.0034618636605143545,
      0.003439394003897905,
      0.0033742954175174237,
      0.003347625971734524,
      0.0033242288196086885,
      0.003272299973741174,
      0.0032306509439647196,
      0.0031898830722272395,
      0.0031725513514876368,
      0.0031333408376574517,
      0.0030928523652255535,
      0.0030599718183279036,
      0.003032912624180317,
      0.0029992171815782787,
      0.0029769428636133672,
      0.0029492388889193533,
      0.002918549952954054,
      0.002898160776346922,
      0.0028599290047585965,
      0.002834987080916762,
      0.0028167327176779507,
      0.0027936990525573493,
      0.0027679925695061683,
      0.0027364856416732075,
      0.0027223712877184154,
      0.0026921228998154404,
      0.0026658339559286833,
      0.002648050801679492,
      0.0026174576289951803,
      0.002608714512139559,
      0.002584061294272542,
      0.0025528913460671904,
      0.0025362608698755503,
      0.0025142911691218616,
      0.002509572859182954,
      0.002476146901845932,
      0.002466281736791134,
      0.002447012630403042,
      0.0024210137472301723,
      0.0024054878615587948,
      0.002390565707758069,
      0.002365776093825698,
      0.0023443011993914843,
      0.0023285111694782974,
      0.002307622258514166,
      0.002299749707728624,
      0.002292139487117529,
      0.0022654612248390912,
      0.0022407552213966845,
      0.0022292320869117975,
      0.0022118245004862547,
      0.0021953932286798952,
      0.002189183493629098,
      0.002172396942228079,
      0.0021511370030790566,
      0.0021387628220021723,
      0.0021309389821439983,
      0.002105374776646495,
      0.0020951729959249495,
      0.002083470526561141,
      0.002068025701344013,
      0.0020572731913626194,
      0.0020433501528948545,
      0.0020329494328796866
    ],
    "eval_losses": [
      0.009945727996528148,
      0.009183357729017735,
      0.008456303825974464,
      0.008719319298863411,
      0.008243369089066982,
      0.008224283356964589,
      0.00826531569212675,
      0.008381757467985152,
      0.008141592104732991,
      0.008171148343384265,
      0.008220017616450786,
      0.007995867589116096,
      0.008086164018511772,
      0.007924253515899182,
      0.00797951177060604,
      0.008048655691742897,
      0.00801521802097559,
      0.00807541497796774,
      0.007640683211386203,
      0.007789008547365666
    ],
    "psnr": [
      20.087670153808595,
      20.43344494934082,
      20.788711685180665,
      20.65249656982422,
      20.914055337524413,
      20.922317184448243,
      20.90674320678711,
      20.832595791625977,
      20.97192052307129,
      20.950942044067382,
      20.922894085693358,
      21.04328778991699,
      20.993737670898437,
      21.089046212768555,
      21.03961539916992,
      21.009658178710936,
      21.02525083312988,
      20.997972387695313,
      21.2403783996582,
      21.157549197387695
    ],
    "ssim": [
      0.8857600233078003,
      0.9006414115905762,
      0.9035366934776307,
      0.8987680828094482,
      0.9098445123672485,
      0.9096666574478149,
      0.9114736729621887,
      0.9080331701278687,
      0.909369388961792,
      0.911174105834961,
      0.9097639016151429,
      0.9111214798927307,
      0.9137606834411621,
      0.9127737389564514,
      0.9127117580413818,
      0.9119091304779052,
      0.9133157958984375,
      0.9134838279724121,
      0.9170775993347168,
      0.916117894744873
    ],
    "best_epoch": 95,
    "best_step": null,
    "best_eval_loss": 0.007640683211386203
  },
  "test_results": {
    "test_loss": 0.007511191125586629,
    "test_psnr": 21.621326098632814,
    "test_ssim": 0.9187247811317444
  }
}