{
  "args": {
    "device": "cuda:9",
    "exp_home": "./results",
    "ds_name": "mnist",
    "mode": "generative_classification",
    "noise_std": 0.25,
    "down_scale": 2.0,
    "model_type": "conventional",
    "latent_dim": 784,
    "hidden_dims": [
      905,
      905,
      905
    ],
    "wo_Win": true,
    "fix_Win": false,
    "I_Win": false,
    "wo_Wout": true,
    "batch_size": 128,
    "epochs": 50,
    "lr": 0.005,
    "use_augmentation": false,
    "aug_num": 2,
    "run_id": 1,
    "seed": 42
  },
  "training_logs": {
    "train_losses": [
      0.024585594320297242,
      0.01899372096657753,
      0.01667023445725441,
      0.01574858697772026,
      0.014911609994769096,
      0.014697276363670827,
      0.01428240109860897,
      0.013969695131778717,
      0.014110136047303677,
      0.013937979977428913,
      0.013399425793886185,
      0.01334777505338192,
      0.013671730207502841,
      0.013311801123917102,
      0.01314743612319231,
      0.012997260797917843,
      0.0129412049138546,
      0.012771944749057292,
      0.012420899438560009,
      0.012446940212845802,
      0.012348030987977982,
      0.012253457317650318,
      0.012115251954197884,
      0.011976764312982559,
      0.012138335646390915,
      0.011774183069467545,
      0.011717068457007408,
      0.011843895882964134,
      0.011518849757313728,
      0.011478077661693096,
      0.011373718910515309,
      0.011160086693167686,
      0.011091803427040577,
      0.011077337948083878,
      0.010983338340222835,
      0.010902737964987756,
      0.01080001662492752,
      0.010828620862960816,
      0.01067761859536171,
      0.01058816074192524,
      0.010564378683567048,
      0.010522731837928295,
      0.010482755327522755,
      0.010406123408973216,
      0.01040276383727789,
      0.010312093623578548,
      0.010282048841118812,
      0.010288053140342236,
      0.010228811579942704,
      0.010196875095963478
    ],
    "eval_losses": [
      0.016005549445748328,
      0.015708136278390884,
      0.015187652918696403,
      0.014853341874480248,
      0.015025387750566006,
      0.014398087900876998,
      0.013911719051003456,
      0.013917601856589317,
      0.013695496287941932,
      0.013324546274542808
    ],
    "psnr": [
      17.99234044494629,
      18.07021043395996,
      18.242660321044923,
      18.32668818359375,
      18.28016563720703,
      18.458883248901365,
      18.606238235473633,
      18.599369296264648,
      18.680216564941407,
      18.79437878112793
    ],
    "ssim": [
      0.9047089735031127,
      0.9028965307235718,
      0.9083822536468505,
      0.9106048709869384,
      0.9100761241912841,
      0.9124706794738769,
      0.915174524307251,
      0.915222675895691,
      0.9167984338760375,
      0.9181728848457337
    ],
    "best_epoch": 50,
    "best_step": null,
    "best_eval_loss": 0.013324546274542808
  },
  "test_results": {
    "test_loss": 0.01322577021420002,
    "test_psnr": 18.8818883392334,
    "test_ssim": 0.9187264193534851
  }
}