{
  "args": {
    "device": "cuda:0",
    "exp_home": "./results",
    "ds_name": "mnist",
    "mode": "denoising",
    "noise_std": 0.25,
    "down_scale": 2.0,
    "model_type": "conventional",
    "latent_dim": 784,
    "hidden_dims": [
      1150
    ],
    "wo_Win": true,
    "fix_Win": false,
    "I_Win": false,
    "wo_Wout": true,
    "batch_size": 128,
    "epochs": 30,
    "lr": 0.0005,
    "use_augmentation": false,
    "aug_num": 2,
    "run_id": 2,
    "seed": 42
  },
  "training_logs": {
    "train_losses": [
      0.01705097847402096,
      0.006111704628169536,
      0.005283151050657034,
      0.004994587469696998,
      0.00481924962580204,
      0.00471816632643342,
      0.004629707620739937,
      0.00456000255420804,
      0.004489619055986404,
      0.004456353869587183,
      0.004389171825349331,
      0.004348786616325378,
      0.004313696199208498,
      0.004280817428678274,
      0.004246884671002626,
      0.004211559279859066,
      0.004178694485872984,
      0.004170169430822134,
      0.0041377988627552984,
      0.004105604176670313,
      0.0040849086208641526,
      0.004058226668536663,
      0.004043156877160072,
      0.00402386621043086,
      0.003999969293475151,
      0.003990777202546597,
      0.003971568518877029,
      0.003952229830175638,
      0.003938101460039616,
      0.0039181567807495595
    ],
    "eval_losses": [
      0.004534665847569704,
      0.004270663399249315,
      0.004142160852998495,
      0.0040305815823376175,
      0.003961429829895497,
      0.0039060580737888813
    ],
    "psnr": [
      23.436486154174805,
      23.69715916442871,
      23.82964831237793,
      23.94796876525879,
      24.023396212768553,
      24.0846739654541
    ],
    "ssim": [
      0.8983925394058228,
      0.9109886096954346,
      0.9234505437850952,
      0.9273748159408569,
      0.9290843548774719,
      0.9317080267906189
    ],
    "best_epoch": 30,
    "best_step": null,
    "best_eval_loss": 0.0039060580737888813
  },
  "test_results": {
    "test_loss": 0.003879156973212957,
    "test_psnr": 24.1204349609375,
    "test_ssim": 0.9335346983909607
  }
}