{
  "args": {
    "device": "cuda:8",
    "exp_home": "./results",
    "ds_name": "mnist",
    "mode": "denoising",
    "noise_std": 0.25,
    "down_scale": 2.0,
    "model_type": "hourglass",
    "latent_dim": 785,
    "hidden_dims": [
      115,
      115,
      115,
      115,
      115,
      115,
      115
    ],
    "wo_Win": false,
    "fix_Win": true,
    "I_Win": false,
    "wo_Wout": false,
    "batch_size": 128,
    "epochs": 30,
    "lr": 0.0001,
    "use_augmentation": false,
    "aug_num": 2,
    "run_id": 1,
    "seed": 42
  },
  "training_logs": {
    "train_losses": [
      0.04073207805871964,
      0.017990165218412877,
      0.014343669601976871,
      0.012595414083898068,
      0.01152911308914423,
      0.010757621718943119,
      0.010182695534527301,
      0.009774860210418701,
      0.009369160169959069,
      0.009088693085312844,
      0.008823895055949688,
      0.00859535795211792,
      0.00841019314110279,
      0.008236934748888015,
      0.00810590444728732,
      0.007954280298054218,
      0.007846460571885108,
      0.007745603192746639,
      0.007643871054649353,
      0.0075529913404583935,
      0.007482413053810597,
      0.00740768857985735,
      0.007330449739396572,
      0.007284855709671974,
      0.0072456836672127245,
      0.0072048184798657895,
      0.0071680664436519145,
      0.0071279714179039,
      0.007115425452142954,
      0.007079868414849043
    ],
    "eval_losses": [
      0.010710829162597656,
      0.008694329541921616,
      0.007799758465588093,
      0.0073654080852866175,
      0.00709307007342577,
      0.006958714811503887
    ],
    "psnr": [
      19.70535573425293,
      20.611253717041016,
      21.08282792663574,
      21.331300701904297,
      21.494735708618165,
      21.57822998046875
    ],
    "ssim": [
      0.8394156118392945,
      0.871242253112793,
      0.8832689357757568,
      0.8925391725540162,
      0.8960098986625671,
      0.8991567054748535
    ],
    "best_epoch": 30,
    "best_step": null,
    "best_eval_loss": 0.006958714811503887
  },
  "test_results": {
    "test_loss": 0.0068563890665769575,
    "test_psnr": 21.657027935791017,
    "test_ssim": 0.9011789113998413
  }
}