{
  "args": {
    "device": "cuda:5",
    "exp_home": "./results",
    "ds_name": "mnist",
    "mode": "denoising",
    "noise_std": 0.25,
    "down_scale": 2.0,
    "model_type": "conventional",
    "latent_dim": 784,
    "hidden_dims": [
      1150,
      1150,
      1150,
      1150,
      1150,
      1150
    ],
    "wo_Win": false,
    "fix_Win": true,
    "I_Win": true,
    "batch_size": 128,
    "epochs": 200,
    "lr": 0.0001,
    "use_augmentation": true,
    "aug_num": 2,
    "run_id": 1,
    "seed": 42
  },
  "training_logs": {
    "train_losses": [
      0.018934206880033017,
      0.007879115345180035,
      0.006559552157968282,
      0.005944622743576765,
      0.005586933674961329,
      0.0053476451024413105,
      0.0051577231758832935,
      0.005022747201621532,
      0.004909469350278377,
      0.0048224236641824245,
      0.004740794694572687,
      0.004669948121458292,
      0.004610265149176121,
      0.004553859530240297,
      0.0045066824206709865,
      0.004461108215898275,
      0.004433693110942841,
      0.004390027220696211,
      0.004357857263982296,
      0.004326683292090893,
      0.004295459608435631,
      0.004270898151993751,
      0.00424368082717061,
      0.00421492776080966,
      0.0041952390842139725,
      0.004164148636162281,
      0.004143985988199711,
      0.004130035645365715,
      0.004109006531089544,
      0.004095999036431312,
      0.004076749302148819,
      0.004054927698522806,
      0.004035965912938118,
      0.004026965747624635,
      0.00400711769849062,
      0.00399312085852027,
      0.003979398134499788,
      0.003960071179419756,
      0.0039485037168860435,
      0.003933949509486556,
      0.003932225624471903,
      0.0039133045424520965,
      0.003901798084229231,
      0.003885222232937813,
      0.0038747068157792093,
      0.00386456980958581,
      0.00384495540574193,
      0.003842958665341139,
      0.0038303749714791776,
      0.0038198614118993284,
      0.003808637908399105,
      0.00380269065156579,
      0.003790678634792566,
      0.0037799242682754995,
      0.0037682736226916313,
      0.003755456618964672,
      0.003755151052027941,
      0.0037404745522141456,
      0.003738364320099354,
      0.003720926811695099,
      0.00371833572357893,
      0.0037102021971344946,
      0.003696970843076706,
      0.0036930441045761107,
      0.003680609752088785,
      0.003670534497946501,
      0.003665046284496784,
      0.0036613551733642815,
      0.003649613935649395,
      0.0036424686507880687,
      0.0036334962496161463,
      0.00362658742710948,
      0.0036239621974527834,
      0.0036105581156909467,
      0.0036039957122504713,
      0.003599102011024952,
      0.003591381438523531,
      0.0035834934212267398,
      0.003573182442933321,
      0.003570810118317604,
      0.0035643283803761007,
      0.0035581769005209206,
      0.003552537891715765,
      0.0035386925002932547,
      0.0035366673025488855,
      0.0035289330239593984,
      0.003524879205673933,
      0.0035224064061045645,
      0.0035117277443408967,
      0.0035033632519841196,
      0.0034949234384298324,
      0.0034907016070187093,
      0.0034864152155816555,
      0.003480510228276253,
      0.003479930543899536,
      0.003465986220687628,
      0.0034677542781829836,
      0.0034603841963410376,
      0.0034485024081170558,
      0.003447771638035774,
      0.0034390888176858425,
      0.003437480906993151,
      0.0034331978169083593,
      0.003422970055192709,
      0.0034209656721353532,
      0.0034143302377313374,
      0.0034107291074097156,
      0.0034089563298225403,
      0.003398584655970335,
      0.0033963591440021993,
      0.0033893538792431357,
      0.0033810198816657065,
      0.003375583384484053,
      0.003378592002093792,
      0.0033700471244752406,
      0.0033671285078674556,
      0.003360052609294653,
      0.0033513489447534084,
      0.0033501315209269523,
      0.0033431063725799324,
      0.0033409130839258433,
      0.0033402614910900594,
      0.0033291188438236714,
      0.0033279670180380344,
      0.0033168411189317703,
      0.003322283438891172,
      0.0033083914795517923,
      0.0033068830356001856,
      0.0032985505228489637,
      0.0033014550803601743,
      0.0032935489648580553,
      0.003289384838193655,
      0.0032875658708810805,
      0.0032812335950136184,
      0.003278789570480585,
      0.0032722228615731,
      0.003267129696458578,
      0.0032651716931164265,
      0.0032630382028222085,
      0.0032567353181540966,
      0.0032520432665944098,
      0.003246392815411091,
      0.003241359883546829,
      0.0032373869673907756,
      0.003234722258374095,
      0.0032371416096389294,
      0.0032257517021149398,
      0.003226380087286234,
      0.0032201108564436434,
      0.0032158675231039524,
      0.0032119879859685897,
      0.0032114199036359786,
      0.0032019451086968184,
      0.0032012110675126316,
      0.0031989462243765593,
      0.0031928185912966727,
      0.0031885849464684726,
      0.0031871131794154644,
      0.003180511929988861,
      0.0031795686638355254,
      0.0031716930873692036,
      0.0031703255908191205,
      0.003164924645125866,
      0.003161919956803322,
      0.0031598349830508233,
      0.0031568117298930885,
      0.0031507871786504984,
      0.0031497722132503986,
      0.003145318179577589,
      0.0031409061578661205,
      0.003137833340540528,
      0.003138843163624406,
      0.0031340316469967364,
      0.003132522652447224,
      0.0031239102364331484,
      0.003123657931089401,
      0.0031198040115088224,
      0.0031176023618131876,
      0.003113446439653635,
      0.0031162157352268697,
      0.003107570446431637,
      0.003105133158639073,
      0.0031035249531269076,
      0.0031006317111849785,
      0.003099048522785306,
      0.003093997782766819,
      0.003089855112731457,
      0.0030862843443453312,
      0.003081418393999338,
      0.0030821020674705506,
      0.003079940015971661,
      0.003080421188920736,
      0.0030767608474195005,
      0.003072241121381521,
      0.003075226173326373,
      0.0030683188594132662,
      0.003066670201793313,
      0.0030609996045380832,
      0.0030624725207686423,
      0.0030629794923216105
    ],
    "eval_losses": [
      0.005203513047844171,
      0.0046498128794133665,
      0.004428518187999725,
      0.00425903842523694,
      0.004197138628363609,
      0.0040581327855587004,
      0.004044605004042387,
      0.003976403091102839,
      0.00392743580788374,
      0.0039018836744129657,
      0.003873092522472143,
      0.003838767260313034,
      0.0038212353095412256,
      0.0037710142791271208,
      0.0037484476111829283,
      0.0037576324097812175,
      0.003727533386647701,
      0.003709398612380028,
      0.0036906277529895307,
      0.0036913012772798537,
      0.003676221077889204,
      0.0036550616830587387,
      0.0036445431396365164,
      0.00363609888702631,
      0.0036080342717468737,
      0.003601307601854205,
      0.003597075814008713,
      0.0036031247824430466,
      0.0035673319958150385,
      0.0035625782772898676,
      0.0035498001985251903,
      0.0035386960536241533,
      0.00353725371286273,
      0.003532601425796747,
      0.0035267568908631803,
      0.00352096281349659,
      0.0035073125436902047,
      0.0034995644085109236,
      0.0034941341064870356,
      0.003494764581695199
    ],