{
  "args": {
    "device": "cuda:1",
    "exp_home": "./results",
    "ds_name": "mnist",
    "mode": "denoising",
    "noise_std": 0.25,
    "down_scale": 2.0,
    "model_type": "conventional",
    "latent_dim": 784,
    "hidden_dims": [
      1150
    ],
    "wo_Win": false,
    "fix_Win": true,
    "I_Win": true,
    "batch_size": 128,
    "epochs": 100,
    "lr": 5e-05,
    "use_augmentation": true,
    "aug_num": 4,
    "run_id": 1,
    "seed": 42
  },
  "training_logs": {
    "train_losses": [
      0.0322804610657692,
      0.010907992015480995,
      0.00818932574301958,
      0.007055823704004287,
      0.0064404630069434645,
      0.006041176837235689,
      0.005763354692310095,
      0.005562635691165924,
      0.005422513582408428,
      0.0052877560156583785,
      0.0051954972089827064,
      0.005117055546045303,
      0.005046576972156763,
      0.0049824564635753636,
      0.004938382591158152,
      0.0048877812738716605,
      0.004848044176548719,
      0.0048136823062598704,
      0.004782752858102321,
      0.004749714441895485,
      0.004719195554256439,
      0.004691670429259539,
      0.004676138678193093,
      0.004654132833182812,
      0.004631670085638762,
      0.004613844502866268,
      0.004591226100176573,
      0.004575239257365465,
      0.004564455259293318,
      0.004543465275466442,
      0.004533133425414562,
      0.004522526067048311,
      0.0044998507882654665,
      0.004493489659130573,
      0.004480361389815808,
      0.004469832418859005,
      0.00446180649638176,
      0.004449529658257961,
      0.004437156300097704,
      0.004424904228746891,
      0.0044231112450361255,
      0.0044120601278543475,
      0.004398381163477898,
      0.004396652866601944,
      0.004389485749900341,
      0.004382506844401359,
      0.0043726880757510665,
      0.0043702321612834934,
      0.004358840425014496,
      0.004354769031852484,
      0.004347097599953413,
      0.004340844965577125,
      0.0043315707875788215,
      0.004332657089084387,
      0.0043218836192786695,
      0.004314658192992211,
      0.0043123343968391415,
      0.004307869348824024,
      0.004296871184408664,
      0.004297563802152872,
      0.004289070947617293,
      0.004284773768484592,
      0.004282131531983614,
      0.004273037858903408,
      0.004272578834593296,
      0.004270446829795838,
      0.004269374122172594,
      0.004262791955471039,
      0.004254372615367174,
      0.004252887510061264,
      0.0042512811225652695,
      0.004246895861029625,
      0.0042465209881961345,
      0.004238259060382843,
      0.004238580977767706,
      0.004239096509367228,
      0.004230019252449274,
      0.004226537320166826,
      0.004224268392473459,
      0.0042219046139717106,
      0.004221983021348715,
      0.004216570343226194,
      0.004213583951592445,
      0.004210475820749998,
      0.004211869831383228,
      0.004208812257051468,
      0.0042105539838969705,
      0.004203541874289513,
      0.0042022852651774885,
      0.004200093746930361,
      0.0041952146445214744,
      0.004197714848220348,
      0.004193607585430146,
      0.0041940149652957915,
      0.0041937259292602535,
      0.00419303862452507,
      0.004191458573937416,
      0.004187553095817566,
      0.004186871882230043,
      0.00418747045263648
    ],
    "eval_losses": [
      0.005795058869570493,
      0.004890446226298809,
      0.004601486361026764,
      0.004461559385806322,
      0.0043726287484169,
      0.004293273329734802,
      0.004239850151538849,
      0.004208041235804558,
      0.004160133700072765,
      0.004131765914708376,
      0.004112745095789433,
      0.004071553133428097,
      0.004087265238165856,
      0.0040485868640244005,
      0.004041106368601322,
      0.004041613613814115,
      0.004032309731841087,
      0.004028645627945662,
      0.004022684336453676,
      0.004009122788906097
    ],
    "psnr": [
      22.371976702880858,
      23.10875166015625,
      23.37297227783203,
      23.50715180358887,
      23.594561166381837,
      23.67386796875,
      23.72836462402344,
      23.76128840637207,
      23.811009201049806,
      23.840814028930666,
      23.860582290649415,
      23.904170782470704,
      23.88751096496582,
      23.928923718261718,
      23.93679689025879,
      23.936648831176758,
      23.94629602355957,
      23.950156237792967,
      23.95679197998047,
      23.971264813232423
    ],
    "ssim": [
      0.8715256268501281,
      0.8870464585304261,
      0.8971337450027466,
      0.9052258871078491,
      0.9050842783927917,
      0.913921631526947,
      0.9132311933517456,
      0.9212311626434326,
      0.919502687740326,
      0.9230329133987427,
      0.9261076723098755,
      0.9256297429084778,
      0.9258118222236633,
      0.9267334237098693,
      0.9304544476509095,
      0.9293995997428894,
      0.9284755619049072,
      0.9297456478118896,
      0.9320208919525147,
      0.9294719679832458
    ],
    "best_epoch": 100,
    "best_step": null,
    "best_eval_loss": 0.004009122788906097
  },
  "test_results": {
    "test_loss": 0.003980204485729337,
    "test_psnr": 24.008652005004883,
    "test_ssim": 0.9315068864822388
  }
}