{
  "args": {
    "device": "cuda:9",
    "exp_home": "./results",
    "ds_name": "mnist",
    "mode": "generative_classification",
    "noise_std": 0.25,
    "down_scale": 2.0,
    "model_type": "conventional",
    "latent_dim": 784,
    "hidden_dims": [
      1150,
      1150,
      1150,
      1150
    ],
    "wo_Win": true,
    "fix_Win": false,
    "I_Win": false,
    "wo_Wout": true,
    "batch_size": 128,
    "epochs": 50,
    "lr": 0.001,
    "use_augmentation": false,
    "aug_num": 2,
    "run_id": 2,
    "seed": 42
  },
  "training_logs": {
    "train_losses": [
      0.011385397471785545,
      0.005742581024840474,
      0.0045691253582388165,
      0.0037689504954963923,
      0.0033786644284427166,
      0.003156708526983857,
      0.0028281470787525176,
      0.0025444059104472398,
      0.002479595533683896,
      0.0022685789158940315,
      0.0019943048760294913,
      0.0019492253148928286,
      0.002001405068039894,
      0.0017187758553773166,
      0.0017344877688959242,
      0.0014470248236507178,
      0.0014361034394800663,
      0.0014934915132075548,
      0.0015253068371862174,
      0.0012315221680141986,
      0.0013643469869345426,
      0.0011626666320115329,
      0.0011620424358546734,
      0.001125498316027224,
      0.0009861440314352513,
      0.0009667569653317332,
      0.0008726970069669187,
      0.0009086456177197396,
      0.0008485678648948669,
      0.0007649680741410702,
      0.0006957229531928897,
      0.0007497171037085355,
      0.000655321896597743,
      0.0006501734171807766,
      0.0005901514243800193,
      0.0005322468345426023,
      0.000529005039492622,
      0.00045565246041864155,
      0.00044708711483515797,
      0.00038310875133611263,
      0.0003492794915102422,
      0.00039426198963075877,
      0.000352880340218544,
      0.0003264489009603858,
      0.00028245190855115653,
      0.00025532717029098424,
      0.0002409727775491774,
      0.0002090562442643568,
      0.00018243505268357695,
      0.00016203761769458653
    ],
    "eval_losses": [
      0.004859082125872374,
      0.004562657323479652,
      0.004490362798795104,
      0.004206229750812054,
      0.0041722381303086874,
      0.003434180669579655,
      0.0036015414405148475,
      0.0032951756425434724,
      0.0032386293999152257,
      0.003089930026838556
    ],
    "psnr": [
      23.421154403686522,
      23.689580334472655,
      23.76358741455078,
      24.0589926361084,
      24.08300470275879,
      25.290797637939452,
      25.075982244873046,
      25.480794702148437,
      25.47273104248047,
      25.84855780029297
    ],
    "ssim": [
      0.9612281967163085,
      0.9668840450286865,
      0.9692530897140503,
      0.9725271536827087,
      0.9718871147155762,
      0.9778347715377808,
      0.9775473355293274,
      0.9803333494186401,
      0.9806936996459961,
      0.9822430082321167
    ],
    "best_epoch": 50,
    "best_step": null,
    "best_eval_loss": 0.003089930026838556
  },
  "test_results": {
    "test_loss": 0.003025941444793716,
    "test_psnr": 27.205276519775392,
    "test_ssim": 0.9824011392593384
  }
}