{
  "args": {
    "device": "cuda:7",
    "exp_home": "./results",
    "ds_name": "mnist",
    "mode": "denoising",
    "noise_std": 0.25,
    "down_scale": 2.0,
    "model_type": "conventional",
    "latent_dim": 784,
    "hidden_dims": [
      905,
      905,
      905,
      905
    ],
    "wo_Win": false,
    "fix_Win": false,
    "I_Win": false,
    "wo_Wout": false,
    "batch_size": 128,
    "epochs": 30,
    "lr": 0.001,
    "use_augmentation": false,
    "aug_num": 2,
    "run_id": 4,
    "seed": 42
  },
  "training_logs": {
    "train_losses": [
      0.017701537719666958,
      0.00778434338837862,
      0.0067120962724089624,
      0.006230830520838499,
      0.0059002480919659135,
      0.005607377290129662,
      0.005466643970161676,
      0.005270870334059,
      0.005134326079338789,
      0.005026288194656372,
      0.004911232389509678,
      0.0048099416731297966,
      0.004723603634685278,
      0.004639269092828036,
      0.004544703719615936,
      0.004485582742094993,
      0.004412425612509251,
      0.004350096616744995,
      0.00429071112498641,
      0.004215802070051432,
      0.0041603105854988096,
      0.004090711133480072,
      0.00404094849422574,
      0.003984980153217911,
      0.003924516041725874,
      0.003864467482715845,
      0.003806330359056592,
      0.0037462158355861903,
      0.003697430405244231,
      0.003644016138538718
    ],
    "eval_losses": [
      0.005831420210003853,
      0.004998664804548025,
      0.004590852866321802,
      0.004292667350918054,
      0.004007304111868143,
      0.003772711741179228
    ],
    "psnr": [
      22.344263409423828,
      23.013557760620117,
      23.38313766784668,
      23.674336752319334,
      23.973521057128906,
      24.23535499572754
    ],
    "ssim": [
      0.9024292049407959,
      0.9145356464385986,
      0.9164432965278625,
      0.9229390391349792,
      0.9291840860366821,
      0.9371959629058838
    ],
    "best_epoch": 30,
    "best_step": null,
    "best_eval_loss": 0.003772711741179228
  },
  "test_results": {
    "test_loss": 0.00375655432716012,
    "test_psnr": 24.26105212097168,
    "test_ssim": 0.9385993309974671
  }
}