{
  "args": {
    "device": "cuda:1",
    "exp_home": "./results",
    "ds_name": "mnist",
    "mode": "denoising",
    "noise_std": 0.25,
    "down_scale": 2.0,
    "model_type": "conventional",
    "latent_dim": 784,
    "hidden_dims": [
      1150
    ],
    "wo_Win": false,
    "fix_Win": true,
    "I_Win": true,
    "batch_size": 128,
    "epochs": 100,
    "lr": 0.0005,
    "use_augmentation": true,
    "aug_num": 4,
    "run_id": 1,
    "seed": 42
  },
  "training_logs": {
    "train_losses": [
      0.01151811077952385,
      0.005863956051915884,
      0.005511888368427753,
      0.005327598682940006,
      0.00520310024946928,
      0.005101673422157765,
      0.00500753821477294,
      0.0049422927069664,
      0.004886728065758943,
      0.004823991028517485,
      0.004782982657104731,
      0.004739371620416641,
      0.004700823636502027,
      0.004667298623770476,
      0.0046353393590450286,
      0.004606468008309603,
      0.004577698005735874,
      0.004556345227956772,
      0.0045353989696502684,
      0.00450651783362031,
      0.004485103798359633,
      0.004464054128825665,
      0.00445300822108984,
      0.0044369724138081075,
      0.004417066110819578,
      0.00439895700648427,
      0.004378405475765467,
      0.0043648347932100295,
      0.004358065377920866,
      0.004342370554059744,
      0.004328167400509119,
      0.004318325656950474,
      0.00429864856377244,
      0.0042936669996380804,
      0.004280208250880242,
      0.004266399930417538,
      0.004263647041320801,
      0.004245725281834602,
      0.0042334841175377365,
      0.004218860853910446,
      0.004214292675703764,
      0.004205995407551527,
      0.004190986331552267,
      0.004185182080417871,
      0.004177128141224384,
      0.00416722951233387,
      0.0041555986168980595,
      0.004150887303054332,
      0.004138254244476557,
      0.004129628147482872,
      0.0041197948023676875,
      0.004112911955267191,
      0.004098031405955553,
      0.004097160452604294,
      0.004084188859313727,
      0.004070807924419642,
      0.0040653640374541285,
      0.004058736243844032,
      0.004043044585436583,
      0.004040033296942711,
      0.004029390666037798,
      0.004020986658334732,
      0.004012192616015673,
      0.004002645622491837,
      0.003997822595089674,
      0.003989784441292286,
      0.003983563543558121,
      0.003971243494749069,
      0.003959073423743248,
      0.00395335773140192,
      0.0039474826113879685,
      0.0039390912468731405,
      0.003933168404102325,
      0.003922668268233538,
      0.00391578516125679,
      0.003910038562491536,
      0.003897034697085619,
      0.003888624050319195,
      0.0038815466328710317,
      0.003871755336970091,
      0.003866538225263357,
      0.0038568191419541837,
      0.0038481982868909838,
      0.00383842761144042,
      0.0038332447300851347,
      0.0038257155744731426,
      0.003821115637868643,
      0.003809172731488943,
      0.0038001504074037075,
      0.0037944331645965576,
      0.003783251282274723,
      0.0037800805316865445,
      0.003769563288614154,
      0.0037657782211899756,
      0.0037581149303913116,
      0.003750732996612787,
      0.0037446651774644853,
      0.0037353834855556487,
      0.003729526321142912,
      0.0037245346554368734
    ],
    "eval_losses": [
      0.004880007112771273,
      0.004628734245151281,
      0.004373723863065243,
      0.004293652208894491,
      0.004238832134753466,
      0.004168554840236902,
      0.004088934925943613,
      0.004037246887385845,
      0.0039840337820351126,
      0.003957196550071239,
      0.0039046851854771377,
      0.0038432473555207254,
      0.0038473015390336515,
      0.0037916109569370747,
      0.003771169774979353,
      0.003727758497744799,
      0.0037098850272595883,
      0.0036805306274443864,
      0.0036509559698402884,
      0.0036155363664031027
    ],
    "psnr": [
      23.11759580383301,
      23.34684099731445,
      23.593274014282226,
      23.673443258666993,
      23.729814266967775,
      23.80201353149414,
      23.885731008911133,
      23.94106117248535,
      23.998731372070313,
      24.028116116333006,
      24.08588158569336,
      24.154539694213867,
      24.15028530883789,
      24.21369232788086,
      24.23695327758789,
      24.2874798034668,
      24.308107180786134,
      24.342500552368165,
      24.377817712402344,
      24.419759161376952
    ],
    "ssim": [
      0.9089688385009765,
      0.9182557312965393,
      0.9296671505928039,
      0.9314602526664734,
      0.9334477570533752,
      0.9363905647277831,
      0.9368581974029541,
      0.9395830526351928,
      0.9409267786026001,
      0.9421299561500549,
      0.9438640014648437,
      0.9436876298904419,
      0.9434172121047973,
      0.9460842186927796,
      0.9469484350204468,
      0.9479295751571656,
      0.9483354733467102,
      0.9483309839248657,
      0.9506573640823365,
      0.9495047562599183
    ],
    "best_epoch": 100,
    "best_step": null,
    "best_eval_loss": 0.0036155363664031027
  },
  "test_results": {
    "test_loss": 0.0036052879687398674,
    "test_psnr": 24.43719867553711,
    "test_ssim": 0.9505477001190186
  }
}