{
  "args": {
    "device": "cuda:1",
    "exp_home": "./results",
    "ds_name": "mnist",
    "mode": "generative_classification",
    "noise_std": 0.25,
    "down_scale": 2.0,
    "model_type": "conventional",
    "latent_dim": 784,
    "hidden_dims": [
      1150,
      1150,
      1150,
      1150,
      1150,
      1150
    ],
    "wo_Win": false,
    "fix_Win": true,
    "I_Win": false,
    "batch_size": 128,
    "epochs": 200,
    "lr": 0.0001,
    "use_augmentation": true,
    "aug_num": 2,
    "run_id": 5,
    "seed": 42
  },
  "training_logs": {
    "train_losses": [
      0.012323635442256927,
      0.004099747322499752,
      0.0030969708325713874,
      0.0026049824395775797,
      0.002205703100133687,
      0.0020273071393929424,
      0.0018371590173244475,
      0.001693110472522676,
      0.001526442545093596,
      0.001397512404806912,
      0.0013101565593108535,
      0.0012230916935950518,
      0.0011432820657454432,
      0.001097588352560997,
      0.0010347883824724704,
      0.0009554323128517717,
      0.0008921035425178707,
      0.0008950930644385516,
      0.000820007645105943,
      0.000864988094381988,
      0.0008242314263060689,
      0.0007183076950069517,
      0.0007138734617270529,
      0.0006446304757567122,
      0.0006593307738006115,
      0.0006200944082718343,
      0.0006063838129211217,
      0.0005795504307560623,
      0.0006722465984337031,
      0.000537689733938314,
      0.0005147987330984325,
      0.0005024731256510131,
      0.000491614518975839,
      0.0004902954120887444,
      0.0004921464012842625,
      0.0004824220884637907,
      0.00046173401011619715,
      0.0003972492693900131,
      0.0004405305007006973,
      0.0003746254023863003,
      0.00039568771932739765,
      0.0003859352413006127,
      0.00033994476123247295,
      0.00037518275716807694,
      0.0003598499412136152,
      0.000384974777509924,
      0.00033890850943746044,
      0.0003264886689465493,
      0.00033431362328818065,
      0.00030090554168447854,
      0.00035040055635850875,
      0.00027167994311545047,
      0.0003045113439578563,
      0.0002992544326419011,
      0.0002815858779568225,
      0.0002846580872195773,
      0.0002578558404045179,
      0.00027289127795258536,
      0.00020858504756120965,
      0.00028553021875210105,
      0.00026571750783128663,
      0.00026114938949467617,
      0.0002555356511415448,
      0.00022351958995684982,
      0.00024231070990208536,
      0.00022659513915306888,
      0.0002182410991168581,
      0.00023386440923670306,
      0.0002031817139685154,
      0.0001866262196120806,
      0.00021029569807462395,
      0.0002349406828393694,
      0.0001615143137285486,
      0.00017470401848200708,
      0.0002107235684734769,
      0.0001870641965442337,
      0.0001699235387542285,
      0.00018964064917352516,
      0.00016851190120913088,
      0.00014784636047203095,
      0.0001985029957687948,
      0.0001525996706611477,
      0.00015890272010816262,
      0.0001719785594358109,
      0.0001598440020275302,
      0.00013957030524092262,
      0.00012946153233526274,
      0.00013589282337459735,
      0.00015369773569284007,
      0.00015695383176091127,
      0.0001227813317149412,
      0.00015477825876907445,
      0.00012230770470458082,
      0.000146657405536389,
      0.00012809252982377075,
      0.0001097276827704627,
      0.00011592943025869317,
      0.00011230310435872525,
      0.00011552329293452203,
      0.00011340748490067199,
      0.00013250920322607272,
      0.0001346174629952293,
      0.00010491009516757912,
      8.419877059292048e-05,
      0.00010835100231110119,
      0.00011783074470004066,
      9.480372664984315e-05,
      9.897113005979918e-05,
      0.00011003199463011697,
      8.293017796473577e-05,
      9.758206749684178e-05,
      0.00010134433563915081,
      8.919577464694157e-05,
      7.81127862946596e-05,
      8.317163359373808e-05,
      5.650316901563201e-05,
      7.697874473175034e-05,
      9.402295692125335e-05,
      8.86426395259332e-05,
      6.599682985281106e-05,
      8.478988513990772e-05,
      5.300923833041452e-05,
      5.74534492607927e-05,
      7.684008587559219e-05,
      8.487174971494824e-05,
      6.375417642411776e-05,
      7.284892576222773e-05,
      5.622926083102357e-05,
      5.08469428535318e-05,
      5.257668919803109e-05,
      4.7094045421108606e-05,
      5.917916656035231e-05,
      5.739261000417173e-05,
      5.553869321360253e-05,
      6.600308138527908e-05,
      3.0474507674807683e-05,
      3.858995143527864e-05,
      4.041731003439054e-05,
      4.822399552387651e-05,
      4.643892381456681e-05,
      5.95266361310496e-05,
      5.4211807863321154e-05,
      3.661929561349098e-05,
      4.5168259276833854e-05,
      2.8112967151100747e-05,
      4.737261661852244e-05,
      3.543806656030938e-05,
      4.6732795670977793e-05,
      5.546361359301955e-05,
      4.025712422269862e-05,
      2.7741942084394396e-05,
      3.3288413459376894e-05,
      3.879157435585512e-05,
      3.312035667913733e-05,
      2.530127751175314e-05,
      3.380774720717454e-05,
      3.8356556090875527e-05,
      2.8843335022393147e-05,
      2.6740910122171046e-05,
      3.0384753880498466e-05,
      2.239662974985549e-05,
      1.772743534995243e-05,
      3.435839536337881e-05,
      2.2847979260841385e-05,
      1.958729534060694e-05,
      2.4325349371065384e-05,
      1.9304190560505957e-05,
      2.620636765495874e-05,
      2.497698427963769e-05,
      2.1227845192188398e-05,
      2.1495445309265052e-05,
      2.3318119487084916e-05,
      1.5928428351471668e-05,
      1.84799676440889e-05,
      1.6226098378247114e-05,
      1.6357312848267613e-05,
      1.4225922875630203e-05,
      1.5424776516738348e-05,
      1.5874793971306643e-05,
      1.1907663007150405e-05,
      1.074490095837973e-05,
      1.0543937857000855e-05,
      1.1668411354476121e-05,
      9.83039992643171e-06,
      9.793408703117166e-06,
      8.450408306380269e-06,
      8.868376764876302e-06,
      9.008295926323626e-06,
      6.698981327353977e-06,
      7.663722212455468e-06,
      6.4410840719938275e-06,
      5.665000891603995e-06,
      5.413900300627574e-06,
      5.8863441777066325e-06,
      5.042942162253894e-06,
      5.050602721166797e-06,
      5.383438281714916e-06,
      5.209065533999819e-06,
      5.030711331346538e-06,
      4.283921609458048e-06
    ],
    "eval_losses": [
      0.0032165199294686316,
      0.0026606367911444976,
      0.0025057552509242667,
      0.0023294791845139117,
      0.0022528245067223907,
      0.001958444435079582,
      0.0023620507147628813,
      0.0023950661942828445,
      0.002188477167359088,
      0.0021749070904217662,
      0.002237612365622772,
      0.0022192121375002897,
      0.0023757503513712436,
      0.0021181826159358025,
      0.002194479447277263,
      0.002077436264412245,
      0.0019294812858803197,
      0.0021337469930876977,
      0.0020099828229751438,
      0.001962419598182896,
      0.00201835734420456,
      0.0019424678345123538,
      0.001979394379732548,
      0.002020229905890301,
      0.0021223367146929375,
      0.0019832200943652426,
      0.0018238297117859474,
      0.002117715961173235,
      0.001986655465665535,
      0.0018570931525049672,
      0.0019420527083100752,
      0.001856368682590255,
      0.0018789451870841732,
      0.001774624772270181,
      0.0017869267060981655,
      0.0017868551022227621,
      0.0018061958587572008,
      0.0017042265099087672,
      0.0017184996739269991,
      0.0017144935946311307
    ],