{
  "args": {
    "device": "cuda:0",
    "exp_home": "./results",
    "ds_name": "mnist",
    "mode": "denoising",
    "noise_std": 0.25,
    "down_scale": 2.0,
    "model_type": "conventional",
    "latent_dim": 784,
    "hidden_dims": [
      1150,
      1150,
      1150,
      1150
    ],
    "wo_Win": true,
    "fix_Win": false,
    "I_Win": false,
    "wo_Wout": true,
    "batch_size": 128,
    "epochs": 30,
    "lr": 0.001,
    "use_augmentation": false,
    "aug_num": 2,
    "run_id": 4,
    "seed": 42
  },
  "training_logs": {
    "train_losses": [
      0.012931456217169762,
      0.008620702707469464,
      0.007529406471252441,
      0.006877043655216694,
      0.006318929000794888,
      0.005801877973973751,
      0.005483403456509113,
      0.005240648743361235,
      0.005071930111348629,
      0.004961207638829947,
      0.004842230558693409,
      0.0047628474678099155,
      0.00469529220148921,
      0.004615293834507465,
      0.004549529473930597,
      0.0044877565088868145,
      0.004422301806956529,
      0.0043726884749531745,
      0.004310340895205736,
      0.004248441094309091,
      0.004197575940638781,
      0.004141386940479278,
      0.004073479290604591,
      0.004037467887997627,
      0.0039844271038472654,
      0.003930616123527289,
      0.003878771929591894,
      0.0038303287921845914,
      0.003795305664986372,
      0.0037486447834968566
    ],
    "eval_losses": [
      0.005975383036583662,
      0.004855624181032181,
      0.0044548596896231175,
      0.00422663490101695,
      0.003971999358385801,
      0.0038012606874108313
    ],
    "psnr": [
      22.239266790771484,
      23.139376736450195,
      23.51373231201172,
      23.741913693237304,
      24.011809548950197,
      24.20266277770996
    ],
    "ssim": [
      0.915943106842041,
      0.9341953302383423,
      0.9405997195243836,
      0.9443624441146851,
      0.9477947685241699,
      0.9514530363082886
    ],
    "best_epoch": 30,
    "best_step": null,
    "best_eval_loss": 0.0038012606874108313
  },
  "test_results": {
    "test_loss": 0.003777076205983758,
    "test_psnr": 24.237383798217774,
    "test_ssim": 0.9522025913238525
  }
}