{
  "args": {
    "device": "cuda:9",
    "exp_home": "./results",
    "ds_name": "mnist",
    "mode": "generative_classification",
    "noise_std": 0.25,
    "down_scale": 2.0,
    "model_type": "conventional",
    "latent_dim": 784,
    "hidden_dims": [
      2870,
      2870,
      2870,
      2870,
      2870
    ],
    "wo_Win": true,
    "fix_Win": false,
    "I_Win": false,
    "wo_Wout": true,
    "batch_size": 128,
    "epochs": 50,
    "lr": 0.005,
    "use_augmentation": false,
    "aug_num": 2,
    "run_id": 1,
    "seed": 42
  },
  "training_logs": {
    "train_losses": [
      0.07286756212353707,
      0.04573315592765808,
      0.03652861240506172,
      0.03259686809778214,
      0.03083768198132515,
      0.029330238490104674,
      0.028816312509775163,
      0.027123833272457123,
      0.025531528351306915,
      0.02468463584303856,
      0.025910513371229172,
      0.02501206229507923,
      0.02477869934797287,
      0.023189289550185205,
      0.02289801326930523,
      0.022608769878149033,
      0.022311668261289597,
      0.022412180317640303,
      0.021109829887151717,
      0.020830083255767823,
      0.02196732410669327,
      0.020707930672168733,
      0.02019798732638359,
      0.02019998215019703,
      0.019856781861782073,
      0.019786682553291322,
      0.01935614084303379,
      0.01890012909412384,
      0.019255049762129783,
      0.018673276998400688,
      0.01857635100901127,
      0.018177452837228776,
      0.017674311099052428,
      0.017281371644735335,
      0.017161980605721473,
      0.01677038353830576,
      0.016913961118459702,
      0.016325819711089134,
      0.016171631090044974,
      0.015891575068831442,
      0.01574019229888916,
      0.01561372960537672,
      0.015440605973601342,
      0.015264223651885987,
      0.015266641144454479,
      0.01515311486840248,
      0.015020793720185758,
      0.01495668820619583,
      0.014863636547029019,
      0.014899087138175964
    ],
    "eval_losses": [
      0.030236450758576394,
      0.024924649408459662,
      0.02364386910200119,
      0.022380465692281724,
      0.020976277056336402,
      0.020268200516700745,
      0.018652295166254045,
      0.018193294861912727,
      0.017374579003453256,
      0.016826512342691422
    ],
    "psnr": [
      15.214518977355956,
      16.060896484375,
      16.29036876525879,
      16.531609704589844,
      16.81224805908203,
      16.961273620605468,
      17.32422317199707,
      17.437380044555663,
      17.64022355041504,
      17.773938049316406
    ],
    "ssim": [
      0.8156769685745239,
      0.8465312908172608,
      0.8553958222389221,
      0.8646138135910034,
      0.8695905988693238,
      0.8768986360549926,
      0.8830059683799744,
      0.8869767913818359,
      0.8906077501296997,
      0.8930571268081665
    ],
    "best_epoch": 50,
    "best_step": null,
    "best_eval_loss": 0.016826512342691422
  },
  "test_results": {
    "test_loss": 0.01676722382903099,
    "test_psnr": 17.837032885742186,
    "test_ssim": 0.8933273784637451
  }
}