{
  "args": {
    "device": "cuda:0",
    "exp_home": "./results",
    "ds_name": "mnist",
    "mode": "generative_classification",
    "noise_std": 0.25,
    "down_scale": 2.0,
    "model_type": "conventional",
    "latent_dim": 784,
    "hidden_dims": [
      1150,
      1150,
      1150,
      1150
    ],
    "wo_Win": false,
    "fix_Win": false,
    "I_Win": true,
    "batch_size": 128,
    "epochs": 50,
    "lr": 0.0005,
    "use_augmentation": false,
    "aug_num": 2,
    "run_id": 2,
    "seed": 42
  },
  "training_logs": {
    "train_losses": [
      0.012850224577188492,
      0.005194296422749758,
      0.003849334823489189,
      0.0033770170831680297,
      0.002948575782030821,
      0.0026946287550032137,
      0.0023265764934569597,
      0.0021362908820062878,
      0.0019579305682517587,
      0.0017051036175340414,
      0.001660293285101652,
      0.001506765393614769,
      0.001404167721271515,
      0.0012766142721287906,
      0.0011503189474530518,
      0.0010954356069862842,
      0.0010489561961963773,
      0.0009774423196166754,
      0.0009613741235900671,
      0.0008442949556186796,
      0.0007935287300869822,
      0.0006856366531923414,
      0.0005923684650566428,
      0.0006252303672209382,
      0.0006380808077426628,
      0.0005172516722045839,
      0.0005476686789491214,
      0.0004899373528920114,
      0.0004518957648985088,
      0.00035475666931364684,
      0.00034558777118567376,
      0.0003459230344486423,
      0.0002622105512721464,
      0.00028429573925212024,
      0.00024623536495491864,
      0.00019306416921317579,
      0.0001744677968020551,
      0.0001398941382963676,
      0.0001538501483295113,
      0.0001441754287481308,
      0.00014111523870262319,
      0.00012415593707119116,
      9.189642922254279e-05,
      8.08756518852897e-05,
      6.70683235139586e-05,
      5.744679810537491e-05,
      4.658005888399203e-05,
      4.7736135364684744e-05,
      4.250421383301728e-05,
      3.759863987448625e-05
    ],
    "eval_losses": [
      0.003953262038901448,
      0.0026594508334994316,
      0.0026427392184734345,
      0.0024394385617226362,
      0.002293115795776248,
      0.002044267373904586,
      0.0018965072958846577,
      0.0018495862982963445,
      0.0017685976106178714,
      0.0016762688406364759
    ],
    "psnr": [
      24.366605111694337,
      26.436789462280274,
      26.606684677124022,
      26.82777361755371,
      27.233573806762696,
      28.130100799560548,
      28.51755819091797,
      29.039748931884766,
      29.454232971191406,
      29.884149114990233
    ],
    "best_epoch": 50,
    "best_step": null,
    "best_eval_loss": 0.0016762688406364759
  },
  "test_results": {
    "test_loss": 0.0018308855161805696,
    "test_psnr": 32.95610444946289
  }
}