{
  "args": {
    "device": "cuda:0",
    "exp_home": "./results",
    "ds_name": "mnist",
    "mode": "generative_classification",
    "noise_std": 0.25,
    "down_scale": 2.0,
    "model_type": "conventional",
    "latent_dim": 784,
    "hidden_dims": [
      1150,
      1150,
      1150,
      1150,
      1150,
      1150
    ],
    "wo_Win": false,
    "fix_Win": true,
    "I_Win": false,
    "batch_size": 128,
    "epochs": 100,
    "lr": 5e-05,
    "use_augmentation": true,
    "aug_num": 4,
    "run_id": 1,
    "seed": 42
  },
  "training_logs": {
    "train_losses": [
      0.0140622192299366,
      0.004967310055717826,
      0.0036826498048007487,
      0.003022061083819717,
      0.002578657721141353,
      0.0022245732723362743,
      0.0019805285894405095,
      0.001767119633005932,
      0.0015947616821853443,
      0.0014758647927828133,
      0.0013477958921995015,
      0.0012150221678148955,
      0.0011532591279270127,
      0.0010658347704354673,
      0.0009835126931779087,
      0.0009420873183431104,
      0.0008694861589232459,
      0.0008376230131927878,
      0.000782554488943424,
      0.0007524812044994905,
      0.0007162350632599555,
      0.0006532762154680677,
      0.0006493447148264385,
      0.000605264396329876,
      0.0005969844756112434,
      0.0005509147619735449,
      0.0005337504651839845,
      0.0005162160871434025,
      0.0004816241270629689,
      0.0004526561024761759,
      0.00043953360709594565,
      0.00042341540886089204,
      0.00039407584918430076,
      0.0004219696421455592,
      0.00036157719601644203,
      0.00037144182201009245,
      0.0003720608002622612,
      0.0003321793847915251,
      0.00031211088926764205,
      0.00030412010181928055,
      0.00028649099478963763,
      0.0002923648493073415,
      0.00027768421915126966,
      0.0002555249699926935,
      0.0002668665455537848,
      0.000248946313939523,
      0.00023650156784802676,
      0.0002326968592661433,
      0.0002139761707757134,
      0.0002034934724814957,
      0.00018637501633609645,
      0.00020656604057410732,
      0.0001898881717491895,
      0.00016642903112573548,
      0.00016364576068532188,
      0.00015746514438069425,
      0.00014862669140391517,
      0.00016777312296500896,
      0.0001356817876425339,
      0.00014653291739872656,
      0.00011824916277721059,
      0.00012460733509913553,
      0.00012497139707498718,
      0.0001326612039800966,
      9.643468972237315e-05,
      0.00010330932357697748,
      9.63468298362568e-05,
      9.907640138291754e-05,
      0.00010269179647730198,
      6.985628027177881e-05,
      9.556393815437331e-05,
      7.72512237142655e-05,
      7.922817156417295e-05,
      7.2922376972856e-05,
      6.782147399615496e-05,
      6.723874922143295e-05,
      5.4821975578088314e-05,
      5.930023421678925e-05,
      5.235732901986921e-05,
      5.1894671635818665e-05,
      5.2543210712610746e-05,
      4.2188660822284876e-05,
      4.896429206826724e-05,
      3.970776610309258e-05,
      3.505994000704959e-05,
      3.948562492558267e-05,
      3.062747654999839e-05,
      3.3413848300115205e-05,
      3.3190352888486816e-05,
      3.119675492693205e-05,
      2.7782835352991243e-05,
      2.7756572546204552e-05,
      2.561121336388169e-05,
      2.420998883288121e-05,
      2.187114578206092e-05,
      2.2573957795393655e-05,
      2.0868152494367676e-05,
      2.0469233796175104e-05,
      2.1024797944410238e-05,
      2.0356212436163332e-05
    ],
    "eval_losses": [
      0.0034366267727687955,
      0.0037772567969979716,
      0.0029666207989677788,
      0.0029486856081523,
      0.0030197764235723296,
      0.002720275740401121,
      0.0029887384693371133,
      0.00294725367174251,
      0.0026114925796282477,
      0.0025846210720774252,
      0.0027239045616879592,
      0.002457736500899773,
      0.0024975227241870014,
      0.0025423539085895753,
      0.0024470320348773385,
      0.002277420653520676,
      0.002460763007675996,
      0.0024730672005782253,
      0.002178412529392517,
      0.0021937541614817746
    ],
    "psnr": [
      25.131369891357423,
      24.754877325439452,
      26.183107458496092,
      25.922553533935545,
      25.956170782470704,
      26.43271990966797,
      26.30413319091797,
      26.22695642700195,
      27.06321875,
      26.95065135498047,
      26.962746643066406,
      27.90800082397461,
      27.405736859130858,
      27.578208685302734,
      27.83515780029297,
      28.166846661376955,
      27.96993102416992,
      27.896009490966797,
      28.719199810791014,
      28.893202075195312
    ],
    "ssim": [
      0.9701857810974122,
      0.9707596715927124,
      0.978483296585083,
      0.9794321573257446,
      0.978993350315094,
      0.981661379623413,
      0.9809297013282776,
      0.9809621162414551,
      0.98279129114151,
      0.9832553728103638,
      0.9824951624870301,
      0.9842723502159119,
      0.9841517297744751,
      0.9841926706314087,
      0.9846959515571594,
      0.9857181835174561,
      0.985019598197937,
      0.9851146690368653,
      0.9866662268638611,
      0.986739968585968
    ],
    "best_epoch": 95,
    "best_step": null,
    "best_eval_loss": 0.002178412529392517
  },
  "test_results": {
    "test_loss": 0.002289336676123639,
    "test_psnr": 31.43308370361328,
    "test_ssim": 0.9861521717071533
  }
}