{
  "args": {
    "device": "cuda:9",
    "exp_home": "./results",
    "ds_name": "mnist",
    "mode": "generative_classification",
    "noise_std": 0.25,
    "down_scale": 2.0,
    "model_type": "conventional",
    "latent_dim": 784,
    "hidden_dims": [
      785,
      785,
      785,
      785,
      785,
      785
    ],
    "wo_Win": true,
    "fix_Win": false,
    "I_Win": false,
    "wo_Wout": true,
    "batch_size": 128,
    "epochs": 50,
    "lr": 0.001,
    "use_augmentation": false,
    "aug_num": 2,
    "run_id": 1,
    "seed": 42
  },
  "training_logs": {
    "train_losses": [
      0.011349072635769845,
      0.005831618657112122,
      0.004536389948129654,
      0.0037427293805778025,
      0.003397336206436157,
      0.002946551145836711,
      0.002711496640741825,
      0.0024995571929216386,
      0.002375139228776097,
      0.0021502168402820826,
      0.0021267970734834673,
      0.001955016871765256,
      0.0017432547550275922,
      0.0017599532523006201,
      0.0016604219930619,
      0.0014777483765222132,
      0.0013494375737197698,
      0.0012676163933426142,
      0.0013206887483596802,
      0.001722359528299421,
      0.001204499958306551,
      0.0011064830255322158,
      0.0011118576024100185,
      0.0010326967828162014,
      0.0010088071837276221,
      0.0008638821279071271,
      0.0008912930834665895,
      0.0007962113701738417,
      0.000775841436907649,
      0.000817383018694818,
      0.0007019210118614138,
      0.0009029544603545218,
      0.0006668881530687212,
      0.0006210655217990279,
      0.000638310453556478,
      0.000606579245859757,
      0.00046660722590982916,
      0.0004952460076939315,
      0.0004407036468014121,
      0.0004201981498301029,
      0.0004197570012230426,
      0.00036869686880148947,
      0.0003401667551835999,
      0.000343834359254688,
      0.0003050791623722762,
      0.00030595913507044313,
      0.0002949547476368025,
      0.0002491378127364442,
      0.00025059199618175627,
      0.00024250210706144572
    ],
    "eval_losses": [
      0.005120810104906559,
      0.0044807669623754915,
      0.004416300408914685,
      0.004264594138413668,
      0.0037136335235089064,
      0.003922040627989918,
      0.003439551504328847,
      0.003684866765537299,
      0.0034406872744672,
      0.003407660704886075
    ],
    "psnr": [
      23.158324307250975,
      23.792411868286134,
      23.937389172363282,
      23.98368676147461,
      24.815769680786133,
      24.46062213745117,
      25.203222146606446,
      24.87594584350586,
      25.512095025634764,
      25.184411907958985
    ],
    "ssim": [
      0.9562729175567627,
      0.9666271699905395,
      0.9703694416046142,
      0.9725847215652466,
      0.9749032629966736,
      0.9750438691139222,
      0.9786865644454956,
      0.9784579830169677,
      0.9804107957839966,
      0.9809499512672424
    ],
    "best_epoch": 50,
    "best_step": null,
    "best_eval_loss": 0.003407660704886075
  },
  "test_results": {
    "test_loss": 0.0033458595292642714,
    "test_psnr": 26.85630845336914,
    "test_ssim": 0.9814862483978272
  }
}