{
  "args": {
    "device": "cuda:8",
    "exp_home": "./results",
    "ds_name": "mnist",
    "mode": "denoising",
    "noise_std": 0.25,
    "down_scale": 2.0,
    "model_type": "conventional",
    "latent_dim": 784,
    "hidden_dims": [
      905
    ],
    "wo_Win": false,
    "fix_Win": false,
    "I_Win": false,
    "wo_Wout": false,
    "batch_size": 128,
    "epochs": 30,
    "lr": 0.0001,
    "use_augmentation": false,
    "aug_num": 2,
    "run_id": 2,
    "seed": 42
  },
  "training_logs": {
    "train_losses": [
      0.03900953232526779,
      0.013886896433830261,
      0.009927610290050506,
      0.00834790436476469,
      0.007435946532785892,
      0.006861307791769505,
      0.0064561999762058255,
      0.006152686181217432,
      0.005916412703245878,
      0.005746926050931215,
      0.005583463818132878,
      0.005463306049257517,
      0.005354242549091577,
      0.005272529061734676,
      0.0051919618229568,
      0.005118840007185936,
      0.005061226483881473,
      0.00502665176987648,
      0.004971000606268644,
      0.004927260788977146,
      0.004888775873929262,
      0.004852106244117022,
      0.004829303069412708,
      0.0048002715876698495,
      0.0047759806346893315,
      0.0047625493104755875,
      0.004741469170451164,
      0.004724944558888674,
      0.004707677920460701,
      0.004695725468099117
    ],
    "eval_losses": [
      0.006843915013968945,
      0.005476770257949829,
      0.005058765546232462,
      0.00482702087983489,
      0.004705912611633539,
      0.004645520715415478
    ],
    "psnr": [
      21.649866482543946,
      22.61771442260742,
      22.962425286865233,
      23.16531824645996,
      23.276106927490236,
      23.33207407836914
    ],
    "ssim": [
      0.8592127175331116,
      0.8825629844665527,
      0.8958734937667847,
      0.8994644348144532,
      0.9021871315002441,
      0.9051055423736573
    ],
    "best_epoch": 30,
    "best_step": null,
    "best_eval_loss": 0.004645520715415478
  },
  "test_results": {
    "test_loss": 0.0045697765078395606,
    "test_psnr": 23.413705227661133,
    "test_ssim": 0.9082311631202697
  }
}