{
  "args": {
    "device": "cuda:8",
    "exp_home": "./results",
    "ds_name": "mnist",
    "mode": "denoising",
    "noise_std": 0.25,
    "down_scale": 2.0,
    "model_type": "conventional",
    "latent_dim": 784,
    "hidden_dims": [
      785,
      785,
      785
    ],
    "wo_Win": false,
    "fix_Win": false,
    "I_Win": false,
    "wo_Wout": false,
    "batch_size": 128,
    "epochs": 30,
    "lr": 0.001,
    "use_augmentation": false,
    "aug_num": 2,
    "run_id": 2,
    "seed": 42
  },
  "training_logs": {
    "train_losses": [
      0.017774433445334435,
      0.007607203551381826,
      0.006529068276435137,
      0.006099231789261103,
      0.005738470547199249,
      0.005540374299436808,
      0.005316548324972391,
      0.005132832128405571,
      0.005010789221078157,
      0.004899018169641495,
      0.004792166268825531,
      0.004696825233995915,
      0.004619436546862125,
      0.004559606792330742,
      0.004482420685589314,
      0.00441035562261939,
      0.004344821687489748,
      0.004297230418622493,
      0.004230861016213894,
      0.004172557382881642,
      0.004113141175955534,
      0.004064245491325855,
      0.0040045885947346685,
      0.0039558003994077445,
      0.003892151464819908,
      0.0038480072792619465,
      0.0037911605006456374,
      0.0037373156536370518,
      0.0036796516218036415,
      0.003629940390959382
    ],
    "eval_losses": [
      0.005613573169708252,
      0.004878735565394163,
      0.004535241664201021,
      0.004255387790501118,
      0.003988238798081875,
      0.0037688981525599956
    ],
    "psnr": [
      22.50962937011719,
      23.119448596191408,
      23.43615757751465,
      23.712161608886717,
      23.994134896850586,
      24.240016223144533
    ],
    "ssim": [
      0.8939163956642151,
      0.9138243940353393,
      0.9223798233032227,
      0.9282944550514222,
      0.9329407821655273,
      0.9372238199234009
    ],
    "best_epoch": 30,
    "best_step": null,
    "best_eval_loss": 0.0037688981525599956
  },
  "test_results": {
    "test_loss": 0.003739449043571949,
    "test_psnr": 24.27963225097656,
    "test_ssim": 0.9389065064430236
  }
}