{
  "args": {
    "device": "cuda:8",
    "exp_home": "./results",
    "ds_name": "mnist",
    "mode": "denoising",
    "noise_std": 0.25,
    "down_scale": 2.0,
    "model_type": "hourglass",
    "latent_dim": 785,
    "hidden_dims": [
      115,
      115,
      115
    ],
    "wo_Win": false,
    "fix_Win": true,
    "I_Win": false,
    "wo_Wout": false,
    "batch_size": 128,
    "epochs": 30,
    "lr": 0.005,
    "use_augmentation": false,
    "aug_num": 2,
    "run_id": 1,
    "seed": 42
  },
  "training_logs": {
    "train_losses": [
      0.026291741653084753,
      0.01969785588145256,
      0.020016799208521844,
      0.02184252264380455,
      0.02297911717772484,
      0.024476423358917237,
      0.026310010771155357,
      0.02720281949043274,
      0.028691965066194536,
      0.029063743320703505,
      0.02972828547358513,
      0.0296532582116127,
      0.029072553309202193,
      0.028227948899269103,
      0.027633480882644654,
      0.027403751658797264,
      0.027007616964578627,
      0.026147713304758072,
      0.02566248203396797,
      0.025114637852311134,
      0.0243998220705986,
      0.023774813569784163,
      0.023199662916064262,
      0.022736902212500573,
      0.022234051345586776,
      0.021831600924134255,
      0.021354337873458862,
      0.021052039127349854,
      0.020686617040634157,
      0.020411585327386857
    ],
    "eval_losses": [
      0.0219229639172554,
      0.02870499970316887,
      0.027335723102092743,
      0.024404763913154603,
      0.021896463918685913,
      0.020004588976502417
    ],
    "psnr": [
      16.594898849487304,
      15.422977244567871,
      15.634528239440918,
      16.12755996246338,
      16.59806922607422,
      16.990693200683594
    ],
    "ssim": [
      0.8374031442642212,
      0.8023103636741639,
      0.8120323126792908,
      0.8308453450202942,
      0.8485963100433349,
      0.8603099365234375
    ],
    "best_epoch": 30,
    "best_step": null,
    "best_eval_loss": 0.020004588976502417
  },
  "test_results": {
    "test_loss": 0.019723553386330604,
    "test_psnr": 17.058347814941406,
    "test_ssim": 0.8621070014953613
  }
}