{
  "args": {
    "device": "cuda:3",
    "exp_home": "./results",
    "ds_name": "mnist",
    "mode": "generative_classification",
    "noise_std": 0.25,
    "down_scale": 2.0,
    "model_type": "conventional",
    "latent_dim": 784,
    "hidden_dims": [
      1150,
      1150,
      1150,
      1150
    ],
    "wo_Win": false,
    "fix_Win": false,
    "I_Win": true,
    "batch_size": 128,
    "epochs": 200,
    "lr": 0.0001,
    "use_augmentation": true,
    "aug_num": 2,
    "run_id": 5,
    "seed": 42
  },
  "training_logs": {
    "train_losses": [
      0.013558909995257854,
      0.004223162826448679,
      0.003127013498879969,
      0.0025592398259043692,
      0.0022322814697399735,
      0.0020056321412324904,
      0.0017487125938944518,
      0.0016499274044297636,
      0.0014745345640741288,
      0.001381967469714582,
      0.0012889313237927854,
      0.00121061842687428,
      0.0011076463360060007,
      0.0010627850134111941,
      0.0009579881680104881,
      0.0009434917502757162,
      0.0008963059019856154,
      0.0007900792043842376,
      0.0007908857388328761,
      0.0008104392593633384,
      0.0007152082413434982,
      0.0006670901850657538,
      0.0006698971338383854,
      0.0006882904682680964,
      0.0006117778255790472,
      0.0005715340525098145,
      0.0006054365046881139,
      0.0005615301511483267,
      0.0005147083589062094,
      0.0005032900439715013,
      0.0005138291731057689,
      0.0005105780871631578,
      0.0003975461004441604,
      0.0004389245070097968,
      0.0004795172825315967,
      0.0004318140941369347,
      0.0003862946439790539,
      0.0004055522269476205,
      0.0004119386079185642,
      0.0003678028588462621,
      0.000384563271868974,
      0.0003187945143319666,
      0.0003374992404016666,
      0.0003539461838454008,
      0.00033315992202609775,
      0.00032298738892655817,
      0.0003215730870980769,
      0.0002842178827850148,
      0.00029994713742635215,
      0.000325768035412766,
      0.0002851030847313814,
      0.0002625698483455926,
      0.0002785226097982377,
      0.0002894450659304857,
      0.00022542515408014878,
      0.00026648843592382037,
      0.0002479152421816252,
      0.00022730027934303508,
      0.00021686802866403013,
      0.00027198445791844276,
      0.00021612435639137403,
      0.00027715846699196843,
      0.00018895993404556067,
      0.00019938901176676154,
      0.00017370577457128094,
      0.00019830774305271915,
      0.00020068837840575725,
      0.00018473810657160356,
      0.00017823203225852922,
      0.00017377461498370393,
      0.00020193301792256535,
      0.0001594659908534959,
      0.00015284343047300354,
      0.00019292795240646228,
      0.0001869659650977701,
      0.00014471953470725565,
      0.0001764596702577546,
      0.00017400383261730894,
      0.00014819209694396705,
      0.00018158583918586373,
      0.00012453560633352026,
      0.000150428849728778,
      0.00013336057181702926,
      0.00011603879562346265,
      0.0001288449363503605,
      0.00011984655727283098,
      0.00012411397142102941,
      0.00014137722274987026,
      9.717379698646254e-05,
      0.00011787734162295238,
      0.0001234833142021671,
      0.00013591057871934026,
      0.00011647668649442493,
      0.0001101457903557457,
      9.929793593357318e-05,
      9.542052290285938e-05,
      0.00010733501441427506,
      8.967655976710375e-05,
      0.00010495593302999623,
      0.00011036682622157969,
      7.584461652673781e-05,
      0.00011523833476239815,
      7.290928101050667e-05,
      9.702568923006766e-05,
      9.213239307398908e-05,
      7.456359262694605e-05,
      9.825019252195488e-05,
      7.081330225919374e-05,
      8.687481117958669e-05,
      6.457341487286613e-05,
      8.408669208933134e-05,
      5.5055712938774376e-05,
      7.759141103131697e-05,
      6.403199039865286e-05,
      6.852233650744893e-05,
      7.7349409670569e-05,
      5.9907602479215715e-05,
      7.686620313324966e-05,
      5.6971899482887235e-05,
      6.204032546957024e-05,
      5.727298121433705e-05,
      4.2152507371501996e-05,
      7.849134775460698e-05,
      5.406747520784848e-05,
      6.1608147220104e-05,
      4.465087765536737e-05,
      4.325922133459244e-05,
      4.534439588256646e-05,
      5.235039032122586e-05,
      6.070855757629033e-05,
      4.751737848273478e-05,
      5.866506650054362e-05,
      4.3376426429022105e-05,
      3.347470474720467e-05,
      3.620344357565045e-05,
      5.2427808449137955e-05,
      4.066456668922911e-05,
      5.2120250783627855e-05,
      4.7177339019835926e-05,
      3.1553168104437645e-05,
      3.255900795280468e-05,
      3.3974575828760864e-05,
      4.035648466146085e-05,
      3.8410100796609184e-05,
      3.1487419970217164e-05,
      2.8924110481166282e-05,
      3.776736008585431e-05,
      3.734437520091888e-05,
      4.319567410915624e-05,
      2.994308873428963e-05,
      3.461679653148167e-05,
      3.324626988905948e-05,
      3.0495010445883964e-05,
      2.4024885152466595e-05,
      2.1275980517384597e-05,
      1.881600800668821e-05,
      2.320510102552362e-05,
      2.5528310541412792e-05,
      2.4995357441657687e-05,
      2.1585101625532843e-05,
      2.4704010695568284e-05,
      1.853785083279945e-05,
      1.8957575709209778e-05,
      1.1967052181134933e-05,
      1.8087936947704292e-05,
      2.094254934199853e-05,
      1.429829869477544e-05,
      1.8137704904947895e-05,
      1.2847106385743245e-05,
      2.0134452868951484e-05,
      1.515859563514823e-05,
      1.551467267679982e-05,
      1.4484137420076876e-05,
      1.692921117413789e-05,
      1.3668784842593595e-05,
      1.1585568753362168e-05,
      1.0761533869954291e-05,
      1.007866640255088e-05,
      1.3569447360932827e-05,
      1.0046654781908728e-05,
      1.5157256501261145e-05,
      9.835879366146401e-06,
      9.067997239762917e-06,
      1.006890147793456e-05,
      9.24527861061506e-06,
      9.911415535025299e-06,
      8.65032048226567e-06,
      8.914470672607422e-06,
      9.20179649212514e-06,
      8.281491441593972e-06,
      8.033158422767883e-06,
      8.121461265254766e-06,
      7.668257539335173e-06,
      7.003023460856639e-06,
      6.481248493946623e-06,
      6.780605667154305e-06,
      5.887151695496869e-06,
      6.5553340580663644e-06,
      5.4991269658785314e-06,
      5.517821728717536e-06
    ],
    "eval_losses": [
      0.0030135600663721562,
      0.0024459564470686018,
      0.002211155482660979,
      0.0022298314802348613,
      0.002190809983725194,
      0.0021419731238856913,
      0.0025982559820637106,
      0.002141417945129797,
      0.0020490337816416286,
      0.0019769855751888827,
      0.0021173420333885588,
      0.002060773822676856,
      0.0021605540115444454,
      0.0022658426989451983,
      0.0020843841636553405,
      0.002026269845990464,
      0.0018793553709925618,
      0.001877746742608724,
      0.0018570217552245595,
      0.0019270944001793396,
      0.0019003418494365177,
      0.0020329883872065692,
      0.001982840159564512,
      0.0017491977025725647,
      0.001829140501623624,
      0.0018312060799944448,
      0.0018687777643208391,
      0.0017901441794543644,
      0.0016742689188089571,
      0.0018510915904844296,
      0.0016735318603576161,
      0.001605250427784631,
      0.001624326748925523,
      0.0016655947981780628,
      0.0016372860406590917,
      0.0015846458350890315,
      0.0015654065953254759,
      0.001529878991804071,
      0.0014869903310442169,
      0.0014712135573667184
    ],