{
  "args": {
    "device": "cuda:0",
    "exp_home": "./results",
    "ds_name": "mnist",
    "mode": "generative_classification",
    "noise_std": 0.25,
    "down_scale": 2.0,
    "model_type": "conventional",
    "latent_dim": 784,
    "hidden_dims": [
      1150,
      1150,
      1150,
      1150,
      1150,
      1150
    ],
    "wo_Win": false,
    "fix_Win": false,
    "I_Win": false,
    "batch_size": 128,
    "epochs": 100,
    "lr": 5e-05,
    "use_augmentation": true,
    "aug_num": 4,
    "run_id": 5,
    "seed": 42
  },
  "training_logs": {
    "train_losses": [
      0.013372659536525607,
      0.004819812803044915,
      0.003609136068113148,
      0.002963083111392334,
      0.0025294393216539176,
      0.0022122069492097945,
      0.001956844127653167,
      0.0017890281651634723,
      0.0016041623732261359,
      0.001488960237838328,
      0.0013644845172064378,
      0.0012712001849571244,
      0.0011799041576916352,
      0.0011412391786184161,
      0.0010018502190476284,
      0.0010032792097283527,
      0.0009016627074498683,
      0.0008564739941479638,
      0.0008262917492492124,
      0.0007494662272860296,
      0.0007389349003112874,
      0.0007098398188594728,
      0.0006117236537253484,
      0.0006443035656749271,
      0.0005858039501914755,
      0.0005711727676959708,
      0.0005485824215854518,
      0.0005223759416374378,
      0.0005159034626849461,
      0.00046130836031981745,
      0.00046976236366899686,
      0.0004301362481690012,
      0.0004204904067865573,
      0.000385290916278027,
      0.00040238952707033606,
      0.00036780346382875,
      0.00034470655692624857,
      0.0003478424203861505,
      0.0003367941208987031,
      0.00028369593564188107,
      0.0003198067843017634,
      0.0002793138827837538,
      0.000299855852011824,
      0.00027119730344624257,
      0.00023861098505090922,
      0.0002527020484616514,
      0.00023591628226800822,
      0.00023996205592527985,
      0.0002277719969674945,
      0.00017986740445019678,
      0.0001992317363352049,
      0.0001985937619773904,
      0.00018269810132915155,
      0.0001988479138474213,
      0.00017884503411420155,
      0.00015068299385951833,
      0.00016197760695940816,
      0.00015996943627134898,
      0.0001509709729673341,
      0.0001304321499215439,
      0.00014607825150422286,
      0.00011300767258333508,
      0.00012385479023563676,
      0.00012242404689663088,
      0.00010880428009026218,
      0.00011740145974617917,
      9.847980405320413e-05,
      9.797915785631631e-05,
      9.050027186225634e-05,
      9.742408200050705e-05,
      6.868972275347914e-05,
      9.160074619634543e-05,
      7.477834997465834e-05,
      7.385860995622352e-05,
      5.5041338164592164e-05,
      7.025181013101246e-05,
      5.873954093724023e-05,
      5.269701277487911e-05,
      5.6457133286749014e-05,
      5.122945347859058e-05,
      4.919615601655096e-05,
      3.864362682157662e-05,
      3.6077307182422376e-05,
      3.896016396582127e-05,
      4.16815406573005e-05,
      2.7846259603102226e-05,
      2.9190681797335857e-05,
      3.218840663204901e-05,
      2.9173529471445362e-05,
      2.505965495627606e-05,
      2.6805791875813157e-05,
      2.1531659454922192e-05,
      2.0710228017996997e-05,
      2.0489539485424757e-05,
      1.9857074752508196e-05,
      1.9247807658684907e-05,
      2.0859620778646784e-05,
      1.8123479485802817e-05,
      1.7675229239684997e-05,
      1.6992683377757204e-05
    ],
    "eval_losses": [
      0.0034788483519107103,
      0.003050624052807689,
      0.003001583744760137,
      0.002571159344527405,
      0.0026002331907628105,
      0.002668499490636168,
      0.0025234018184244634,
      0.0021387709740141874,
      0.0022799414599838203,
      0.0025942662631394343,
      0.002256548808608204,
      0.002182231007539667,
      0.001937447575671831,
      0.002068362027092371,
      0.0020996508481781347,
      0.002088176208990626,
      0.002028907024944783,
      0.002023379958549049,
      0.002016676313545031,
      0.0019726133123011097
    ],
    "psnr": [
      25.030432864379883,
      25.83142317199707,
      25.769166955566405,
      26.455313061523437,
      26.77465959472656,
      26.961268420410157,
      26.84359619140625,
      27.93246212158203,
      27.37051896972656,
      26.892129864501953,
      27.763718237304687,
      27.738512423706055,
      28.573194512939452,
      28.237602142333984,
      27.992067462158204,
      27.956386114501953,
      28.55399390258789,
      28.1776619140625,
      28.44109423828125,
      28.582631018066404
    ],
    "ssim": [
      0.9693698034286499,
      0.9763791883468628,
      0.977963689994812,
      0.9816312791824341,
      0.9813049913406372,
      0.9807852219581604,
      0.9827055876731873,
      0.9855380236625672,
      0.984908642578125,
      0.982826337146759,
      0.9854869572639465,
      0.985652908706665,
      0.9871697202682496,
      0.9869762429237365,
      0.986958897781372,
      0.9870043315887451,
      0.9874148700714112,
      0.987541148853302,
      0.9878500769615174,
      0.988118333530426
    ],
    "best_epoch": 65,
    "best_step": null,
    "best_eval_loss": 0.001937447575671831
  },
  "test_results": {
    "test_loss": 0.002298810333372967,
    "test_psnr": 31.601542700195314,
    "test_ssim": 0.9855257514953614
  }
}