{
  "args": {
    "device": "cuda:1",
    "exp_home": "./results",
    "ds_name": "mnist",
    "mode": "denoising",
    "noise_std": 0.25,
    "down_scale": 2.0,
    "model_type": "conventional",
    "latent_dim": 784,
    "hidden_dims": [
      785,
      785,
      785,
      785,
      785,
      785
    ],
    "wo_Win": false,
    "fix_Win": false,
    "I_Win": false,
    "wo_Wout": false,
    "batch_size": 128,
    "epochs": 100,
    "lr": 0.005,
    "use_augmentation": true,
    "aug_num": 4,
    "run_id": 1,
    "seed": 42
  },
  "training_logs": {
    "train_losses": [
      0.11575597537755966,
      0.11524465450048446,
      0.11524465467214584,
      0.1152446548318863,
      0.11524465459823609,
      0.11524465460062026,
      0.11524465484857559,
      0.11524465444803238,
      0.1152446544957161,
      0.1152446545124054,
      0.11524465445041657,
      0.11524465457201004,
      0.11524465462684631,
      0.13018695430755614,
      0.14000589416980744,
      0.14000589401721955,
      0.1400058946609497,
      0.14000589414596556,
      0.14000589420318604,
      0.14000589455127715,
      0.14000589457988738,
      0.14000589444637299,
      0.1400058942270279,
      0.14000589421749116,
      0.14000589448928832,
      0.14000589435577393,
      0.14000589398384095,
      0.14000589404582978,
      0.14000589426517487,
      0.14000589427948,
      0.14000589420318604,
      0.14000589402675628,
      0.14000589436531066,
      0.14000589426517487,
      0.14000589427948,
      0.14000589432239532,
      0.1400058941078186,
      0.14000589416980744,
      0.14000589434146882,
      0.14000589423656465,
      0.1400058940553665,
      0.14000589433670044,
      0.1400058942222595,
      0.1400058942556381,
      0.1400058942556381,
      0.1426998859167099,
      0.1447497899723053,
      0.14474978953361511,
      0.1447497897529602,
      0.14474978979110717,
      0.14474979003429414,
      0.1447497899580002,
      0.14697180768966675,
      0.14600729828357698,
      0.1448960437965393,
      0.14461831176280976,
      0.144611353764534,
      0.14460580314636232,
      0.14461593440532686,
      0.1444712120294571,
      0.14427799330234528,
      0.14426896622180937,
      0.14426897329330443,
      0.1442689680480957,
      0.14426896667480468,
      0.14426896849632262,
      0.14426895810604096,
      0.14426896637916564,
      0.1442689726448059,
      0.14426897886276246,
      0.14426896660327912,
      0.14426895785808563,
      0.14426896903038025,
      0.14426896631240846,
      0.14426896630764008,
      0.14426896667957306,
      0.14426897140026093,
      0.14426896200180053,
      0.1442689664697647,
      0.14426897278785705,
      0.14426896673202513,
      0.14426897285938262,
      0.1442689715194702,
      0.14426896661281585,
      0.14426897773742675,
      0.14426897278308867,
      0.14426897255897522,
      0.1442689665412903,
      0.14426896619796753,
      0.14426895366191864,
      0.14426895555019378,
      0.14426897262096405,
      0.14426897267341615,
      0.14426897283554077,
      0.144268966588974,
      0.14426897177696227,
      0.1442689728450775,
      0.14426897284984588,
      0.14426895545482635,
      0.14426897276878356
    ],
    "eval_losses": [
      0.14189344062805176,
      0.14166920521259307
    ],
    "psnr": [
      8.481016229248047,
      8.48789865875244
    ],
    "ssim": [
      0.22750304279327394,
      0.24237071046829223
    ],
    "best_epoch": 100,
    "best_step": null,
    "best_eval_loss": 0.14166920521259307
  },
  "test_results": {
    "test_loss": 0.1424806895494461,
    "test_psnr": 8.469800148010254,
    "test_ssim": 0.2449043918609619
  }
}