{
  "args": {
    "device": "cuda:8",
    "exp_home": "./results",
    "ds_name": "mnist",
    "mode": "denoising",
    "noise_std": 0.25,
    "down_scale": 2.0,
    "model_type": "hourglass",
    "latent_dim": 4096,
    "hidden_dims": [
      240,
      240,
      240,
      240
    ],
    "wo_Win": false,
    "fix_Win": true,
    "I_Win": false,
    "wo_Wout": false,
    "batch_size": 128,
    "epochs": 30,
    "lr": 0.0005,
    "use_augmentation": false,
    "aug_num": 2,
    "run_id": 1,
    "seed": 42
  },
  "training_logs": {
    "train_losses": [
      0.014459922685325146,
      0.007880141723752022,
      0.007229669113755226,
      0.00691196190237999,
      0.006658590244948864,
      0.006444883419722319,
      0.006245491700619459,
      0.0060524162308871745,
      0.005924245323836804,
      0.005814030030965805,
      0.00566644457757473,
      0.005553202299922705,
      0.005451483959853649,
      0.005319958676248789,
      0.005235725827515125,
      0.005121244877129793,
      0.005016618004739284,
      0.004944767029136419,
      0.004843036447167396,
      0.004736859752237797,
      0.004670052807033062,
      0.004556746262907982,
      0.004465033600926399,
      0.004378461852967739,
      0.004289873860627413,
      0.004199046612977981,
      0.004116974557489157,
      0.004025548960566521,
      0.0039452910560369495,
      0.003866935627758503
    ],
    "eval_losses": [
      0.00647592890933156,
      0.005578041614592076,
      0.0050510317452251915,
      0.004730265937000513,
      0.004297248815000057,
      0.003925745417177677
    ],
    "psnr": [
      21.889419692993165,
      22.537131106567383,
      22.968479122924805,
      23.253263385009767,
      23.670004483032226,
      24.063109332275392
    ],
    "ssim": [
      0.9137165901184082,
      0.906662711429596,
      0.9171697971343994,
      0.9232001761436462,
      0.9289921751022339,
      0.938302855014801
    ],
    "best_epoch": 30,
    "best_step": null,
    "best_eval_loss": 0.003925745417177677
  },
  "test_results": {
    "test_loss": 0.003913836839050055,
    "test_psnr": 24.082914743041993,
    "test_ssim": 0.9394761657714844
  }
}