{
  "args": {
    "device": "cuda:6",
    "exp_home": "./results",
    "ds_name": "mnist",
    "mode": "denoising",
    "noise_std": 0.25,
    "down_scale": 2.0,
    "model_type": "conventional",
    "latent_dim": 784,
    "hidden_dims": [
      1150,
      1150,
      1150,
      1150
    ],
    "wo_Win": false,
    "fix_Win": true,
    "I_Win": false,
    "batch_size": 128,
    "epochs": 100,
    "lr": 0.001,
    "use_augmentation": false,
    "aug_num": 2,
    "run_id": 1,
    "seed": 42
  },
  "training_logs": {
    "train_losses": [
      0.017635891597867014,
      0.008138402030616998,
      0.007185190585553646,
      0.006780990611314774,
      0.006543769160360098,
      0.006342851660847664,
      0.0062108680194616316,
      0.0061163528208434586,
      0.006035717186778784,
      0.005965258209854364,
      0.005890950162410736,
      0.005835881569832563,
      0.005787729799598455,
      0.005720251842290163,
      0.005676724983602762,
      0.005617265008240938,
      0.005578887259811163,
      0.005544007873535157,
      0.005475285132974387,
      0.005439347637295723,
      0.005416967506408691,
      0.005344765946418047,
      0.0053087396544218065,
      0.005277866671979427,
      0.005249219312518835,
      0.0052116655892133715,
      0.005176741190701723,
      0.005128143812865019,
      0.00511607985034585,
      0.0050688395524024965,
      0.005041961180269718,
      0.005010829917043448,
      0.004986154504865408,
      0.004971657267659903,
      0.004926410634666681,
      0.004894102608561515,
      0.0048772476947307585,
      0.004863358833789825,
      0.00480688707113266,
      0.004775603264421224,
      0.004786923434585333,
      0.004742637196183204,
      0.004725248899459839,
      0.004707322189509869,
      0.004688706354498863,
      0.004655333099961281,
      0.004628421285003423,
      0.004618831046223641,
      0.004599938188791275,
      0.004574236311912536,
      0.004552221383154392,
      0.004525326883047819,
      0.0045024853807687755,
      0.004496048230528831,
      0.004463300180435181,
      0.004449200214147568,
      0.004428865054249763,
      0.004394317961186171,
      0.004388980047255755,
      0.004358816510736942,
      0.0043538356594741345,
      0.004325027450323105,
      0.004313813243657351,
      0.004291730031520128,
      0.004277554480284452,
      0.004260679418295622,
      0.004234797606319189,
      0.004212278201133013,
      0.004195085257738829,
      0.004185229882895947,
      0.004158172459900379,
      0.004145676190555096,
      0.00412002684995532,
      0.0041071269120275975,
      0.004090728777199983,
      0.004064457700997591,
      0.004039630750715732,
      0.0040238697497546674,
      0.0040096234369277955,
      0.0039844982308149335,
      0.003971971075758338,
      0.003945904854536057,
      0.003915868023708463,
      0.0038990567214787007,
      0.003878805366754532,
      0.00386511201351881,
      0.0038467753084003927,
      0.003818270322307944,
      0.003803817484304309,
      0.003774684883207083,
      0.0037584325870126485,
      0.0037334683013707398,
      0.0037163683734834194,
      0.0036873674672096967,
      0.0036677936396002767,
      0.0036508033407479526,
      0.003621028863489628,
      0.0036093801268935206,
      0.0035883767534047365,
      0.0035653793151676654
    ],
    "eval_losses": [
      0.006292931322008371,
      0.0058094674035906796,
      0.005396433529257775,
      0.005314605149626732,
      0.005144437120109796,
      0.004968028750270605,
      0.004865196922421456,
      0.00473813970759511,
      0.004636277520656586,
      0.004511084321886301,
      0.004401761630922556,
      0.004321053697913885,
      0.004263151068985462,
      0.004203645943850279,
      0.00412602593973279,
      0.004050296129286289,
      0.003968943302333355,
      0.003919364189356566,
      0.00385648907572031,
      0.0038017595291137693
    ],
    "psnr": [
      22.013971633911133,
      22.360729696655273,
      22.681336050415037,
      22.747238696289063,
      22.88883182373047,
      23.040343072509767,
      23.1310447845459,
      23.245593853759765,
      23.340386236572265,
      23.459859979248048,
      23.56557359008789,
      23.646234317016603,
      23.704626690673827,
      23.765817163085938,
      23.847199584960936,
      23.92704437561035,
      24.015648733520507,
      24.07021517944336,
      24.140125286865235,
      24.202221835327148
    ],
    "ssim": [
      0.9154923432350158,
      0.9077162994384765,
      0.9211583944320678,
      0.9231954755783081,
      0.9284843023300171,
      0.9279166410446167,
      0.9303069385528564,
      0.9325858880996704,
      0.9316127423286438,
      0.934036738204956,
      0.9366002717971802,
      0.936728504371643,
      0.9371130487442016,
      0.9385801513671875,
      0.9407501916885376,
      0.9416312344551087,
      0.9405908514976501,
      0.9438754221916199,
      0.944557435131073,
      0.9458919491767883
    ],
    "best_epoch": 100,
    "best_step": null,
    "best_eval_loss": 0.0038017595291137693
  },
  "test_results": {
    "test_loss": 0.003800414838641882,
    "test_psnr": 24.210580337524416,
    "test_ssim": 0.9468125936508178
  }
}