{
  "args": {
    "device": "cuda:4",
    "exp_home": "./results",
    "ds_name": "mnist",
    "mode": "denoising",
    "noise_std": 0.25,
    "down_scale": 2.0,
    "model_type": "conventional",
    "latent_dim": 784,
    "hidden_dims": [
      1150,
      1150,
      1150,
      1150
    ],
    "wo_Win": false,
    "fix_Win": true,
    "I_Win": false,
    "batch_size": 128,
    "epochs": 200,
    "lr": 0.005,
    "use_augmentation": true,
    "aug_num": 2,
    "run_id": 2,
    "seed": 42
  },
  "training_logs": {
    "train_losses": [
      0.11372396797657013,
      0.11334207892894745,
      0.11334207910060883,
      0.11334207919120788,
      0.11334207886457444,
      0.11334207876682281,
      0.11334207894086838,
      0.11334207890033722,
      0.11988121436595917,
      0.12791608559608458,
      0.12791608539581298,
      0.12791608552217484,
      0.12791608558177947,
      0.12791608594417572,
      0.12791608553886413,
      0.127916085562706,
      0.12791608585357667,
      0.12791608500003815,
      0.12791608551979064,
      0.12791608541488647,
      0.1279160856628418,
      0.1279160850429535,
      0.1279160854768753,
      0.12791608563661575,
      0.12791608590602874,
      0.12791608555316925,
      0.1279160855102539,
      0.1279160856819153,
      0.1279160857152939,
      0.1279160856437683,
      0.12791608553409575,
      0.12791608545303346,
      0.1279160857105255,
      0.12791608557701112,
      0.12791608583927155,
      0.12791608570098878,
      0.12791608523845674,
      0.12791608583927155,
      0.12791608549356462,
      0.1279160856103897,
      0.12791608605384827,
      0.12791608560323714,
      0.12791608541727065,
      0.1279160854625702,
      0.1279160854101181,
      0.12791608583927155,
      0.12791608561515808,
      0.1279160983800888,
      0.12791608533859253,
      0.12791608532190324,
      0.1279160859298706,
      0.12791608554840087,
      0.12791608535766602,
      0.127916059217453,
      0.12791608521461487,
      0.12791608559608458,
      0.12791608549118041,
      0.12791608576774596,
      0.12791608550548553,
      0.12791608560562134,
      0.12791608574390412,
      0.12791608538627625,
      0.12791608560323714,
      0.12791608541727065,
      0.12791608560085296,
      0.12791608539104463,
      0.12791608550310135,
      0.1279160854625702,
      0.12791608561992646,
      0.12791608556747436,
      0.12791608587265016,
      0.1279160854959488,
      0.1279160851407051,
      0.127916085562706,
      0.12791608542919158,
      0.12791608530521392,
      0.12791608544826508,
      0.12791608548164368,
      0.12791608549118041,
      0.12791608585834502,
      0.1279160850381851,
      0.12791608560085296,
      0.12802354933261872,
      0.12919963047504426,
      0.1291197672843933,
      0.12905673498868941,
      0.12905673518180846,
      0.12905673546075822,
      0.12908792932510377,
      0.1294321499824524,
      0.1293828018951416,
      0.12938283397197722,
      0.13529927260398864,
      0.14670910415172578,
      0.14649857020378113,
      0.14528379350185394,
      0.1449039052772522,
      0.14490354975700379,
      0.14490337279319762,
      0.1449035363817215,
      0.14490252066135406,
      0.1449011179304123,
      0.14465388959407807,
      0.14381631204128265,
      0.14176114472866058,
      0.14186708909988402,
      0.14196757577896119,
      0.14189765176296235,
      0.14179287120342254,
      0.14158232541561128,
      0.14176135710716248,
      0.14160252017498015,
      0.14153015538692473,
      0.14116984953403472,
      0.1401785543489456,
      0.13977439372062683,
      0.13885983565807342,
      0.13838480797290803,
      0.13816643756389618,
      0.1382149210214615,
      0.1380899607229233,
      0.13809568698883057,
      0.1383975415611267,
      0.1384023290681839,
      0.13748930107593538,
      0.13704438317775727,
      0.13524879861354827,
      0.1345161207294464,
      0.13433378915786742,
      0.13431336993694307,
      0.134093323636055,
      0.1338443156528473,
      0.13399164563655852,
      0.1340306812953949,
      0.13402182275772095,
      0.1337476752614975,
      0.13353383788108825,
      0.13326229870796202,
      0.13309553907871247,
      0.13311926474571228,
      0.13308365466594696,
      0.13265200853824616,
      0.131846877617836,
      0.1318453842687607,
      0.13185203053951264,
      0.13184827195167542,
      0.13180934379577636,
      0.1317156518983841,
      0.13160331857681273,
      0.13212137742996216,
      0.13218046186447144,
      0.1321601394367218,
      0.13218255595207215,
      0.13218062759399415,
      0.1321605028772354,
      0.13217663378238678,
      0.1320715590620041,
      0.13204173663139343,
      0.13201256329059602,
      0.1319856649875641,
      0.13193714411258697,
      0.13165299365997316,
      0.13138414805412293,
      0.1313284697198868,
      0.1313740708065033,
      0.13165653819561005,
      0.13168827480316161,
      0.13162510880470277,
      0.13150329177379608,
      0.13144782334804536,
      0.1316942064189911,
      0.13169518043994904,
      0.13160865262031554,
      0.13168189898967744,
      0.13122758900642395,
      0.13114610363483428,
      0.13114906281948088,
      0.13116421891212462,
      0.13120239015579224,
      0.13121512778759004,
      0.13117701286792754,
      0.13120062967300414,
      0.13115481795787812,
      0.13121023847818375,
      0.13121941978693008,
      0.13121884438514708,
      0.13122691343307494,
      0.13120363031864166,
      0.13115009209632875,
      0.13113216381072998,
      0.1311332771039009,
      0.13112231623649598,
      0.1311069550228119,
      0.1311091375732422,
      0.13110186561107637,
      0.13108955812215806,
      0.13109116164207457,
      0.13109173132419585,
      0.1310934268140793,
      0.13109287098884584
    ],
    "eval_losses": [
      0.11251541950702668,
      0.12522833697795868,
      0.12522833697795868,
      0.12522833697795868,
      0.12522833697795868,
      0.12522833697795868,
      0.12522833697795868,
      0.12522833697795868,
      0.12522833697795868,
      0.12522833697795868,
      0.12522833697795868,
      0.12522833697795868,
      0.12522833697795868,
      0.12522833697795868,
      0.12522833697795868,
      0.12522833697795868,
      0.1264308594584465,
      0.126767604804039,
      0.14367348747253417,
      0.14311009018421172,
      0.14005955011844634,
      0.1400823979616165,
      0.13900338790416716,
      0.13716540060043336,
      0.13609117980003357,
      0.13383531994819642,
      0.13362081971168518,
      0.13265328347682953,
      0.13139548482894897,
      0.13158465316295623,
      0.13121241545677184,
      0.13094587321281434,
      0.13074864361286162,
      0.13039408612251283,
      0.13020933067798615,
      0.1302505810022354,
      0.13049682004451751,
      0.1303756998538971,
      0.1303658980846405,
      0.13035078816413878
    ],