{
  "args": {
    "device": "cuda:0",
    "exp_home": "./results",
    "ds_name": "mnist",
    "mode": "denoising",
    "noise_std": 0.25,
    "down_scale": 2.0,
    "model_type": "conventional",
    "latent_dim": 784,
    "hidden_dims": [
      2870,
      2870
    ],
    "wo_Win": true,
    "fix_Win": false,
    "I_Win": false,
    "wo_Wout": true,
    "batch_size": 128,
    "epochs": 30,
    "lr": 0.0001,
    "use_augmentation": false,
    "aug_num": 2,
    "run_id": 4,
    "seed": 42
  },
  "training_logs": {
    "train_losses": [
      0.01949300916582346,
      0.006943934356272221,
      0.005705967495441437,
      0.005218406253606081,
      0.004952003600001335,
      0.004769030516594649,
      0.004664253475517035,
      0.004561725884526968,
      0.004491747957319021,
      0.0044282196332514285,
      0.004359660488963127,
      0.004317972047477961,
      0.004276061718016863,
      0.004240140243619681,
      0.004196018928289413,
      0.004164176091849804,
      0.004133653724640608,
      0.004108681029528379,
      0.004082898049354553,
      0.00404932468816638,
      0.004036616856604815,
      0.004006664480119944,
      0.003987628596574068,
      0.003982947226017714,
      0.003961154319196939,
      0.003939499396532774,
      0.003926151091605425,
      0.003909898377805948,
      0.003909553530365229,
      0.0038972724230587484
    ],
    "eval_losses": [
      0.0046332418359816075,
      0.004243587765842676,
      0.004081157619506121,
      0.004001254295557737,
      0.003921196538954974,
      0.003879965314269066
    ],
    "psnr": [
      23.34301743774414,
      23.72454616088867,
      23.894068798828126,
      23.979795642089844,
      24.067567233276367,
      24.11350258178711
    ],
    "ssim": [
      0.8734478837966919,
      0.9062513229370117,
      0.9197063129425049,
      0.9284549169540405,
      0.9293931432723999,
      0.9322793286323547
    ],
    "best_epoch": 30,
    "best_step": null,
    "best_eval_loss": 0.003879965314269066
  },
  "test_results": {
    "test_loss": 0.003856427761539817,
    "test_psnr": 24.14655779724121,
    "test_ssim": 0.9338158289909363
  }
}