{
  "args": {
    "device": "cuda:2",
    "exp_home": "./results",
    "ds_name": "mnist",
    "mode": "generative_classification",
    "noise_std": 0.25,
    "down_scale": 2.0,
    "model_type": "conventional",
    "latent_dim": 784,
    "hidden_dims": [
      1150
    ],
    "wo_Win": false,
    "fix_Win": false,
    "I_Win": true,
    "batch_size": 128,
    "epochs": 100,
    "lr": 5e-05,
    "use_augmentation": true,
    "aug_num": 2,
    "run_id": 1,
    "seed": 42
  },
  "training_logs": {
    "train_losses": [
      0.0349292405295372,
      0.014363202611804009,
      0.01111037707477808,
      0.009566008359938859,
      0.008474547473490239,
      0.007715086439847947,
      0.0070765291434526445,
      0.006548950477540493,
      0.0060992473696172235,
      0.00571950933277607,
      0.005381476984024048,
      0.005071199523955584,
      0.004803696959018707,
      0.0045669683818519114,
      0.004361851765811444,
      0.004183633586019277,
      0.004003479813933373,
      0.003857425967156887,
      0.003715585821866989,
      0.0035909002909064293,
      0.0034592053538560867,
      0.0033534082024544477,
      0.003252722369581461,
      0.003165257371068001,
      0.0030718895348906517,
      0.002982257580757141,
      0.0029104205913841725,
      0.0028189834316819907,
      0.002760126186311245,
      0.0027109393970668316,
      0.002643835529461503,
      0.0025904010961204766,
      0.0025423134688287974,
      0.002480377818495035,
      0.0024374951982498168,
      0.0023935212206840513,
      0.0023412502597272397,
      0.0023000972402095793,
      0.0022588773034512995,
      0.002229107821807265,
      0.0021953095048666002,
      0.002158553483635187,
      0.0021259522657096387,
      0.0020931171103566884,
      0.0020696334756910803,
      0.0020376131036877634,
      0.002009816904813051,
      0.0019834277261793613,
      0.0019562761261314155,
      0.001937295403033495,
      0.0019083283361792565,
      0.0019041733261197806,
      0.0018645517595857382,
      0.0018412973269447683,
      0.0018235851585119962,
      0.0018116230702400207,
      0.001798110008239746,
      0.0017776969464123249,
      0.001754145168364048,
      0.0017340633120387792,
      0.001718340943455696,
      0.001706681403592229,
      0.0016917352456599474,
      0.0016713255661725999,
      0.0016629990873485803,
      0.0016415999194979668,
      0.001637759119272232,
      0.001622049443796277,
      0.0016073314920812846,
      0.001596655038446188,
      0.0015794024623930454,
      0.0015730576963722705,
      0.0015571666507422923,
      0.0015590064561367034,
      0.0015343389144539833,
      0.0015353221048414708,
      0.0015118045867234468,
      0.0015060692992806435,
      0.0015056172957271336,
      0.0014960520111024379,
      0.0014944302245229483,
      0.0014820424564182758,
      0.0014663325542956592,
      0.0014526635334268212,
      0.0014468764013797046,
      0.0014354689224809409,
      0.0014383222186565398,
      0.001431965888775885,
      0.0014282599922269582,
      0.0014076883053034544,
      0.0014122791220247746,
      0.0014044338549673557,
      0.0013966274382546545,
      0.0013900137962400913,
      0.0013894917814433574,
      0.0013809692223370074,
      0.0013770005257055164,
      0.0013683499316498636,
      0.0013719473415613175,
      0.0013608589092642068
    ],
    "eval_losses": [
      0.008530892325937747,
      0.006595653277635574,
      0.005636485143005848,
      0.005315294256806374,
      0.005114892192929983,
      0.004970950630307198,
      0.004850690810382366,
      0.0048535818979144095,
      0.004714720644056797,
      0.004687621083855629,
      0.00473006991147995,
      0.0046426914930343625,
      0.004675719213485718,
      0.004756104215979576,
      0.0046439417660236355,
      0.004645536467432976,
      0.004689427603781223,
      0.0046298441618680955,
      0.004594039750099182,
      0.004606759236752987
    ],
    "psnr": [
      20.750900186157228,
      21.884192572021483,
      22.585606875610353,
      22.849707360839844,
      23.008314151000977,
      23.1365337310791,
      23.250840295410157,
      23.24717986755371,
      23.378360873413087,
      23.40903688354492,
      23.36965821533203,
      23.455799478149412,
      23.42614651184082,
      23.34737704772949,
      23.45817348327637,
      23.45690111694336,
      23.41156167907715,
      23.46964981689453,
      23.508408489990234,
      23.493454067993163
    ],
    "best_epoch": 95,
    "best_step": null,
    "best_eval_loss": 0.004594039750099182
  },
  "test_results": {
    "test_loss": 0.004515045626275241,
    "test_psnr": 23.965339880371094
  }
}