{
  "args": {
    "device": "cuda:3",
    "exp_home": "./results",
    "ds_name": "mnist",
    "mode": "generative_classification",
    "noise_std": 0.25,
    "down_scale": 2.0,
    "model_type": "conventional",
    "latent_dim": 784,
    "hidden_dims": [
      1150,
      1150,
      1150,
      1150,
      1150,
      1150,
      1150,
      1150,
      1150,
      1150
    ],
    "wo_Win": false,
    "fix_Win": true,
    "I_Win": true,
    "batch_size": 128,
    "epochs": 100,
    "lr": 5e-05,
    "use_augmentation": true,
    "aug_num": 2,
    "run_id": 2,
    "seed": 42
  },
  "training_logs": {
    "train_losses": [
      0.014502447603344917,
      0.003986258626505732,
      0.0028735353714972735,
      0.002274333702418953,
      0.0018734807367250324,
      0.0017024242543242872,
      0.0014639676851592959,
      0.0013035216624289751,
      0.0012618037664610892,
      0.0011296557966712863,
      0.0010311589961126447,
      0.0009215833320096135,
      0.0008728940057940781,
      0.0008270064984448254,
      0.0008041825512051582,
      0.0007341798682138324,
      0.0007144880310632288,
      0.0006438372339960188,
      0.000625608304347843,
      0.0005730005775857717,
      0.000561786281755194,
      0.0005446334250178188,
      0.000536392019269988,
      0.000537624754505232,
      0.0004864208650123328,
      0.00045626398612745106,
      0.0004485332022095099,
      0.00042926253942307085,
      0.00040117083789315076,
      0.00038713873143307863,
      0.00039991649908013643,
      0.0003823157106619328,
      0.0003451258085295558,
      0.0003358654036046937,
      0.000294822834986262,
      0.00031201050034724176,
      0.0003337897616508417,
      0.00027659829564392565,
      0.00026365638670977203,
      0.0002481626597372815,
      0.00031727122826036064,
      0.0002795339769963175,
      0.00022568278074264526,
      0.00020289088578894735,
      0.00021606566936010495,
      0.00025115761924535037,
      0.00020601296519162133,
      0.00021132740372326226,
      0.00017511792702833192,
      0.00021924676142865793,
      0.00019930461950600149,
      0.00015269966413034125,
      0.0001797209898335859,
      0.00016232163962209598,
      0.00017146965128253213,
      0.00014956504679867067,
      0.0001544305426813662,
      0.00015931164775276558,
      0.0001462997592566535,
      0.0001411576083768159,
      0.00013638720013899727,
      0.00012809926178655587,
      0.00012056414621998556,
      0.00013597508718259633,
      0.00010886555469129235,
      0.00011301122076110915,
      0.00011001181836123578,
      8.833980660652742e-05,
      6.724858993547969e-05,
      9.261253813863732e-05,
      0.00011143499957863241,
      7.97621173079824e-05,
      6.469398336950689e-05,
      7.354937074240297e-05,
      8.111126007279382e-05,
      8.751526826177723e-05,
      6.794916909304448e-05,
      7.031064568087458e-05,
      6.082475658738986e-05,
      5.358157213195227e-05,
      4.770049404818565e-05,
      5.170703984331339e-05,
      6.522036190261133e-05,
      5.349877243221272e-05,
      4.712280758889392e-05,
      5.1980080290231854e-05,
      4.6748569989576934e-05,
      4.2862969943671486e-05,
      4.4882574368966744e-05,
      4.55208919942379e-05,
      4.351232051500119e-05,
      3.89345935464371e-05,
      3.766909009544179e-05,
      3.964728006045334e-05,
      3.7856343702878805e-05,
      3.467069683363661e-05,
      3.689062773366459e-05,
      3.541267573600635e-05,
      3.409369355184026e-05,
      3.4811446813400836e-05
    ],
    "eval_losses": [
      0.003863247894216329,
      0.003785653551481664,
      0.004134060009848326,
      0.003408966285537463,
      0.0033693637284683063,
      0.00316692500859499,
      0.003103083140961826,
      0.003260381210129708,
      0.003221312564611435,
      0.002862442021665629,
      0.0032211138646816833,
      0.0029895325762336142,
      0.002919073340835166,
      0.002966075597732561,
      0.0027629233249521347,
      0.002472588879513205,
      0.0027869434209889733,
      0.0027076923084881853,
      0.002537879442187841,
      0.002515802296635229
    ],
    "psnr": [
      24.578965716552734,
      24.58401109008789,
      24.283498266601562,
      25.224039538574218,
      25.35801879272461,
      25.496303488159178,
      25.83734963684082,
      25.385772607421874,
      25.584621588134766,
      26.458852990722658,
      25.75093002319336,
      26.07029698486328,
      26.224638690185547,
      26.24042307128906,
      26.36568215332031,
      26.9729795715332,
      26.360713977050782,
      26.424519854736328,
      26.926671130371094,
      27.026389654541017
    ],
    "best_epoch": 80,
    "best_step": null,
    "best_eval_loss": 0.002472588879513205
  },
  "test_results": {
    "test_loss": 0.002347332837583963,
    "test_psnr": 29.649128442382814
  }
}