{
  "args": {
    "device": "cuda:9",
    "exp_home": "./results",
    "ds_name": "mnist",
    "mode": "generative_classification",
    "noise_std": 0.25,
    "down_scale": 2.0,
    "model_type": "conventional",
    "latent_dim": 784,
    "hidden_dims": [
      1150,
      1150,
      1150,
      1150,
      1150,
      1150
    ],
    "wo_Win": false,
    "fix_Win": true,
    "I_Win": true,
    "batch_size": 128,
    "epochs": 200,
    "lr": 0.0005,
    "use_augmentation": true,
    "aug_num": 4,
    "run_id": 2,
    "seed": 42
  },
  "training_logs": {
    "train_losses": [
      0.01225054258748889,
      0.006230691392198205,
      0.004930305713489651,
      0.004078093053884804,
      0.003555375497601926,
      0.003198051262386143,
      0.002920156025607139,
      0.0025909449245408176,
      0.002406737606097013,
      0.0022214357238821685,
      0.0020466136074624957,
      0.0019570574625208973,
      0.0018079702119901777,
      0.0017358496196568012,
      0.0016018181940913201,
      0.0015683259841240943,
      0.0014560779565386474,
      0.001404149154946208,
      0.0013271645634807647,
      0.001290911133158952,
      0.0012435823712777347,
      0.001241317604444921,
      0.0011409933376312256,
      0.0011117055023368448,
      0.001084185483418405,
      0.001037084466125816,
      0.0010285638850647957,
      0.0009405288732238113,
      0.0009371942117996514,
      0.0009179901448916644,
      0.0008898586110025644,
      0.0008626669849827886,
      0.0008609661427419632,
      0.0008015026403777302,
      0.0008568863826990127,
      0.000800090959444642,
      0.000763417497924529,
      0.000752677816292271,
      0.0007251754703139886,
      0.0007318867179006339,
      0.0007348805871233344,
      0.0006840752662532031,
      0.0006631335233990103,
      0.0006641287520714104,
      0.000663386348169297,
      0.000637923251525499,
      0.0006099979814980179,
      0.0005971067969780415,
      0.000634947683387436,
      0.0005995113133220002,
      0.0005637886552326381,
      0.0005708975476864726,
      0.0005554800898488611,
      0.0005489968411391601,
      0.0005458615072490647,
      0.0005404502323316411,
      0.0005417876644618809,
      0.0005137082403618842,
      0.000508808560790494,
      0.00048112480722833424,
      0.00047982411955483257,
      0.0004700462252413854,
      0.000484425331116654,
      0.0004426833474356681,
      0.0004535668268008158,
      0.0004510942534962669,
      0.00042208122436422857,
      0.0004367022382793948,
      0.00040099258746486156,
      0.00041620780263561756,
      0.0004113622802309692,
      0.0004082402828941122,
      0.00039431115840096026,
      0.00038766171272378415,
      0.00038696957958396527,
      0.00036634773154277356,
      0.0003637920856080018,
      0.0003917849528137594,
      0.00034193754424108195,
      0.000367395909728948,
      0.00032328058476094155,
      0.0003452659085043706,
      0.00031597026638220996,
      0.0003212587918317877,
      0.0003288019912829623,
      0.00031476193122100085,
      0.0003130831399722956,
      0.00029181588725419715,
      0.0002992454074975103,
      0.0002868926091468893,
      0.00027626886771991847,
      0.00027738563559483734,
      0.00028546480532269924,
      0.0002766036213049665,
      0.00026400925309630113,
      0.0002682500051916577,
      0.00024259597917320206,
      0.00026178116279421376,
      0.0002340788297681138,
      0.0002324863805389032,
      0.0002405950947268866,
      0.0002025529623683542,
      0.00023027904730057343,
      0.00022653997374931352,
      0.00021321735235862435,
      0.00021424708092585205,
      0.00018935267654946074,
      0.0002026288341358304,
      0.00018622046776581555,
      0.0001816908631892875,
      0.00018734268892556428,
      0.00020103088276693598,
      0.00016819789673667401,
      0.00017064057699171827,
      0.00018785434795892797,
      0.00017417326358146965,
      0.00015226746407919563,
      0.00017009124918025917,
      0.0001541739143547602,
      0.00015300131786731073,
      0.00013069525404367597,
      0.00014261866013868713,
      0.0001359380993328523,
      0.00016243883071932942,
      0.00013168022300582378,
      0.00010443724087090231,
      0.0001518308517243713,
      0.00014096160125453026,
      0.00010989431190886534,
      0.0001226771028235089,
      0.00012188926583039574,
      9.691126728663221e-05,
      0.00011768200188525953,
      0.000114725139568327,
      0.00010055164382094517,
      0.00010253017668263056,
      0.00010847743173013442,
      9.18315401073778e-05,
      0.0001054338565771468,
      7.785900859744288e-05,
      8.170898443087935e-05,
      8.67703578597866e-05,
      8.475381838914472e-05,
      8.976417654543184e-05,
      8.172463746217544e-05,
      8.147268011409324e-05,
      7.341496591921896e-05,
      7.526919610740152e-05,
      6.199911062605679e-05,
      7.359343920368701e-05,
      7.35373887559399e-05,
      7.50747993029654e-05,
      5.355274705099873e-05,
      5.819814861286432e-05,
      5.893135047983378e-05,
      5.7421452137059534e-05,
      5.7267044436885045e-05,
      4.0990661118121354e-05,
      4.760400914470665e-05,
      4.7364963185682426e-05,
      4.397597575443797e-05,
      4.881223272415809e-05,
      4.079690682061482e-05,
      3.653475516184699e-05,
      3.0259819986240474e-05,
      4.366359417588683e-05,
      3.1262292603205425e-05,
      3.491802857024595e-05,
      3.1006777533330026e-05,
      2.897935905813938e-05,
      3.227071730565513e-05,
      2.5619751369813457e-05,
      2.6276193379599135e-05,
      2.636117559595732e-05,
      2.324389273650013e-05,
      2.591575255675707e-05,
      2.206045510189142e-05,
      2.0382668378588277e-05,
      1.961483055667486e-05,
      1.5322941434278618e-05,
      1.6564588355540763e-05,
      1.6112427998159545e-05,
      1.5960763298498934e-05,
      1.3971927620295901e-05,
      1.3100157816079446e-05,
      1.2152683533786331e-05,
      1.4397224433196243e-05,
      1.0533328262245049e-05,
      1.0241710020491155e-05,
      1.0212516573956237e-05,
      8.049192326288903e-06,
      9.488197942700936e-06,
      8.325365997879999e-06,
      8.445843026129297e-06,
      8.206198276602664e-06,
      6.417425774998264e-06,
      6.121350255270954e-06,
      5.847876101615839e-06,
      4.8997609173238746e-06,
      4.859090875979746e-06
    ],
    "eval_losses": [
      0.004934116655122489,
      0.004391464125737548,
      0.003975759655749425,
      0.004020007334277034,
      0.00393732167002745,
      0.0037968958255834876,
      0.003834773828019388,
      0.003582586449384689,
      0.003891047011502087,
      0.004136741809174419,
      0.004115767348976806,
      0.003703133684024215,
      0.0037710929933353326,
      0.003781984500796534,
      0.004075343983434141,
      0.004000429977383465,
      0.003496706114336848,
      0.003823145914124325,
      0.003349683036201168,
      0.003637037733453326,
      0.0032684037344297393,
      0.0031304061685921624,
      0.0037956896749790758,
      0.0034762404427397995,
      0.0031830269878322724,
      0.0032228451427130495,
      0.0032981416667811573,
      0.0035771157401381063,
      0.003527354692015797,
      0.0035517713643668687,
      0.003463485122169368,
      0.0030185679782996884,
      0.0034852890102905804,
      0.0029209954548132374,
      0.003051359638683789,
      0.003156348667477141,
      0.0031065001420873158,
      0.002769371404078993,
      0.0028021833394872376,
      0.002892781455832301
    ],