{
  "args": {
    "device": "cuda:3",
    "exp_home": "./results",
    "ds_name": "mnist",
    "mode": "generative_classification",
    "noise_std": 0.25,
    "down_scale": 2.0,
    "model_type": "conventional",
    "latent_dim": 784,
    "hidden_dims": [
      1150,
      1150,
      1150,
      1150
    ],
    "wo_Win": true,
    "fix_Win": false,
    "I_Win": false,
    "batch_size": 128,
    "epochs": 200,
    "lr": 0.0001,
    "use_augmentation": true,
    "aug_num": 2,
    "run_id": 5,
    "seed": 42
  },
  "training_logs": {
    "train_losses": [
      0.014615270013511181,
      0.004177380214929581,
      0.002944521568082273,
      0.002329562537409365,
      0.002031213410384953,
      0.0016929150234162808,
      0.0015391064107604325,
      0.0013867447548545897,
      0.001263985736761242,
      0.001136763625089079,
      0.001060289265345782,
      0.0009696586141549051,
      0.0009354386399127543,
      0.0008516793136578053,
      0.000769978331271559,
      0.0007646748702600598,
      0.0007687541319429874,
      0.0006573250638041645,
      0.000666734841382131,
      0.0006468687189789488,
      0.0005793949353136123,
      0.0005635670256428421,
      0.0005438424867577851,
      0.000564787952459883,
      0.0004572233919193968,
      0.0004468983683362603,
      0.0004937092505861074,
      0.00046081115300767125,
      0.0004231134151527658,
      0.0004076882184576243,
      0.0003964060908742249,
      0.00045595281830290333,
      0.00040446962860412895,
      0.00033785990205127746,
      0.0003492489532614127,
      0.00035919828072190283,
      0.00034095869107171893,
      0.0003451037540007383,
      0.0003236411772063002,
      0.00029502030443400145,
      0.00032163313610944895,
      0.00029558429460506885,
      0.00029364588711410763,
      0.0002800380472117104,
      0.00026210101280827076,
      0.0002634532981505618,
      0.000267288917247206,
      0.00025481264002621176,
      0.0002654291744553484,
      0.00023317969171795993,
      0.00024258921309839934,
      0.00019499946233583615,
      0.0002101555416197516,
      0.00024224463831167667,
      0.00023697923217434435,
      0.00021437787129776552,
      0.00019376566679915413,
      0.00021656393461395054,
      0.00020302665622439235,
      0.00017567404406378047,
      0.00020975109251448885,
      0.00019133692217292264,
      0.00020619410500861705,
      0.00013568437326466664,
      0.0001602307877514977,
      0.00017994848319329322,
      0.0001620340434042737,
      0.0001940115960210096,
      0.00015160547553561628,
      0.00012977409306215123,
      0.00014103088052826933,
      0.0001485245627432596,
      0.00016471407355275004,
      0.00015021199382841586,
      0.00014510285312542692,
      0.000159315680754371,
      0.0001415627339319326,
      0.0001302674426045269,
      0.00014588811577763409,
      0.00012405469527235254,
      0.0001357439023582265,
      0.00013726816152804532,
      0.00010899811035138554,
      0.0001167164935846813,
      0.00012863036000402645,
      0.00011394667013781145,
      8.877552314312198e-05,
      9.2738700308837e-05,
      0.00011243036288884469,
      8.652902033412829e-05,
      0.00011685284059029073,
      9.642062274855562e-05,
      0.00010039911707746796,
      9.534151018597186e-05,
      0.0001072136989061255,
      0.00010157482407288626,
      9.945288561168126e-05,
      8.509071328095161e-05,
      8.01335355406627e-05,
      9.682710517081432e-05,
      8.955440058722161e-05,
      9.251926205703058e-05,
      6.339111007633619e-05,
      7.519475695269649e-05,
      9.590032145031728e-05,
      8.249835439841263e-05,
      6.751445840345696e-05,
      6.403000509366393e-05,
      8.46328481985256e-05,
      5.3159773957449945e-05,
      7.697060949751176e-05,
      5.3068090479355305e-05,
      4.981899442034773e-05,
      5.750359504949301e-05,
      4.709095558559057e-05,
      6.459269921178929e-05,
      6.098417824599892e-05,
      6.237285505747423e-05,
      7.311486851074733e-05,
      5.6660284223034976e-05,
      5.0620134584605694e-05,
      3.7556924640084616e-05,
      4.5790984438499435e-05,
      5.813083276269026e-05,
      4.5425964324967934e-05,
      4.6818181797862054e-05,
      4.9744761431356894e-05,
      4.7994929279084315e-05,
      4.179742040461861e-05,
      3.688795970287174e-05,
      3.311185291095171e-05,
      4.7008288900833575e-05,
      3.556029426923487e-05,
      3.697625518660061e-05,
      3.266575018118601e-05,
      4.3015504197683185e-05,
      3.439926858234685e-05,
      3.134861393249594e-05,
      5.404797517461702e-05,
      4.143316405505175e-05,
      4.531834239838645e-05,
      3.163230387261137e-05,
      3.2641764279396736e-05,
      2.4330003072391265e-05,
      2.9835159116773866e-05,
      3.2125261122128e-05,
      3.204752913443372e-05,
      3.24236963794101e-05,
      2.578289679833688e-05,
      2.3617761178174986e-05,
      1.9645323237637058e-05,
      2.574726385937538e-05,
      3.419665363180684e-05,
      2.2787418296502437e-05,
      2.4896160560892896e-05,
      2.906365890870802e-05,
      1.8126546140410936e-05,
      2.0526012082991657e-05,
      2.7398846170399338e-05,
      1.9993853311752902e-05,
      2.2361827660351992e-05,
      2.1770951701328157e-05,
      2.6181986598239746e-05,
      2.0299728232203052e-05,
      1.7790244575589894e-05,
      2.0625156679889186e-05,
      1.4495598340872675e-05,
      1.8268219880992546e-05,
      1.6975400855008047e-05,
      1.727630039822543e-05,
      1.1101746309432201e-05,
      1.1086508766748012e-05,
      1.4500412025809055e-05,
      1.108517556451261e-05,
      1.4021641702274791e-05,
      1.1740129955578595e-05,
      1.3499608075071592e-05,
      1.2742685778939631e-05,
      1.0830572037375531e-05,
      9.857990698656067e-06,
      8.344938947702758e-06,
      9.877718032512348e-06,
      7.687803031294607e-06,
      8.723499036277645e-06,
      6.991486755432561e-06,
      1.162194818694843e-05,
      7.597993246745318e-06,
      8.19715510791866e-06,
      8.314722116047051e-06,
      7.912833082664292e-06,
      7.983640913007548e-06,
      6.9276257339515725e-06,
      7.472680650826078e-06,
      6.500618731370196e-06,
      6.032212814025115e-06,
      7.000676673778799e-06,
      5.755215869576205e-06,
      5.8321142723434606e-06,
      5.974051512021106e-06,
      5.8117163379210976e-06
    ],
    "eval_losses": [
      0.003970620079338551,
      0.0037726389419287442,
      0.003719434179365635,
      0.0038955588072538375,
      0.0035799245171248915,
      0.0032965264990460126,
      0.003587006714940071,
      0.0029456409772858024,
      0.00334342224933207,
      0.00296228057872504,
      0.0031328184855519796,
      0.0031220787178725005,
      0.003006208958872594,
      0.002948315259278752,
      0.0031285704133391847,
      0.0035368767614330863,
      0.002900732921436429,
      0.0029720504187047483,
      0.0030924843251705168,
      0.002717867135815322,
      0.002899815432168543,
      0.0028333401110663546,
      0.0027202719463268296,
      0.0026375869984156452,
      0.0027211159404629142,
      0.0024699207564721293,
      0.00264641150260577,
      0.0028418571795118626,
      0.0025552091362769716,
      0.0026701335531906806,
      0.0024500356812284735,
      0.0026637335598497886,
      0.002888583368586842,
      0.0025302299740600576,
      0.002351036024136556,
      0.002454772881152894,
      0.0025189082770346433,
      0.0024784617130106197,
      0.002593973541268133,
      0.0027977673438726925
    ],