{
  "args": {
    "device": "cuda:9",
    "exp_home": "./results",
    "ds_name": "mnist",
    "mode": "generative_classification",
    "noise_std": 0.25,
    "down_scale": 2.0,
    "model_type": "conventional",
    "latent_dim": 784,
    "hidden_dims": [
      785,
      785,
      785,
      785,
      785,
      785
    ],
    "wo_Win": true,
    "fix_Win": false,
    "I_Win": false,
    "wo_Wout": true,
    "batch_size": 128,
    "epochs": 50,
    "lr": 0.005,
    "use_augmentation": false,
    "aug_num": 2,
    "run_id": 2,
    "seed": 42
  },
  "training_logs": {
    "train_losses": [
      0.022540606197714804,
      0.016308015370368956,
      0.014993478624820708,
      0.014805864255726338,
      0.014600503305792809,
      0.013892907089889049,
      0.013775105918943882,
      0.014036558737158776,
      0.013283118242919445,
      0.013234958919882774,
      0.013310982545614242,
      0.013698741198778152,
      0.013554857206344605,
      0.01255781834512949,
      0.012515563524663448,
      0.01264189155369997,
      0.01216403097718954,
      0.012016244547963142,
      0.01159547291457653,
      0.011758789558410645,
      0.011872340421378613,
      0.011692419700324535,
      0.011504378395676612,
      0.011511626271605492,
      0.01144974253296852,
      0.011185116974413396,
      0.011055194613337517,
      0.011083686006963253,
      0.010972900712788105,
      0.011080149074792862,
      0.01066113822221756,
      0.010844838674366475,
      0.010516104028522969,
      0.010371284753084183,
      0.010324650647640229,
      0.010207944253087044,
      0.010209636695981026,
      0.010127670731842517,
      0.010022794370055198,
      0.010133301603496075,
      0.009911663021743298,
      0.009818662241101265,
      0.009792815736532212,
      0.009707009165287018,
      0.009639012125134468,
      0.009610993504822253,
      0.009577756856679916,
      0.009504345055520535,
      0.009495241234004498,
      0.0094601081225276
    ],
    "eval_losses": [
      0.015940553262829782,
      0.015089640575647354,
      0.015122268149256705,
      0.013931433162093162,
      0.01410306223332882,
      0.013627524790167808,
      0.013130625802278518,
      0.013054947650432587,
      0.012827731668949127,
      0.01263311951160431
    ],
    "psnr": [
      18.025532135009765,
      18.25243922729492,
      18.246795223999023,
      18.604752297973633,
      18.543674801635742,
      18.713130236816408,
      18.865721334838867,
      18.896956063842772,
      18.96851407470703,
      19.034334967041016
    ],
    "ssim": [
      0.9027916023254394,
      0.9054115051269531,
      0.90811552734375,
      0.9155928037643433,
      0.9136938675880432,
      0.9175203338623047,
      0.9202890438079834,
      0.9207877128601074,
      0.9217191387176513,
      0.9227282477378845
    ],
    "best_epoch": 50,
    "best_step": null,
    "best_eval_loss": 0.01263311951160431
  },
  "test_results": {
    "test_loss": 0.012577527844905853,
    "test_psnr": 19.11445409851074,
    "test_ssim": 0.9231567635536194
  }
}