{
  "args": {
    "device": "cuda:4",
    "exp_home": "./results",
    "ds_name": "imagenet32",
    "mode": "denoising",
    "noise_std": 0.25,
    "down_scale": 2.0,
    "model_type": "hourglass",
    "latent_dim": 3700,
    "hidden_dims": [
      270,
      270,
      270,
      270,
      270
    ],
    "wo_Win": false,
    "fix_Win": false,
    "I_Win": false,
    "batch_size": 512,
    "epochs": 2,
    "lr": 0.0003,
    "use_augmentation": true,
    "aug_num": 4,
    "run_id": 1,
    "seed": 42
  },
  "training_logs": {
    "train_losses": [
      0.013231453754007817,
      0.008828825306147337,
      0.008090046276338398,
      0.007779998396523297,
      0.007612197048030794,
      0.007483797608874738,
      0.007379760928452015,
      0.007321667451411486,
      0.007240243358537555,
      0.00719216700643301,
      0.0071530937701463695,
      0.0071134919691830875,
      0.007067094957455992,
      0.007034296469762921,
      0.006996236082166434,
      0.006957503471523524,
      0.0069255477031692865,
      0.006878470512107015,
      0.006869210921227932,
      0.006837620695121586,
      0.0068068444728851315,
      0.006767926132306456,
      0.006755781934596598,
      0.006716175598092377,
      0.006683387126773596,
      0.00666039630305022,
      0.006621243725530804,
      0.006597775952890515,
      0.006564138590358198,
      0.006538383718580007,
      0.006510240611620247,
      0.006491944162175059,
      0.006467323149554432,
      0.006442012932151556,
      0.006418617486022413,
      0.006392620503902435,
      0.0063669892586767675,
      0.006344523225910961,
      0.006325952801853418,
      0.006309243965893984
    ],
    "eval_losses": [
      0.007734335421621799,
      0.007312280735969543,
      0.006973813424259424,
      0.006815565835237503,
      0.0068013952276110646,
      0.00653958964690566,
      0.006393517459779978,
      0.006278926244229079
    ],
    "psnr": [
      21.11777308227539,
      21.36133935913086,
      21.567176763916017,
      21.666845029296876,
      21.675931688842773,
      21.846440852661132,
      21.944465158081055,
      22.023030294189454
    ],
    "best_epoch": null,
    "best_step": 20000,
    "best_eval_loss": 0.006278926244229079
  },
  "test_results": {
    "test_loss": 0.006267613993436098,
    "test_psnr": 22.031347286987305
  }
}