{
  "args": {
    "device": "cuda:3",
    "exp_home": "./results",
    "ds_name": "mnist",
    "mode": "generative_classification",
    "noise_std": 0.25,
    "down_scale": 2.0,
    "model_type": "conventional",
    "latent_dim": 784,
    "hidden_dims": [
      1150,
      1150,
      1150,
      1150,
      1150,
      1150,
      1150,
      1150,
      1150,
      1150
    ],
    "wo_Win": false,
    "fix_Win": false,
    "I_Win": false,
    "batch_size": 128,
    "epochs": 100,
    "lr": 0.0005,
    "use_augmentation": true,
    "aug_num": 2,
    "run_id": 2,
    "seed": 42
  },
  "training_logs": {
    "train_losses": [
      0.01227453865379095,
      0.006192071528583765,
      0.005688953900635243,
      0.0044960091163218025,
      0.004072648444473743,
      0.0037265214544534683,
      0.0036609290459752083,
      0.003324420006908476,
      0.003012550346106291,
      0.0037595637669414284,
      0.002707138750702143,
      0.0024901984601467847,
      0.0023948188454657794,
      0.0026349721825495364,
      0.002289267271459103,
      0.0020233796382695436,
      0.0019515607406944036,
      0.001871660524122417,
      0.001912990197762847,
      0.001926243832372129,
      0.0015774174129404128,
      0.001520833539031446,
      0.0015124453556910158,
      0.001421352652721107,
      0.0016824142410606145,
      0.0014489229652658105,
      0.0012418415294773878,
      0.0012164193216711284,
      0.0012038357547298074,
      0.0014256240792945027,
      0.0011893465524353086,
      0.0010627075487188995,
      0.00119043527206406,
      0.0010486112523078919,
      0.0010039480194076896,
      0.0009386561961472035,
      0.0008800593226216734,
      0.0009407926505617798,
      0.0009090526445582509,
      0.0007786551948823035,
      0.0007475179087743163,
      0.0009334205282852053,
      0.0007352171761356294,
      0.0006603899241890758,
      0.0006674769153725355,
      0.000699773840084672,
      0.0006480937236826867,
      0.0006287017232645303,
      0.0005738406648300588,
      0.0005869264400284737,
      0.000550864434717223,
      0.0005496678490657359,
      0.0004908529378660024,
      0.0006523327462561429,
      0.00048054887300357223,
      0.0004829530567396432,
      0.000511776622524485,
      0.0004148230030573905,
      0.00041316363874822855,
      0.0003737776871304959,
      0.0003827651493716985,
      0.0003871871991455555,
      0.0005022302131447941,
      0.000396914147650823,
      0.00031843117711134256,
      0.0003080327098350972,
      0.0003154018945340067,
      0.00028913168285042045,
      0.00027322946676053105,
      0.00031182356382720175,
      0.0002588768516015261,
      0.0002517582593951374,
      0.0002321984287444502,
      0.00027288446634076536,
      0.00024308519839309157,
      0.0001962376211816445,
      0.00017134493769612163,
      0.0002008858584612608,
      0.00019558581766672433,
      0.00016666031789965927,
      0.0001991989402472973,
      0.0001643437252752483,
      0.00017464033748954534,
      0.00022584372212179006,
      0.00016644924398045988,
      0.0001283328032772988,
      0.0001376342536509037,
      0.00019173431345261634,
      0.00011563171243760735,
      0.00011742243732791394,
      0.00010536239052191377,
      0.00010350298793055117,
      0.00010309194539673626,
      9.874628867488355e-05,
      9.159082728438079e-05,
      8.925529696978628e-05,
      9.00660638557747e-05,
      8.34548608539626e-05,
      8.109590855427086e-05,
      7.854932827409357e-05
    ],
    "eval_losses": [
      0.003940185167826712,
      0.003264193831384182,
      0.0032402905402705074,
      0.002769442555308342,
      0.0027641911320388317,
      0.002782794615626335,
      0.0023636430920101702,
      0.002166851828433573,
      0.002294600168801844,
      0.0022023970149457456,
      0.00206390412079636,
      0.002088069862301927,
      0.0021611754329467657,
      0.002039346505445428,
      0.0018318014902528375,
      0.001810873998850002,
      0.0018796439486439339,
      0.0017347050412616226,
      0.0017363104937452591,
      0.0016527101076673717
    ],
    "psnr": [
      24.3989675201416,
      25.23445415649414,
      25.17747253417969,
      26.067330194091795,
      26.059395666503907,
      25.990630087280273,
      27.0952719543457,
      27.672933618164063,
      27.249220153808594,
      27.393648950195313,
      27.86777336425781,
      28.403606884765626,
      27.824053521728516,
      27.81024890136719,
      28.67533359375,
      29.28425219116211,
      29.178208862304686,
      29.83863837890625,
      29.680953619384766,
      30.286705267333986
    ],
    "best_epoch": 100,
    "best_step": null,
    "best_eval_loss": 0.0016527101076673717
  },
  "test_results": {
    "test_loss": 0.0018702089411497581,
    "test_psnr": 32.81025982666016
  }
}