{
  "args": {
    "device": "cuda:1",
    "exp_home": "./results",
    "ds_name": "mnist",
    "mode": "generative_classification",
    "noise_std": 0.25,
    "down_scale": 2.0,
    "model_type": "conventional",
    "latent_dim": 784,
    "hidden_dims": [
      1150,
      1150,
      1150,
      1150,
      1150,
      1150
    ],
    "wo_Win": false,
    "fix_Win": false,
    "I_Win": false,
    "batch_size": 128,
    "epochs": 200,
    "lr": 5e-05,
    "use_augmentation": true,
    "aug_num": 2,
    "run_id": 3,
    "seed": 42
  },
  "training_logs": {
    "train_losses": [
      0.015509089964032174,
      0.003801027026269585,
      0.002742496363967657,
      0.002206324848122895,
      0.00183283515131101,
      0.0015860684254020453,
      0.0014352739811781794,
      0.001290011040167883,
      0.001181786945844069,
      0.001076389629645273,
      0.0010105094581004232,
      0.0009384920888766647,
      0.0008866395175084472,
      0.0008478304283320903,
      0.0008263249918026849,
      0.0008110196360386909,
      0.0007323524099867791,
      0.0006769010386709124,
      0.0006587313223816454,
      0.0007202957181353122,
      0.0006047764365375042,
      0.0006441062561888248,
      0.0005338180454308167,
      0.0005763255913555622,
      0.0005562046244181692,
      0.0005142113582720048,
      0.0005189816999295726,
      0.0004675058543798514,
      0.0004719154147268273,
      0.000493702431707643,
      0.00044802945849951355,
      0.0004649578122841194,
      0.00043685532038100064,
      0.00040085235928185285,
      0.00042035214027389886,
      0.00038687704640906305,
      0.00038382959929760544,
      0.00035462723391363395,
      0.00037052579960320143,
      0.00035527202556608246,
      0.0003012559160031378,
      0.0003506481768982485,
      0.00039150991048896684,
      0.0003169559838064015,
      0.00028760611147619783,
      0.00033970613605808467,
      0.0002942888281634077,
      0.00030623128979001194,
      0.00029069262995384636,
      0.00031574785616248846,
      0.0003073364886152558,
      0.0002379523734259419,
      0.00028036780514288694,
      0.00024854726678924635,
      0.00020699409910943358,
      0.0002663732651132159,
      0.00024425344325834886,
      0.0002448062458843924,
      0.0002514114363002591,
      0.000191413783445023,
      0.00023648324272362514,
      0.00022030115916626527,
      0.00028693947501014916,
      0.00018395682280650363,
      0.00020595063769025728,
      0.00021132212707889266,
      0.00016059651515213774,
      0.00020716326818335802,
      0.0002016264918341767,
      0.00016960023472551258,
      0.00019422557912999764,
      0.00016757834632648156,
      0.00017220197349088266,
      0.0001803209211374633,
      0.00014432978957425803,
      0.0001785755203955341,
      0.0001632557428861037,
      0.0001549359725380782,
      0.00015222856225213037,
      0.00013625558320200072,
      0.00015977717482484877,
      0.0001635051177209243,
      0.00016086648922297172,
      0.00014159332185750828,
      0.00013970104062813334,
      0.00013913104431703688,
      0.0001335411655344069,
      0.00013181269858265297,
      0.00011076205471588764,
      0.00012673270446772223,
      0.0001509462299477309,
      0.00011587623553117737,
      0.00013684717894531787,
      0.0001377847099187784,
      9.910077412612736e-05,
      0.00012064082167576998,
      8.308684875373728e-05,
      0.0001206763373420108,
      0.00013548582355841062,
      0.00010083807333488948,
      5.540907381335273e-05,
      0.00013175287069287152,
      0.00011116943705594167,
      9.309587754542008e-05,
      0.0001128848211595323,
      8.51936993910931e-05,
      9.182201733230613e-05,
      0.00010291396468994207,
      8.715127945295534e-05,
      7.81652980914805e-05,
      8.160959288477898e-05,
      7.061747271567583e-05,
      0.00011335065318620764,
      0.00010922205306473188,
      7.117379960487597e-05,
      7.330875417916104e-05,
      7.217517042998224e-05,
      6.022364920761902e-05,
      7.647161868517287e-05,
      7.757980621303432e-05,
      6.389728059992195e-05,
      6.796696349338163e-05,
      7.593957354547456e-05,
      7.510985651751981e-05,
      7.694528634892777e-05,
      6.309312105062418e-05,
      6.307289960386697e-05,
      7.216076348617207e-05,
      5.7081389000522906e-05,
      4.804724632063881e-05,
      5.9629836092935874e-05,
      7.557935545104555e-05,
      4.504676132462919e-05,
      4.51349865377415e-05,
      4.76164109329693e-05,
      5.8894167385296896e-05,
      5.856725733377971e-05,
      5.08232420112472e-05,
      5.079858705576043e-05,
      4.7679759176098744e-05,
      3.6808775795216205e-05,
      3.544111993862316e-05,
      3.337498306413181e-05,
      5.457730984140653e-05,
      3.63195648038527e-05,
      3.98470627219649e-05,
      3.430100683646742e-05,
      4.7061712804134005e-05,
      4.5077561810612675e-05,
      3.8650815695291386e-05,
      3.294415204669349e-05,
      3.8680545040988365e-05,
      2.3047308444802185e-05,
      2.7703506968391592e-05,
      2.4141528282198123e-05,
      2.0313944267691115e-05,
      2.175564424309414e-05,
      4.797092198044993e-05,
      3.5504759376635775e-05,
      3.520968560653273e-05,
      2.65578475347138e-05,
      2.423330583056668e-05,
      2.1168339517316782e-05,
      2.996525624708738e-05,
      2.3478271946660243e-05,
      2.9203074321267193e-05,
      2.2918378420290536e-05,
      2.101817869406659e-05,
      2.3876574871246702e-05,
      2.1962079725344664e-05,
      2.3462481449823825e-05,
      2.006004511145875e-05,
      2.136256281170063e-05,
      1.763049418106675e-05,
      1.6522600123134907e-05,
      1.714673616050277e-05,
      1.8643016214482486e-05,
      1.6748361749923788e-05,
      1.7727080234326424e-05,
      1.626589918974787e-05,
      1.539478597114794e-05,
      1.5263353792834096e-05,
      1.6152789129700977e-05,
      1.562825932080159e-05,
      1.5506202697288245e-05,
      1.4666475647245533e-05,
      1.4791919640265405e-05,
      1.4526991077291313e-05,
      1.5692295595363248e-05,
      1.4655777566949836e-05,
      1.4667972300667315e-05,
      1.4276365517580416e-05,
      1.4364824600634165e-05,
      1.3797597491648048e-05,
      1.352103302051546e-05,
      1.4257767498202156e-05,
      1.2998638950521126e-05,
      1.3422952717519365e-05,
      1.3429544142563827e-05,
      1.2593278156127781e-05
    ],
    "eval_losses": [
      0.0028986047200858594,
      0.0024025988809764386,
      0.002455758165055886,
      0.0021823355052853002,
      0.001946098002558574,
      0.0022841630797833202,
      0.0025134726782562213,
      0.002044574758282397,
      0.0020800281120929866,
      0.0023229431389831007,
      0.0022670102689473426,
      0.002055282303318381,
      0.00201613108421443,
      0.0020072218243032693,
      0.0018692706173111218,
      0.0018961969815893098,
      0.002013688775920309,
      0.0019459839266259223,
      0.0017866541104624048,
      0.0018092920250492171,
      0.0019034102478763088,
      0.0018449732033972396,
      0.0018831444112118333,
      0.0020354369355191013,
      0.0019028319635428488,
      0.0018034928241278977,
      0.0017143320891118492,
      0.0018398551962382043,
      0.0017697856668528402,
      0.0017586058856468299,
      0.001537224244819663,
      0.001899615111539606,
      0.0015932899411811377,
      0.0017086082925568916,
      0.0016951338694314473,
      0.0016114373577649531,
      0.0016398190995969345,
      0.0015823328918406333,
      0.0015124896481509495,
      0.0015158633727274718
    ],