{
  "args": {
    "device": "cuda:6",
    "exp_home": "./results",
    "ds_name": "mnist",
    "mode": "denoising",
    "noise_std": 0.25,
    "down_scale": 2.0,
    "model_type": "conventional",
    "latent_dim": 784,
    "hidden_dims": [
      1150,
      1150,
      1150,
      1150,
      1150,
      1150,
      1150,
      1150,
      1150,
      1150,
      1150,
      1150,
      1150,
      1150,
      1150,
      1150,
      1150,
      1150,
      1150,
      1150,
      1150,
      1150,
      1150,
      1150,
      1150
    ],
    "wo_Win": true,
    "fix_Win": false,
    "I_Win": false,
    "batch_size": 128,
    "epochs": 100,
    "lr": 0.0001,
    "use_augmentation": false,
    "aug_num": 2,
    "run_id": 2,
    "seed": 42
  },
  "training_logs": {
    "train_losses": [
      0.019829894930720328,
      0.00883818902105093,
      0.007336258535981178,
      0.006660393805354834,
      0.0062417487984895706,
      0.005932931571453809,
      0.005683233708888292,
      0.005504231054335833,
      0.005357640219926834,
      0.005252292540818453,
      0.005118451984375715,
      0.0050263091853261,
      0.0049511478094756605,
      0.0048849523451924325,
      0.004806102229058743,
      0.0047420694686472415,
      0.004654307228028775,
      0.004620144437253475,
      0.004580526977926493,
      0.004512606583684683,
      0.004460298000574112,
      0.004426101604104042,
      0.004402891199141741,
      0.004358972929269076,
      0.004306291181892157,
      0.004280883115231991,
      0.0042325926068425175,
      0.004202144414186477,
      0.0041713450245559214,
      0.004131918314248324,
      0.0041080999244749545,
      0.004063509839475155,
      0.004046703440397978,
      0.004009334180206061,
      0.004001963059678673,
      0.003949353950172663,
      0.003936179053485394,
      0.003916446589380502,
      0.0038717158044874666,
      0.003866354437470436,
      0.0038370196729898454,
      0.003819617011398077,
      0.0037954410542547705,
      0.0037573752857744695,
      0.0037352285143733024,
      0.0037161854672431945,
      0.0037071740777790546,
      0.00367264318369329,
      0.003665289381891489,
      0.003639291666150093,
      0.0036204458070546387,
      0.0035967688197642567,
      0.0035878482082486152,
      0.0035624349139630794,
      0.0035441214479506014,
      0.0035277431577444077,
      0.0034952607030421497,
      0.00348740603774786,
      0.0034608772261440755,
      0.003457243683040142,
      0.003425864718258381,
      0.003421244514063001,
      0.0033989420530200006,
      0.003382624900713563,
      0.003365104343816638,
      0.003345799294114113,
      0.0033237781985104085,
      0.0033107152266055343,
      0.003299020173847675,
      0.0032853018790483476,
      0.003268846782520413,
      0.0032525921975821255,
      0.003241908182427287,
      0.0032125563740730287,
      0.003204060593098402,
      0.003189828413799405,
      0.0031807024382054807,
      0.003160765585154295,
      0.003151478072181344,
      0.003134516549408436,
      0.003121278432384133,
      0.0031093013393878937,
      0.0030952743919193744,
      0.0030813219087570906,
      0.003073362941220403,
      0.003058776317983866,
      0.0030411116853356363,
      0.0030292715356498956,
      0.003021428064331412,
      0.0030081534910947083,
      0.0029980035394430163,
      0.002978833953216672,
      0.002973637013286352,
      0.0029660388673096896,
      0.002953158605694771,
      0.002942547763809562,
      0.00293298664920032,
      0.0029192852545529605,
      0.0029108331670612097,
      0.002906987465620041
    ],
    "eval_losses": [
      0.0058269262336194515,
      0.005173309192061424,
      0.0049705292999744416,
      0.004707269060611725,
      0.004571969439834356,
      0.0044388156168162825,
      0.0043946135468781,
      0.004292884758859873,
      0.004230996266752481,
      0.004157318563759327,
      0.004134146796166897,
      0.004079838584363461,
      0.004039695988595486,
      0.0040181369438767435,
      0.003982474870979786,
      0.003938893745094538,
      0.003899688405543566,
      0.0038758272476494314,
      0.003849702849239111,
      0.003813388381898403
    ],
    "psnr": [
      22.34804123840332,
      22.865243502807616,
      23.038757250976563,
      23.274078030395508,
      23.400865127563478,
      23.5296451171875,
      23.573535037231444,
      23.675058084106446,
      23.73819929199219,
      23.813860250854493,
      23.83830937194824,
      23.895991207885743,
      23.93901674499512,
      23.962376934814454,
      24.000971731567383,
      24.048666329956056,
      24.092329721069337,
      24.118768688964845,
      24.14867664794922,
      24.18996607055664
    ],
    "ssim": [
      0.9000013933181763,
      0.9135868114471436,
      0.9186150465965272,
      0.9267262195587158,
      0.9326637935638428,
      0.9349998131752014,
      0.9361663867950439,
      0.9388334196090699,
      0.9391064168930053,
      0.9419171907424927,
      0.9429163325309753,
      0.9451532791137696,
      0.9446552884101868,
      0.9458474385261536,
      0.9469477163314819,
      0.9501891679763794,
      0.9492850595474244,
      0.9497636907577515,
      0.951226961517334,
      0.9509203805923462
    ],
    "best_epoch": 100,
    "best_step": null,
    "best_eval_loss": 0.003813388381898403
  },
  "test_results": {
    "test_loss": 0.0038113455291837453,
    "test_psnr": 24.200989199829102,
    "test_ssim": 0.9514242702484131
  }
}