{
  "args": {
    "device": "cuda:1",
    "exp_home": "./results",
    "ds_name": "mnist",
    "mode": "generative_classification",
    "noise_std": 0.25,
    "down_scale": 2.0,
    "model_type": "conventional",
    "latent_dim": 784,
    "hidden_dims": [
      1150,
      1150,
      1150,
      1150,
      1150,
      1150
    ],
    "wo_Win": false,
    "fix_Win": false,
    "I_Win": false,
    "batch_size": 128,
    "epochs": 200,
    "lr": 1e-05,
    "use_augmentation": true,
    "aug_num": 2,
    "run_id": 1,
    "seed": 42
  },
  "training_logs": {
    "train_losses": [
      0.0432812241846323,
      0.007444818589091301,
      0.004789910809546709,
      0.0035422765031270682,
      0.002687428952939808,
      0.0021000545105338097,
      0.001647662897668779,
      0.0013043299912661314,
      0.0010860646884143352,
      0.0009070817450620234,
      0.0007681399040482938,
      0.000639332202039659,
      0.0005853033246099949,
      0.0005231736836582423,
      0.00046805402512662114,
      0.0004098857472464442,
      0.0004302007440291345,
      0.00034969515747390687,
      0.00036161756318993865,
      0.00033332751823589204,
      0.0003265191813744605,
      0.0003209542904584669,
      0.0002734625581,
      0.0002642160783428699,
      0.00028468505047261715,
      0.0002540048787370324,
      0.00026174724488519133,
      0.00022045074501540513,
      0.00021490632215514778,
      0.00019784860000014306,
      0.00020476005238480866,
      0.0002249566927133128,
      0.000192091695247218,
      0.00018813759483862668,
      0.00022278937210794538,
      0.00017638422682415695,
      0.0001906842488143593,
      0.00017791076264809817,
      0.00016598480891436338,
      0.00015657337684184312,
      0.0001811581938015297,
      0.0001797226065956056,
      0.0001450405592378229,
      0.00014540250301128254,
      0.0001277940930146724,
      0.00016982579357456416,
      0.0001349382203212008,
      0.00011536111241672188,
      0.00012281064204405992,
      0.0001513031275011599,
      0.00011733688692096621,
      0.00013547198841348291,
      0.0001342296860180795,
      0.0001185020417580381,
      0.00010790395009797066,
      0.00011718936880584806,
      0.00011993309061508625,
      0.00012585107145365328,
      0.00011426340694539249,
      9.232388930395245e-05,
      8.31049470603466e-05,
      0.0001323071537737269,
      0.00011245234397705645,
      9.852090336848051e-05,
      9.132705331081525e-05,
      9.649710537283681e-05,
      0.00010730078735388815,
      9.571803815895692e-05,
      9.730476355645805e-05,
      8.400270265992731e-05,
      7.781752438284456e-05,
      9.651114049367607e-05,
      8.549325743690133e-05,
      6.796070044860243e-05,
      0.00010639055743813515,
      7.702114762738347e-05,
      9.71160181099549e-05,
      9.307659796904772e-05,
      7.893763609463349e-05,
      6.965956039959564e-05,
      9.782550269039348e-05,
      7.361357013927772e-05,
      6.638752596452832e-05,
      6.906826002057642e-05,
      7.936185253085569e-05,
      7.051164318807423e-05,
      6.343171371379867e-05,
      6.082622570451349e-05,
      7.719168996438384e-05,
      6.808126813266427e-05,
      6.40189478546381e-05,
      6.771875826176256e-05,
      5.931871367618442e-05,
      5.281209941254929e-05,
      6.29875086271204e-05,
      5.4209239680785685e-05,
      7.010188539279624e-05,
      5.952946035424247e-05,
      5.937806564150378e-05,
      5.9147288377862424e-05,
      4.961719729471952e-05,
      5.4153165215393525e-05,
      5.351645549642853e-05,
      6.472414337680675e-05,
      5.191061649471521e-05,
      5.177717986982316e-05,
      5.039048457285389e-05,
      5.754685149295256e-05,
      5.208243896835484e-05,
      3.83102675806731e-05,
      5.020013753557578e-05,
      3.9973927482496944e-05,
      4.655563472537324e-05,
      5.216835226048716e-05,
      4.624721348052844e-05,
      6.364395222626626e-05,
      4.128961435751989e-05,
      4.3437842410057785e-05,
      4.631440743803978e-05,
      4.286349622649141e-05,
      4.285600144648925e-05,
      4.447874029108789e-05,
      3.6868830728926695e-05,
      4.797706642420962e-05,
      3.86476491834037e-05,
      3.242478475440293e-05,
      3.16227310965769e-05,
      2.9067736230790615e-05,
      3.925796285970137e-05,
      3.9957632853183897e-05,
      3.1775639192201196e-05,
      3.377096553565934e-05,
      3.253923163516447e-05,
      2.9127823903691024e-05,
      3.2739826475153675e-05,
      2.8083906511310487e-05,
      3.108644046122208e-05,
      2.8023541314760224e-05,
      3.107354836072773e-05,
      3.1611467460752466e-05,
      3.0121235758415423e-05,
      2.8802626942051574e-05,
      3.561699325451627e-05,
      2.430589208146557e-05,
      3.0171438199467956e-05,
      2.946370535355527e-05,
      2.5580570177407935e-05,
      2.5592643902637066e-05,
      2.5749954647617414e-05,
      2.348643620382063e-05,
      2.9640239741420374e-05,
      2.3702297059353442e-05,
      2.4981950217625125e-05,
      2.4143446970265357e-05,
      2.2235910369781776e-05,
      2.173566871439107e-05,
      2.1700986736686902e-05,
      2.7011441768845544e-05,
      2.3575299497460947e-05,
      2.2924052370362915e-05,
      2.1683982543181628e-05,
      2.4979208222357555e-05,
      2.4697062249761075e-05,
      2.2203774184454233e-05,
      2.0209298257250338e-05,
      2.1373673137277364e-05,
      2.1270738611929117e-05,
      2.0479630792979152e-05,
      2.0388964668964035e-05,
      1.9321458355989306e-05,
      2.043605143437162e-05,
      1.9246961635071786e-05,
      1.8523630996933207e-05,
      1.967994011938572e-05,
      2.035573871107772e-05,
      1.9842393774306403e-05,
      1.9169711732538417e-05,
      1.823384371586144e-05,
      1.8102920739911496e-05,
      1.83702415402513e-05,
      1.8893797412747517e-05,
      1.95411671733018e-05,
      1.8001524902065284e-05,
      1.8763149711303413e-05,
      1.7931454785866662e-05,
      1.8207807923317888e-05,
      1.7942438456229865e-05,
      1.7967828139662744e-05,
      1.8010052680037916e-05,
      1.7451969512039796e-05,
      1.7656283102114686e-05,
      1.7213147988077253e-05,
      1.7675843206816354e-05,
      1.6671814338769764e-05,
      1.671749802713748e-05,
      1.6222274391911924e-05,
      1.736607969389297e-05,
      1.659509491350036e-05,
      1.6332210309337825e-05,
      1.6257021651836113e-05
    ],
    "eval_losses": [
      0.00359070226252079,
      0.0029626395899802448,
      0.0026902006315998733,
      0.002808544241823256,
      0.002471913960960228,
      0.002486212395783514,
      0.0025787712778896094,
      0.0025280551208998075,
      0.0024694408806215508,
      0.0024668872329872103,
      0.0023545219182153233,
      0.002273621191381244,
      0.0023947488972567953,
      0.0024017756848421414,
      0.0022425279540475456,
      0.00230052905571647,
      0.0023598015754017977,
      0.0022324201323674062,
      0.00236998006181675,
      0.002344680793758016,
      0.0023470967784320236,
      0.0022093997185846093,
      0.002140462214717991,
      0.0022453817520901795,
      0.0022846036893693963,
      0.002275916522499756,
      0.002158748299180297,
      0.002111712576597347,
      0.0020786268508876673,
      0.0020188342724199175,
      0.0019926779834990157,
      0.0021261770108772907,
      0.0021181258753553266,
      0.002014849328465061,
      0.001977201924583642,
      0.0019494819813407958,
      0.0019801921328733442,
      0.001919198750554642,
      0.0018925908204852021,
      0.0019501163917622763
    ],