{
  "args": {
    "device": "cuda:6",
    "exp_home": "./results",
    "ds_name": "mnist",
    "mode": "denoising",
    "noise_std": 0.25,
    "down_scale": 2.0,
    "model_type": "conventional",
    "latent_dim": 784,
    "hidden_dims": [
      1150,
      1150,
      1150,
      1150
    ],
    "wo_Win": false,
    "fix_Win": false,
    "I_Win": true,
    "batch_size": 128,
    "epochs": 100,
    "lr": 0.0005,
    "use_augmentation": false,
    "aug_num": 2,
    "run_id": 2,
    "seed": 42
  },
  "training_logs": {
    "train_losses": [
      0.018873641456365584,
      0.007511369327157736,
      0.006314606145322323,
      0.005899400132894516,
      0.005583396745175123,
      0.005393903896957636,
      0.005258541286736727,
      0.0051162039464712145,
      0.005038591772913933,
      0.004939188838154077,
      0.004868542511314153,
      0.004768672389537096,
      0.004740573377013207,
      0.0047161022210121155,
      0.004643485277146101,
      0.0045838594044744965,
      0.004547037932127714,
      0.004511505785137415,
      0.004471691985428333,
      0.004429677056521177,
      0.004395077595859766,
      0.004372488740384579,
      0.004334486509859562,
      0.00431581936404109,
      0.0042780092994868756,
      0.004260292871445417,
      0.004227712520062923,
      0.004211603257060051,
      0.00417703472033143,
      0.0041573590928316115,
      0.0041336633189022545,
      0.0041095683266222476,
      0.004093196978569031,
      0.004070231759548187,
      0.004052539611235261,
      0.004020139744281769,
      0.004001836740672588,
      0.003982834060490131,
      0.0039587550334632396,
      0.003953326065689326,
      0.003921534145176411,
      0.003912016146332025,
      0.0038975991082191466,
      0.003868304474502802,
      0.0038490639144182206,
      0.0038412527087330816,
      0.003822851590514183,
      0.0037911782053112984,
      0.0037874332243949173,
      0.0037654737128317356,
      0.0037512416262924673,
      0.0037373363341391087,
      0.0037178346253931524,
      0.003701166717708111,
      0.003686184499412775,
      0.003679855876713991,
      0.003650477961227298,
      0.0036394737808406355,
      0.0036166257397085427,
      0.0036096586261689665,
      0.003584873487353325,
      0.003579549412280321,
      0.003565247517004609,
      0.003546953219100833,
      0.003526009225919843,
      0.0035161243074387314,
      0.0034942518838495017,
      0.003483629979416728,
      0.0034651554135233164,
      0.0034563876286894083,
      0.003442073118761182,
      0.003420576755851507,
      0.0034109643645584583,
      0.003383800904303789,
      0.0033744061629474163,
      0.0033575555124133825,
      0.0033494639757275582,
      0.003331782061830163,
      0.003318996914550662,
      0.0033010590443760157,
      0.003289546507000923,
      0.003273132349923253,
      0.0032579182571917773,
      0.0032421220496296884,
      0.003234656611531973,
      0.003221665098592639,
      0.003197125886231661,
      0.0031857793860137463,
      0.0031734350267052652,
      0.003158640681132674,
      0.003143984552398324,
      0.003129308857396245,
      0.003122234107926488,
      0.0031074150098115206,
      0.0030919081872701646,
      0.003076855758279562,
      0.0030700878942012786,
      0.003053143287077546,
      0.003044657383412123,
      0.0030374154461175204
    ],
    "eval_losses": [
      0.005415623328834772,
      0.004933784595131874,
      0.004672818747907877,
      0.004492895171791315,
      0.004362978088855743,
      0.004294467585533857,
      0.004205099239945412,
      0.004119138628989458,
      0.004034185855835676,
      0.003979759230464697,
      0.003926580546796322,
      0.0038698648944497107,
      0.0037919813379645347,
      0.0037563283056020738,
      0.0037148878555744885,
      0.0036592570934444665,
      0.003621792235970497,
      0.003583080230653286,
      0.003553412425518036,
      0.0035098449133336546
    ],
    "psnr": [
      22.66553494262695,
      23.070518618774415,
      23.30633775024414,
      23.47618367614746,
      23.604116708374022,
      23.672774353027343,
      23.764468170166015,
      23.853966522216798,
      23.944450915527344,
      24.002983377075196,
      24.06178592529297,
      24.124792446899413,
      24.21331830749512,
      24.254592932128908,
      24.303080783081054,
      24.368181796264647,
      24.41324086303711,
      24.459515997314455,
      24.495842092895508,
      24.549686068725585
    ],
    "ssim": [
      0.8922345180511475,
      0.9169068405151367,
      0.9245468057632447,
      0.9291059345245362,
      0.9293070858001709,
      0.9323742263793945,
      0.9377828822135925,
      0.9407314703941345,
      0.9406137357711792,
      0.9423776232719422,
      0.9454740381240845,
      0.9455731460571289,
      0.9465055452346802,
      0.9496211399078369,
      0.9504922972679138,
      0.9514250099182129,
      0.9521684198379516,
      0.9526662424087524,
      0.9544303411483764,
      0.9539804048538209
    ],
    "best_epoch": 100,
    "best_step": null,
    "best_eval_loss": 0.0035098449133336546
  },
  "test_results": {
    "test_loss": 0.003501935136690736,
    "test_psnr": 24.566320849609376,
    "test_ssim": 0.954861013507843
  }
}