{
  "args": {
    "device": "cuda:9",
    "exp_home": "./results",
    "ds_name": "mnist",
    "mode": "generative_classification",
    "noise_std": 0.25,
    "down_scale": 2.0,
    "model_type": "conventional",
    "latent_dim": 784,
    "hidden_dims": [
      1150,
      1150
    ],
    "wo_Win": true,
    "fix_Win": false,
    "I_Win": false,
    "batch_size": 128,
    "epochs": 200,
    "lr": 5e-05,
    "use_augmentation": true,
    "aug_num": 2,
    "run_id": 2,
    "seed": 42
  },
  "training_logs": {
    "train_losses": [
      0.02851555218666792,
      0.0075923051171004775,
      0.005534258348047733,
      0.004323683892935515,
      0.003550996293723583,
      0.003013309082463384,
      0.002608185222893953,
      0.002248431760370731,
      0.0019778619213402272,
      0.001769261772558093,
      0.0016055909406021238,
      0.0014281221468001603,
      0.0012643396473675966,
      0.0011956488950923085,
      0.001057641616165638,
      0.0009649098769575358,
      0.0009124644843861461,
      0.0008287291666306555,
      0.0007887694846093655,
      0.0007111315228790045,
      0.0006780903104599566,
      0.0006485297168791294,
      0.0005995608128979802,
      0.0005716717029176652,
      0.0005066648378223181,
      0.0005111836907733232,
      0.0005111424443405121,
      0.0004642794450558722,
      0.00044161932334303857,
      0.0004254837263002992,
      0.0004072380436770618,
      0.00037772061211988327,
      0.00040250320099294187,
      0.000371997003108263,
      0.000343769643381238,
      0.0003271415128931403,
      0.0003214262087829411,
      0.0002874677799548954,
      0.0002989600333198905,
      0.0002846681607142091,
      0.00029630462560802697,
      0.00027532374256290494,
      0.00025203334134072064,
      0.00024551572175696493,
      0.00028323487115092575,
      0.0002453507788665593,
      0.00021307457908988,
      0.00024454069958999755,
      0.00024139768002554775,
      0.00023326662085019053,
      0.00024207487464882434,
      0.00019388176060281694,
      0.00018566884946078063,
      0.0002035886950045824,
      0.00021614162046462297,
      0.00018601989992428572,
      0.00018107903473079203,
      0.00019039751661475748,
      0.0001725387222506106,
      0.0001823660730710253,
      0.00016474398563615978,
      0.00017188844446092843,
      0.0001625990865705535,
      0.00017443677065428345,
      0.00015031077256426215,
      0.0001429043271765113,
      0.00016270077985478565,
      0.0001545258799334988,
      0.00012219570737332107,
      0.00013734682304784656,
      0.00014694727813825012,
      0.00015389170449227094,
      0.0001282879617670551,
      0.00012985670901834965,
      0.00013519132981076838,
      0.00013354324446991086,
      0.00011682679255958646,
      0.00012554337543901057,
      0.00011904116138350218,
      0.00013425806380808355,
      0.00010064074540510774,
      0.00010167444914579391,
      0.00012807913267053663,
      0.00013283793678507208,
      0.00010340690188109875,
      0.00011811604115180671,
      0.00010069700467865914,
      9.745567382778973e-05,
      0.00010363707532640547,
      0.00010147264058701694,
      0.00010670789558906108,
      9.977793669793755e-05,
      8.549704936798663e-05,
      9.702722921501846e-05,
      9.965375874890015e-05,
      9.020989760523661e-05,
      8.341159763280302e-05,
      8.695870094466954e-05,
      9.929995017591864e-05,
      8.77630874956958e-05,
      7.468764354242012e-05,
      8.035936027299612e-05,
      7.369745064992457e-05,
      9.708243449684233e-05,
      7.773369714152068e-05,
      8.338798724347726e-05,
      6.861637511989102e-05,
      8.238857950083912e-05,
      7.652957902988419e-05,
      7.003761674743145e-05,
      7.427998526953161e-05,
      6.896998015232384e-05,
      6.717721784953028e-05,
      6.940054173581302e-05,
      5.9760288647376004e-05,
      6.508805609773844e-05,
      6.934899743180722e-05,
      6.091150613734499e-05,
      5.9942597155459226e-05,
      6.794996884651482e-05,
      6.436706650769338e-05,
      6.781488925684244e-05,
      6.197562696994283e-05,
      5.4972406760789454e-05,
      6.171874748542904e-05,
      6.183575663249939e-05,
      6.040352879324928e-05,
      6.0614728019572794e-05,
      5.928882775828242e-05,
      5.4908850342035294e-05,
      5.395487776491791e-05,
      5.154457743279636e-05,
      5.059770808788016e-05,
      5.026890459470451e-05,
      5.8788348289672283e-05,
      5.637405169894919e-05,
      5.1324652708135545e-05,
      4.753452703822404e-05,
      4.4985624470282346e-05,
      5.146330776857212e-05,
      4.769860017579049e-05,
      4.873569402145222e-05,
      4.8278958464507015e-05,
      4.41691200947389e-05,
      4.540385883767158e-05,
      4.784842188702896e-05,
      4.232350162696093e-05,
      4.3545225935522465e-05,
      4.462149223079905e-05,
      4.379362539388239e-05,
      4.532535674981773e-05,
      4.279187829000875e-05,
      4.1022904198616745e-05,
      3.8215832249261436e-05,
      4.208230575313792e-05,
      3.916604372439906e-05,
      4.056291456334293e-05,
      3.7904551143292336e-05,
      3.9728359123691915e-05,
      3.845837463159114e-05,
      3.8674270308110865e-05,
      3.93241130898241e-05,
      3.824841811088845e-05,
      3.8198874646332116e-05,
      3.7758471795823424e-05,
      3.752529746619984e-05,
      3.8078032336197796e-05,
      3.698154996847734e-05,
      3.6129676080308856e-05,
      3.556550786830485e-05,
      3.5137242425698784e-05,
      3.4003859364893285e-05,
      3.5639790785498914e-05,
      3.484987549949437e-05,
      3.397301508928649e-05,
      3.200757232727483e-05,
      3.262493233429268e-05,
      3.2840558453463016e-05,
      3.21308620669879e-05,
      3.119945259764791e-05,
      3.225189914694056e-05,
      3.20126053923741e-05,
      3.112888844916597e-05,
      3.194664495298639e-05,
      3.097292985767126e-05,
      3.113421450601891e-05,
      3.044744014972821e-05,
      3.0161257244180887e-05,
      2.9453305536881088e-05,
      2.980858957627788e-05,
      2.9335533077828586e-05,
      2.9070742945186794e-05,
      2.9785538909491153e-05,
      2.9713605165015906e-05,
      2.877117165364325e-05,
      2.847140126861632e-05,
      2.8130944531876595e-05,
      2.8374183534178882e-05,
      2.8484427037183196e-05,
      2.855709335533902e-05
    ],
    "eval_losses": [
      0.00580959447324276,
      0.004929761930555106,
      0.005066662323102355,
      0.004575986006483436,
      0.004436594262719154,
      0.004194880678504705,
      0.0042735171906650065,
      0.0042330772414803505,
      0.004013083752989769,
      0.004251420924812555,
      0.00393719900175929,
      0.004025881127268076,
      0.003894268060103059,
      0.004016913080587983,
      0.0036234353138133884,
      0.0037864275409840048,
      0.0036593257367610933,
      0.0036998849692288787,
      0.003724032153375447,
      0.003595516279526055,
      0.0035389184317551553,
      0.003864241206087172,
      0.0035050580475479366,
      0.003648998998571187,
      0.0037890204505994915,
      0.0037937629057094454,
      0.003668319008126855,
      0.0035782698756083847,
      0.0036175734462216497,
      0.0034871352043002843,
      0.0037616754561662674,
      0.003486716330423951,
      0.0035255927678197623,
      0.003512456082180142,
      0.00360028728377074,
      0.0034966968022286894,
      0.0036297782765701415,
      0.0035723509093746543,
      0.003686733722034842,
      0.003624020881205797
    ],