{
  "args": {
    "device": "cuda:1",
    "exp_home": "./results",
    "ds_name": "mnist",
    "mode": "generative_classification",
    "noise_std": 0.25,
    "down_scale": 2.0,
    "model_type": "conventional",
    "latent_dim": 784,
    "hidden_dims": [
      1150
    ],
    "wo_Win": false,
    "fix_Win": false,
    "I_Win": true,
    "batch_size": 128,
    "epochs": 100,
    "lr": 0.0001,
    "use_augmentation": false,
    "aug_num": 2,
    "run_id": 3,
    "seed": 42
  },
  "training_logs": {
    "train_losses": [
      0.027412871413528918,
      0.010334477559924126,
      0.008277376172244548,
      0.006964640448391438,
      0.006100234826654196,
      0.005451371304690838,
      0.004930532575398683,
      0.004502915123701096,
      0.004174423893243074,
      0.003832189237177372,
      0.0035884992642700674,
      0.0033582535628974438,
      0.003139903175830841,
      0.002928582348823547,
      0.0027669272280484436,
      0.0026116330620646476,
      0.002502441056445241,
      0.0023624221452698112,
      0.0022461266166716814,
      0.002134650540277362,
      0.0020409601137042046,
      0.001968784284889698,
      0.001876096004024148,
      0.0018089262038469315,
      0.0017633571765571833,
      0.001663394506946206,
      0.0016336552975326777,
      0.0015775111335888505,
      0.0015383159356191754,
      0.0014748566471785307,
      0.001430839554592967,
      0.0013793772165477277,
      0.0013591493900492787,
      0.001319313464909792,
      0.0012901902604103089,
      0.0012633856347575784,
      0.0012122090204060077,
      0.0011973999655991792,
      0.0011643840670213102,
      0.0011414286443963647,
      0.0011162895334884525,
      0.0010930088771507144,
      0.0010752816123887896,
      0.0010594517051056027,
      0.001032213294915855,
      0.0010088021997734903,
      0.0010057816709950567,
      0.000992003579325974,
      0.0009563945420645178,
      0.0009476859952136874,
      0.0009404621526971459,
      0.000918903724886477,
      0.0009040232706442476,
      0.000889746945798397,
      0.0008776612166501582,
      0.0008658895410969854,
      0.0008517325234413147,
      0.0008548606038093567,
      0.0008257735365256667,
      0.000812172035239637,
      0.0008109152611531317,
      0.000798772785756737,
      0.0007939522257819772,
      0.0007816297338716686,
      0.000767731585726142,
      0.0007505125396884978,
      0.0007549102568812668,
      0.0007452676744945347,
      0.0007323378080129623,
      0.000728993288706988,
      0.0007203314411267639,
      0.0007078542986139655,
      0.0007020233767479658,
      0.0006926202982850373,
      0.000681724770385772,
      0.0006817530006542802,
      0.0006706445507332683,
      0.0006645913033187389,
      0.0006667361630871892,
      0.000655391695201397,
      0.0006428332487680018,
      0.0006473767091333866,
      0.0006357113586366176,
      0.0006340403226949274,
      0.000628938541226089,
      0.0006249920365959406,
      0.0006182379639707506,
      0.000617618710398674,
      0.0006030011192895472,
      0.0006075558041967452,
      0.0005959947916865349,
      0.000590602487809956,
      0.0005929040427319705,
      0.0005846325673721731,
      0.000581860117111355,
      0.0005785556200705469,
      0.0005776959690824151,
      0.0005709298002533615,
      0.0005686868740431964,
      0.0005654921657033265
    ],
    "eval_losses": [
      0.006221074638515711,
      0.00502143647223711,
      0.004367396323382854,
      0.0040213626854121685,
      0.0039592586234211925,
      0.0038503781870007515,
      0.0037871578201651573,
      0.0037066272526979447,
      0.003695398148149252,
      0.0036634318619966507,
      0.0036613032557070257,
      0.0036506733361631634,
      0.003628457948192954,
      0.0036280426174402237,
      0.0036131601721048354,
      0.0036220307279378177,
      0.003641004426777363,
      0.0036245547071099282,
      0.0036252666845917702,
      0.003623208674415946
    ],
    "psnr": [
      22.166506216430665,
      23.104118893432616,
      23.722837701416015,
      24.099532833862305,
      24.162673098754883,
      24.287402322387695,
      24.357265621948244,
      24.459938229370117,
      24.482135055541992,
      24.520017156982423,
      24.529694427490234,
      24.546119458007812,
      24.5687655670166,
      24.569455560302735,
      24.58659309387207,
      24.581323574829103,
      24.5596178527832,
      24.5799959564209,
      24.582939617919923,
      24.58123885498047
    ],
    "best_epoch": 75,
    "best_step": null,
    "best_eval_loss": 0.0036131601721048354
  },
  "test_results": {
    "test_loss": 0.003567200395837426,
    "test_psnr": 25.19819906311035
  }
}