{
  "args": {
    "device": "cuda:8",
    "exp_home": "./results",
    "ds_name": "mnist",
    "mode": "generative_classification",
    "noise_std": 0.25,
    "down_scale": 2.0,
    "model_type": "conventional",
    "latent_dim": 784,
    "hidden_dims": [
      1150,
      1150,
      1150,
      1150,
      1150,
      1150,
      1150,
      1150,
      1150,
      1150
    ],
    "wo_Win": true,
    "fix_Win": false,
    "I_Win": false,
    "batch_size": 128,
    "epochs": 100,
    "lr": 0.0001,
    "use_augmentation": true,
    "aug_num": 4,
    "run_id": 4,
    "seed": 42
  },
  "training_logs": {
    "train_losses": [
      0.011536144955679775,
      0.005161967373341322,
      0.003990469948202372,
      0.003347420940026641,
      0.00286546672728844,
      0.0026177295803651215,
      0.0023115259761363268,
      0.0020866900255065413,
      0.0019033683417737483,
      0.001749805198861286,
      0.001639706171825528,
      0.0014896606129268185,
      0.0013861423090612516,
      0.00128171716818586,
      0.0011966798195568846,
      0.0011511628151685,
      0.0010549122474156321,
      0.0010419348412333057,
      0.0009384636835567653,
      0.0009290921016223729,
      0.0008895595848793164,
      0.0008065103400847875,
      0.0007613397109694779,
      0.0007249411353399045,
      0.0006923137968895026,
      0.0007000227960525081,
      0.0006549695429462008,
      0.0006218524908949622,
      0.0005442336255335249,
      0.0005373866232554429,
      0.0005390758515452035,
      0.0004987227987172082,
      0.00047166338875656946,
      0.0004668661132804118,
      0.00045216409096261484,
      0.00041846477998187765,
      0.000423301175449742,
      0.00036922196858096867,
      0.0003885474505193997,
      0.00035563789192703555,
      0.0003623998062929604,
      0.0003539975571201649,
      0.00032191827869508413,
      0.00029711115757003425,
      0.00030826701329206117,
      0.000283137879736023,
      0.00027174929438857363,
      0.00027537892783177084,
      0.00024074729486135767,
      0.00024124432919779792,
      0.00022162536014686337,
      0.0002445380966772791,
      0.0002283552079834044,
      0.0002051095177937532,
      0.0002001836374308914,
      0.0001900161513016792,
      0.000166920680879266,
      0.00017910781053418758,
      0.00018011775843100621,
      0.00015741712728980928,
      0.0001561482850264292,
      0.00014973201868589967,
      0.00013959847954800352,
      0.00013913073609932326,
      0.00012287998646206687,
      0.00012655583352490793,
      0.00012112520291120745,
      0.00012269902513420674,
      9.51856871531345e-05,
      9.779485685110558e-05,
      0.00010229659554956016,
      0.0001036421993377735,
      7.530522104760166e-05,
      7.947575240279548e-05,
      7.277025279792724e-05,
      6.647186327929376e-05,
      6.791372789331944e-05,
      6.736120382993249e-05,
      5.9216018011211416e-05,
      5.4992144172429106e-05,
      5.0174698456248734e-05,
      4.3075397874345073e-05,
      4.72279202597565e-05,
      3.829286016698461e-05,
      3.6223633039189735e-05,
      3.1600249140756205e-05,
      3.770078892615857e-05,
      3.264285131095676e-05,
      2.454473655365291e-05,
      2.3367767518793697e-05,
      2.2674177834705915e-05,
      1.74893659495865e-05,
      1.9217722098255762e-05,
      1.8602554151293587e-05,
      1.5171178738237358e-05,
      1.2458262633153936e-05,
      1.0812641081865878e-05,
      1.2751502881437772e-05,
      1.2044901430053869e-05,
      1.159425618025125e-05
    ],
    "eval_losses": [
      0.0050745466167572886,
      0.004193700780719518,
      0.003738086960464716,
      0.003666229356569238,
      0.00345400298666209,
      0.0032683147191768513,
      0.003460632138326764,
      0.003384295548964292,
      0.0033291693919512907,
      0.0035375885751098395,
      0.003297368624000228,
      0.003178298332718259,
      0.0029912575505761196,
      0.0037236062527648754,
      0.002949268718597159,
      0.003124150297896995,
      0.003055055172511493,
      0.003117547872056457,
      0.0028745320820449706,
      0.002955969300013021
    ],
    "psnr": [
      23.28913098144531,
      24.166620819091797,
      24.830223690795897,
      24.858582818603516,
      25.21781499633789,
      25.58470482788086,
      25.29928737182617,
      25.50767030029297,
      25.35513116455078,
      25.096606353759764,
      25.532618603515626,
      25.840472839355467,
      26.233771795654295,
      25.081083612060546,
      26.22826356201172,
      25.839799963378905,
      25.86777561035156,
      25.887974743652343,
      26.437265234375,
      26.563158587646484
    ],
    "ssim": [
      0.9557553911209107,
      0.9684961124420166,
      0.9714613020896912,
      0.975020264339447,
      0.9770800212860108,
      0.9780642686843872,
      0.9775895939826965,
      0.9783049907684326,
      0.978403879737854,
      0.9771362108230591,
      0.9797219505310059,
      0.9801717950820923,
      0.9816148273468017,
      0.978102846622467,
      0.9826470353126526,
      0.9809954134941101,
      0.9814870965957642,
      0.98189462890625,
      0.9828895491600037,
      0.9826016975402831
    ],
    "best_epoch": 95,
    "best_step": null,
    "best_eval_loss": 0.0028745320820449706
  },
  "test_results": {
    "test_loss": 0.003309557934647819,
    "test_psnr": 27.455544757080077,
    "test_ssim": 0.9804526281356811
  }
}