{
  "args": {
    "device": "cuda:9",
    "exp_home": "./results",
    "ds_name": "mnist",
    "mode": "generative_classification",
    "noise_std": 0.25,
    "down_scale": 2.0,
    "model_type": "conventional",
    "latent_dim": 784,
    "hidden_dims": [
      1150,
      1150
    ],
    "wo_Win": false,
    "fix_Win": false,
    "I_Win": false,
    "batch_size": 128,
    "epochs": 200,
    "lr": 5e-05,
    "use_augmentation": true,
    "aug_num": 2,
    "run_id": 3,
    "seed": 42
  },
  "training_logs": {
    "train_losses": [
      0.02474714632436633,
      0.006379618527665734,
      0.004561348470449447,
      0.0035554159736633302,
      0.0029048028252273797,
      0.0024162334762513637,
      0.0020940783169865608,
      0.0017815295409411192,
      0.0015518797051906586,
      0.0013586148937791585,
      0.0012264790898188949,
      0.001073703311625868,
      0.000979952149093151,
      0.000900258067920804,
      0.000834804167971015,
      0.0007198373410105706,
      0.0006879114637151361,
      0.0006502535465918481,
      0.0005943541836738586,
      0.000584238448832184,
      0.0005237091869674623,
      0.0005284575243107974,
      0.0004377004021964967,
      0.0004970578574389219,
      0.0004199941551312804,
      0.00037532565850764514,
      0.0003663404631987214,
      0.00041429030830971895,
      0.00036967647296376525,
      0.0003617492500133812,
      0.0002847654879465699,
      0.0002745501941721886,
      0.0003284118901472539,
      0.0002984255902003497,
      0.000271066854596138,
      0.0002638925535976887,
      0.00026338621577247975,
      0.0002244829781819135,
      0.00029431850290857254,
      0.00025082827276550233,
      0.0002547877816483378,
      0.00016814048156142236,
      0.0002663070470537059,
      0.00024004869272001089,
      0.00022580959215760232,
      0.00019591839373111724,
      0.00015110200812108816,
      0.00021038998518139123,
      0.00022784669785760344,
      0.00018334757448639722,
      0.0001819767241831869,
      0.00019182731521315873,
      0.00014371678702533244,
      0.00017729422653093934,
      0.00016864627592265606,
      0.0001869487159512937,
      0.00013632864229846746,
      0.00017340327386744322,
      0.00016108848303556441,
      0.00017004866237752138,
      0.00010670261982362718,
      0.00016151340559590607,
      0.00010279268539510668,
      0.00011115178306121379,
      0.00015235121096018701,
      0.00017339443787001073,
      0.00011370392675511539,
      0.00015203754991292953,
      9.04393131332472e-05,
      0.00010947140696458518,
      0.00021071422041859478,
      9.773965121712536e-05,
      8.726446054410189e-05,
      0.00015248860553838313,
      0.00010603622688911855,
      9.427647438831627e-05,
      7.922085375059396e-05,
      0.00012882859591860325,
      9.601783120539039e-05,
      0.00010482500847894698,
      0.00010175120146479458,
      7.556203370448201e-05,
      7.302943561691791e-05,
      0.00011320451313629746,
      9.761981578543782e-05,
      8.332482476718724e-05,
      8.372534683905542e-05,
      0.00011036017438396812,
      8.995676406892017e-05,
      6.371381910750642e-05,
      5.675014388747513e-05,
      8.035606384743006e-05,
      6.212828318588435e-05,
      5.875176669098437e-05,
      7.77084720833227e-05,
      8.599156898912042e-05,
      5.531429166439921e-05,
      9.584966368740424e-05,
      5.3162601152434944e-05,
      8.952525818021968e-05,
      6.977066562045366e-05,
      4.9921517996117474e-05,
      7.739081931300461e-05,
      6.523894820827991e-05,
      4.8992877253331244e-05,
      4.700772795593366e-05,
      8.818308060523122e-05,
      5.460416279966011e-05,
      6.447267142590136e-05,
      7.682811518199742e-05,
      7.10265793534927e-05,
      4.283601612085477e-05,
      4.145106239710003e-05,
      4.096826150082052e-05,
      5.0793608208186925e-05,
      5.955468833446503e-05,
      4.1760547931771725e-05,
      6.509831375209614e-05,
      4.151480859611184e-05,
      6.399228894850239e-05,
      5.096709289122373e-05,
      3.9458654209738595e-05,
      3.5900415126234296e-05,
      3.7546475392300635e-05,
      5.0014111751224843e-05,
      5.970734681468457e-05,
      3.5872761020436885e-05,
      3.5192246492952105e-05,
      4.5235418514348567e-05,
      4.4358020608779045e-05,
      3.307783444644883e-05,
      3.626774140167981e-05,
      3.597255765460432e-05,
      3.283563657430932e-05,
      3.682291426463053e-05,
      3.6913751428946854e-05,
      3.804084686329588e-05,
      3.5283652455545965e-05,
      3.177355525782332e-05,
      2.9086792364250868e-05,
      2.9722697243560107e-05,
      2.9610802659299224e-05,
      2.7501676715910433e-05,
      4.298434026073665e-05,
      2.9290724236052483e-05,
      2.712225056020543e-05,
      2.6648412579670548e-05,
      2.6804225498344748e-05,
      2.9708729800768196e-05,
      2.712981229880825e-05,
      2.5322395176626742e-05,
      2.786460028262809e-05,
      2.6669878596439957e-05,
      2.734749137191102e-05,
      2.4679648354649545e-05,
      2.380331063643098e-05,
      2.5260943833272905e-05,
      2.724110454088077e-05,
      2.9525435556424782e-05,
      2.273314993479289e-05,
      2.3257713390048594e-05,
      2.1913656526012345e-05,
      2.1656053379410878e-05,
      2.1868032447528095e-05,
      2.230188628891483e-05,
      2.2858161833137274e-05,
      2.22638198453933e-05,
      2.084047511802055e-05,
      2.390545136295259e-05,
      2.0240691909566523e-05,
      2.3015837012790142e-05,
      1.992602502927184e-05,
      2.077848872053437e-05,
      1.9924761393340304e-05,
      2.1534685625811107e-05,
      1.9119367201346903e-05,
      2.0445999976363963e-05,
      1.872258548741229e-05,
      1.87544449174311e-05,
      1.947244687471539e-05,
      1.8387847054982558e-05,
      1.9581369269872084e-05,
      1.7887943715322762e-05,
      1.788284775102511e-05,
      1.766062500188127e-05,
      1.7729822538094594e-05,
      1.7440429410198703e-05,
      1.778628260071855e-05,
      1.717346108169295e-05,
      1.719733520381851e-05,
      1.701229972881265e-05,
      1.6419774810783566e-05,
      1.665743532648776e-05,
      1.639444125292357e-05,
      1.6522509600035847e-05,
      1.6111255052965136e-05,
      1.611708912299946e-05,
      1.6122178317746148e-05,
      1.617790302843787e-05,
      1.5968300382373855e-05
    ],
    "eval_losses": [
      0.003928713387995959,
      0.0031674716818146406,
      0.0029519009047187864,
      0.0027885270507074893,
      0.002768481816165149,
      0.0026325314915739,
      0.0025782440197654067,
      0.0028906749963760374,
      0.0025462843620684,
      0.002473322080913931,
      0.0025689367240294813,
      0.0024290584510657937,
      0.0025139570930972697,
      0.0026561783449724316,
      0.002302760787610896,
      0.002492350267712027,
      0.0023613408201374115,
      0.00216167485290207,
      0.0022807485290570187,
      0.0024168266852851957,
      0.002229257182474248,
      0.002245554400549736,
      0.0023245780588593335,
      0.0024379289891570807,
      0.002349612320936285,
      0.00213675513000926,
      0.002136976357665844,
      0.0021473055945010855,
      0.0020823538905824536,
      0.002074607809900772,
      0.0020744327664142474,
      0.002127703978377394,
      0.00209726061897818,
      0.0020891225856263193,
      0.002076328056352213,
      0.0020597262161783873,
      0.0021060424893163143,
      0.0020962409245083107,
      0.0020541293445392513,
      0.0020452397421351636
    ],