{
  "args": {
    "device": "cuda:1",
    "exp_home": "./results",
    "ds_name": "mnist",
    "mode": "generative_classification",
    "noise_std": 0.25,
    "down_scale": 2.0,
    "model_type": "conventional",
    "latent_dim": 784,
    "hidden_dims": [
      1150,
      1150,
      1150,
      1150,
      1150,
      1150
    ],
    "wo_Win": false,
    "fix_Win": true,
    "I_Win": true,
    "batch_size": 128,
    "epochs": 200,
    "lr": 5e-05,
    "use_augmentation": true,
    "aug_num": 2,
    "run_id": 3,
    "seed": 42
  },
  "training_logs": {
    "train_losses": [
      0.01728059942856431,
      0.0042332895436137915,
      0.002931936037503183,
      0.0022637599804624913,
      0.0018472478161007165,
      0.0015589385762810708,
      0.0013513365767523647,
      0.001184549536202103,
      0.001125656207576394,
      0.0010423064793646335,
      0.0009378935446962715,
      0.0008657967347558588,
      0.0008320529994089157,
      0.000789112015767023,
      0.0007569798020273447,
      0.0006971447885315865,
      0.0006388556932657957,
      0.0006671245875395835,
      0.000624165938096121,
      0.0006329612006247044,
      0.0005347600187826901,
      0.0005601811365503818,
      0.0005241654660180211,
      0.0004946346430946141,
      0.0005587898646621034,
      0.0004757234570290893,
      0.0004361478016525507,
      0.0004353243377315812,
      0.0004358358621131629,
      0.00040441185359377414,
      0.0004135970200272277,
      0.0004060863574920222,
      0.000391222662050277,
      0.0003759000064991415,
      0.0003756260774983093,
      0.00030051203180104494,
      0.0003679702138295397,
      0.0003387900901352987,
      0.0003178909861249849,
      0.0002776570287765935,
      0.0002643755550356582,
      0.0003112928661261685,
      0.00033267823691479864,
      0.0003197654469544068,
      0.0002771507323021069,
      0.00026837108334526417,
      0.0002668616446806118,
      0.0002700148048112169,
      0.00024904441175516693,
      0.00027051534567959604,
      0.00024075774159282445,
      0.00023499085346935316,
      0.00026643001781078053,
      0.00024103508196771144,
      0.00023027097795158625,
      0.00021041943388292565,
      0.00020561933842021973,
      0.00022114656742429361,
      0.00021212982507888228,
      0.00019880100081209092,
      0.0002582510289107449,
      0.00022016757194651292,
      0.00018432406814186835,
      0.00016000324342632666,
      0.00020501136517850682,
      0.0002147844801354222,
      0.00020508768012747169,
      0.00016230892485706136,
      0.00020997895865235478,
      0.00015083358238684013,
      0.0001966019448474981,
      0.00016342188508715482,
      0.00013627029311144724,
      0.00020234355920925736,
      0.00014770561747252942,
      0.00014907992645166814,
      0.00013600549304042942,
      0.0001601785259670578,
      0.0001481709801731631,
      0.0001448597935261205,
      0.00013772121640387924,
      0.00014031242592958733,
      0.00014629859466571362,
      0.0001243355737486854,
      0.00012645730600925162,
      0.00010088794017210603,
      0.0001181555920210667,
      0.00011140811380464583,
      0.00012776904510101303,
      0.00012611426729941742,
      0.00012452865670085884,
      0.00012102062734542415,
      9.628163368208334e-05,
      0.00013124534926726482,
      0.0001299671729444526,
      9.65255846537184e-05,
      0.00012940368905197828,
      8.08928374235984e-05,
      0.00010774143020389601,
      0.00010171280327253043,
      0.000101307627488859,
      8.922929434571415e-05,
      9.965139851323329e-05,
      7.236056842724793e-05,
      0.000117006546278717,
      7.829284510924481e-05,
      8.263742087292485e-05,
      9.370777051430195e-05,
      9.821939525078051e-05,
      6.310510886600241e-05,
      8.47281002078671e-05,
      7.889329302008264e-05,
      8.936459694872611e-05,
      6.064211765420623e-05,
      7.726882746443152e-05,
      7.796121249557473e-05,
      8.907986774342134e-05,
      8.660168419417459e-05,
      7.142477879184298e-05,
      6.317389648233075e-05,
      7.262339675449766e-05,
      6.19091855804436e-05,
      6.343819828121923e-05,
      7.746430392377078e-05,
      6.339372405665927e-05,
      7.622691596508957e-05,
      4.548951191012748e-05,
      5.883739888027776e-05,
      5.961125654750504e-05,
      6.295642427518032e-05,
      5.326649704482406e-05,
      5.435117006883957e-05,
      5.5609437208622695e-05,
      5.436059133382514e-05,
      4.019822692265734e-05,
      4.724826590390876e-05,
      4.8363493146607654e-05,
      5.0946311781881376e-05,
      4.4618787637446074e-05,
      4.401728748867754e-05,
      3.809277006832417e-05,
      5.221734810504131e-05,
      3.339070259593427e-05,
      3.0245811659551692e-05,
      3.645921010931488e-05,
      3.762883811432403e-05,
      3.8864577476051637e-05,
      4.944546063954476e-05,
      2.9165912992903033e-05,
      2.9908085362403654e-05,
      2.6477774750674142e-05,
      3.990987638477236e-05,
      3.8257390932994896e-05,
      3.0343775053333955e-05,
      3.1416730156342965e-05,
      2.5074814255640375e-05,
      3.777442011400126e-05,
      3.0447452827938834e-05,
      2.682655436627101e-05,
      2.7295135976164602e-05,
      2.5621454411011654e-05,
      2.238356421410572e-05,
      2.580644088360714e-05,
      3.3772482183994726e-05,
      2.1158543580095283e-05,
      2.196422847075155e-05,
      1.9910825599217786e-05,
      2.0525860704947263e-05,
      2.4999237361189442e-05,
      1.7787090870551766e-05,
      1.8693700591102244e-05,
      2.174381114076823e-05,
      1.849076323211193e-05,
      2.0137530904030428e-05,
      1.8257124109368305e-05,
      1.8902797091868705e-05,
      1.808001608791528e-05,
      1.5091068368637935e-05,
      1.6145690627745353e-05,
      1.8299499180866407e-05,
      1.790578915097285e-05,
      1.8829141170717777e-05,
      1.8702295367256737e-05,
      1.5603209438850173e-05,
      1.3949810548510868e-05,
      1.5681950350117403e-05,
      1.1952017751173116e-05,
      1.1612074036238483e-05,
      1.3417449991975445e-05,
      1.2415313631354366e-05,
      1.054948057164438e-05,
      9.992993249325081e-06,
      1.0985101723344997e-05,
      9.745373116456904e-06,
      7.684812715742736e-06,
      8.4042759242584e-06,
      8.45547997567337e-06,
      7.244521233660635e-06,
      8.912951478851027e-06,
      8.342222693172516e-06
    ],
    "eval_losses": [
      0.004418936447054148,
      0.003859662872552872,
      0.003626870712125674,
      0.0033116647276328877,
      0.0036116632649675013,
      0.0033063954468583686,
      0.003185478013847023,
      0.0033875179189257324,
      0.003487180504575372,
      0.0032685960099101065,
      0.003367390246503055,
      0.0035088116221129893,
      0.0032020719796419144,
      0.0033207392191747205,
      0.003152046916235122,
      0.0030468478103750384,
      0.0032588919461763,
      0.003483596053929068,
      0.0028730125559028236,
      0.0027666918243980034,
      0.0031149480042397043,
      0.0029014709174633026,
      0.0028968414392089472,
      0.0031042336454615,
      0.00270177647502569,
      0.002584741292605759,
      0.0028408686847542415,
      0.0028469744581438136,
      0.002872858950239606,
      0.0024686707337968983,
      0.0027742199876345693,
      0.0027155646183528006,
      0.002585384992348554,
      0.0026789039614079227,
      0.00263705786877108,
      0.0026815346734641934,
      0.0025225431367347484,
      0.002538963198849524,
      0.002314008288162586,
      0.0024163415476999945
    ],