{
  "args": {
    "device": "cuda:7",
    "exp_home": "./results",
    "ds_name": "mnist",
    "mode": "denoising",
    "noise_std": 0.25,
    "down_scale": 2.0,
    "model_type": "conventional",
    "latent_dim": 784,
    "hidden_dims": [
      785,
      785,
      785,
      785,
      785,
      785
    ],
    "wo_Win": false,
    "fix_Win": false,
    "I_Win": false,
    "wo_Wout": false,
    "batch_size": 128,
    "epochs": 30,
    "lr": 0.005,
    "use_augmentation": false,
    "aug_num": 2,
    "run_id": 4,
    "seed": 42
  },
  "training_logs": {
    "train_losses": [
      0.11632700863599778,
      0.11538146239042282,
      0.11568202054738999,
      0.11675565078735352,
      0.11675565084934235,
      0.11675565088033676,
      0.11675565057516098,
      0.11675565099716187,
      0.11675565074920655,
      0.11675565037488937,
      0.1167556507563591,
      0.11675565058469772,
      0.1167556510066986,
      0.11675565089464188,
      0.11675565106868743,
      0.11675565106391907,
      0.11675565121650695,
      0.11675565115213395,
      0.11675565086603165,
      0.11675565105676651,
      0.11675565087080002,
      0.1167556511092186,
      0.11675565091609955,
      0.11675565107822418,
      0.11675565116643906,
      0.11675565097093582,
      0.11675565079927444,
      0.11675565151453018,
      0.11675565103054046,
      0.11675565075159072
    ],
    "eval_losses": [
      0.11589071952104568,
      0.11589071952104568,
      0.11589071952104568,
      0.11589071952104568,
      0.11589071952104568,
      0.11589071952104568
    ],
    "psnr": [
      9.361438076782227,
      9.361438076782227,
      9.361438076782227,
      9.361438076782227,
      9.361438076782227,
      9.361438076782227
    ],
    "ssim": [
      0.3979691428184509,
      0.3979691428184509,
      0.3979691428184509,
      0.3979691428184509,
      0.3979691428184509,
      0.3979691428184509
    ],
    "best_epoch": 5,
    "best_step": null,
    "best_eval_loss": 0.11589071952104568
  },
  "test_results": {
    "test_loss": 0.11790728869438172,
    "test_psnr": 9.306744958496093,
    "test_ssim": 0.3968774513244629
  }
}