{
  "args": {
    "device": "cuda:3",
    "exp_home": "./results",
    "ds_name": "mnist",
    "mode": "generative_classification",
    "noise_std": 0.25,
    "down_scale": 2.0,
    "model_type": "conventional",
    "latent_dim": 784,
    "hidden_dims": [
      1150,
      1150,
      1150,
      1150
    ],
    "wo_Win": false,
    "fix_Win": true,
    "I_Win": true,
    "batch_size": 128,
    "epochs": 100,
    "lr": 0.0005,
    "use_augmentation": true,
    "aug_num": 2,
    "run_id": 5,
    "seed": 42
  },
  "training_logs": {
    "train_losses": [
      0.01245442698031664,
      0.005190140417069197,
      0.004064417381063104,
      0.0034512782987952233,
      0.0029683052596449853,
      0.0025759666819870474,
      0.002300389308333397,
      0.002164486763253808,
      0.0018401905923709273,
      0.001731994102075696,
      0.0016077984230220318,
      0.0014875569225847722,
      0.0013698716864548623,
      0.001234833316281438,
      0.0011737540002539754,
      0.0011522035109624267,
      0.0010780922195129097,
      0.0009520083069987595,
      0.0009172463819943368,
      0.000934027255512774,
      0.0008356094950530678,
      0.0008126334855519235,
      0.0007339052520878613,
      0.0007395973162353038,
      0.0006892815212253481,
      0.0006811746213957668,
      0.0006269116239715367,
      0.0006304388064052909,
      0.0006001118409633637,
      0.0005541344540659338,
      0.0005125111237261445,
      0.0005313503161631525,
      0.0004940779470838607,
      0.0004127178593305871,
      0.0004591675079055131,
      0.00045771748941391706,
      0.00041766343396157027,
      0.00035180304292589426,
      0.00038384904847946016,
      0.0003980077027529478,
      0.0003270683341054246,
      0.00032066701368428766,
      0.00030906040150206537,
      0.0003278159837657586,
      0.0002978148778900504,
      0.0003223029559943825,
      0.0002510148105863482,
      0.00028436017617583276,
      0.00025003745559602975,
      0.00022263698500115425,
      0.00022731717434711755,
      0.00019893301934935154,
      0.000223214645748958,
      0.0002184938481170684,
      0.00019995393686927856,
      0.00018241581758949907,
      0.0001792729824082926,
      0.0001592190832667984,
      0.00013842442084336653,
      0.00016623206032905728,
      0.0001795677945949137,
      0.0001693663177313283,
      0.00011903902831953019,
      0.00012876594464993104,
      0.0001563983967504464,
      9.58210749947466e-05,
      8.964634044095874e-05,
      0.0001135051805851981,
      0.0001099765010853298,
      0.00011530708174221217,
      8.035415471415036e-05,
      8.721890971763059e-05,
      8.11932189320214e-05,
      9.640161146351602e-05,
      7.010286183678545e-05,
      7.196228789282031e-05,
      5.774491344462149e-05,
      5.621353906462901e-05,
      5.0431441604159774e-05,
      6.317058400250972e-05,
      5.245700366445817e-05,
      4.4066185171250256e-05,
      4.527370072784834e-05,
      4.466765525052324e-05,
      5.4199028568109494e-05,
      3.509871814108919e-05,
      2.9424501669127496e-05,
      3.3551954100839795e-05,
      2.6023180861375296e-05,
      3.341730015119538e-05,
      2.7978272862383166e-05,
      2.8695979924523272e-05,
      2.463053773099091e-05,
      2.1632645139470697e-05,
      2.0072590411291458e-05,
      1.8466016702586785e-05,
      1.760162559716264e-05,
      1.587497439410072e-05,
      1.4988849458168261e-05,
      1.4728084141388535e-05
    ],
    "eval_losses": [
      0.004286464567855,
      0.003623466295283288,
      0.0041991277061402795,
      0.0036933373659849165,
      0.003469563241302967,
      0.0034257773239165542,
      0.003564608968095854,
      0.003075023143738508,
      0.003174030126258731,
      0.003002084652706981,
      0.0030482968585332855,
      0.003456476769223809,
      0.0027673735170974396,
      0.0029862735508009793,
      0.0030595171698601918,
      0.003400312713626772,
      0.002831264202669263,
      0.002699642802448943,
      0.0027923319895751773,
      0.002932524565141648
    ],
    "psnr": [
      23.95803540649414,
      24.735535650634766,
      24.166110552978516,
      24.71226389770508,
      25.001061727905274,
      25.276167391967775,
      24.89267275390625,
      25.634069662475586,
      25.598864379882812,
      25.91902894897461,
      25.78654870605469,
      25.189272222900392,
      26.381170886230468,
      25.91668334350586,
      25.830814392089845,
      25.32681904296875,
      26.30498521118164,
      26.637771713256836,
      26.29859689941406,
      26.319946142578125
    ],
    "best_epoch": 90,
    "best_step": null,
    "best_eval_loss": 0.002699642802448943
  },
  "test_results": {
    "test_loss": 0.002741715876533999,
    "test_psnr": 28.794273754882813
  }
}