{
  "args": {
    "device": "cuda:0",
    "exp_home": "./results",
    "ds_name": "mnist",
    "mode": "denoising",
    "noise_std": 0.25,
    "down_scale": 2.0,
    "model_type": "conventional",
    "latent_dim": 784,
    "hidden_dims": [
      785,
      785,
      785,
      785
    ],
    "wo_Win": true,
    "fix_Win": false,
    "I_Win": false,
    "wo_Wout": true,
    "batch_size": 128,
    "epochs": 30,
    "lr": 0.0001,
    "use_augmentation": false,
    "aug_num": 2,
    "run_id": 1,
    "seed": 42
  },
  "training_logs": {
    "train_losses": [
      0.025286070265471937,
      0.008878809128850699,
      0.007042125663757324,
      0.006258873949944973,
      0.005818609044849873,
      0.005512172766625881,
      0.005306007861346006,
      0.005152916804850101,
      0.0050085370065271854,
      0.004912530045807361,
      0.004812392171174288,
      0.004734903904497624,
      0.004672356969714165,
      0.004606364807635546,
      0.004564232274889946,
      0.004508885959237814,
      0.004470953816920519,
      0.00444229156434536,
      0.004391860343068838,
      0.004362174645960331,
      0.004338688247352838,
      0.004305503531694412,
      0.004282237971276045,
      0.004258249279856682,
      0.004241848959922791,
      0.004225439846068621,
      0.004211523343622684,
      0.004191363454908133,
      0.004182768727838993,
      0.004169410808980465
    ],
    "eval_losses": [
      0.005384434097260237,
      0.004706967603415251,
      0.004440782419592142,
      0.0042940400920808315,
      0.00421769182831049,
      0.004151052000373602
    ],
    "psnr": [
      22.691609603881837,
      23.27508429260254,
      23.528008535766602,
      23.67358699951172,
      23.751177197265626,
      23.820997509765625
    ],
    "ssim": [
      0.8597846495628357,
      0.895256693649292,
      0.9099362628936768,
      0.9186116616249085,
      0.9228513763427735,
      0.9260184224128724
    ],
    "best_epoch": 30,
    "best_step": null,
    "best_eval_loss": 0.004151052000373602
  },
  "test_results": {
    "test_loss": 0.00413968993537128,
    "test_psnr": 23.840391796875,
    "test_ssim": 0.9272189244270325
  }
}