{
  "args": {
    "device": "cuda:2",
    "exp_home": "./results",
    "ds_name": "mnist",
    "mode": "generative_classification",
    "noise_std": 0.25,
    "down_scale": 2.0,
    "model_type": "conventional",
    "latent_dim": 784,
    "hidden_dims": [
      1150
    ],
    "wo_Win": true,
    "fix_Win": false,
    "I_Win": false,
    "batch_size": 128,
    "epochs": 200,
    "lr": 0.0005,
    "use_augmentation": true,
    "aug_num": 2,
    "run_id": 1,
    "seed": 42
  },
  "training_logs": {
    "train_losses": [
      0.018339820444583894,
      0.008684993285238743,
      0.007347372761964798,
      0.006512731718569994,
      0.005908072333186865,
      0.0055225992728769775,
      0.0051065066181123255,
      0.0047731392726302144,
      0.004531147512942552,
      0.004314400181174278,
      0.004070683863908052,
      0.003908705976158381,
      0.003732388753592968,
      0.0035557294784486293,
      0.0034541470442712306,
      0.003333664692863822,
      0.0032604006257653238,
      0.003161038704663515,
      0.003066644773185253,
      0.0029716945490241052,
      0.0028735486724972724,
      0.0028227884509414436,
      0.0027541631161421536,
      0.0026997760593891144,
      0.002648567634820938,
      0.0025765722119808197,
      0.002537148953229189,
      0.002462355060726404,
      0.002424475815296173,
      0.002414243311434984,
      0.0023628976825624706,
      0.002312142042070627,
      0.0023002440483868123,
      0.002250330514907837,
      0.002232195173501968,
      0.002194818707630038,
      0.0021693708151578903,
      0.0021200882387161254,
      0.0021076636342704297,
      0.0020960456032305956,
      0.002053025764524937,
      0.0020401456166803836,
      0.0020091672595590354,
      0.001983293873667717,
      0.0019641642298549415,
      0.0019301283917576074,
      0.0019359158070385457,
      0.0018997647538781166,
      0.0018940543812513352,
      0.0018662500903755426,
      0.0018251255479454994,
      0.001853963760882616,
      0.0018031120762228966,
      0.0017945363404601813,
      0.0017747938971966505,
      0.0017741229389607906,
      0.0017619409926980733,
      0.0017407100193202495,
      0.0017216718870401383,
      0.0016957656778395175,
      0.001690715735629201,
      0.0016844833526015281,
      0.0016710516814887524,
      0.001655048954039812,
      0.0016565727903693915,
      0.0016233508583903312,
      0.0016167986573278905,
      0.0016200728445500134,
      0.0015957695965468884,
      0.0015839786273241043,
      0.0015644743122905493,
      0.001565574612170458,
      0.001555160195529461,
      0.0015552424505352973,
      0.0015386867742612957,
      0.0015166285656392573,
      0.001503865054398775,
      0.001513158920481801,
      0.0015008625273033977,
      0.0014841679006069898,
      0.001495075950101018,
      0.0014709147796779871,
      0.0014664508087188005,
      0.0014546069567278027,
      0.0014296400754153728,
      0.0014246927481144666,
      0.0014359722094237804,
      0.0014223616021126508,
      0.0014132791688293218,
      0.0014000150954723359,
      0.0014114241170883179,
      0.001381240614503622,
      0.0013798118188232183,
      0.001364195197969675,
      0.0013695917727053165,
      0.0013660259237140418,
      0.0013577208438515663,
      0.0013397536412626506,
      0.00133639983817935,
      0.0013344758352637292,
      0.001324758510813117,
      0.0013119364139437676,
      0.0013148192221671344,
      0.0013071755914762617,
      0.0012950505446642636,
      0.001300129735134542,
      0.0012888676199316977,
      0.0012988531423732638,
      0.0012698925676196814,
      0.0012691328098624944,
      0.001258629950210452,
      0.001257882496267557,
      0.00125446224283427,
      0.001243044366389513,
      0.0012300822544842958,
      0.0012373622209206224,
      0.001216981142386794,
      0.0012318840924650431,
      0.0012046790980547667,
      0.0012074213589727879,
      0.0011932269009947776,
      0.001197080819942057,
      0.0011838022238761187,
      0.0011888652066141367,
      0.001173201107867062,
      0.001174984968341887,
      0.0011728742692619562,
      0.0011663081653416156,
      0.0011556950518861412,
      0.0011534043698757887,
      0.0011510997170954944,
      0.001148708837851882,
      0.0011415386628359557,
      0.0011395147220790386,
      0.001125340874195099,
      0.0011288846432417632,
      0.0011140578044950963,
      0.001120675909295678,
      0.001110070527791977,
      0.001103252225369215,
      0.0011061303601041436,
      0.001090195388570428,
      0.0011096002061665058,
      0.001091667232774198,
      0.0010843781092017889,
      0.0010835704279690982,
      0.0010716604670137166,
      0.001064186979159713,
      0.0010569256381690502,
      0.0010590554802119732,
      0.001058345797546208,
      0.00105016896545887,
      0.0010411051939055323,
      0.001040939088612795,
      0.0010396351332962513,
      0.0010353249722719192,
      0.0010267755606770516,
      0.0010214948993176223,
      0.0010288993738219142,
      0.001016139935478568,
      0.0010076469833403825,
      0.0010072830858826637,
      0.0010002342606335879,
      0.001000171259343624,
      0.0009933423816412686,
      0.0009876827761530877,
      0.0009895133443176747,
      0.0009776486419141293,
      0.0009827285964787006,
      0.0009715563217177987,
      0.0009627457658946514,
      0.0009675162367150188,
      0.0009565567945688963,
      0.0009558892711624503,
      0.000953181120827794,
      0.0009477129381895065,
      0.0009465175200998783,
      0.0009412989808619023,
      0.0009376941116154194,
      0.0009313740172237157,
      0.0009279072899371386,
      0.0009217157670110464,
      0.0009225732436031103,
      0.0009250614983960986,
      0.0009085301678627729,
      0.000911195433922112,
      0.0009022456240281463,
      0.0009032872785627842,
      0.0008930120549350977,
      0.0008928326743096113,
      0.0008868953654915094,
      0.0008963640579208731,
      0.0008800805396214128,
      0.0008772057048231363,
      0.0008784563654661179,
      0.0008752239813655615,
      0.0008717254420369864,
      0.0008676141422241927,
      0.0008670001179352403,
      0.0008584646673873067
    ],
    "eval_losses": [
      0.008006316806375981,
      0.007441306842863559,
      0.006798017457127571,
      0.006923979011178017,
      0.006929563370347023,
      0.006726844553649426,
      0.006465464089810849,
      0.00649345250427723,
      0.00602728760689497,
      0.006041155034303665,
      0.006218076296150684,
      0.006157330420613289,
      0.00607230865508318,
      0.005926275733113289,
      0.005761815775930881,
      0.005961065599322319,
      0.005846595741808415,
      0.006224196776747704,
      0.005937464335560799,
      0.0059038838535547256,
      0.005846110880374908,
      0.005811351890861988,
      0.00604532880038023,
      0.005939075544476509,
      0.005858665166795254,
      0.006019263900816441,
      0.005635235100984574,
      0.005828629088401795,
      0.006045820024609566,
      0.005652054692804814,
      0.005710553902387619,
      0.00580054180175066,
      0.005750188678503037,
      0.005583599802851677,
      0.005699137829244137,
      0.005677208577096462,
      0.005769908784329891,
      0.005803001815080643,
      0.005766615790873766,
      0.005660907995700836
    ],