{
  "args": {
    "device": "cuda:6",
    "exp_home": "./results",
    "ds_name": "mnist",
    "mode": "denoising",
    "noise_std": 0.25,
    "down_scale": 2.0,
    "model_type": "conventional",
    "latent_dim": 784,
    "hidden_dims": [
      1150
    ],
    "wo_Win": false,
    "fix_Win": false,
    "I_Win": false,
    "batch_size": 128,
    "epochs": 100,
    "lr": 5e-05,
    "use_augmentation": false,
    "aug_num": 2,
    "run_id": 1,
    "seed": 42
  },
  "training_logs": {
    "train_losses": [
      0.05190900136709213,
      0.02004631611466408,
      0.0138782843247056,
      0.011086876194477081,
      0.009526498760282994,
      0.008525339294821023,
      0.007834274914264678,
      0.007343417321145534,
      0.006923700116723776,
      0.006620651748627424,
      0.00635708716571331,
      0.006141525785326958,
      0.005973082265555859,
      0.00581527358725667,
      0.0056973877282440666,
      0.005578308826833963,
      0.005480007008910179,
      0.005399875590056181,
      0.005311509593874216,
      0.005240502138286829,
      0.005175471109449863,
      0.005118615378588438,
      0.00505477250739932,
      0.005014384911507368,
      0.0049675083197653295,
      0.004928949451297521,
      0.004894511773735285,
      0.004856576564162969,
      0.004822579851895571,
      0.004790418740957976,
      0.004763623520284891,
      0.00474288271278143,
      0.004706021633446217,
      0.004691614424288273,
      0.004661269488930702,
      0.004636453544944525,
      0.00462229512438178,
      0.004606151885539293,
      0.004579119540899992,
      0.004560181868523359,
      0.004551576919406652,
      0.004529207534641027,
      0.00451431735187769,
      0.0045014060239493845,
      0.004492217486053705,
      0.004480590960532427,
      0.0044577180975675585,
      0.004450503756552935,
      0.004439531053900719,
      0.004433988008499146,
      0.004417719083577395,
      0.004406044646203518,
      0.004389774679392576,
      0.004384311832487583,
      0.004382071202993393,
      0.004364859300404787,
      0.004353876785486936,
      0.004345487831383944,
      0.004345817837119102,
      0.004326679216623306,
      0.0043315128493309025,
      0.004313785030990839,
      0.004308262641429901,
      0.004304410512745381,
      0.004301397976726294,
      0.004298260501772165,
      0.004287190697342158,
      0.00427250841960311,
      0.004270304221361876,
      0.0042749338388442994,
      0.004264674060791731,
      0.0042624073596298695,
      0.004252553130835295,
      0.004250091500729323,
      0.004248322947472334,
      0.004232917960435152,
      0.004227497708499431,
      0.004230506285578013,
      0.00422660371735692,
      0.004221072682440281,
      0.004224325644671917,
      0.004210199465453625,
      0.004206321118026972,
      0.0041945089487731456,
      0.004195758711546659,
      0.004196828526556492,
      0.004197582067996263,
      0.004182224315851927,
      0.0041905198796093465,
      0.004183354642242193,
      0.004188376429229975,
      0.0041822102366387845,
      0.004177699962854386,
      0.0041743113733828064,
      0.004172515064775944,
      0.004177692634165287,
      0.004165711574107408,
      0.00417161508217454,
      0.0041666522292792794,
      0.004161131099313498
    ],
    "eval_losses": [
      0.008648163741827012,
      0.006253916275501251,
      0.005445510346442461,
      0.005079373100399971,
      0.004841513453423977,
      0.004674003949016333,
      0.00458022018969059,
      0.004495963723212481,
      0.004424433679878712,
      0.004385041218996048,
      0.0043407176211476325,
      0.0043012875251472,
      0.004285971385240555,
      0.004247527734935284,
      0.0042344876624643805,
      0.004218839082121849,
      0.004202889333665371,
      0.004190332750231027,
      0.0041878332868218425,
      0.004176690362393856
    ],
    "psnr": [
      20.63438217163086,
      22.041748568725588,
      22.64306502380371,
      22.944755364990236,
      23.152612713623046,
      23.305888485717773,
      23.394039761352538,
      23.47390366516113,
      23.543609701538085,
      23.58309809265137,
      23.62671771850586,
      23.66656989440918,
      23.682055926513673,
      23.72109532775879,
      23.734279431152345,
      23.75024028930664,
      23.767116690063478,
      23.779996087646484,
      23.78247809753418,
      23.793761416625976
    ],
    "ssim": [
      0.8379275301933289,
      0.8745892826080323,
      0.8868862047195435,
      0.8935038877487183,
      0.9022569108963012,
      0.9055246873855591,
      0.9083874063491821,
      0.9095626936912536,
      0.9135186957359314,
      0.9124738311767578,
      0.9132273116111755,
      0.9147527176856994,
      0.9189529047012329,
      0.9167135481834412,
      0.917689013671875,
      0.9177501533508301,
      0.9174979954719543,
      0.9208241248130798,
      0.9204414667129517,
      0.9198603731155396
    ],
    "best_epoch": 100,
    "best_step": null,
    "best_eval_loss": 0.004176690362393856
  },
  "test_results": {
    "test_loss": 0.004150399354845285,
    "test_psnr": 23.82919094848633,
    "test_ssim": 0.9217302094459534
  }
}