{
  "args": {
    "device": "cuda:2",
    "exp_home": "./results",
    "ds_name": "mnist",
    "mode": "generative_classification",
    "noise_std": 0.25,
    "down_scale": 2.0,
    "model_type": "conventional",
    "latent_dim": 784,
    "hidden_dims": [
      1150
    ],
    "wo_Win": true,
    "fix_Win": false,
    "I_Win": false,
    "batch_size": 128,
    "epochs": 100,
    "lr": 5e-05,
    "use_augmentation": true,
    "aug_num": 4,
    "run_id": 1,
    "seed": 42
  },
  "training_logs": {
    "train_losses": [
      0.03659252074241638,
      0.016583845972120762,
      0.013221713547706604,
      0.011748735020458699,
      0.010779748385846616,
      0.010021611648499965,
      0.009434790316224097,
      0.008931030830740929,
      0.008504574382901193,
      0.00812196429207921,
      0.00778551674246788,
      0.007491431026607752,
      0.0072338102099299435,
      0.006986768005788326,
      0.006748650105893612,
      0.0065644002109766005,
      0.006375235516130924,
      0.006199022878557444,
      0.006038556798994541,
      0.005880923384428025,
      0.005750364578366279,
      0.005655087990760803,
      0.0055292729318141935,
      0.005401322959214449,
      0.005297252935320139,
      0.0052092333371937275,
      0.005120520191788673,
      0.005021838907152415,
      0.004942423469424247,
      0.0048686063554883,
      0.004799735240340233,
      0.004735459102392196,
      0.004658615889847279,
      0.004598971853554248,
      0.004530535669922829,
      0.004481692648008466,
      0.004419877051860094,
      0.004379074912816286,
      0.0043173561640083786,
      0.004269015151709318,
      0.004222155355811119,
      0.004186496057361364,
      0.004134772637188435,
      0.00410676901832223,
      0.004054868241250515,
      0.004019418567568064,
      0.003993900420516729,
      0.0039418518422544005,
      0.003918312674611807,
      0.0038977559578418732,
      0.003851458170413971,
      0.003828200692757964,
      0.0037896043321490286,
      0.0037682079496979713,
      0.0037297256003320216,
      0.0037062896901369096,
      0.003677608071193099,
      0.0036597854819893838,
      0.0036406864097714422,
      0.003596964288726449,
      0.0036014173443615436,
      0.003556210809350014,
      0.0035352268616855144,
      0.003511011922582984,
      0.003493696501404047,
      0.0034778636526316404,
      0.0034576993872225286,
      0.0034481266570091248,
      0.003427416258305311,
      0.003407422588020563,
      0.0034078711740672587,
      0.003378090850636363,
      0.003361891460344195,
      0.003340445164144039,
      0.0033277603471279144,
      0.003321558937802911,
      0.0033038256654143333,
      0.003293791466206312,
      0.0032797915695607664,
      0.0032592404814809563,
      0.003250055601596832,
      0.0032352223421633244,
      0.0032280458898842333,
      0.003219297396168113,
      0.0032078065326809884,
      0.0031994415134191513,
      0.003186806427538395,
      0.0031814814004302023,
      0.0031671287889778613,
      0.0031537695706635714,
      0.003151472241431475,
      0.003135029739588499,
      0.003138715150654316,
      0.0031144859501719474,
      0.0031225555758178235,
      0.00311326269865036,
      0.0030980634215474127,
      0.0031043524419516323,
      0.003084683626666665,
      0.003077414983510971
    ],
    "eval_losses": [
      0.011505880451202393,
      0.009886421085894107,
      0.00910758318901062,
      0.00904464105963707,
      0.008960470941662788,
      0.008841287876665592,
      0.008602042388916016,
      0.008781575874984264,
      0.008440574462711811,
      0.008406928884983064,
      0.008429005238413811,
      0.00832058506309986,
      0.008390888649225235,
      0.008583716587722301,
      0.00814958697706461,
      0.008211504790186883,
      0.008292577894032002,
      0.007927015934884549,
      0.00832340352088213,
      0.00809212150722742
    ],
    "psnr": [
      19.44603641357422,
      20.108875885009766,
      20.474250787353515,
      20.50620008544922,
      20.547510971069336,
      20.603787686157226,
      20.722312155151368,
      20.632994473266603,
      20.808008587646484,
      20.828904959106445,
      20.812843017578125,
      20.871891030883788,
      20.835563931274415,
      20.73496738586426,
      20.969656030273438,
      20.932917559814452,
      20.888615893554686,
      21.091749795532227,
      20.86944786376953,
      20.99695480041504
    ],
    "ssim": [
      0.8575237325668335,
      0.8763119773864746,
      0.8864913154602051,
      0.8915321229934693,
      0.8942202776908874,
      0.8946697779655457,
      0.8968215231895447,
      0.8997346446037292,
      0.9032160325050353,
      0.9015346341133118,
      0.9012561010360718,
      0.9033101517677307,
      0.9041698253631592,
      0.9037688391685486,
      0.9074116151809692,
      0.9064431303024292,
      0.9049109659194946,
      0.9080128183364868,
      0.9057062279701233,
      0.9073458477020264
    ],
    "best_epoch": 90,
    "best_step": null,
    "best_eval_loss": 0.007927015934884549
  },
  "test_results": {
    "test_loss": 0.00786448667012155,
    "test_psnr": 21.384351287841795,
    "test_ssim": 0.9095290030479432
  }
}