{
  "args": {
    "device": "cuda:1",
    "exp_home": "./results",
    "ds_name": "mnist",
    "mode": "denoising",
    "noise_std": 0.25,
    "down_scale": 2.0,
    "model_type": "conventional",
    "latent_dim": 784,
    "hidden_dims": [
      1150,
      1150,
      1150,
      1150,
      1150,
      1150,
      1150,
      1150,
      1150,
      1150
    ],
    "wo_Win": false,
    "fix_Win": true,
    "I_Win": true,
    "batch_size": 128,
    "epochs": 100,
    "lr": 5e-05,
    "use_augmentation": true,
    "aug_num": 4,
    "run_id": 2,
    "seed": 42
  },
  "training_logs": {
    "train_losses": [
      0.016345476728081704,
      0.007163720718026161,
      0.006125915316790342,
      0.005616697851121425,
      0.005311469701379538,
      0.005097784676998854,
      0.004948147335350514,
      0.0048257563824951645,
      0.004720607040673494,
      0.004645052226185799,
      0.004571224489063025,
      0.004514689809679985,
      0.0044572048792243,
      0.004406868884712457,
      0.004368125392496586,
      0.004329863951206207,
      0.00429177443921566,
      0.004257459503114224,
      0.004223427086770534,
      0.0041962635207176205,
      0.004168475163578987,
      0.004140234938561916,
      0.004119219655394554,
      0.004097413186877966,
      0.004080081976056099,
      0.004050545481443405,
      0.004032653338164091,
      0.004017163821905851,
      0.003996599173098803,
      0.003975582917258144,
      0.003961860557049513,
      0.003947192032635212,
      0.0039312140631675725,
      0.003914479486197233,
      0.0038994654498249294,
      0.0038827688075602053,
      0.0038700246767699718,
      0.0038541415074467658,
      0.003845948459804058,
      0.003832338743060827,
      0.0038172832445800306,
      0.0038074699119478466,
      0.00379860240586102,
      0.003782948579415679,
      0.003769894505664706,
      0.0037601389352977274,
      0.0037515639351308346,
      0.0037429543873667716,
      0.0037280485020577906,
      0.003722036105170846,
      0.0037077845203876496,
      0.00370021285161376,
      0.0036915093457698823,
      0.0036802408123761416,
      0.0036721301205456256,
      0.0036604916581511496,
      0.003652944370508194,
      0.0036443349419534206,
      0.0036346582888066767,
      0.003630583936497569,
      0.003618229781985283,
      0.0036139729064702986,
      0.0036044908545166256,
      0.0035984265431761742,
      0.0035888249726593493,
      0.003581699316352606,
      0.003571580842137337,
      0.003569587550982833,
      0.00356177276596427,
      0.0035512586237490176,
      0.003547603161856532,
      0.0035441535970568657,
      0.003533620428815484,
      0.003526212579756975,
      0.0035202252665162085,
      0.003513498996719718,
      0.003508903407678008,
      0.0035048334066569804,
      0.003495829921364784,
      0.0034916834601759913,
      0.003486732222661376,
      0.003476964758336544,
      0.003475357388779521,
      0.0034726355766505003,
      0.003467810337692499,
      0.0034582203728705644,
      0.003453348018079996,
      0.0034493433547019958,
      0.0034440076330304148,
      0.003438756657242775,
      0.003434841717258096,
      0.003430876465216279,
      0.0034256269845366477,
      0.003422109326198697,
      0.0034184372894465924,
      0.003414627438336611,
      0.003411982967928052,
      0.003407074858471751,
      0.0034037528765201567,
      0.0034023467867821456
    ],
    "eval_losses": [
      0.004893847817927599,
      0.004397467663884163,
      0.004244094808399677,
      0.0040571232371032235,
      0.003976484835892915,
      0.003917364656180144,
      0.0038524296700954436,
      0.0038385909885168077,
      0.0037659871757030486,
      0.003737225580215454,
      0.0036893059797585013,
      0.0036768385991454125,
      0.0036511931233108043,
      0.0036176447689533235,
      0.0036015189059078693,
      0.003579708173498511,
      0.0035649727255105974,
      0.0035445684254169466,
      0.0035467646580189466,
      0.003517825189977884
    ],
    "psnr": [
      23.1054016204834,
      23.570252096557617,
      23.7240179107666,
      23.91967362976074,
      24.00697830505371,
      24.072503552246094,
      24.14471355895996,
      24.160218218994142,
      24.243066763305663,
      24.27627380065918,
      24.33253531188965,
      24.34714730834961,
      24.377652963256836,
      24.41781137390137,
      24.437093423461913,
      24.46303520202637,
      24.481474609375,
      24.506227947998045,
      24.50338358154297,
      24.53907481689453
    ],
    "ssim": [
      0.9096261240005493,
      0.9262228229522705,
      0.9325971046447754,
      0.9354713013648986,
      0.940759767150879,
      0.9438888460159301,
      0.9445090250968933,
      0.9452623673439026,
      0.9483335441589356,
      0.9478194441795349,
      0.9512146410942077,
      0.9517683330535889,
      0.9529876477241516,
      0.9524955476760865,
      0.9544668510437012,
      0.9543708885192871,
      0.9549867786407471,
      0.955093069267273,
      0.9551726840019226,
      0.9560195268630981
    ],
    "best_epoch": 100,
    "best_step": null,
    "best_eval_loss": 0.003517825189977884
  },
  "test_results": {
    "test_loss": 0.0035234059747308493,
    "test_psnr": 24.539198205566407,
    "test_ssim": 0.9563485211372376
  }
}