{
  "args": {
    "device": "cuda:0",
    "exp_home": "./results",
    "ds_name": "mnist",
    "mode": "denoising",
    "noise_std": 0.25,
    "down_scale": 2.0,
    "model_type": "conventional",
    "latent_dim": 784,
    "hidden_dims": [
      1150,
      1150,
      1150,
      1150
    ],
    "wo_Win": true,
    "fix_Win": false,
    "I_Win": false,
    "wo_Wout": true,
    "batch_size": 128,
    "epochs": 30,
    "lr": 0.0005,
    "use_augmentation": false,
    "aug_num": 2,
    "run_id": 4,
    "seed": 42
  },
  "training_logs": {
    "train_losses": [
      0.012140144376605749,
      0.006518231860548258,
      0.005702996987849474,
      0.0053485713213682175,
      0.005124212765395641,
      0.004945392771214247,
      0.004844267548173666,
      0.004718098668754101,
      0.00464122813180089,
      0.00455778875425458,
      0.0044693497364223,
      0.004410759828686714,
      0.004359931845664978,
      0.004298072233498097,
      0.004239722934663296,
      0.004186724869906902,
      0.004128302017748356,
      0.0040882110765576365,
      0.004041766871958971,
      0.003985230531990528,
      0.003941987691372633,
      0.0038901829180121423,
      0.0038446707497537137,
      0.0038163829470425842,
      0.0037704731944203378,
      0.003725062234699726,
      0.0036799444594979285,
      0.003639608261883259,
      0.0036122357198596,
      0.003578823253810406
    ],
    "eval_losses": [
      0.00514654610902071,
      0.004503136941045522,
      0.00421771856173873,
      0.004054169075191021,
      0.003845087121427059,
      0.0037159448094666006
    ],
    "psnr": [
      22.887078805541993,
      23.466639556884765,
      23.751079061889648,
      23.922853787231446,
      24.15297504272461,
      24.301377630615235
    ],
    "ssim": [
      0.9082530767440796,
      0.9300196084022522,
      0.936981339263916,
      0.9440588744163513,
      0.9469180549621582,
      0.9510416145324707
    ],
    "best_epoch": 30,
    "best_step": null,
    "best_eval_loss": 0.0037159448094666006
  },
  "test_results": {
    "test_loss": 0.0037050678830593824,
    "test_psnr": 24.320981420898438,
    "test_ssim": 0.9515409893035889
  }
}