{
  "args": {
    "device": "cuda:5",
    "exp_home": "./results",
    "ds_name": "mnist",
    "mode": "denoising",
    "noise_std": 0.25,
    "down_scale": 2.0,
    "model_type": "conventional",
    "latent_dim": 784,
    "hidden_dims": [
      1150,
      1150,
      1150,
      1150,
      1150,
      1150
    ],
    "wo_Win": false,
    "fix_Win": true,
    "I_Win": false,
    "batch_size": 128,
    "epochs": 200,
    "lr": 0.001,
    "use_augmentation": true,
    "aug_num": 2,
    "run_id": 1,
    "seed": 42
  },
  "training_logs": {
    "train_losses": [
      0.014314672246873378,
      0.00758663423627615,
      0.006993655944913625,
      0.00668641186773777,
      0.006490093148350716,
      0.006444343785643578,
      0.006364708627611399,
      0.006301735570132732,
      0.006225993168205023,
      0.006155570326596498,
      0.006095269766896963,
      0.00601360110744834,
      0.005970362237989903,
      0.005922056291103363,
      0.0058837552788853645,
      0.005872896774560213,
      0.005823960853517055,
      0.00582515761077404,
      0.005806707346439362,
      0.0057715994223952296,
      0.005769992642104625,
      0.005748864668160677,
      0.005748218117952347,
      0.005709521555900573,
      0.005737038391232491,
      0.005725517932474613,
      0.005712763629853726,
      0.005729003703892231,
      0.005733124926686287,
      0.005713859102278947,
      0.005743506809324026,
      0.005713136024028063,
      0.005751443542540074,
      0.005781019701063633,
      0.005784154371023178,
      0.0058326702177524566,
      0.0058627523696422575,
      0.005903640784919262,
      0.00588070659160614,
      0.005890963725298643,
      0.00590146938636899,
      0.005924656582325697,
      0.005876812424361706,
      0.00590123747870326,
      0.005921877305805683,
      0.005831055838763714,
      0.00618291393622756,
      0.006017753877341748,
      0.005950272153019905,
      0.005857823836803436,
      0.005945717875659466,
      0.006031364729702473,
      0.0058646016934514045,
      0.006195906208455563,
      0.005859011444151401,
      0.005890085656642913,
      0.0061245791867375375,
      0.006096425332129001,
      0.005668745202422142,
      0.005808436864763498,
      0.0061595000095665455,
      0.005761876953840256,
      0.005791708217263222,
      0.006366840677559376,
      0.006255851901620626,
      0.005679561829119921,
      0.006407829561680556,
      0.005755903293043375,
      0.005744745849370956,
      0.005934560790210962,
      0.005697926725894213,
      0.0056217759822309015,
      0.005673350237309933,
      0.006450162079334259,
      0.005724120580255985,
      0.0055418289983272554,
      0.005678250510394573,
      0.005833632471859455,
      0.005529919506311417,
      0.005399372726082802,
      0.005944542662352324,
      0.0054743992415070535,
      0.005440389921367169,
      0.006271736196279526,
      0.0059588651265203955,
      0.005519507994353771,
      0.005407887464761734,
      0.006036872763633728,
      0.005349638518691063,
      0.005948148656636476,
      0.0052937982708215715,
      0.005563284967243671,
      0.005487040593028069,
      0.005375521564483642,
      0.005430743933618068,
      0.005306957922875881,
      0.00521619828954339,
      0.005552593731582164,
      0.005188640326857567,
      0.005564873616397381,
      0.005308900956511498,
      0.0054964684867858885,
      0.005114719203412533,
      0.005096400191932917,
      0.005088959055840969,
      0.0054538818788528445,
      0.005425331007838249,
      0.005223657584786415,
      0.0051758463563025,
      0.005018891792595386,
      0.0051346623696386815,
      0.0050110184891521935,
      0.0050019625529646875,
      0.004897290328145027,
      0.005013241655081511,
      0.005313246123939752,
      0.005083226919770241,
      0.0049972928903996945,
      0.00506330682605505,
      0.004948867271840573,
      0.0048140322643518444,
      0.005251873188614845,
      0.005061135429441929,
      0.004987588182836771,
      0.0048265700000524525,
      0.004808378397226334,
      0.0047693106180429455,
      0.00476043395191431,
      0.004786722109764815,
      0.004838064048588276,
      0.0049059318847954276,
      0.0046680385673046115,
      0.0047625563675165175,
      0.005045040645301342,
      0.004569587554186583,
      0.004671964871585369,
      0.004580852434635163,
      0.004588502645939589,
      0.004540504020750523,
      0.00451491018652916,
      0.004508674724400043,
      0.004689316907525063,
      0.004627160269021988,
      0.004447493837922811,
      0.004467257138639689,
      0.004526751892566681,
      0.00450892390653491,
      0.004391924290657044,
      0.004345491989254951,
      0.004389183094352484,
      0.004369849017560482,
      0.004310856670439243,
      0.004497852348536253,
      0.004327313758432865,
      0.004287128164023161,
      0.004227259269356728,
      0.004427924879193306,
      0.0042418048344552515,
      0.0042374488118290905,
      0.004182670483887195,
      0.004175150983035564,
      0.0041316699154675006,
      0.004182906450331211,
      0.004227381372153759,
      0.004185889836847782,
      0.004082383184432983,
      0.004056447774916887,
      0.0041340200412273405,
      0.004035252964347601,
      0.0040149052068591115,
      0.003990516099184752,
      0.003992128174751997,
      0.004065095377266407,
      0.0039742953166365625,
      0.003939876575917005,
      0.003952684612125158,
      0.003908773438930512,
      0.0038959582062065602,
      0.0038844673576951027,
      0.0038629578480124474,
      0.00383575803861022,
      0.0038283311626315115,
      0.00381253173366189,
      0.003798499497324228,
      0.0037797241258621214,
      0.003761442894041538,
      0.0037757636800408363,
      0.003731319752931595,
      0.0037087131422758103,
      0.003702191956490278,
      0.0036841901235282423,
      0.003674011853337288,
      0.003657904374599457,
      0.0036483981505036353,
      0.003632106830328703,
      0.0036147383114695547,
      0.0035999322156608105,
      0.0035783017718791963,
      0.0035686671955883504,
      0.0035589229442179204
    ],
    "eval_losses": [
      0.006454705977439881,
      0.00593931450843811,
      0.005668651363998652,
      0.005621514280885458,
      0.005370720990002156,
      0.005424072190374136,
      0.0053862346366047855,
      0.005352827546000481,
      0.005333358664065599,
      0.0054991740517318245,
      0.00759647528976202,
      0.005239778350293637,
      0.005509432981908321,
      0.008098006610572339,
      0.005026933014392853,
      0.0066811032891273495,
      0.004958599127084017,
      0.0049270181961357596,
      0.0047138992317020895,
      0.00487068684771657,
      0.004619827074557542,
      0.004621250419318676,
      0.004730315364152193,
      0.004482785379141569,
      0.004699397420883179,
      0.0046229050286114215,
      0.0042647150002419944,
      0.004258554389327765,
      0.004286670589447022,
      0.004130223958194255,
      0.00405793409049511,
      0.004064013061672449,
      0.004018321534991264,
      0.003944858567416668,
      0.0039624010525643825,
      0.0038732071049511433,
      0.00383687841296196,
      0.0038006122700870036,
      0.0038107247345149516,
      0.003745451932772994
    ],