{
  "args": {
    "device": "cuda:4",
    "exp_home": "./results",
    "ds_name": "imagenet32",
    "mode": "denoising",
    "noise_std": 0.25,
    "down_scale": 2.0,
    "model_type": "hourglass",
    "latent_dim": 3400,
    "hidden_dims": [
      270,
      270,
      270,
      270,
      270
    ],
    "wo_Win": false,
    "fix_Win": false,
    "I_Win": false,
    "batch_size": 512,
    "epochs": 2,
    "lr": 0.0003,
    "use_augmentation": true,
    "aug_num": 4,
    "run_id": 1,
    "seed": 42
  },
  "training_logs": {
    "train_losses": [
      0.013356183413416147,
      0.008879992581903935,
      0.008116783352568746,
      0.007793473087251187,
      0.007614453778602183,
      0.0074806385980919,
      0.007371079843491316,
      0.007307571267709136,
      0.007229600537568331,
      0.007182141415774822,
      0.007135453378781676,
      0.007100899459794164,
      0.007053659780882299,
      0.007022432632744312,
      0.006978439630009234,
      0.006942688166163862,
      0.006904981020838022,
      0.0068614505464211105,
      0.00685230185650289,
      0.006820789809338749,
      0.00679030728712678,
      0.006753004412166775,
      0.006740426179021597,
      0.006702503966167569,
      0.006670363264158368,
      0.006646151439286769,
      0.006609319367446006,
      0.0065862790830433365,
      0.006553341425955295,
      0.006529191979207098,
      0.006501098421402275,
      0.006484126797877252,
      0.0064614941589534285,
      0.0064371495302766564,
      0.0064139806404709815,
      0.006390226330608129,
      0.0063647694690153,
      0.006343845021910965,
      0.006326477154158056,
      0.006310578032396734
    ],
    "eval_losses": [
      0.007725596527457237,
      0.007416502920389176,
      0.006970063103735447,
      0.006790798086971045,
      0.006765139496177435,
      0.006555999618023634,
      0.006386323263198137,
      0.006279934109151363
    ],
    "psnr": [
      21.12273050354004,
      21.299810938720704,
      21.569481220092772,
      21.682667599487306,
      21.699178784179686,
      21.8355661920166,
      21.94936702697754,
      22.02235524230957
    ],
    "best_epoch": null,
    "best_step": 20000,
    "best_eval_loss": 0.006279934109151363
  },
  "test_results": {
    "test_loss": 0.006270179740041494,
    "test_psnr": 22.029587693481446
  }
}