{
  "args": {
    "device": "cuda:0",
    "exp_home": "./results",
    "ds_name": "mnist",
    "mode": "denoising",
    "noise_std": 0.25,
    "down_scale": 2.0,
    "model_type": "conventional",
    "latent_dim": 784,
    "hidden_dims": [
      905,
      905,
      905,
      905
    ],
    "wo_Win": true,
    "fix_Win": false,
    "I_Win": false,
    "wo_Wout": true,
    "batch_size": 128,
    "epochs": 30,
    "lr": 0.005,
    "use_augmentation": false,
    "aug_num": 2,
    "run_id": 5,
    "seed": 42
  },
  "training_logs": {
    "train_losses": [
      0.0315858091711998,
      0.027201131139993666,
      0.02756814557671547,
      0.027488725175857542,
      0.027621381512880325,
      0.02754444666147232,
      0.027599823715686797,
      0.026846646485328675,
      0.0265858485609293,
      0.026068770928382872,
      0.026379106052517892,
      0.025999334030151366,
      0.025627193868160248,
      0.025213806809186935,
      0.02460372154533863,
      0.024059992934465407,
      0.023834680420160292,
      0.023126440224051477,
      0.022766720686554907,
      0.022220465710163118,
      0.021772286244630814,
      0.0209416163957119,
      0.02030820760846138,
      0.019825517815947533,
      0.019460494614839553,
      0.019105590151548387,
      0.018853261197805404,
      0.018575546306967734,
      0.0183939563447237,
      0.01819847443461418
    ],
    "eval_losses": [
      0.025420295479893683,
      0.02635639796555042,
      0.023510616263747217,
      0.021338757413625717,
      0.018917396238446234,
      0.017892796328663824
    ],
    "psnr": [
      15.96084740600586,
      15.808474465942382,
      16.29826362915039,
      16.715143057250977,
      17.234688412475585,
      17.47631578979492
    ],
    "ssim": [
      0.8318618670463562,
      0.8287892318725586,
      0.841821368598938,
      0.8514728479385376,
      0.8654931469917297,
      0.8719551010131836
    ],
    "best_epoch": 30,
    "best_step": null,
    "best_eval_loss": 0.017892796328663824
  },
  "test_results": {
    "test_loss": 0.017697465738654137,
    "test_psnr": 17.533632489013673,
    "test_ssim": 0.8734893613815308
  }
}