{
  "args": {
    "device": "cuda:9",
    "exp_home": "./results",
    "ds_name": "mnist",
    "mode": "generative_classification",
    "noise_std": 0.25,
    "down_scale": 2.0,
    "model_type": "conventional",
    "latent_dim": 784,
    "hidden_dims": [
      1150,
      1150
    ],
    "wo_Win": false,
    "fix_Win": false,
    "I_Win": false,
    "batch_size": 128,
    "epochs": 100,
    "lr": 0.0001,
    "use_augmentation": true,
    "aug_num": 2,
    "run_id": 1,
    "seed": 42
  },
  "training_logs": {
    "train_losses": [
      0.017395704439878465,
      0.005181543184369803,
      0.003749121425151825,
      0.0030242083621025086,
      0.0025223192987963556,
      0.00220118319414556,
      0.0019185105662047864,
      0.0016745422408357264,
      0.0015395658661052584,
      0.0013390642531216144,
      0.0012401043897122144,
      0.00111886876989156,
      0.0009830685386806727,
      0.0009634953886270523,
      0.000882749141715467,
      0.0008199088928196579,
      0.00075269964447245,
      0.0007321370585635304,
      0.0006587885698862374,
      0.0006168892370536923,
      0.0006242752006929368,
      0.0005079771567881108,
      0.0005084580316580832,
      0.00047970522252842784,
      0.0004964313856326044,
      0.00040321029270067813,
      0.00040999995159450917,
      0.00040140087382867934,
      0.0003655647804401815,
      0.00036966922047548,
      0.0003657861758209765,
      0.0003211555007472634,
      0.00032489386392757296,
      0.0003588995593134314,
      0.0002502986710704863,
      0.00027758992477320134,
      0.00023425153465941547,
      0.00030406776315532625,
      0.0002589805320091546,
      0.00020967197813093663,
      0.00031247126686386763,
      0.00020899689807556569,
      0.0002793199064768851,
      0.00018363803973421455,
      0.00017963866143487394,
      0.00019036439586430788,
      0.0002027828627359122,
      0.0001734116313420236,
      0.00015413553245365619,
      0.00013002140728291125,
      0.00021781899329274894,
      0.00018636407024227083,
      0.00011670642659533769,
      0.00011600197224179283,
      0.00010621867043664678,
      0.00018973993171472102,
      0.00011728436570847407,
      0.00010333557650446892,
      0.00013017459524329751,
      0.00010312700934242457,
      0.00013157138927374036,
      0.00010263470546575264,
      7.799572977237403e-05,
      0.0001395678523229435,
      9.576711597386748e-05,
      7.829966157209128e-05,
      8.485209212638438e-05,
      0.00010324752017855645,
      7.33094337489456e-05,
      6.998301015701145e-05,
      6.217619638890028e-05,
      8.009657520335168e-05,
      7.987964738160371e-05,
      6.859616453293711e-05,
      6.321848123334349e-05,
      7.004390438785777e-05,
      6.476568169426173e-05,
      6.916464550187811e-05,
      5.170165169984102e-05,
      4.992014286108315e-05,
      5.712529879063368e-05,
      5.0139810531400144e-05,
      4.581102749099955e-05,
      4.307657283032313e-05,
      4.442858160473406e-05,
      4.2664943903218956e-05,
      4.386047687381506e-05,
      4.023435308365151e-05,
      3.899583148537204e-05,
      3.8136312741553414e-05,
      3.848699897294864e-05,
      3.5602710070088505e-05,
      3.521474590525031e-05,
      3.388668596278876e-05,
      3.353822017321363e-05,
      3.389625103911385e-05,
      3.311445069964975e-05,
      3.129927775124088e-05,
      3.178862932138145e-05,
      3.095185689162463e-05
    ],
    "eval_losses": [
      0.0035415871338918803,
      0.0031695216454565526,
      0.0028688549103215335,
      0.0029063015799969433,
      0.0025616365098394453,
      0.0024706864036619664,
      0.00271879161298275,
      0.00275275347083807,
      0.0022747872005682438,
      0.00221192904189229,
      0.002137708569690585,
      0.0020722167991101743,
      0.0021021463852375745,
      0.002072273974865675,
      0.002071226224862039,
      0.0020478414073586463,
      0.001992158694937825,
      0.001948893966153264,
      0.0019683009956032037,
      0.0019499107364565134
    ],
    "psnr": [
      24.743092657470704,
      25.270996200561523,
      25.775364050292968,
      25.75093897705078,
      26.314173831176756,
      26.529933770751953,
      26.112150524902344,
      26.117099917602538,
      26.926339892578124,
      27.120253369140624,
      27.3818975402832,
      27.498461935424803,
      27.477789389038087,
      27.522014096069334,
      27.56656113586426,
      27.589236520385743,
      27.72405084838867,
      27.774530035400392,
      27.799250842285158,
      27.854612377929687
    ],
    "best_epoch": 90,
    "best_step": null,
    "best_eval_loss": 0.001948893966153264
  },
  "test_results": {
    "test_loss": 0.001980371942240163,
    "test_psnr": 30.072443548583983
  }
}