{
  "args": {
    "device": "cuda:0",
    "exp_home": "./results",
    "ds_name": "mnist",
    "mode": "denoising",
    "noise_std": 0.25,
    "down_scale": 2.0,
    "model_type": "conventional",
    "latent_dim": 784,
    "hidden_dims": [
      1150,
      1150,
      1150,
      1150,
      1150,
      1150
    ],
    "wo_Win": true,
    "fix_Win": false,
    "I_Win": false,
    "wo_Wout": true,
    "batch_size": 128,
    "epochs": 30,
    "lr": 0.005,
    "use_augmentation": false,
    "aug_num": 2,
    "run_id": 3,
    "seed": 42
  },
  "training_logs": {
    "train_losses": [
      0.03332763545513153,
      0.02821101975798607,
      0.028980045493841172,
      0.029108055282831193,
      0.028944555743336677,
      0.029087207323908806,
      0.028652094229459763,
      0.028686922208070755,
      0.028259988738298415,
      0.027977425077557565,
      0.02797928086936474,
      0.027390105820894243,
      0.026766745136380197,
      0.02649516616165638,
      0.02636775178909302,
      0.025682665355801583,
      0.02553641263306141,
      0.024882680554389955,
      0.024594631692171097,
      0.02432195629000664,
      0.023812279084324837,
      0.02378508187353611,
      0.02314923652470112,
      0.02283822183430195,
      0.022480880541205405,
      0.021966974692344664,
      0.021687824887633322,
      0.021411819006800652,
      0.021061998599767685,
      0.02071967801332474
    ],
    "eval_losses": [
      0.028068175533413887,
      0.02761240480542183,
      0.024815845197439193,
      0.023759448748826982,
      0.021626633405685425,
      0.020099984657764434
    ],
    "psnr": [
      15.537163778686523,
      15.606377731323242,
      16.068693743896485,
      16.256185595703126,
      16.66295867614746,
      16.979099633789062
    ],
    "ssim": [
      0.821091877746582,
      0.8245664840698242,
      0.8374095203399659,
      0.8432273653030395,
      0.8545190004348755,
      0.8616179679870606
    ],
    "best_epoch": 30,
    "best_step": null,
    "best_eval_loss": 0.020099984657764434
  },
  "test_results": {
    "test_loss": 0.01958978089392185,
    "test_psnr": 17.10772794189453,
    "test_ssim": 0.8646214282989502
  }
}