{
  "args": {
    "device": "cuda:2",
    "exp_home": "./results",
    "ds_name": "mnist",
    "mode": "generative_classification",
    "noise_std": 0.25,
    "down_scale": 2.0,
    "model_type": "conventional",
    "latent_dim": 784,
    "hidden_dims": [
      1150
    ],
    "wo_Win": false,
    "fix_Win": true,
    "I_Win": false,
    "batch_size": 128,
    "epochs": 200,
    "lr": 0.0005,
    "use_augmentation": true,
    "aug_num": 2,
    "run_id": 4,
    "seed": 42
  },
  "training_logs": {
    "train_losses": [
      0.01830549649119377,
      0.008980147777199745,
      0.007700296674668789,
      0.006862733180820942,
      0.006340219863951206,
      0.0058589753124117855,
      0.005472941550463438,
      0.005163885137736798,
      0.004885015856921673,
      0.0046399512012302874,
      0.004419299100041389,
      0.0042362888784706594,
      0.004090762491375208,
      0.003964123660326004,
      0.003805994728207588,
      0.00367406831279397,
      0.003581481528133154,
      0.0034326461581885813,
      0.0033729277043044567,
      0.003277395442277193,
      0.003196800941377878,
      0.0031304831647127867,
      0.003057923527508974,
      0.002949418094456196,
      0.002883098635673523,
      0.0028650334131717684,
      0.0027785528026521207,
      0.0027452723717689516,
      0.0026927640593051912,
      0.0026762295314669607,
      0.0026172106248885394,
      0.0025603767916560173,
      0.002514801990836859,
      0.0024991923057287933,
      0.0024500028935074804,
      0.0024216503030061723,
      0.0023762891172617673,
      0.0023284902899712323,
      0.0023226183129101993,
      0.0022797663400322197,
      0.0022646201778948306,
      0.0022173587568849323,
      0.0022231628608703614,
      0.0021829014947265385,
      0.0021530925861746072,
      0.0021425976483523844,
      0.0021044725933671,
      0.002093780233114958,
      0.002082717241421342,
      0.0020478835182636975,
      0.0020377855775505303,
      0.0020113690657913683,
      0.0019989396762102843,
      0.001986653693318367,
      0.0019691466798633338,
      0.001937946379557252,
      0.0019411077070981264,
      0.0019264913517981768,
      0.0019033156877011062,
      0.0018901862639188766,
      0.0018651785755157471,
      0.0018399678862839938,
      0.0018421624611318112,
      0.0018296416134387255,
      0.0018093365403264762,
      0.001789884440302849,
      0.0017806329752504825,
      0.0017613865130394696,
      0.001774557582437992,
      0.0017303931016474962,
      0.0017377058644592763,
      0.0017385891629010438,
      0.0016996492044627667,
      0.0016946481715142726,
      0.0016893195080012083,
      0.0016747580292075872,
      0.0016693384648114444,
      0.0016552089274674655,
      0.0016489953901618719,
      0.001646520553305745,
      0.0016242640279605985,
      0.001622903800457716,
      0.001602152914106846,
      0.0015970066925138234,
      0.0015897425236552954,
      0.0015763107181340455,
      0.0015623651511967181,
      0.0015595913438498975,
      0.0015511242988705636,
      0.001550221484526992,
      0.0015320266789197923,
      0.0015256269835680722,
      0.001526472609117627,
      0.0015058437598496675,
      0.0015101309768110515,
      0.0014933979038894176,
      0.0014915749522671103,
      0.0014880080460757017,
      0.001475737469792366,
      0.0014637025249004364,
      0.0014588319177553058,
      0.0014495453182607888,
      0.0014405565302446485,
      0.0014289845870435237,
      0.0014301982767879963,
      0.0014201306723058225,
      0.0014171424470469356,
      0.0014019911725446582,
      0.0014004568766802549,
      0.0013899500082433223,
      0.0013934304274618625,
      0.0013753886740654707,
      0.001375289325863123,
      0.001368708565235138,
      0.0013662367809563875,
      0.0013429021495580673,
      0.001338897234685719,
      0.0013358341556042432,
      0.0013373416270315646,
      0.0013286426598578692,
      0.0013290070865303277,
      0.0013060319420322775,
      0.0013075160495191812,
      0.0013032116133719683,
      0.0012996371833980083,
      0.0012824989278241992,
      0.0012799540236592293,
      0.0012834523338079453,
      0.0012702359186112881,
      0.001269716536141932,
      0.001263832574337721,
      0.0012514326480776072,
      0.0012472688358649612,
      0.0012361936913430692,
      0.0012324193206429482,
      0.0012311797458678484,
      0.001225760560706258,
      0.0012236802183091641,
      0.001218179283440113,
      0.0012085967046767472,
      0.0012095238827914,
      0.0011989603496715426,
      0.0011959068305790424,
      0.0011933669984340667,
      0.0011888971932977439,
      0.0011763600531592966,
      0.0011732449323683977,
      0.00117015326872468,
      0.0011600433585047722,
      0.0011610264614596963,
      0.0011584357714653016,
      0.0011530227296054363,
      0.0011427326456457376,
      0.0011474597123265267,
      0.001141348405443132,
      0.0011277495227009057,
      0.0011264539928734303,
      0.0011209796208888293,
      0.001119549845047295,
      0.0011055715779960155,
      0.001106709393300116,
      0.001102048736847937,
      0.001091919969022274,
      0.001096282169111073,
      0.0010932163437828422,
      0.0010803105296567082,
      0.001078832360804081,
      0.0010737128115072847,
      0.00107217557169497,
      0.0010706594133377074,
      0.0010592018864303827,
      0.0010547683942690492,
      0.0010526870918273925,
      0.0010494003805518151,
      0.001043112311512232,
      0.0010412591214478016,
      0.0010311456537991763,
      0.0010313578560948373,
      0.0010289484134316444,
      0.0010222984885796904,
      0.0010223677529394627,
      0.0010091424950957298,
      0.0010038950864970685,
      0.001005748009160161,
      0.0010020176631584763,
      0.0009943557286262513,
      0.0009967595890909434,
      0.0009882874632626772,
      0.0009824000584706665,
      0.000982056422010064,
      0.0009758025633171201,
      0.0009767629903554916,
      0.0009653734420984984,
      0.0009612337528541685,
      0.0009606436744332313,
      0.0009544964127615094,
      0.0009531639516353607,
      0.0009486759946122766,
      0.0009424282921850682,
      0.000942061645835638
    ],
    "eval_losses": [
      0.007481921608746052,
      0.00630795224532485,
      0.005957934888452292,
      0.005878316702693701,
      0.005742112152278423,
      0.005410483364015817,
      0.005415998293459416,
      0.005375325375050306,
      0.005340009301900863,
      0.005293115945160389,
      0.005112637315690518,
      0.005136998733878136,
      0.005015338875353336,
      0.005031738754361868,
      0.005142776609957218,
      0.004930291359126568,
      0.004963056579977274,
      0.004948000593483448,
      0.004975123303383589,
      0.005045318437367678,
      0.0049807705387473105,
      0.004897740641981363,
      0.004911316607147455,
      0.004886206141859293,
      0.004868988363444805,
      0.004894255018979311,
      0.0048186838798224925,
      0.00481243053227663,
      0.004872519621253014,
      0.004827670457214117,
      0.0048461584828794,
      0.004791199310123921,
      0.00480366245880723,
      0.0047635361962020395,
      0.0047621947571635246,
      0.004852108922600746,
      0.0047917832255363465,
      0.004832865180820226,
      0.004870382127910852,
      0.004779440315812826
    ],