{
  "args": {
    "device": "cuda:6",
    "exp_home": "./results",
    "ds_name": "mnist",
    "mode": "denoising",
    "noise_std": 0.25,
    "down_scale": 2.0,
    "model_type": "conventional",
    "latent_dim": 784,
    "hidden_dims": [
      1150,
      1150,
      1150,
      1150,
      1150,
      1150,
      1150,
      1150,
      1150,
      1150,
      1150,
      1150,
      1150,
      1150,
      1150,
      1150,
      1150,
      1150,
      1150,
      1150,
      1150,
      1150,
      1150,
      1150,
      1150
    ],
    "wo_Win": false,
    "fix_Win": true,
    "I_Win": true,
    "batch_size": 128,
    "epochs": 100,
    "lr": 1e-05,
    "use_augmentation": true,
    "aug_num": 2,
    "run_id": 1,
    "seed": 42
  },
  "training_logs": {
    "train_losses": [
      0.039163260476589204,
      0.015141029837429524,
      0.011382353285551072,
      0.009632540730535984,
      0.008601979747712611,
      0.007909160077869893,
      0.007429332745075226,
      0.00706483973145485,
      0.0067596781802177425,
      0.006510269846767187,
      0.006304564199745655,
      0.006123956680297852,
      0.0059823251943290235,
      0.0058387991406023505,
      0.0057247236689925195,
      0.005630269162654877,
      0.005543665023446083,
      0.0054474003200232985,
      0.005378185555040836,
      0.00531301470965147,
      0.005241855411827564,
      0.005188492781370878,
      0.005135880761891603,
      0.0050777810072898865,
      0.005034696690291166,
      0.004985663521289825,
      0.004945099520832301,
      0.0049146844530105595,
      0.004878165946751833,
      0.004842942534834147,
      0.004808827397674322,
      0.004777260204404592,
      0.004748359473496676,
      0.0047294002431631085,
      0.004696117444783449,
      0.004669948152750731,
      0.0046451200971007345,
      0.004620269178599119,
      0.0046041370847821235,
      0.004578815294802189,
      0.00456545815050602,
      0.0045443690736591815,
      0.0045226426886022094,
      0.004505517741590738,
      0.004490170712769031,
      0.004474591254293918,
      0.0044514903664588925,
      0.0044449385365843775,
      0.0044287245212495325,
      0.0044159758913517,
      0.0043983823797106745,
      0.0043845310914516445,
      0.004377593521475792,
      0.004362800537645817,
      0.004348440177738667,
      0.0043338866730034354,
      0.004329509486109018,
      0.00431627658367157,
      0.004310259494483471,
      0.004292456627637148,
      0.004289547776728868,
      0.00428305076494813,
      0.004266646477431059,
      0.004260640915185213,
      0.004251295559853315,
      0.004240605642944574,
      0.00423716075077653,
      0.004231978370249271,
      0.004220505596101284,
      0.0042118516880273816,
      0.0042002410197257995,
      0.004196592591106892,
      0.004191903955042362,
      0.004181436622440815,
      0.004175533202886581,
      0.004174326105564833,
      0.004166564128547907,
      0.004158200864195823,
      0.00414934742346406,
      0.004148669592738152,
      0.0041458508397638795,
      0.004141254931986332,
      0.004138454334586859,
      0.004123824536204338,
      0.004124745681285858,
      0.0041188526545465,
      0.004117753422558308,
      0.004118682968020439,
      0.004111226251423359,
      0.00410750412851572,
      0.004101323863267899,
      0.004094815277606249,
      0.004098095426559448,
      0.0040920503221452235,
      0.004097975590676069,
      0.00408665328219533,
      0.00409192519813776,
      0.004085234039127827,
      0.004079509063065052,
      0.004084505236297845
    ],
    "eval_losses": [
      0.007747101794183254,
      0.006027076934278011,
      0.005402813564240933,
      0.005055773286521435,
      0.00485835943594575,
      0.004683304954320192,
      0.004580707214772701,
      0.004494830296188593,
      0.0044407458923757075,
      0.00437700456827879,
      0.004338123669475317,
      0.004297958303242922,
      0.004260585876554251,
      0.004236696679890156,
      0.0042072115138173105,
      0.004206083522737027,
      0.004192653775960207,
      0.004179260807484388,
      0.004163967052102089,
      0.004167706885933876
    ],
    "psnr": [
      21.111624954223632,
      22.201766998291017,
      22.676207287597656,
      22.96472434082031,
      23.137651147460936,
      23.296979052734375,
      23.393545709228516,
      23.475326834106447,
      23.52765609741211,
      23.59080338745117,
      23.629190411376953,
      23.669937600708007,
      23.708119018554687,
      23.732226864624025,
      23.762352365112303,
      23.76377453613281,
      23.777492559814455,
      23.7910875579834,
      23.80742162475586,
      23.803541775512695
    ],
    "ssim": [
      0.8645712833404541,
      0.8974480213165283,
      0.9108565191268921,
      0.9182153822898865,
      0.9207793169021606,
      0.9254929809570313,
      0.9285880689620971,
      0.92917339220047,
      0.930698916053772,
      0.9327166330337524,
      0.935166096496582,
      0.9349570680618287,
      0.9364201566696168,
      0.9369499794006347,
      0.9371053529739379,
      0.9373593591690064,
      0.9379316387176514,
      0.9383892883300782,
      0.9388115184783935,
      0.9379771609306335
    ],
    "best_epoch": 95,
    "best_step": null,
    "best_eval_loss": 0.004163967052102089
  },
  "test_results": {
    "test_loss": 0.004137267177179456,
    "test_psnr": 23.8433327331543,
    "test_ssim": 0.9399528056144715
  }
}