{
  "args": {
    "device": "cuda:1",
    "exp_home": "./results",
    "ds_name": "mnist",
    "mode": "generative_classification",
    "noise_std": 0.25,
    "down_scale": 2.0,
    "model_type": "conventional",
    "latent_dim": 784,
    "hidden_dims": [
      1150
    ],
    "wo_Win": true,
    "fix_Win": false,
    "I_Win": false,
    "batch_size": 128,
    "epochs": 100,
    "lr": 0.0001,
    "use_augmentation": false,
    "aug_num": 2,
    "run_id": 1,
    "seed": 42
  },
  "training_logs": {
    "train_losses": [
      0.03608065226197243,
      0.011717826552093028,
      0.009052672323584556,
      0.007589376837611198,
      0.006595985895693302,
      0.005933730255961418,
      0.005388168614655733,
      0.0049483734413981436,
      0.004599269798696041,
      0.004307498954832554,
      0.004018397198244929,
      0.0037982313095778226,
      0.0035855885825306177,
      0.0033878953305631876,
      0.003235727671533823,
      0.003074835581034422,
      0.002929603151679039,
      0.002774543500468135,
      0.0026640136087685822,
      0.002580582542568445,
      0.0024699277710914613,
      0.002386692081913352,
      0.002304074754714966,
      0.0022128942378610373,
      0.002146122240945697,
      0.0020835029888153075,
      0.0020270215332135557,
      0.001980561041906476,
      0.0018931900176033377,
      0.0018584903368726372,
      0.001809445689842105,
      0.0017685665102303027,
      0.0017044946441799403,
      0.0016868332386389374,
      0.001648870921358466,
      0.0016008608546853066,
      0.0015815011547133326,
      0.0015475384148955346,
      0.0015251639150455595,
      0.0014793326111882926,
      0.0014639790364354849,
      0.00143569322347641,
      0.0014092384738475085,
      0.001394379399418831,
      0.001370343577079475,
      0.0013492652019485832,
      0.0013115590365231037,
      0.0013063039756566286,
      0.0012916889172047378,
      0.0012849880101159215,
      0.0012402388091757894,
      0.0012372149743512272,
      0.0012254644383490085,
      0.0012166282378509642,
      0.0011833270225673914,
      0.0011743268102779984,
      0.0011668112248182296,
      0.001157215260490775,
      0.0011422563711181283,
      0.0011312036087363958,
      0.001121569444835186,
      0.0011054910971969366,
      0.0011038959169015288,
      0.0010792546970397234,
      0.0010714043657109142,
      0.0010692021983861922,
      0.0010527904783934354,
      0.00104762361086905,
      0.0010414736484363675,
      0.0010298912671208383,
      0.0010190492621436715,
      0.0010217586813122035,
      0.0010097631588950754,
      0.0009964817386493086,
      0.0009878124108165503,
      0.0009823942482098938,
      0.0009821243489161135,
      0.0009619770442321897,
      0.0009606144703924656,
      0.0009621706848591566,
      0.0009493434080481529,
      0.0009421321277692914,
      0.0009411306703463197,
      0.0009348665282502771,
      0.0009234417844191194,
      0.0009306425270438195,
      0.0009175641700066626,
      0.0009156343869678676,
      0.0009035762061178684,
      0.0009099824921786785,
      0.0009036746449396014,
      0.0008931359076872469,
      0.0008850116474553943,
      0.0008884382955357432,
      0.0008769946195930242,
      0.0008836731035634875,
      0.0008798235855065286,
      0.0008820731627196074,
      0.0008692362406477332,
      0.0008691319485381245
    ],
    "eval_losses": [
      0.007226314102113247,
      0.006004499123245478,
      0.0056036615528166295,
      0.005308190049231052,
      0.005142999071627855,
      0.005106023846566677,
      0.00498753702044487,
      0.005116298470646143,
      0.00491928364187479,
      0.004895044109225273,
      0.004963474798947573,
      0.00482565094679594,
      0.004722845750302076,
      0.004910034421086311,
      0.004828916888684034,
      0.004773550489544869,
      0.004828035482019186,
      0.004849728345125913,
      0.004913767134398222,
      0.004702656801789999
    ],
    "psnr": [
      21.50174033203125,
      22.320400424194336,
      22.645339096069335,
      22.87232295227051,
      23.037824209594728,
      23.05296770324707,
      23.17552473144531,
      23.05330901184082,
      23.241115347290037,
      23.254552029418946,
      23.204279302978517,
      23.31188991088867,
      23.414621572875976,
      23.242361019897462,
      23.318259921264648,
      23.374017218017578,
      23.32113210144043,
      23.306694674682618,
      23.261489959716798,
      23.443464416503907
    ],
    "best_epoch": 100,
    "best_step": null,
    "best_eval_loss": 0.004702656801789999
  },
  "test_results": {
    "test_loss": 0.00472218288835138,
    "test_psnr": 23.909372766113282
  }
}