{
  "args": {
    "device": "cuda:0",
    "exp_home": "./results",
    "ds_name": "mnist",
    "mode": "denoising",
    "noise_std": 0.25,
    "down_scale": 2.0,
    "model_type": "conventional",
    "latent_dim": 784,
    "hidden_dims": [
      905,
      905,
      905
    ],
    "wo_Win": true,
    "fix_Win": false,
    "I_Win": false,
    "wo_Wout": true,
    "batch_size": 128,
    "epochs": 30,
    "lr": 0.0001,
    "use_augmentation": false,
    "aug_num": 2,
    "run_id": 2,
    "seed": 42
  },
  "training_logs": {
    "train_losses": [
      0.02676265367925167,
      0.009201482833623886,
      0.0071642071762681005,
      0.006337183686196804,
      0.005842317152619362,
      0.005545076795518398,
      0.005312962217330933,
      0.005150509158372879,
      0.005019919771850109,
      0.00492157600492239,
      0.0048110601079463956,
      0.004734331666231156,
      0.004671490148454905,
      0.004615587633401155,
      0.004560981808453798,
      0.004514950746595859,
      0.0044684039305150506,
      0.004450303640216589,
      0.004411019234359264,
      0.004378295353651047,
      0.004353160523325205,
      0.004325812629759312,
      0.004302901633679867,
      0.004288788665980101,
      0.004265101297199726,
      0.00425562240600586,
      0.004241996462792158,
      0.004224331731796265,
      0.004209988285154104,
      0.004199817902296781
    ],
    "eval_losses": [
      0.005421694391220808,
      0.004689957618713379,
      0.004438486048579216,
      0.004282001677900553,
      0.004210136871784925,
      0.004169196039438248
    ],
    "psnr": [
      22.660835165405274,
      23.2911065826416,
      23.52981531677246,
      23.685219036865234,
      23.759154132080077,
      23.801613912963866
    ],
    "ssim": [
      0.8553541990280151,
      0.8906733610153198,
      0.9100458278656006,
      0.9182359270095826,
      0.921678863620758,
      0.9237121656417847
    ],
    "best_epoch": 30,
    "best_step": null,
    "best_eval_loss": 0.004169196039438248
  },
  "test_results": {
    "test_loss": 0.004125594137609005,
    "test_psnr": 23.85463525695801,
    "test_ssim": 0.9256591494560241
  }
}