{
  "args": {
    "device": "cuda:8",
    "exp_home": "./results",
    "ds_name": "mnist",
    "mode": "denoising",
    "noise_std": 0.25,
    "down_scale": 2.0,
    "model_type": "conventional",
    "latent_dim": 784,
    "hidden_dims": [
      1150,
      1150,
      1150,
      1150,
      1150,
      1150
    ],
    "wo_Win": false,
    "fix_Win": false,
    "I_Win": false,
    "wo_Wout": false,
    "batch_size": 128,
    "epochs": 30,
    "lr": 0.0001,
    "use_augmentation": false,
    "aug_num": 2,
    "run_id": 1,
    "seed": 42
  },
  "training_logs": {
    "train_losses": [
      0.024417837671339513,
      0.009509962571561337,
      0.0076272278103232385,
      0.006793487025648356,
      0.006290355223566294,
      0.005919962876290083,
      0.005671016690731049,
      0.005483240797370672,
      0.005292318069934845,
      0.0051725775341689584,
      0.005038689410984516,
      0.004933681173324585,
      0.004858136087954044,
      0.004766603993326426,
      0.004708944803774357,
      0.004632285544276238,
      0.004574241755008698,
      0.004526049277633428,
      0.004463315713256598,
      0.0044172935695946216,
      0.00438148147881031,
      0.004332062538266182,
      0.004285424479991197,
      0.004259206654578448,
      0.004226091339588165,
      0.004199619228243827,
      0.00417172613337636,
      0.004141878095269203,
      0.0041244007009267804,
      0.004094278226345778
    ],
    "eval_losses": [
      0.006038819466531277,
      0.005108798857033253,
      0.004693854784220457,
      0.004499596279114485,
      0.004338826441019773,
      0.004227575664967298
    ],
    "psnr": [
      22.19375883178711,
      22.919680084228517,
      23.28754007873535,
      23.47082191772461,
      23.628908963012694,
      23.74191056213379
    ],
    "ssim": [
      0.8945877654075622,
      0.9068505093574524,
      0.918814821434021,
      0.9241269556045533,
      0.9301457473754883,
      0.9328231238365173
    ],
    "best_epoch": 30,
    "best_step": null,
    "best_eval_loss": 0.004227575664967298
  },
  "test_results": {
    "test_loss": 0.00420905774794519,
    "test_psnr": 23.769849688720704,
    "test_ssim": 0.9340139366149902
  }
}