{
  "args": {
    "device": "cuda:9",
    "exp_home": "./results",
    "ds_name": "mnist",
    "mode": "generative_classification",
    "noise_std": 0.25,
    "down_scale": 2.0,
    "model_type": "conventional",
    "latent_dim": 784,
    "hidden_dims": [
      1150,
      1150
    ],
    "wo_Win": false,
    "fix_Win": true,
    "I_Win": false,
    "batch_size": 128,
    "epochs": 100,
    "lr": 5e-05,
    "use_augmentation": true,
    "aug_num": 2,
    "run_id": 2,
    "seed": 42
  },
  "training_logs": {
    "train_losses": [
      0.02603413070678711,
      0.006920962092727423,
      0.0050778250068426135,
      0.0039805074456334116,
      0.003303910611718893,
      0.0028162942411750556,
      0.0024413554413616656,
      0.002117024714574218,
      0.0018494566027075052,
      0.0016592646253108978,
      0.0015122598741203546,
      0.0013200089537724852,
      0.0012051710921525956,
      0.0010979837293364108,
      0.0009944235367700457,
      0.0009106609641760587,
      0.0008366640849411487,
      0.0007978871602565051,
      0.0007397058901563286,
      0.0006742385077849031,
      0.0006224864819925278,
      0.0005900394983589649,
      0.0005594083546102047,
      0.0005119998710975051,
      0.00047052139263600114,
      0.0004901073488034308,
      0.00046558921055868266,
      0.00042523701844736936,
      0.00041018187278881666,
      0.00040705725381150843,
      0.000376312829554081,
      0.00035583439568057654,
      0.0003206133980490267,
      0.00030876093585044146,
      0.00031530287014320494,
      0.00033106012869626284,
      0.0002971262225229293,
      0.00027242359871044753,
      0.0002905042607150972,
      0.00025960815988481045,
      0.0002436179096903652,
      0.00025749403604306283,
      0.00022490716793108732,
      0.00021060123690404,
      0.00023102305864915252,
      0.0002200185238197446,
      0.0001930949152307585,
      0.00018093620736151934,
      0.00020052037962712348,
      0.0001995262252725661,
      0.00018659502015449107,
      0.00016290584878064692,
      0.00015934849930927157,
      0.00017589549811556935,
      0.00016687651772983371,
      0.00014989882471971213,
      0.0001489624968264252,
      0.00014342201126739382,
      0.00013847476909868418,
      0.00014563997123390437,
      0.00013064373542554677,
      0.00012826648827642202,
      0.00012381127730477602,
      0.00012083319249097258,
      0.00011620146596804261,
      0.00012010257963091135,
      0.00010559162138495594,
      0.00011294357053004205,
      9.978427392896265e-05,
      0.0001138930742116645,
      9.709994364995509e-05,
      0.00010696771072689443,
      8.973495583515615e-05,
      8.916634454391897e-05,
      8.61187106394209e-05,
      8.520378339104354e-05,
      8.62283067824319e-05,
      8.764457382494584e-05,
      8.048992551397532e-05,
      8.039286329876632e-05,
      7.894894424825907e-05,
      7.558339533861727e-05,
      7.61469745170325e-05,
      7.727858849102631e-05,
      7.31261227838695e-05,
      7.111946577206254e-05,
      7.481625466607512e-05,
      6.853372170589865e-05,
      6.714658153709024e-05,
      6.739228389691561e-05,
      6.717769834445789e-05,
      6.385801115073264e-05,
      6.535055470652879e-05,
      6.355000156909227e-05,
      6.19688709685579e-05,
      6.219123213086278e-05,
      6.003584424965084e-05,
      6.009014777373523e-05,
      6.0216402602382e-05,
      5.928779555018991e-05
    ],
    "eval_losses": [
      0.004023077147826552,
      0.003367179011553526,
      0.003026924354210496,
      0.003007770601287484,
      0.002998696928843856,
      0.002788169953599572,
      0.002834814004600048,
      0.0027287162674590943,
      0.002618344181869179,
      0.002735727278795093,
      0.0026185440470464527,
      0.0025092546152882277,
      0.0024442118492908776,
      0.002440331830456853,
      0.0024196744532324374,
      0.0023759232210926714,
      0.002408744291821495,
      0.0023997026952914894,
      0.002386821669898927,
      0.0023667220178525896
    ],
    "psnr": [
      24.173923056030272,
      24.980399673461914,
      25.461490158081055,
      25.54996212158203,
      25.603073623657227,
      25.985018780517578,
      25.892196606445314,
      26.063780212402342,
      26.309790701293945,
      26.031917895507814,
      26.30211626586914,
      26.54113387451172,
      26.67480193786621,
      26.707824127197267,
      26.744137408447266,
      26.792918408203125,
      26.738149090576172,
      26.77349204711914,
      26.819592181396484,
      26.86052789916992
    ],
    "best_epoch": 100,
    "best_step": null,
    "best_eval_loss": 0.0023667220178525896
  },
  "test_results": {
    "test_loss": 0.0023654233618522996,
    "test_psnr": 28.776734155273438
  }
}