{
  "args": {
    "device": "cuda:1",
    "exp_home": "./results",
    "ds_name": "mnist",
    "mode": "denoising",
    "noise_std": 0.25,
    "down_scale": 2.0,
    "model_type": "conventional",
    "latent_dim": 784,
    "hidden_dims": [
      1150
    ],
    "wo_Win": false,
    "fix_Win": true,
    "I_Win": true,
    "batch_size": 128,
    "epochs": 100,
    "lr": 0.0001,
    "use_augmentation": true,
    "aug_num": 4,
    "run_id": 1,
    "seed": 42
  },
  "training_logs": {
    "train_losses": [
      0.022438536477983,
      0.007897001526504755,
      0.0064282692965865135,
      0.00581519245788455,
      0.005484637173563242,
      0.0052708504781126975,
      0.005116964083909988,
      0.005009047991782427,
      0.0049320136192440986,
      0.004848281164765358,
      0.004797056441158056,
      0.004747515447288752,
      0.004702206974476576,
      0.004662890136390925,
      0.004632949390262366,
      0.004597702448219061,
      0.004568498181253672,
      0.004548138364851475,
      0.004523707969635725,
      0.004499642087519169,
      0.004474087637513876,
      0.004454801401495933,
      0.004443753252029419,
      0.004426504599004984,
      0.004408039387017488,
      0.0043925704297423365,
      0.0043726833985745905,
      0.004359549584835767,
      0.004350774329006672,
      0.00433258631080389,
      0.004323378757834434,
      0.004313660392612219,
      0.00429305907189846,
      0.004288821988254785,
      0.004276882724016905,
      0.004265695360451936,
      0.004259947140216828,
      0.004248216142058373,
      0.00423720702111721,
      0.004223743976950646,
      0.004221693451553583,
      0.0042118059168756005,
      0.004197516929954291,
      0.004195589713156223,
      0.00418860612899065,
      0.0041816711364686485,
      0.00417097616493702,
      0.004168080363869667,
      0.004157788756042719,
      0.004153467416316271,
      0.004145165406316519,
      0.00414124439060688,
      0.004129266016632318,
      0.004132521471381188,
      0.004120430127084255,
      0.004112187341153622,
      0.004109504354298115,
      0.004105757426172495,
      0.004093570906072855,
      0.00409389061063528,
      0.004086302546858787,
      0.004080928547531367,
      0.004075843542963266,
      0.004068228522390127,
      0.004067722068279982,
      0.004063515600562096,
      0.0040614019502699375,
      0.004055282522886992,
      0.004045590547919273,
      0.0040438173186779025,
      0.004040532316863537,
      0.004035833341777324,
      0.004034884009659291,
      0.004027807787060737,
      0.00402614344894886,
      0.004026479178071022,
      0.004017759480476379,
      0.004012173681855202,
      0.004010821031033993,
      0.0040058433251082895,
      0.004004797153323888,
      0.004000741348862648,
      0.003995841156095266,
      0.003991604812592268,
      0.003991121949404478,
      0.003987839536070824,
      0.003989292663186789,
      0.003983534369766712,
      0.003979566651880741,
      0.003977780376821756,
      0.0039719187407195565,
      0.003973365769982338,
      0.0039673472391068935,
      0.003967601062059402,
      0.003965938031226397,
      0.003963536349087954,
      0.003962119174599647,
      0.003959409578442574,
      0.003957270716279745,
      0.003955682487785816
    ],
    "eval_losses": [
      0.005037433068454266,
      0.00452738626524806,
      0.004362855718284845,
      0.004276955060660839,
      0.004182009230554104,
      0.00412157579138875,
      0.004055208450555801,
      0.004048281850665808,
      0.00400857969224453,
      0.003974698265641927,
      0.003950267120823264,
      0.003916550894826651,
      0.003915556825697422,
      0.0038791088417172432,
      0.0038656917706131936,
      0.0038723982997238638,
      0.003853988742828369,
      0.003837201511114836,
      0.0038408288933336737,
      0.0038259966962039473
    ],
    "psnr": [
      22.980167221069337,
      23.443287637329103,
      23.604048416137694,
      23.690534371948242,
      23.788236236572267,
      23.851077334594727,
      23.921555700683594,
      23.929247817993165,
      23.972144900512696,
      24.00922221984863,
      24.03569391784668,
      24.07252703857422,
      24.073838479614256,
      24.114559487915038,
      24.129501751708986,
      24.1223183013916,
      24.14274852294922,
      24.16145739440918,
      24.157728686523438,
      24.174232611083983
    ],
    "ssim": [
      0.874735715675354,
      0.8931900158882141,
      0.9067405463218688,
      0.9084984384536743,
      0.9245773723602295,
      0.9230268838882446,
      0.928363197517395,
      0.9293087522506713,
      0.9304434049606323,
      0.9340643825531005,
      0.9355205373764038,
      0.9340590103149414,
      0.9357244317054748,
      0.9362769559860229,
      0.9406391555786133,
      0.9378905788421631,
      0.9399515556335449,
      0.9400782163619995,
      0.9418350104331971,
      0.9400712718963623
    ],
    "best_epoch": 100,
    "best_step": null,
    "best_eval_loss": 0.0038259966962039473
  },
  "test_results": {
    "test_loss": 0.0038074891235679387,
    "test_psnr": 24.201073693847658,
    "test_ssim": 0.9417211527824402
  }
}