{
  "args": {
    "device": "cuda:4",
    "exp_home": "./results",
    "ds_name": "mnist",
    "mode": "denoising",
    "noise_std": 0.25,
    "down_scale": 2.0,
    "model_type": "conventional",
    "latent_dim": 784,
    "hidden_dims": [
      1150,
      1150,
      1150,
      1150
    ],
    "wo_Win": false,
    "fix_Win": false,
    "I_Win": true,
    "batch_size": 128,
    "epochs": 200,
    "lr": 0.0001,
    "use_augmentation": true,
    "aug_num": 2,
    "run_id": 1,
    "seed": 42
  },
  "training_logs": {
    "train_losses": [
      0.020124425236284733,
      0.007878221673369408,
      0.0064547205652296545,
      0.005806397506892681,
      0.0054324471500515935,
      0.005183636366575956,
      0.004993370676040649,
      0.00485580951064825,
      0.004744634815007448,
      0.004655567035675049,
      0.004575602768361569,
      0.0045052758805453775,
      0.004445884144008159,
      0.004395040330439806,
      0.004345316741168499,
      0.004304248066991568,
      0.004270102100372314,
      0.004231408072412014,
      0.00419814767614007,
      0.004170516251474619,
      0.004141936367452145,
      0.004112954190969467,
      0.004093059378862381,
      0.004059858240485191,
      0.004042284299135208,
      0.00401312083080411,
      0.003996681056767702,
      0.0039824939285218715,
      0.003963240911364556,
      0.003946548573672772,
      0.003931185417622328,
      0.003910461302399635,
      0.003896074883043766,
      0.0038815414567291736,
      0.003864380954056978,
      0.0038514390854537486,
      0.003838430288285017,
      0.0038251035912334917,
      0.0038118044125288724,
      0.0037990163512527943,
      0.0037927629810571672,
      0.0037763615626096726,
      0.0037685731863975527,
      0.003753615370839834,
      0.003743714649155736,
      0.0037336328671872614,
      0.0037202504653483627,
      0.0037188132984936235,
      0.003706684364825487,
      0.0036968329590559004,
      0.003686050693243742,
      0.003678729727566242,
      0.003671233146339655,
      0.003662078206539154,
      0.0036534752786159517,
      0.003644476124048233,
      0.00363919959500432,
      0.0036300921627879144,
      0.0036240673878788947,
      0.00361242763787508,
      0.0036087716956436635,
      0.003601242299079895,
      0.0035891811718046667,
      0.0035869674767553808,
      0.003577733099758625,
      0.003570334289520979,
      0.0035645887140929697,
      0.003562202348038554,
      0.003552362497523427,
      0.0035476433877646924,
      0.0035403965345025064,
      0.0035372944656014444,
      0.0035306293016672133,
      0.003521534331664443,
      0.0035159020464122295,
      0.003512531480193138,
      0.00350712040707469,
      0.003500078235045075,
      0.003489669871479273,
      0.003485830232053995,
      0.003484622410610318,
      0.003478329228237271,
      0.0034761981651932,
      0.0034618681071698666,
      0.0034606692944467066,
      0.003456312727406621,
      0.003453718992173672,
      0.0034497430394589902,
      0.003441719519942999,
      0.0034355750991404057,
      0.003429114795029163,
      0.00342500654309988,
      0.003422850526049733,
      0.003417135379910469,
      0.003418365050703287,
      0.003406780846863985,
      0.003410506972372532,
      0.0034022702242434023,
      0.0033931814301013945,
      0.0033912382937222717,
      0.0033859240010380744,
      0.0033868886334449053,
      0.0033791497905552386,
      0.0033737499018013477,
      0.003370210401415825,
      0.0033637220611423256,
      0.003363832868933678,
      0.00335929356880486,
      0.003354958996400237,
      0.003353967505842447,
      0.0033466914847493172,
      0.003342989535033703,
      0.0033379537308216097,
      0.0033396933514624836,
      0.0033331134358793495,
      0.0033302883506566286,
      0.0033257202729582787,
      0.0033191868257522582,
      0.0033170171896368264,
      0.0033122635186463596,
      0.0033114585188776255,
      0.0033102445692569015,
      0.003302137541100383,
      0.003302544726282358,
      0.0032922781966626645,
      0.003295031056925654,
      0.0032860201271623373,
      0.0032869688225537538,
      0.0032796930792182684,
      0.003281791120171547,
      0.0032739004437625408,
      0.0032705549271404744,
      0.0032721374677121638,
      0.003264698411375284,
      0.0032645546780526637,
      0.0032594925364851954,
      0.0032565089631825684,
      0.003251747819706798,
      0.0032526401121914386,
      0.003245556145980954,
      0.0032438640543818475,
      0.0032407185297459364,
      0.003236224304437637,
      0.0032363504125177862,
      0.003231043984293938,
      0.003234030296355486,
      0.0032259668693691494,
      0.003225207163915038,
      0.0032200303372740746,
      0.0032183847636729477,
      0.003213267775028944,
      0.0032132865735143424,
      0.003207368805035949,
      0.003204740909188986,
      0.003204908513724804,
      0.0032007625583559273,
      0.0031967203799635174,
      0.0031967662792652847,
      0.003190408658236265,
      0.00319003749974072,
      0.003184479484707117,
      0.003183496616780758,
      0.0031788171243667604,
      0.0031754971323907375,
      0.0031754266507923604,
      0.0031729942516237498,
      0.0031689198879897595,
      0.0031678198997676372,
      0.0031643587742745875,
      0.003161083324700594,
      0.003159679643660784,
      0.003162553265094757,
      0.0031569098062068225,
      0.0031549278274923564,
      0.0031481024389714003,
      0.003147198014706373,
      0.003145850089639425,
      0.0031439454667270186,
      0.003140052055567503,
      0.003142943796440959,
      0.0031361544449627398,
      0.0031347206924110652,
      0.003135442020520568,
      0.003131437435001135,
      0.0031322306587547063,
      0.0031264825532585382,
      0.0031244639959931374,
      0.00312062842451036,
      0.003117450652047992,
      0.003118570964038372,
      0.003118103480190039,
      0.0031194185653328895,
      0.0031128854309767483,
      0.0031122962529212235,
      0.0031128587170690296,
      0.003107568446844816,
      0.0031060577865689993,
      0.003101405134871602,
      0.0031035779271274804,
      0.003103640065714717
    ],
    "eval_losses": [
      0.005116832858324051,
      0.004528190149366855,
      0.0043086936257779596,
      0.004169955603033304,
      0.004081268830597401,
      0.003972022414207459,
      0.003959974063932896,
      0.0038886935487389565,
      0.0038432064354419707,
      0.0038254141688346863,
      0.0037816630423069,
      0.0037532995514571667,
      0.0037298859499394895,
      0.003696361092478037,
      0.003674901607632637,
      0.0036764065228402617,
      0.0036498054690659045,
      0.003639543990045786,
      0.0036155094191432,
      0.0036193686030805113,
      0.0035992882043123244,
      0.0035871451426297426,
      0.003583560909330845,
      0.003565967368334532,
      0.0035477352857589723,
      0.003544057398289442,
      0.0035406739614903928,
      0.003537120657414198,
      0.0035073451444506644,
      0.003506585953757167,
      0.003498118212074041,
      0.0034833726108074187,
      0.00348177256770432,
      0.0034821700155735014,
      0.003471520534530282,
      0.003475634418055415,
      0.003455279114842415,
      0.0034540137380361558,
      0.0034501047804951666,
      0.0034491015788167714
    ],