{
  "args": {
    "device": "cuda:8",
    "exp_home": "./results",
    "ds_name": "mnist",
    "mode": "denoising",
    "noise_std": 0.25,
    "down_scale": 2.0,
    "model_type": "conventional",
    "latent_dim": 784,
    "hidden_dims": [
      905,
      905,
      905,
      905,
      905,
      905
    ],
    "wo_Win": false,
    "fix_Win": false,
    "I_Win": false,
    "wo_Wout": false,
    "batch_size": 128,
    "epochs": 30,
    "lr": 0.001,
    "use_augmentation": false,
    "aug_num": 2,
    "run_id": 2,
    "seed": 42
  },
  "training_logs": {
    "train_losses": [
      0.017741687763631345,
      0.008051121210753917,
      0.00685940141916275,
      0.006421779099106789,
      0.006050243079066276,
      0.00583238405957818,
      0.005587341330349446,
      0.005395564413964748,
      0.005270653240829706,
      0.005130728374421596,
      0.0050182366921007636,
      0.004902353575825691,
      0.004815928337275982,
      0.004743135646134615,
      0.004646837065219879,
      0.004563682692795992,
      0.00448906555429101,
      0.004427498278468847,
      0.004346673396378756,
      0.004280389021486044,
      0.004207672035694122,
      0.004151005963385105,
      0.0040847173935174945,
      0.004027008391469717,
      0.003953576608300209,
      0.0039049022863060236,
      0.003839680395871401,
      0.003779974012002349,
      0.0037146635971963405,
      0.0036544071608781816
    ],
    "eval_losses": [
      0.005877225762605667,
      0.005152741543203592,
      0.0047103491753339765,
      0.004340368587523699,
      0.004051474139094353,
      0.0037956115640699864
    ],
    "psnr": [
      22.31029110107422,
      22.88207893066406,
      23.27157272644043,
      23.62634552307129,
      23.925761001586913,
      24.209170986938478
    ],
    "ssim": [
      0.8967404541015624,
      0.9198912307739258,
      0.9232524068832397,
      0.929128806400299,
      0.9327084924697876,
      0.9363245811462403
    ],
    "best_epoch": 30,
    "best_step": null,
    "best_eval_loss": 0.0037956115640699864
  },
  "test_results": {
    "test_loss": 0.003760642582178116,
    "test_psnr": 24.255398464965822,
    "test_ssim": 0.9382118641853332
  }
}