{
  "args": {
    "device": "cuda:6",
    "exp_home": "./results",
    "ds_name": "mnist",
    "mode": "denoising",
    "noise_std": 0.25,
    "down_scale": 2.0,
    "model_type": "conventional",
    "latent_dim": 784,
    "hidden_dims": [
      1150
    ],
    "wo_Win": false,
    "fix_Win": true,
    "I_Win": true,
    "batch_size": 128,
    "epochs": 100,
    "lr": 0.0001,
    "use_augmentation": false,
    "aug_num": 2,
    "run_id": 2,
    "seed": 42
  },
  "training_logs": {
    "train_losses": [
      0.045339351773262024,
      0.016927941454648973,
      0.011688415031731129,
      0.009521399749219417,
      0.008287345470488072,
      0.0075210264974832535,
      0.006985530042052269,
      0.006587746527343988,
      0.00628044064283371,
      0.006064405945092439,
      0.0058462040318548675,
      0.005683932451456785,
      0.0055572552925348285,
      0.005436041903942823,
      0.005339184090346098,
      0.0052474278193712235,
      0.005169290811568499,
      0.005125494355112314,
      0.005057447202652693,
      0.004988745248764754,
      0.004946442341506481,
      0.004893503950089216,
      0.004869811814725399,
      0.004821922343969345,
      0.00478627283513546,
      0.004758893931657076,
      0.0047281107583642,
      0.004702786208391189,
      0.004668289837092161,
      0.004641142112761736,
      0.0046184771591424945,
      0.0045950892648100854,
      0.004570086345672608,
      0.004559900855869055,
      0.004546822727024555,
      0.004515084804147482,
      0.004500553957819939,
      0.004488668371140957,
      0.004462931691408157,
      0.004456267590373754,
      0.004444833818376064,
      0.004431829083114862,
      0.004417670160382986,
      0.004401411505192518,
      0.00438495148986578,
      0.004381333024948835,
      0.004373778999298811,
      0.004340454851984978,
      0.004347364057600498,
      0.004338820173889399,
      0.0043283386866748335,
      0.004320305065214634,
      0.004310341720730066,
      0.004302932641208172,
      0.004288611524701119,
      0.004287539582997561,
      0.004278015182167291,
      0.004263625806421041,
      0.004258433488756418,
      0.004256444133371114,
      0.004243628225177526,
      0.004245893792808056,
      0.0042382776233553885,
      0.004225042386651039,
      0.004213696234822273,
      0.0042121655724942685,
      0.0042019645793735984,
      0.004206980780661106,
      0.004196785745918751,
      0.004191875339597463,
      0.004188809334784746,
      0.004185839655101299,
      0.004185704563707113,
      0.0041579984003305434,
      0.004169794115871191,
      0.004152136406898498,
      0.0041609188863635065,
      0.004157095208317041,
      0.004151530187875032,
      0.004147386525794864,
      0.004137440022528171,
      0.004139423978179693,
      0.004125187855958939,
      0.004123079705834388,
      0.004128069128096104,
      0.004125621119141579,
      0.004116377463191748,
      0.004113998818695545,
      0.004110755492895842,
      0.004112536672949791,
      0.004102220323234797,
      0.004098889289796352,
      0.0040980170886218545,
      0.004100335523933172,
      0.004097959041595459,
      0.00408617774516344,
      0.00408993645504117,
      0.004086955303400755,
      0.004075925329327584,
      0.00408854669302702
    ],
    "eval_losses": [
      0.0074269714042544364,
      0.0056046991631388664,
      0.00504167748093605,
      0.004734098369628191,
      0.0045807273052632805,
      0.004450158666074276,
      0.004370499169826508,
      0.004308370907604694,
      0.004257052067667246,
      0.0042041827268898485,
      0.004184045876562595,
      0.004162801215052605,
      0.004131744597107172,
      0.004111288517713547,
      0.004101235418766737,
      0.004070735935121775,
      0.004071167650073767,
      0.004064425332844257,
      0.004058884776383638,
      0.004041939627379179
    ],
    "psnr": [
      21.29449704589844,
      22.517217892456056,
      22.97681786804199,
      23.24971270751953,
      23.39296788635254,
      23.518484658813477,
      23.597439514160158,
      23.659477490234377,
      23.711113372802735,
      23.76490316467285,
      23.786114187622072,
      23.807984564208983,
      23.84055217895508,
      23.86235733947754,
      23.8731765045166,
      23.905150872802736,
      23.905312185668944,
      23.91224266357422,
      23.917873544311522,
      23.936245138549804
    ],
    "ssim": [
      0.8496239358901978,
      0.8756535982131958,
      0.8932398189544678,
      0.9003784851074219,
      0.904370145225525,
      0.9061929301261902,
      0.913753132724762,
      0.9093800123214721,
      0.9168482834815979,
      0.9199636090278626,
      0.9201505041122436,
      0.917059568977356,
      0.9190748565673829,
      0.9207228500366211,
      0.9223701805114746,
      0.9229588841438293,
      0.92621994972229,
      0.9238406074523926,
      0.9264646776199341,
      0.9258936343193054
    ],
    "best_epoch": 100,
    "best_step": null,
    "best_eval_loss": 0.004041939627379179
  },
  "test_results": {
    "test_loss": 0.004002949367836118,
    "test_psnr": 23.9858175201416,
    "test_ssim": 0.927968459224701
  }
}