{
  "args": {
    "device": "cuda:2",
    "exp_home": "./results",
    "ds_name": "mnist",
    "mode": "generative_classification",
    "noise_std": 0.25,
    "down_scale": 2.0,
    "model_type": "conventional",
    "latent_dim": 784,
    "hidden_dims": [
      1150,
      1150
    ],
    "wo_Win": false,
    "fix_Win": false,
    "I_Win": true,
    "batch_size": 128,
    "epochs": 100,
    "lr": 5e-05,
    "use_augmentation": true,
    "aug_num": 4,
    "run_id": 1,
    "seed": 42
  },
  "training_logs": {
    "train_losses": [
      0.0202132327786088,
      0.007180023559480906,
      0.005463408501446247,
      0.004559547394961119,
      0.003920644925534725,
      0.003416419769190252,
      0.0030573230343684554,
      0.002717744661346078,
      0.0024399406814947723,
      0.0022322209979407487,
      0.0019988073002547026,
      0.0018483596419915558,
      0.0016764542501419783,
      0.0015469718841463328,
      0.0014224315968342125,
      0.0013347811739332974,
      0.0012283787338621915,
      0.0011253609581850469,
      0.0010904372290149332,
      0.0009783547601290047,
      0.0009571547169703991,
      0.000900302461180836,
      0.000836621403824538,
      0.0007928914051689208,
      0.0007613544420152903,
      0.0007207082095555961,
      0.0006791385572589934,
      0.000647112289648503,
      0.0006214026036113501,
      0.0005968879613000899,
      0.0005683942302409559,
      0.0005479178304690868,
      0.0005081718011852354,
      0.0005132933180872351,
      0.00046291773179546,
      0.000467926713693887,
      0.000460661906786263,
      0.0004063556665275246,
      0.00041924820300191643,
      0.0003920855037868023,
      0.00038486422275193035,
      0.0003710493002086878,
      0.00036875000997446477,
      0.0003355564238317311,
      0.00032718380316160617,
      0.0003182371164904907,
      0.0003382452647574246,
      0.0002871049095503986,
      0.00029971785799600185,
      0.0002754567092470825,
      0.0002708817958831787,
      0.0002659644849598408,
      0.00023581978857982903,
      0.00027205738524440677,
      0.00021244617759250104,
      0.0002479863612726331,
      0.0002160353690572083,
      0.00021598115166183561,
      0.00021108447649516166,
      0.0001924417676543817,
      0.00020171029522549362,
      0.00018773173907771706,
      0.00018116069146897643,
      0.00018411697385367005,
      0.000172220289260149,
      0.00017227451200596989,
      0.0001639391418080777,
      0.0001608499758504331,
      0.0001539373284066096,
      0.00015692766696214676,
      0.000149357485040091,
      0.00014101003480609505,
      0.00013833576783537865,
      0.00013094221047591417,
      0.00012909028118476273,
      0.0001249800252309069,
      0.0001231073729554191,
      0.00012264973468612879,
      0.00011685457529965788,
      0.00011363101088674739,
      0.00010883525937329977,
      0.00010655810735421255,
      0.00010336389298550785,
      0.00010113200069172308,
      9.903935335110873e-05,
      9.666457699611783e-05,
      9.270419449312613e-05,
      9.324443922610953e-05,
      9.048659961437806e-05,
      8.7792813424021e-05,
      8.647863237885758e-05,
      8.442983082495629e-05,
      8.303517365828157e-05,
      8.172653386136517e-05,
      8.03173103928566e-05,
      7.953408545814455e-05,
      7.83736516861245e-05,
      7.75177993462421e-05,
      7.567275944165885e-05,
      7.433972743339837e-05
    ],
    "eval_losses": [
      0.005102349792420864,
      0.004180748425424099,
      0.004009330834448338,
      0.0037621331833302975,
      0.0034859094366431237,
      0.0033578452207148075,
      0.003638191909715533,
      0.003520981766283512,
      0.003279805213958025,
      0.0032390450686216356,
      0.003267240410298109,
      0.0032131518177688123,
      0.0031520272083580495,
      0.0031406077224761246,
      0.003031348343193531,
      0.0030659880325198175,
      0.0031379561390727758,
      0.0030943652492016554,
      0.00294080085195601,
      0.0029338697377592326
    ],
    "psnr": [
      23.12686092224121,
      24.029598526000978,
      24.249164361572266,
      24.605269549560546,
      24.850270056152343,
      25.10520863647461,
      24.787232122802735,
      24.90986460571289,
      25.255947787475584,
      25.335884310913087,
      25.3085554107666,
      25.42196516723633,
      25.513689178466798,
      25.48988902282715,
      25.64043037109375,
      25.640896197509765,
      25.521552795410155,
      25.58166469116211,
      25.847373187255858,
      25.852350665283204
    ],
    "ssim": [
      0.9436738077163697,
      0.9546907048225403,
      0.9621981502532959,
      0.9635754566192627,
      0.9685503443717957,
      0.969359248638153,
      0.9678958029747009,
      0.9697632018089295,
      0.9720775699615478,
      0.9721894823074341,
      0.9727325729370118,
      0.973490217590332,
      0.9739395433425904,
      0.9749206668853759,
      0.9754954957008362,
      0.9752887027740479,
      0.9750779739379882,
      0.9754263923645019,
      0.9768181573867798,
      0.9768469061851501
    ],
    "best_epoch": 100,
    "best_step": null,
    "best_eval_loss": 0.0029338697377592326
  },
  "test_results": {
    "test_loss": 0.002987362163362559,
    "test_psnr": 27.45919289550781,
    "test_ssim": 0.9763295063018799
  }
}