{
  "args": {
    "device": "cuda:0",
    "exp_home": "./results",
    "ds_name": "mnist",
    "mode": "denoising",
    "noise_std": 0.25,
    "down_scale": 2.0,
    "model_type": "conventional",
    "latent_dim": 784,
    "hidden_dims": [
      905,
      905,
      905,
      905,
      905
    ],
    "wo_Win": true,
    "fix_Win": false,
    "I_Win": false,
    "wo_Wout": true,
    "batch_size": 128,
    "epochs": 30,
    "lr": 0.0005,
    "use_augmentation": false,
    "aug_num": 2,
    "run_id": 2,
    "seed": 42
  },
  "training_logs": {
    "train_losses": [
      0.012251062792092562,
      0.0065463909716904165,
      0.005753818075507879,
      0.005420703121870756,
      0.005191796085387468,
      0.005025562627017498,
      0.004879381344020366,
      0.004778291301578284,
      0.004679450799822808,
      0.004610716397166252,
      0.004513197364956141,
      0.004449235463440418,
      0.004388484935760498,
      0.004341261167526245,
      0.004278149096369743,
      0.004225926099568606,
      0.004153875976353884,
      0.004129792644828558,
      0.004074192503690719,
      0.0040241407850384716,
      0.003977299296110869,
      0.003924039343595505,
      0.003890122089833021,
      0.0038418963362276556,
      0.0037972983208298685,
      0.0037633048777282237,
      0.0037194744835793974,
      0.003677784221842885,
      0.003638480317145586,
      0.0036030108280479907
    ],
    "eval_losses": [
      0.005027838500589132,
      0.004493381221592426,
      0.004290319334715605,
      0.004077821854501963,
      0.0039049856536090373,
      0.003763947334140539
    ],
    "psnr": [
      22.988115243530274,
      23.476549392700196,
      23.67701690979004,
      23.897521963500978,
      24.085952893066406,
      24.2456583984375
    ],
    "ssim": [
      0.9116263786315918,
      0.9252469763755798,
      0.9346329141616821,
      0.9413671821594238,
      0.9465630235671997,
      0.9500080181121826
    ],
    "best_epoch": 30,
    "best_step": null,
    "best_eval_loss": 0.003763947334140539
  },
  "test_results": {
    "test_loss": 0.003741001072898507,
    "test_psnr": 24.278143411254884,
    "test_ssim": 0.9509417282104492
  }
}