{
  "args": {
    "device": "cuda:0",
    "exp_home": "./results",
    "ds_name": "mnist",
    "mode": "denoising",
    "noise_std": 0.25,
    "down_scale": 2.0,
    "model_type": "conventional",
    "latent_dim": 784,
    "hidden_dims": [
      1150,
      1150,
      1150,
      1150,
      1150
    ],
    "wo_Win": true,
    "fix_Win": false,
    "I_Win": false,
    "wo_Wout": true,
    "batch_size": 128,
    "epochs": 30,
    "lr": 0.001,
    "use_augmentation": false,
    "aug_num": 2,
    "run_id": 4,
    "seed": 42
  },
  "training_logs": {
    "train_losses": [
      0.013555834856331349,
      0.009386016121804714,
      0.008333012575507164,
      0.00780836547255516,
      0.007218331007063389,
      0.006607409250587225,
      0.0061575666962563995,
      0.005858802594393492,
      0.005592914479076862,
      0.005405137369483709,
      0.005240195164084435,
      0.005086962493956089,
      0.004952873086035252,
      0.004829559354633093,
      0.004732317579984665,
      0.004635129401832819,
      0.004544239888638258,
      0.004478756183981895,
      0.004394885656684637,
      0.004317430826276541,
      0.004257542064338923,
      0.004202072983086109,
      0.004141619212180376,
      0.004102711852639914,
      0.004045088313519954,
      0.003988763919472694,
      0.003937982110008597,
      0.003883926273584366,
      0.0038450626307725906,
      0.003797444505468011
    ],
    "eval_losses": [
      0.0068246457375586034,
      0.005279902675747871,
      0.004621457314491272,
      0.0042731730155646805,
      0.004024088077247143,
      0.0038443657524883748
    ],
    "psnr": [
      21.663139572143553,
      22.776596551513673,
      23.354097714233397,
      23.694516604614257,
      23.9552464263916,
      24.153868368530272
    ],
    "ssim": [
      0.9147798445701599,
      0.9318486183166504,
      0.93984116897583,
      0.9437295948028565,
      0.9475056272506713,
      0.9509026074409485
    ],
    "best_epoch": 30,
    "best_step": null,
    "best_eval_loss": 0.0038443657524883748
  },
  "test_results": {
    "test_loss": 0.0038245792001485824,
    "test_psnr": 24.18313250427246,
    "test_ssim": 0.951555554485321
  }
}