{
  "args": {
    "device": "cuda:2",
    "exp_home": "./results",
    "ds_name": "mnist",
    "mode": "generative_classification",
    "noise_std": 0.25,
    "down_scale": 2.0,
    "model_type": "conventional",
    "latent_dim": 784,
    "hidden_dims": [
      1150
    ],
    "wo_Win": false,
    "fix_Win": false,
    "I_Win": true,
    "batch_size": 128,
    "epochs": 100,
    "lr": 0.0005,
    "use_augmentation": true,
    "aug_num": 2,
    "run_id": 5,
    "seed": 42
  },
  "training_logs": {
    "train_losses": [
      0.017345835251808165,
      0.008888922227621079,
      0.007506303231418133,
      0.006709159268140793,
      0.00609875578597188,
      0.005668420834988356,
      0.0052634793742001055,
      0.004914743407964706,
      0.004699685442149639,
      0.004443248620852828,
      0.004253359317779541,
      0.004062856825739146,
      0.0038942594115436075,
      0.0037152494563162325,
      0.0035621770395338533,
      0.0034434413920342924,
      0.003336271402910352,
      0.0032313128945231436,
      0.0031084357322752475,
      0.0030190902822464704,
      0.0029349084974080323,
      0.0028322201561182736,
      0.0027298843848705292,
      0.0027011039873957635,
      0.0025969106444716453,
      0.002544875654876232,
      0.002462537671178579,
      0.002422592237740755,
      0.0023657582308351994,
      0.002307471982091665,
      0.0022619557812809943,
      0.002198727171421051,
      0.0021412998335808516,
      0.0021066463547199966,
      0.002064646334275603,
      0.0020269850516319273,
      0.0019937573544681073,
      0.001955554515868425,
      0.0019114771315827965,
      0.0018825037071108818,
      0.001871993013396859,
      0.0018024430340528488,
      0.0017819829118996859,
      0.0017510095749795438,
      0.0017392554063349961,
      0.0017055916478484869,
      0.0016805438680201768,
      0.0016583403669297695,
      0.001626888667345047,
      0.0015914057048410177,
      0.0015834423224627971,
      0.0015458978705853224,
      0.0015333830226957799,
      0.0015169089941680432,
      0.0014935441453009844,
      0.0014712937922403216,
      0.0014423332912474871,
      0.001430298525467515,
      0.0014006550518423319,
      0.001399983473867178,
      0.0013831292016804218,
      0.001363355061635375,
      0.0013324811673909426,
      0.0013197961988300085,
      0.0013031536615639924,
      0.0012786550185829402,
      0.0012675209525227547,
      0.001260950362496078,
      0.0012398928829282522,
      0.0012205184434726834,
      0.0012128978075832129,
      0.0011994665632024408,
      0.0011803866154700517,
      0.0011680500866472722,
      0.001158334681354463,
      0.0011398231171816588,
      0.0011294538896903395,
      0.00112253051571548,
      0.001098263368792832,
      0.0010880903845280408,
      0.0010763070622831583,
      0.001061987836137414,
      0.0010476660027354955,
      0.0010369823507964612,
      0.001030384093336761,
      0.00100837218798697,
      0.0010013715327531099,
      0.0009960886823013424,
      0.0009859255806729198,
      0.0009686116399616003,
      0.0009598676788434386,
      0.0009524372030049563,
      0.0009427459305152297,
      0.0009246895437687635,
      0.0009201001939550043,
      0.0009103186062723399,
      0.0009052835220098495,
      0.0008899108567647636,
      0.000884652949385345,
      0.0008734474805742502
    ],
    "eval_losses": [
      0.006781404373049736,
      0.005755522456765175,
      0.005380067556351423,
      0.005195091138780117,
      0.005082574007660151,
      0.005086358670890331,
      0.004830674610286951,
      0.004672437722980976,
      0.004693289700895548,
      0.004496497546881437,
      0.004513146495074034,
      0.004507540763169527,
      0.004476880545914173,
      0.004442946000397205,
      0.004385530328005552,
      0.004473332955688238,
      0.004416395553201437,
      0.004361007231473923,
      0.0043752865836024285,
      0.00435745667591691
    ],
    "psnr": [
      21.76407494506836,
      22.48030476989746,
      22.78406770324707,
      22.948549142456056,
      23.029380572509766,
      23.042046887207032,
      23.266508255004883,
      23.41961699523926,
      23.405057427978516,
      23.597120977783202,
      23.580063925170897,
      23.58761020202637,
      23.616074963378907,
      23.655661920166015,
      23.717901330566406,
      23.62074320373535,
      23.686259844970703,
      23.737693295288086,
      23.72311118774414,
      23.741898068237305
    ],
    "best_epoch": 100,
    "best_step": null,
    "best_eval_loss": 0.00435745667591691
  },
  "test_results": {
    "test_loss": 0.0042596843091771,
    "test_psnr": 24.25308016052246
  }
}