{
  "args": {
    "device": "cuda:9",
    "exp_home": "./results",
    "ds_name": "mnist",
    "mode": "denoising",
    "noise_std": 0.25,
    "down_scale": 2.0,
    "model_type": "conventional",
    "latent_dim": 784,
    "hidden_dims": [
      1150,
      1150,
      1150,
      1150
    ],
    "wo_Win": false,
    "fix_Win": true,
    "I_Win": true,
    "batch_size": 128,
    "epochs": 100,
    "lr": 5e-05,
    "use_augmentation": true,
    "aug_num": 2,
    "run_id": 1,
    "seed": 42
  },
  "training_logs": {
    "train_losses": [
      0.02906550969004631,
      0.01077280188292265,
      0.008372894113063812,
      0.007281728089153766,
      0.006635955358743667,
      0.0062117195644974706,
      0.00590355832695961,
      0.005666416748315096,
      0.0054755662024021145,
      0.005328093732744455,
      0.005193948933184147,
      0.005079958179742098,
      0.0049879116617143155,
      0.00490432724237442,
      0.00483454776853323,
      0.004777617453336716,
      0.004723629068434238,
      0.004664748574793339,
      0.004615807609111071,
      0.004579574422389269,
      0.004536251136809588,
      0.004500405579358339,
      0.004469345949888229,
      0.004430739088654518,
      0.004407765800505876,
      0.004377717881649733,
      0.004350286984443665,
      0.004329340805262327,
      0.004308644314706326,
      0.004291023226380348,
      0.004267293291538954,
      0.004243666798919439,
      0.004223502332270145,
      0.004213252138346434,
      0.004190869359970093,
      0.004171909099668265,
      0.0041561617113649845,
      0.004141429630815983,
      0.004130930580794811,
      0.004114829743206501,
      0.004107720383256673,
      0.004089021493196487,
      0.004078160434663296,
      0.004064064366072416,
      0.004051163791120052,
      0.004043243380337953,
      0.004027215766608715,
      0.004022618544697761,
      0.004009376991987229,
      0.0039995109277963636,
      0.003987798428982496,
      0.003981539861261845,
      0.003974146533757448,
      0.003964578814506531,
      0.00395418538659811,
      0.0039430396305024625,
      0.003940145935416222,
      0.003930470908433199,
      0.003924081927984953,
      0.003910821671634913,
      0.003907568136453629,
      0.0039047761633992195,
      0.0038920803770422937,
      0.003886902838498354,
      0.0038789426793158052,
      0.003868910515010357,
      0.0038670181676745416,
      0.0038649330331385137,
      0.0038570059525966645,
      0.0038486169320344926,
      0.0038379505610466004,
      0.003836821677684784,
      0.0038317834211885927,
      0.0038229324959218503,
      0.003818137789964676,
      0.003817737807482481,
      0.0038120996582508087,
      0.00380250152528286,
      0.003796732723414898,
      0.00379318957015872,
      0.0037936147251725195,
      0.0037849777121841907,
      0.0037861758071184156,
      0.0037716929261386394,
      0.00377294552475214,
      0.00376898653537035,
      0.0037673730558156968,
      0.0037669493536651136,
      0.00375986689299345,
      0.0037547740331292153,
      0.003749529545903206,
      0.003743908267915249,
      0.003745813339650631,
      0.003740973914414644,
      0.0037427475330233575,
      0.003734315061569214,
      0.003738436124920845,
      0.0037337747183442114,
      0.003725858404636383,
      0.0037266810108721256
    ],
    "eval_losses": [
      0.006043554831296206,
      0.004986720290780068,
      0.0045908516548573974,
      0.004430387786775828,
      0.004285972736775875,
      0.004167217204719782,
      0.004112161584943533,
      0.004042775861918926,
      0.004013899293541908,
      0.003971067459881306,
      0.003939144519716501,
      0.0039024101324379445,
      0.003894887737929821,
      0.003856326501071453,
      0.0038375385358929634,
      0.0038318151377141475,
      0.0038153828769922258,
      0.0038026025153696536,
      0.0037889223001897334,
      0.003786992060393095
    ],
    "psnr": [
      22.189543759155274,
      23.024315588378908,
      23.383432998657227,
      23.537693600463868,
      23.681997506713866,
      23.803715234375,
      23.86193006286621,
      23.935219607543946,
      23.966372802734377,
      24.01316807861328,
      24.047841467285156,
      24.088866983032226,
      24.097453048706054,
      24.140862182617187,
      24.16125954284668,
      24.168155157470704,
      24.18685779724121,
      24.200961166381838,
      24.21719957885742,
      24.219144219970705
    ],
    "best_epoch": 100,
    "best_step": null,
    "best_eval_loss": 0.003786992060393095
  },
  "test_results": {
    "test_loss": 0.0037572714872658253,
    "test_psnr": 24.26034436340332
  }
}