{
  "args": {
    "device": "cuda:1",
    "exp_home": "./results",
    "ds_name": "mnist",
    "mode": "denoising",
    "noise_std": 0.25,
    "down_scale": 2.0,
    "model_type": "conventional",
    "latent_dim": 784,
    "hidden_dims": [
      785
    ],
    "wo_Win": false,
    "fix_Win": false,
    "I_Win": false,
    "wo_Wout": false,
    "batch_size": 128,
    "epochs": 100,
    "lr": 0.005,
    "use_augmentation": true,
    "aug_num": 4,
    "run_id": 1,
    "seed": 42
  },
  "training_logs": {
    "train_losses": [
      0.11614883841991425,
      0.11823103904724121,
      0.11823103907823562,
      0.11823103928327561,
      0.11823103929042816,
      0.11823103910923004,
      0.11823103927612305,
      0.11823103944778443,
      0.11823103936433792,
      0.11862460811138154,
      0.12694064711093903,
      0.12694064700603486,
      0.12694064695835114,
      0.1269406470990181,
      0.12694064727783202,
      0.12694064699172974,
      0.12694064723730086,
      0.12719770586729048,
      0.1272023323869705,
      0.12720302741527556,
      0.12704839005470275,
      0.12700349247932435,
      0.12700349259853363,
      0.12700349269390107,
      0.12700352093458175,
      0.12700743381738663,
      0.12762154807567597,
      0.1287294051170349,
      0.12870862190246582,
      0.13168918084144593,
      0.13275712235450746,
      0.1325275899219513,
      0.13249173388957977,
      0.13249174013614654,
      0.13249173365116118,
      0.13249173388004304,
      0.13249173391342164,
      0.1324917340373993,
      0.13249173372745515,
      0.1324917338848114,
      0.13249174030303956,
      0.13249173372745515,
      0.13249173358917235,
      0.13249173365592956,
      0.13249173986911775,
      0.1324323849964142,
      0.13236834431648253,
      0.13331869812011718,
      0.13577053060531616,
      0.1363532146692276,
      0.13856280875205992,
      0.14060522740364076,
      0.1402611501312256,
      0.1404018021631241,
      0.14215470803260805,
      0.14310944546699525,
      0.14365392910003663,
      0.145269196972847,
      0.14718015852928162,
      0.15029650535583497,
      0.1510093922996521,
      0.1512081999349594,
      0.1504823085451126,
      0.15097773730754852,
      0.15369059086322784,
      0.15444698867797851,
      0.15444698857307435,
      0.15444698826789857,
      0.15520695539951324,
      0.1569388442850113,
      0.15692602837085723,
      0.15639125377178192,
      0.15743885304927827,
      0.15729703383922577,
      0.15717966729640961,
      0.15717996262073516,
      0.15717987033367156,
      0.15735523805618287,
      0.15774753542423248,
      0.15768358515739442,
      0.15768358505249022,
      0.1576837821674347,
      0.15903970154285432,
      0.15936290623188018,
      0.15936290687084198,
      0.15936290638923645,
      0.15883261472702026,
      0.1586252957201004,
      0.1586252897644043,
      0.15862564200401305,
      0.15862528960227967,
      0.15862528965950012,
      0.15862528969287873,
      0.15862542026519774,
      0.15862528979301452,
      0.15862603818416596,
      0.15862528984069824,
      0.15862528961658479,
      0.1586252897596359,
      0.1586252899312973
    ],
    "eval_losses": [
      0.11801535784006119,
      0.1244903736114502,
      0.1244903736114502,
      0.12458156583309174,
      0.12443361592292786,
      0.1317679689645767,
      0.13066915814876556,
      0.13066915814876556,
      0.13066915814876556,
      0.1358074256658554,
      0.1407334532737732,
      0.14890657086372375,
      0.1522344090461731,
      0.1547326601266861,
      0.15512318952083587,
      0.15595132319927216,
      0.15783004474639892,
      0.15714102058410645,
      0.15714102058410645,
      0.15714102058410645
    ],
    "psnr": [
      9.28247657775879,
      9.049838557434082,
      9.049838557434082,
      9.046625390625,
      9.051803353881835,
      8.802675520324707,
      8.839071260070801,
      8.839071260070801,
      8.839071260070801,
      8.671387367248535,
      8.516489196777345,
      8.271217961120605,
      8.17520629272461,
      8.104501634216309,
      8.093550462341309,
      8.070432586669922,
      8.018409857177735,
      8.037426766967773,
      8.037426766967773,
      8.037426766967773
    ],
    "ssim": [
      0.3874592617034912,
      0.35967729549407956,
      0.35967729549407956,
      0.3600183591365814,
      0.3598894835472107,
      0.33619649696350096,
      0.3480585594177246,
      0.3480585594177246,
      0.3480585594177246,
      0.344916648721695,
      0.33186037883758546,
      0.26906099672317507,
      0.24541817131042482,
      0.20676653876304626,
      0.20692985837459565,
      0.20528974318504334,
      0.1637259442806244,
      0.16387265660762787,
      0.16387265679836274,
      0.16387265679836274
    ],
    "best_epoch": 5,
    "best_step": null,
    "best_eval_loss": 0.11801535784006119
  },
  "test_results": {
    "test_loss": 0.12034489715099335,
    "test_psnr": 9.221526945495606,
    "test_ssim": 0.38577604274749755
  }
}