{
  "args": {
    "device": "cuda:1",
    "exp_home": "./results",
    "ds_name": "mnist",
    "mode": "denoising",
    "noise_std": 0.25,
    "down_scale": 2.0,
    "model_type": "conventional",
    "latent_dim": 784,
    "hidden_dims": [
      1150,
      1150,
      1150,
      1150,
      1150,
      1150,
      1150,
      1150,
      1150,
      1150
    ],
    "wo_Win": false,
    "fix_Win": false,
    "I_Win": true,
    "batch_size": 128,
    "epochs": 100,
    "lr": 5e-05,
    "use_augmentation": true,
    "aug_num": 4,
    "run_id": 1,
    "seed": 42
  },
  "training_logs": {
    "train_losses": [
      0.01590444840878248,
      0.006910562230199576,
      0.0058985849824547765,
      0.005413263162970543,
      0.005116623896360397,
      0.004919129191488027,
      0.004771520102322102,
      0.0046578037779033184,
      0.004573867739886045,
      0.004486025487184525,
      0.0044286509509384635,
      0.00437058332324028,
      0.00431932778775692,
      0.004274186749309301,
      0.00423402602031827,
      0.004194249857217073,
      0.004159782786369324,
      0.004131389714032411,
      0.004102406843155623,
      0.004073570348024368,
      0.004046474509984255,
      0.004023101447969675,
      0.0040013675564527515,
      0.003979414520710707,
      0.003955102934092283,
      0.003935852351486683,
      0.003916184020936489,
      0.0038987812294065953,
      0.003883187566548586,
      0.0038635926711559298,
      0.0038496779300272463,
      0.003835668267607689,
      0.003813638215959072,
      0.0038021005329489706,
      0.0037903826968371866,
      0.003776138392686844,
      0.0037642490616440773,
      0.003750711752399802,
      0.003734329285174608,
      0.003721804980635643,
      0.003712677824795246,
      0.003703656741976738,
      0.003688999731168151,
      0.003681370633020997,
      0.0036706018881499766,
      0.003658924649953842,
      0.0036510943701863288,
      0.0036428047648072244,
      0.0036286438877880575,
      0.0036220460578799247,
      0.0036116040010750294,
      0.003602334086820483,
      0.003590246533676982,
      0.0035880654053390025,
      0.0035734271125495436,
      0.0035662511751800774,
      0.0035618566446751357,
      0.003552262945473194,
      0.003542734886929393,
      0.00353646372936666,
      0.0035264691446721553,
      0.0035197061093896627,
      0.0035139270307123663,
      0.003503731389641762,
      0.0034989074800163508,
      0.003492993012741208,
      0.0034875068311393262,
      0.0034805489002913237,
      0.003469763926640153,
      0.0034658718942850828,
      0.003458959205150604,
      0.003454978369772434,
      0.003448362790569663,
      0.003442077329158783,
      0.003436308401748538,
      0.0034316953540593385,
      0.0034246540845930575,
      0.003418428966924548,
      0.0034134411232173444,
      0.003407658699452877,
      0.003404651479944587,
      0.0033987205940485,
      0.003391637893244624,
      0.003385233395397663,
      0.0033829138551652433,
      0.00338013574577868,
      0.0033753801267594097,
      0.0033681210787594317,
      0.0033654445541650055,
      0.0033620733205229044,
      0.003356300525739789,
      0.0033525203727185725,
      0.0033469886519014837,
      0.003344076067954302,
      0.0033423631085455416,
      0.0033376858954131602,
      0.0033346365176141262,
      0.0033316517897695303,
      0.003325107993632555,
      0.0033243076670914887
    ],
    "eval_losses": [
      0.004797848935425282,
      0.004309675603359937,
      0.004138994092494249,
      0.00402951697036624,
      0.003958473837375641,
      0.003860019160807133,
      0.0038041825965046882,
      0.0037820397689938543,
      0.0037254938200116158,
      0.003701315941661596,
      0.0036673605501651766,
      0.0036232915092259646,
      0.0036104840897023677,
      0.0035730453860014677,
      0.0035666073270142077,
      0.0035455870773643257,
      0.0035421407394111157,
      0.0035230786476284264,
      0.003508246360719204,
      0.003480352718383074
    ],
    "psnr": [
      23.191800677490235,
      23.657339181518555,
      23.83314465637207,
      23.949163403320313,
      24.02720233154297,
      24.135832632446288,
      24.199247988891603,
      24.2248141418457,
      24.290378787231447,
      24.318530319213867,
      24.35836784057617,
      24.410724703979493,
      24.42640997619629,
      24.47169312133789,
      24.479314242553713,
      24.50540477294922,
      24.509338647460936,
      24.532557308959962,
      24.551192266845703,
      24.585650701904296
    ],
    "ssim": [
      0.9080124904632568,
      0.9268485612869263,
      0.9355984802246093,
      0.9385319451332093,
      0.9414799249649047,
      0.9437521795272827,
      0.9446003015518188,
      0.9467817707061768,
      0.9486056278228759,
      0.9511019569396972,
      0.9503136171340942,
      0.9513320987701416,
      0.9513779633522034,
      0.9533050657272338,
      0.9541001340866089,
      0.9549131866455078,
      0.9548884281158447,
      0.9552075992584228,
      0.9560547266960144,
      0.9557720326423645
    ],
    "best_epoch": 100,
    "best_step": null,
    "best_eval_loss": 0.003480352718383074
  },
  "test_results": {
    "test_loss": 0.0034786307744681835,
    "test_psnr": 24.595039837646485,
    "test_ssim": 0.9564590544700623
  }
}