{
  "args": {
    "device": "cuda:5",
    "exp_home": "./results",
    "ds_name": "mnist",
    "mode": "denoising",
    "noise_std": 0.25,
    "down_scale": 2.0,
    "model_type": "conventional",
    "latent_dim": 784,
    "hidden_dims": [
      1150,
      1150,
      1150,
      1150,
      1150,
      1150
    ],
    "wo_Win": false,
    "fix_Win": false,
    "I_Win": true,
    "batch_size": 128,
    "epochs": 200,
    "lr": 0.005,
    "use_augmentation": true,
    "aug_num": 2,
    "run_id": 2,
    "seed": 42
  },
  "training_logs": {
    "train_losses": [
      0.12960216555833817,
      0.12929878864765168,
      0.1292987884092331,
      0.12929878822803498,
      0.12929878801345826,
      0.12929878874301912,
      0.12929878843307496,
      0.1292987888288498,
      0.1292987884616852,
      0.1292987880182266,
      0.12929878812551499,
      0.12929878843307496,
      0.12929878784179688,
      0.12929878852367402,
      0.12929878836154937,
      0.12929878856182098,
      0.12815415817975997,
      0.1267808275985718,
      0.12678082746982575,
      0.12678082768917084,
      0.12678082748413086,
      0.12678082768678664,
      0.126780827293396,
      0.12678082753896713,
      0.12678082726478576,
      0.12678082820415496,
      0.12678082708358765,
      0.12678082775115967,
      0.12678082735061647,
      0.12678082777500152,
      0.1267808275604248,
      0.12678082737207413,
      0.12678082755088807,
      0.12678082726955414,
      0.1267808274126053,
      0.12678082734584808,
      0.12678082778692246,
      0.1267808279323578,
      0.1267808274126053,
      0.12678082717657088,
      0.1267808275413513,
      0.1267808274769783,
      0.1267808275985718,
      0.1267808275794983,
      0.12678082746028901,
      0.12678082715034486,
      0.12678082744598387,
      0.12678082720279693,
      0.12678082725524903,
      0.12678082763671875,
      0.12678082730293275,
      0.12678082767963408,
      0.12678082745075225,
      0.12678082740306854,
      0.12678082741737365,
      0.12678082756519318,
      0.12678082755088807,
      0.12678082756996154,
      0.12678082703590393,
      0.12678082735061647,
      0.12678082725524903,
      0.12678082750320435,
      0.12678082773923874,
      0.12678082755565642,
      0.12678082701683044,
      0.12678082735061647,
      0.1267808278822899,
      0.12678082765579224,
      0.12678082747936248,
      0.12678082715034486,
      0.12678082747459413,
      0.1267808269882202,
      0.12678082787036896,
      0.12678082767963408,
      0.1267808275079727,
      0.1267808271741867,
      0.12678082746982575,
      0.12678082681179045,
      0.12678082789182663,
      0.12678082755565642,
      0.12678082723617554,
      0.1267808275461197,
      0.12678082748413086,
      0.12678082729816437,
      0.12678082731246948,
      0.1275802991938591,
      0.1277614255785942,
      0.1277614253640175,
      0.12776142552852632,
      0.12776142597675325,
      0.12776142559051515,
      0.1277614259004593,
      0.1277614254283905,
      0.12776142552852632,
      0.12776142554283143,
      0.1277614254617691,
      0.12776142578125,
      0.12802784964084626,
      0.12806950501680375,
      0.1280695051956177,
      0.12806950531959535,
      0.12806950505256653,
      0.12848433356285094,
      0.12873045946598052,
      0.12971715083599092,
      0.12987109332561492,
      0.13454754117488862,
      0.15669508281707764,
      0.15596857327461242,
      0.15596857368469239,
      0.15596857416629792,
      0.15596857348442078,
      0.1559685732793808,
      0.15596857350826263,
      0.1559685735654831,
      0.15596857359886168,
      0.1559685740995407,
      0.15596857352256774,
      0.15596857350826263,
      0.15596857322216034,
      0.15596857300758363,
      0.15596857398033143,
      0.15596857352733612,
      0.15596857352256774,
      0.15596857345581056,
      0.15596857370853423,
      0.1559685733270645,
      0.15596857345104218,
      0.15596857357025146,
      0.15596857344150544,
      0.1559685735654831,
      0.15596857335090636,
      0.15596857369422912,
      0.15596857368946077,
      0.15596857340335846,
      0.1559685734462738,
      0.15596857365131378,
      0.15596857370376588,
      0.15596857350349427,
      0.15596857303619385,
      0.15596857335090636,
      0.15596857303142547,
      0.15596857388973237,
      0.15596857347011567,
      0.1559685735464096,
      0.1559685733652115,
      0.1559685734605789,
      0.15596857341766357,
      0.15596857354164123,
      0.155968573551178,
      0.15596857356071472,
      0.15596857339859008,
      0.15596857316493987,
      0.15596857345104218,
      0.1559685734128952,
      0.15596857345104218,
      0.1559685731315613,
      0.15596857361316682,
      0.15596857372760772,
      0.15596857361316682,
      0.15596857340335846,
      0.15596857335567474,
      0.15596857323169708,
      0.15596857317447663,
      0.15596857357025146,
      0.1559685736989975,
      0.1559685736656189,
      0.1559685733652115,
      0.15596857328414918,
      0.1559685738325119,
      0.1559685736656189,
      0.15596857353687285,
      0.1559685730791092,
      0.1559685733318329,
      0.15596857360363006,
      0.1559685730600357,
      0.15596857319831847,
      0.15596857323169708,
      0.15596857330322267,
      0.15596857351779939,
      0.1559685729122162,
      0.15596857367038727,
      0.15596857348442078,
      0.15596857336997985,
      0.1559685732793808,
      0.15596857343196868,
      0.15596857357978822,
      0.15596857370376588,
      0.15596857317447663,
      0.15596857327461242,
      0.15596857359409333,
      0.15596857365608216,
      0.1559685730743408,
      0.15596857310295106,
      0.1559685732460022,
      0.155968573346138,
      0.15596857330799102,
      0.15596857379436493,
      0.15596857378482817,
      0.15596857394695282
    ],
    "eval_losses": [
      0.12835859274864198,
      0.12835859274864198,
      0.12835859274864198,
      0.12621337974071503,
      0.12621337974071503,
      0.12621337974071503,
      0.12621337974071503,
      0.12621337974071503,
      0.12621337974071503,
      0.12621337974071503,
      0.12621337974071503,
      0.12621337974071503,
      0.12621337974071503,
      0.12621337974071503,
      0.12621337974071503,
      0.12621337974071503,
      0.12621337974071503,
      0.12734770032167433,
      0.12734770032167433,
      0.12755306211709977,
      0.12962730717658996,
      0.1567354542016983,
      0.1567354542016983,
      0.1567354542016983,
      0.1567354542016983,
      0.1567354542016983,
      0.1567354542016983,
      0.1567354542016983,
      0.1567354542016983,
      0.1567354542016983,
      0.1567354542016983,
      0.1567354542016983,
      0.1567354542016983,
      0.1567354542016983,
      0.1567354542016983,
      0.1567354542016983,
      0.1567354542016983,
      0.1567354542016983,
      0.1567354542016983,
      0.1567354542016983
    ],