{
  "args": {
    "device": "cuda:8",
    "exp_home": "./results",
    "ds_name": "mnist",
    "mode": "denoising",
    "noise_std": 0.25,
    "down_scale": 2.0,
    "model_type": "hourglass",
    "latent_dim": 785,
    "hidden_dims": [
      4,
      4,
      4,
      4,
      4,
      4,
      4,
      4,
      4,
      4,
      4,
      4,
      4,
      4,
      4
    ],
    "wo_Win": false,
    "fix_Win": true,
    "I_Win": false,
    "wo_Wout": false,
    "batch_size": 128,
    "epochs": 30,
    "lr": 0.005,
    "use_augmentation": false,
    "aug_num": 2,
    "run_id": 1,
    "seed": 42
  },
  "training_logs": {
    "train_losses": [
      0.03384632079005241,
      0.0183718676379323,
      0.015621340073943137,
      0.013990055884718895,
      0.012580861954092979,
      0.013123101048469544,
      0.011850994057357312,
      0.011271087803840637,
      0.010879362681806087,
      0.013100855130851269,
      0.010092592128515243,
      0.010334256390035152,
      0.013022898616194725,
      0.01176532842695713,
      0.010781158511638642,
      0.010092153886556625,
      0.010641942866146564,
      0.00963043829679489,
      0.009333848926723003,
      0.009259934473931789,
      0.008761138710975646,
      0.00824035885989666,
      0.0086891145285964,
      0.008269907753169537,
      0.008149895779788495,
      0.007768954559266567,
      0.007809922285974026,
      0.007488620159029961,
      0.007196057808697223,
      0.007169202555567026
    ],
    "eval_losses": [
      0.01087325687110424,
      0.010593876157701016,
      0.00975856923609972,
      0.008713608600199223,
      0.007940993064641952,
      0.006485731299221515
    ],
    "psnr": [
      19.64552805175781,
      19.765116912841798,
      20.12392229003906,
      20.61767377319336,
      21.01840383911133,
      21.891435220336913
    ],
    "ssim": [
      0.8170771795272828,
      0.8283378648757934,
      0.8267987260818481,
      0.851210563659668,
      0.8551259685516357,
      0.8653951937675476
    ],
    "best_epoch": 30,
    "best_step": null,
    "best_eval_loss": 0.006485731299221515
  },
  "test_results": {
    "test_loss": 0.006576468972861767,
    "test_psnr": 21.88535462036133,
    "test_ssim": 0.86812458152771
  }
}