{
  "args": {
    "device": "cuda:0",
    "exp_home": "./results",
    "ds_name": "mnist",
    "mode": "denoising",
    "noise_std": 0.25,
    "down_scale": 2.0,
    "model_type": "conventional",
    "latent_dim": 784,
    "hidden_dims": [
      1470,
      1470,
      1470,
      1470,
      1470
    ],
    "wo_Win": true,
    "fix_Win": false,
    "I_Win": false,
    "wo_Wout": true,
    "batch_size": 128,
    "epochs": 30,
    "lr": 0.001,
    "use_augmentation": false,
    "aug_num": 2,
    "run_id": 2,
    "seed": 42
  },
  "training_logs": {
    "train_losses": [
      0.01446689449250698,
      0.010703128839731216,
      0.00983590021431446,
      0.008421618543565273,
      0.007467940456718207,
      0.006803883118629455,
      0.006309176042824984,
      0.005942758534252643,
      0.0056984811581671235,
      0.005508028219640255,
      0.005298021568208933,
      0.005128186383992433,
      0.005001800169348717,
      0.004901179859638214,
      0.004792802232652903,
      0.00470078484967351,
      0.0045910660745203495,
      0.004526418953984976,
      0.004458908883929253,
      0.004389374662637711,
      0.004325860457718373,
      0.004260567348450422,
      0.004211210229843855,
      0.004147973850667477,
      0.0040885070592165,
      0.004042745560258627,
      0.003984089829325676,
      0.00392896252810955,
      0.0038700109046697615,
      0.0038240729987621307
    ],
    "eval_losses": [
      0.006787288568168879,
      0.005217807521671057,
      0.0047216587282717225,
      0.004338142782449722,
      0.004085952720046043,
      0.0038780826553702357
    ],
    "psnr": [
      21.687005978393554,
      22.827985455322267,
      23.261041220092775,
      23.628474383544923,
      23.88924571838379,
      24.1161587890625
    ],
    "ssim": [
      0.9168953124046326,
      0.9308778785705566,
      0.9377666480064392,
      0.9425806351661682,
      0.9462408758163452,
      0.9497964046478271
    ],
    "best_epoch": 30,
    "best_step": null,
    "best_eval_loss": 0.0038780826553702357
  },
  "test_results": {
    "test_loss": 0.003850872401148081,
    "test_psnr": 24.152998608398438,
    "test_ssim": 0.9509346160888672
  }
}