{
  "args": {
    "device": "cuda:9",
    "exp_home": "./results",
    "ds_name": "mnist",
    "mode": "generative_classification",
    "noise_std": 0.25,
    "down_scale": 2.0,
    "model_type": "conventional",
    "latent_dim": 784,
    "hidden_dims": [
      785,
      785
    ],
    "wo_Win": true,
    "fix_Win": false,
    "I_Win": false,
    "wo_Wout": true,
    "batch_size": 128,
    "epochs": 50,
    "lr": 0.0001,
    "use_augmentation": false,
    "aug_num": 2,
    "run_id": 2,
    "seed": 42
  },
  "training_logs": {
    "train_losses": [
      0.03020690492808819,
      0.006940057031959295,
      0.004776695380881429,
      0.0036542649668455125,
      0.0028924553211778403,
      0.0023230118481069803,
      0.0019575901461392643,
      0.0016553888764232398,
      0.0014188652073219418,
      0.0012182704719156028,
      0.001059808461740613,
      0.0009351680207438767,
      0.0008257383429259062,
      0.0007479206174984574,
      0.0006623937949165702,
      0.0005911535425856709,
      0.0005305844759102911,
      0.0004897683986276388,
      0.00047785870250314474,
      0.0004230105911195278,
      0.0003918131330423057,
      0.0003583640321297571,
      0.0003329048279952258,
      0.00031751888622995463,
      0.0003408254882134497,
      0.0002974810305144638,
      0.00026641283703967926,
      0.00024419709955342115,
      0.00024245633114129304,
      0.00021791710651014,
      0.00023572718458250166,
      0.00020238606809638442,
      0.00018759062555618583,
      0.00018112530034966766,
      0.0001753125667478889,
      0.00016652845598757267,
      0.0001591404048167169,
      0.00014937040520599112,
      0.00014377046840265394,
      0.00014544986749067903,
      0.00013909509158926086,
      0.00013689777746330947,
      0.0001301684793829918,
      0.00012777912526391446,
      0.00012187038887292146,
      0.00012077011547982692,
      0.00012092196845449507,
      0.00011552395370788872,
      0.00011199431112268939,
      0.00011122077333275228
    ],
    "eval_losses": [
      0.005192548859491945,
      0.004516985891759396,
      0.004258868645131588,
      0.004111829115822911,
      0.004019036954827607,
      0.0038082052495330572,
      0.0035114415803924205,
      0.0039153775887563825,
      0.0038684994339942933,
      0.0036287278581410647
    ],
    "psnr": [
      23.065441159057617,
      23.705065509033204,
      24.025025573730467,
      24.17051561279297,
      24.230442001342773,
      24.59253879699707,
      24.927802029418945,
      24.449060412597657,
      24.517366845703126,
      24.825114678955078
    ],
    "ssim": [
      0.9304527564048767,
      0.956115294265747,
      0.9637610466003418,
      0.9673692419052125,
      0.9685691993713379,
      0.971119256401062,
      0.9736608108520508,
      0.9721188683509827,
      0.9723419237136841,
      0.973770048904419
    ],
    "best_epoch": 35,
    "best_step": null,
    "best_eval_loss": 0.0035114415803924205
  },
  "test_results": {
    "test_loss": 0.0034477539665880613,
    "test_psnr": 25.950950122070314,
    "test_ssim": 0.9740559064865112
  }
}