{
  "args": {
    "device": "cuda:8",
    "exp_home": "./results",
    "ds_name": "mnist",
    "mode": "denoising",
    "noise_std": 0.25,
    "down_scale": 2.0,
    "model_type": "hourglass",
    "latent_dim": 785,
    "hidden_dims": [
      4,
      4,
      4,
      4,
      4,
      4,
      4,
      4,
      4,
      4,
      4,
      4,
      4,
      4,
      4,
      4,
      4,
      4,
      4,
      4,
      4,
      4,
      4,
      4,
      4
    ],
    "wo_Win": false,
    "fix_Win": true,
    "I_Win": false,
    "wo_Wout": false,
    "batch_size": 128,
    "epochs": 30,
    "lr": 0.005,
    "use_augmentation": false,
    "aug_num": 2,
    "run_id": 1,
    "seed": 42
  },
  "training_logs": {
    "train_losses": [
      0.0399984609669447,
      0.022531954373717307,
      0.021161216975450516,
      0.01920106976032257,
      0.0172748762729764,
      0.01445858437359333,
      0.01726167441904545,
      0.018018416455090044,
      0.013629716593325137,
      0.013068636277914047,
      0.01137596314817667,
      0.015502991867363453,
      0.012664145271182061,
      0.014713131663799285,
      0.012044518274962902,
      0.011187409867048264,
      0.01084910041421652,
      0.00977150139540434,
      0.010557638327181339,
      0.00928970323473215,
      0.009072042917907239,
      0.008886765484213828,
      0.008357545342743397,
      0.009184479754567145,
      0.008140389005243779,
      0.007812618430554866,
      0.0077618058314919474,
      0.007423017119169235,
      0.007261969828009605,
      0.007227389958947897
    ],
    "eval_losses": [
      0.017079892855882645,
      0.011101455441117286,
      0.009925384576618672,
      0.009059614607691766,
      0.007635291747748852,
      0.00705915769636631
    ],
    "psnr": [
      17.693654244995116,
      19.56529556274414,
      20.048577642822266,
      20.450314291381837,
      21.183325732421874,
      21.52571548461914
    ],
    "ssim": [
      0.7276771931648255,
      0.8087276760101318,
      0.8318064723014832,
      0.8542958494186401,
      0.8566930352210999,
      0.8610217748641967
    ],
    "best_epoch": 30,
    "best_step": null,
    "best_eval_loss": 0.00705915769636631
  },
  "test_results": {
    "test_loss": 0.007070150426030159,
    "test_psnr": 21.572269192504884,
    "test_ssim": 0.8638052392959594
  }
}