{
  "args": {
    "device": "cuda:8",
    "exp_home": "./results",
    "ds_name": "mnist",
    "mode": "denoising",
    "noise_std": 0.25,
    "down_scale": 2.0,
    "model_type": "hourglass",
    "latent_dim": 2120,
    "hidden_dims": [
      115,
      115,
      115,
      115,
      115,
      115,
      115,
      115
    ],
    "wo_Win": false,
    "fix_Win": true,
    "I_Win": false,
    "wo_Wout": false,
    "batch_size": 128,
    "epochs": 30,
    "lr": 0.001,
    "use_augmentation": false,
    "aug_num": 2,
    "run_id": 2,
    "seed": 42
  },
  "training_logs": {
    "train_losses": [
      0.017601615441441537,
      0.01160751597315073,
      0.010979276021420955,
      0.01103124739587307,
      0.01069684003084898,
      0.010630805051326752,
      0.00994340637266636,
      0.010539936887025833,
      0.00991563765257597,
      0.009422721466422082,
      0.009480221981406212,
      0.009284928830862045,
      0.00887905417829752,
      0.008810656912922859,
      0.008512728838324548,
      0.008263574787378311,
      0.007763122227489949,
      0.007715040101408959,
      0.007786360576152802,
      0.00749265488833189,
      0.007176136192679405,
      0.007025854610949755,
      0.006581281722038985,
      0.006384455492347479,
      0.006237332084476948,
      0.0061495597091317175,
      0.005988870466202497,
      0.005743218690603971,
      0.005648972417414189,
      0.00543416541352868
    ],
    "eval_losses": [
      0.009964424559473991,
      0.00845271030664444,
      0.008291530786454678,
      0.006665292289853096,
      0.006102199387550354,
      0.005219891629368067
    ],
    "psnr": [
      20.022751651000977,
      20.738275173950196,
      20.823427551269532,
      21.769713830566406,
      22.15301496582031,
      22.829012075805664
    ],
    "ssim": [
      0.8571868663787842,
      0.8856191564559937,
      0.8965109972000123,
      0.8999631810188293,
      0.9068255801200866,
      0.9156558837890625
    ],
    "best_epoch": 30,
    "best_step": null,
    "best_eval_loss": 0.005219891629368067
  },
  "test_results": {
    "test_loss": 0.005253539536893368,
    "test_psnr": 22.82930496826172,
    "test_ssim": 0.917355474281311
  }
}