{
  "args": {
    "device": "cuda:2",
    "exp_home": "./results",
    "ds_name": "mnist",
    "mode": "generative_classification",
    "noise_std": 0.25,
    "down_scale": 2.0,
    "model_type": "conventional",
    "latent_dim": 784,
    "hidden_dims": [
      1150
    ],
    "wo_Win": false,
    "fix_Win": true,
    "I_Win": true,
    "batch_size": 128,
    "epochs": 100,
    "lr": 0.0001,
    "use_augmentation": true,
    "aug_num": 2,
    "run_id": 3,
    "seed": 42
  },
  "training_logs": {
    "train_losses": [
      0.03137017953574658,
      0.011941145141124725,
      0.009449927121400832,
      0.008184427303075791,
      0.007341455957889557,
      0.006682240371704101,
      0.006182856503129005,
      0.00578955241382122,
      0.005424971585869789,
      0.005080181858986616,
      0.004837503480240703,
      0.004564370778650045,
      0.004383581496179104,
      0.004162874785065651,
      0.004003812988549471,
      0.003826422442793846,
      0.0036815628209710123,
      0.0035749232684075833,
      0.0034433194664120676,
      0.0033573126989603044,
      0.0032348174431920053,
      0.0031397712673246862,
      0.003082538846284151,
      0.0029775015865266324,
      0.0028885542914271357,
      0.0028437975008785725,
      0.0027693638844788074,
      0.002706836564540863,
      0.0026617613428831103,
      0.0026039519027620554,
      0.0025543087999522684,
      0.002506469654366374,
      0.0024508054883778095,
      0.0024087377298623322,
      0.0023855364613234995,
      0.0023246447207033636,
      0.002294733068048954,
      0.002263066627383232,
      0.002246398724988103,
      0.00220019653044641,
      0.0021548850283026697,
      0.002141151573732495,
      0.0021185288658365606,
      0.00208621401399374,
      0.002071568648442626,
      0.0020454361733794214,
      0.0020280761790275573,
      0.001998005209714174,
      0.001970538790524006,
      0.001963579570129514,
      0.001931375210210681,
      0.0019102714820951223,
      0.0018885464024543763,
      0.0018765524563193322,
      0.0018534587562829257,
      0.0018338687919080257,
      0.001827971690967679,
      0.001812773706242442,
      0.001797021471709013,
      0.0017712498858571052,
      0.0017749333257973195,
      0.001740381479114294,
      0.0017329861441999674,
      0.0017261089784651996,
      0.0017183726017922162,
      0.0017021870804578066,
      0.0016928650959581136,
      0.001671790282353759,
      0.0016658244455605745,
      0.0016492504730820656,
      0.0016434292355179787,
      0.0016379627142846585,
      0.0016237593108415604,
      0.0016205057621002197,
      0.0015998264629393816,
      0.0015924644476175307,
      0.0015774208326637745,
      0.0015781830939650535,
      0.0015603721330314875,
      0.0015551560632884502,
      0.0015474313700199127,
      0.001542584597170353,
      0.0015383075603097678,
      0.00152675449103117,
      0.0015098249290511011,
      0.0015121749629825353,
      0.0015042837098240853,
      0.0014996462755650281,
      0.0014879569495841862,
      0.0014767094179987908,
      0.0014730861244350673,
      0.0014686956842243672,
      0.0014554930963367224,
      0.0014611029586195947,
      0.0014500612439215183,
      0.001446086885407567,
      0.0014409565594047308,
      0.0014314086206257343,
      0.0014279715047776699,
      0.001430803942605853
    ],
    "eval_losses": [
      0.008361624081432819,
      0.007288973437249661,
      0.006778868641704321,
      0.006462573083490133,
      0.006515493354946375,
      0.006494408792257309,
      0.006307625618577004,
      0.006115712799131871,
      0.0063910520173609256,
      0.006154453918337822,
      0.0063165898561477665,
      0.006292421256005764,
      0.006043654015660286,
      0.006237708420306444,
      0.006008887518942356,
      0.006042619417607784,
      0.006256703412532806,
      0.00616172047406435,
      0.005953047371655702,
      0.00584871110394597
    ],
    "psnr": [
      20.843031530761717,
      21.451626983642576,
      21.78279729309082,
      21.98754326171875,
      21.953327444458008,
      21.97760803833008,
      22.10827575378418,
      22.23467010498047,
      22.045807934570313,
      22.21766282348633,
      22.107495932006834,
      22.12499149169922,
      22.302278781127928,
      22.164449728393556,
      22.338536654663088,
      22.296631225585937,
      22.155452059936522,
      22.22301505432129,
      22.389911676025392,
      22.454513073730467
    ],
    "best_epoch": 100,
    "best_step": null,
    "best_eval_loss": 0.00584871110394597
  },
  "test_results": {
    "test_loss": 0.005689696353860199,
    "test_psnr": 22.9550623840332
  }
}