{
  "args": {
    "device": "cuda:0",
    "exp_home": "./results",
    "ds_name": "mnist",
    "mode": "denoising",
    "noise_std": 0.25,
    "down_scale": 2.0,
    "model_type": "conventional",
    "latent_dim": 784,
    "hidden_dims": [
      2870,
      2870,
      2870,
      2870,
      2870
    ],
    "wo_Win": true,
    "fix_Win": false,
    "I_Win": false,
    "wo_Wout": true,
    "batch_size": 128,
    "epochs": 30,
    "lr": 0.0005,
    "use_augmentation": false,
    "aug_num": 2,
    "run_id": 1,
    "seed": 42
  },
  "training_logs": {
    "train_losses": [
      0.013785696680247784,
      0.009081170386970042,
      0.007429988395869732,
      0.006485475694239139,
      0.005911509979814291,
      0.0055232087932527065,
      0.005292939515113831,
      0.005134419384300709,
      0.004979865536391735,
      0.004885066211819649,
      0.004759711388200522,
      0.004644683649390936,
      0.0045805519895255565,
      0.004500351870656013,
      0.004425928517132998,
      0.004342583203017712,
      0.004274040115326643,
      0.004217448560595512,
      0.004147162535637617,
      0.0040885743054747585,
      0.004049092922508717,
      0.003969784016013145,
      0.003913397600650788,
      0.00385957539871335,
      0.0038068296794593333,
      0.003751860120892525,
      0.0037055489503592253,
      0.003644763259291649,
      0.0036020264552533627,
      0.003551368437334895
    ],
    "eval_losses": [
      0.0056399186879396435,
      0.004672682970017195,
      0.0043824669487774375,
      0.004086354894936085,
      0.0038817327231168747,
      0.0036782150629907848
    ],
    "psnr": [
      22.490106130981445,
      23.305980657958983,
      23.58465842285156,
      23.88849016113281,
      24.11141178894043,
      24.345929760742187
    ],
    "ssim": [
      0.9260273903846741,
      0.9330612578392029,
      0.9400545206069947,
      0.9449225817680359,
      0.9507396768569947,
      0.9537770455360413
    ],
    "best_epoch": 30,
    "best_step": null,
    "best_eval_loss": 0.0036782150629907848
  },
  "test_results": {
    "test_loss": 0.0036766931150108576,
    "test_psnr": 24.353260275268553,
    "test_ssim": 0.9543294710159301
  }
}