{
  "args": {
    "device": "cuda:7",
    "exp_home": "./results",
    "ds_name": "mnist",
    "mode": "denoising",
    "noise_std": 0.25,
    "down_scale": 2.0,
    "model_type": "conventional",
    "latent_dim": 784,
    "hidden_dims": [
      905,
      905,
      905,
      905,
      905
    ],
    "wo_Win": false,
    "fix_Win": false,
    "I_Win": false,
    "wo_Wout": false,
    "batch_size": 128,
    "epochs": 30,
    "lr": 0.0005,
    "use_augmentation": false,
    "aug_num": 2,
    "run_id": 4,
    "seed": 42
  },
  "training_logs": {
    "train_losses": [
      0.018810208534896372,
      0.007874758888185025,
      0.00661118081510067,
      0.00610507586479187,
      0.005775049013793468,
      0.005535203986614942,
      0.005375387410670519,
      0.005204642730504274,
      0.0050710533174872395,
      0.004994124745279551,
      0.0048668530237674715,
      0.004779136945158243,
      0.004706842082738877,
      0.004613647694438696,
      0.004524288404732943,
      0.0044553718753159045,
      0.00438724433735013,
      0.004330774707645178,
      0.004253793870508671,
      0.004180318858027458,
      0.004119065835922957,
      0.00405943755030632,
      0.0039997129213809966,
      0.003947854977324605,
      0.0038843756566941737,
      0.0038219475238025187,
      0.0037714537058770657,
      0.0037118401855975387,
      0.00367288758456707,
      0.0036273352390527726
    ],
    "eval_losses": [
      0.005731928561627865,
      0.004912316529452801,
      0.004583708497136831,
      0.004289422143995762,
      0.0040590509533882145,
      0.0038386115849018097
    ],
    "psnr": [
      22.41914635925293,
      23.089353976440428,
      23.3898653717041,
      23.677912405395507,
      23.91780510864258,
      24.160549035644532
    ],
    "ssim": [
      0.8985866235733032,
      0.9155596706390381,
      0.9181490701675415,
      0.9296927629470825,
      0.9342396215438843,
      0.9405054710388183
    ],
    "best_epoch": 30,
    "best_step": null,
    "best_eval_loss": 0.0038386115849018097
  },
  "test_results": {
    "test_loss": 0.0038231833823025225,
    "test_psnr": 24.18570376586914,
    "test_ssim": 0.9414653108596802
  }
}