{
  "args": {
    "device": "cuda:4",
    "exp_home": "./results",
    "ds_name": "mnist",
    "mode": "denoising",
    "noise_std": 0.25,
    "down_scale": 2.0,
    "model_type": "conventional",
    "latent_dim": 784,
    "hidden_dims": [
      1150,
      1150,
      1150,
      1150
    ],
    "wo_Win": true,
    "fix_Win": false,
    "I_Win": false,
    "batch_size": 128,
    "epochs": 200,
    "lr": 5e-05,
    "use_augmentation": true,
    "aug_num": 2,
    "run_id": 1,
    "seed": 42
  },
  "training_logs": {
    "train_losses": [
      0.029197322517037393,
      0.010839696239233016,
      0.008412491631805897,
      0.007298194422721863,
      0.006633392750322819,
      0.006198922553360462,
      0.005884107781946659,
      0.005646532766819,
      0.00545682064652443,
      0.005307099566608667,
      0.005176490969657898,
      0.005067639274001122,
      0.004974097709059716,
      0.0048910903416574,
      0.004819485535025597,
      0.004761411843150854,
      0.004710883250385523,
      0.004649717176556587,
      0.004603776290416717,
      0.004565519651472568,
      0.004524462058991194,
      0.004487535534352064,
      0.004458915388286114,
      0.004420599491149187,
      0.0043947344100475315,
      0.004363250276148319,
      0.004335062084794045,
      0.004316512293368578,
      0.004297674657851458,
      0.004274663438946009,
      0.004252239480018616,
      0.004229972928017378,
      0.004209687523841858,
      0.004201018364876508,
      0.004177097711265087,
      0.004158628838956356,
      0.004144171240180731,
      0.004130048066973686,
      0.0041173472315073015,
      0.0041005074763298035,
      0.004096648115366698,
      0.004077507535517216,
      0.004064828636646271,
      0.004052044468969107,
      0.0040383633963763715,
      0.004027430230528116,
      0.004010611672401428,
      0.004008262114226818,
      0.003995656295716763,
      0.003987106594443322,
      0.003973035723119974,
      0.003968738640993834,
      0.003957800984531641,
      0.003948937449008226,
      0.003938779000341892,
      0.003925165766477585,
      0.003924336068928242,
      0.003915145280957222,
      0.003908277600705623,
      0.0038943271981179716,
      0.0038921623541414738,
      0.003886991718262434,
      0.003873013343065977,
      0.003868554638028145,
      0.0038625708869099618,
      0.0038486550576984882,
      0.0038475656355917453,
      0.00384587278470397,
      0.0038347304510325192,
      0.0038259298035502433,
      0.0038163524103164673,
      0.003814592820852995,
      0.0038098142586648464,
      0.003797648705095053,
      0.0037933172647655012,
      0.0037916000710427763,
      0.003785828021913767,
      0.0037777387808263303,
      0.00376982317045331,
      0.003766791996359825,
      0.003761173055768013,
      0.003755480767786503,
      0.003753646092414856,
      0.003739987509250641,
      0.00373946176096797,
      0.0037347964517772197,
      0.003731325009316206,
      0.0037301504743099214,
      0.003723402706235647,
      0.0037149720561504363,
      0.0037100427985191347,
      0.003702709115073085,
      0.0037001370031386612,
      0.003697765654027462,
      0.0036961756567656994,
      0.0036843922670185564,
      0.0036888260462880134,
      0.003681817386299372,
      0.0036704129131138324,
      0.003671937448978424,
      0.0036647964578866957,
      0.003664756381511688,
      0.003660462958663702,
      0.0036525769209861756,
      0.0036528590694069863,
      0.0036492616602778437,
      0.003643490646034479,
      0.003640098302513361,
      0.003637402124404907,
      0.0036362187364697455,
      0.003627551466226578,
      0.0036258365669846536,
      0.0036202166587114334,
      0.003623376213312149,
      0.0036183406718075274,
      0.0036141707833111285,
      0.003612761406749487,
      0.003601929202973843,
      0.003602260064333677,
      0.003595875816196203,
      0.0035988689290732145,
      0.0035947055910527707,
      0.0035910401426255704,
      0.0035890669967234136,
      0.003579969888404012,
      0.0035842348656058313,
      0.0035739638638496397,
      0.003576596636623144,
      0.0035668083856254815,
      0.003569782358556986,
      0.003563506163209677,
      0.0035643751513957976,
      0.0035612849082052706,
      0.0035565589892864228,
      0.003555911873281002,
      0.0035479824564605953,
      0.0035503735107183455,
      0.0035452411761134864,
      0.0035457847586274145,
      0.003541448928490281,
      0.003536517677158117,
      0.0035327125933766364,
      0.0035305539467930793,
      0.0035284391102194785,
      0.003526981940716505,
      0.003532667404860258,
      0.0035206844125688077,
      0.003526506864875555,
      0.0035188849928975106,
      0.00351697845749557,
      0.003513993868678808,
      0.003513882655054331,
      0.003506418392956257,
      0.0035065173467993737,
      0.003507764369994402,
      0.003499967248663306,
      0.003500908453166485,
      0.0035005607604980467,
      0.003495806439369917,
      0.003493865921422839,
      0.0034879202029109,
      0.0034902092510461806,
      0.003485331692546606,
      0.003484370193183422,
      0.0034827202048152684,
      0.003481219726651907,
      0.0034756926061958074,
      0.0034771146415174007,
      0.0034740428713709117,
      0.003470689769089222,
      0.0034709704691171647,
      0.0034729489459097386,
      0.0034688721568882463,
      0.0034680706845223903,
      0.0034598831252753734,
      0.0034637354031205178,
      0.003459001334309578,
      0.0034610721085965635,
      0.0034581467440724374,
      0.0034615597058832645,
      0.0034543685014545916,
      0.003452324052378535,
      0.0034538995309174063,
      0.003451065023690462,
      0.0034515385551005602,
      0.0034478651502728463,
      0.0034432933714985845,
      0.0034415545040369032,
      0.003437364138662815,
      0.0034414087219536305,
      0.0034414487439394,
      0.0034422903479635713,
      0.0034388504519313576,
      0.0034388405705988406,
      0.0034398972295224665,
      0.0034367899027466773,
      0.003436011968702078,
      0.0034302806128561495,
      0.0034322590710222723,
      0.0034320123505592348
    ],
    "eval_losses": [
      0.006030155473947525,
      0.004960105136036873,
      0.004582792985439301,
      0.004426694690436125,
      0.004262061502039433,
      0.004168593926727772,
      0.004099176807701587,
      0.004044525834172964,
      0.004008511406928301,
      0.003979272665828466,
      0.0039322188355028626,
      0.0038979347378015517,
      0.0038959242559969427,
      0.003851040029525757,
      0.0038224859327077865,
      0.0038168509177863596,
      0.0037994990572333335,
      0.0037754555098712442,
      0.003763262353092432,
      0.003755323065817356,
      0.00374057976603508,
      0.003735883492603898,
      0.0037244420327246187,
      0.003709337556362152,
      0.003690901368111372,
      0.003680774611979723,
      0.0036824077010154726,
      0.0036829424791038038,
      0.003646912429481745,
      0.003654173059761524,
      0.003654417860135436,
      0.003633060705661774,
      0.003628531289845705,
      0.0036273297019302846,
      0.0036234025083482268,
      0.0036299321565777063,
      0.0036175218045711517,
      0.0036122642688453197,
      0.0036128653839230538,
      0.003616017567366362
    ],