{
  "args": {
    "device": "cuda:9",
    "exp_home": "./results",
    "ds_name": "mnist",
    "mode": "generative_classification",
    "noise_std": 0.25,
    "down_scale": 2.0,
    "model_type": "conventional",
    "latent_dim": 784,
    "hidden_dims": [
      2870
    ],
    "wo_Win": true,
    "fix_Win": false,
    "I_Win": false,
    "wo_Wout": true,
    "batch_size": 128,
    "epochs": 50,
    "lr": 0.0001,
    "use_augmentation": false,
    "aug_num": 2,
    "run_id": 2,
    "seed": 42
  },
  "training_logs": {
    "train_losses": [
      0.03119602076590061,
      0.011699426648020744,
      0.00921132021382451,
      0.007843246778994799,
      0.006925613868236541,
      0.006232154540121555,
      0.005736533542573452,
      0.005320345927625894,
      0.004965160550624132,
      0.0046684446507692335,
      0.004407079188972712,
      0.004174264116063714,
      0.0039966899380087855,
      0.0038055780065059663,
      0.0036345263388752936,
      0.0034867064180970193,
      0.003362638310790062,
      0.003245117914676666,
      0.0031251364706456662,
      0.003032165546938777,
      0.002930285554677248,
      0.0028263869941979646,
      0.002756968653798103,
      0.002677139191776514,
      0.00262861247561872,
      0.002550107718333602,
      0.002483397476300597,
      0.0024316664455085995,
      0.0023796138703078033,
      0.002316019413433969,
      0.002267018555998802,
      0.002227932573966682,
      0.002195465312227607,
      0.0021443577755242585,
      0.0021197679108008742,
      0.0020785005350783467,
      0.00205275424182415,
      0.002012670447193086,
      0.0020038811308145522,
      0.0019679909564554693,
      0.0019430269756540656,
      0.0019293243541941047,
      0.0019066985910758377,
      0.0018867385146021842,
      0.0018668751928955316,
      0.0018587903956323861,
      0.001840437366887927,
      0.001826213959902525,
      0.0018196809170767665,
      0.0018070117947459221
    ],
    "eval_losses": [
      0.007249792483448982,
      0.005947208761423827,
      0.005536576564610004,
      0.005180159591138363,
      0.004959473717212677,
      0.004751984575390816,
      0.004584276863187552,
      0.004573555631190538,
      0.004592050309479237,
      0.004513890266418457
    ],
    "psnr": [
      21.493338793945313,
      22.379020922851563,
      22.687536669921876,
      22.98987600097656,
      23.174616345214844,
      23.37073193664551,
      23.538506298828125,
      23.554242752075194,
      23.523705868530275,
      23.612335885620116
    ],
    "ssim": [
      0.8802269879341126,
      0.9084540533065796,
      0.9186028438568116,
      0.9262216856002807,
      0.9323586388587952,
      0.9345757556915283,
      0.9365267588615418,
      0.9378279298782348,
      0.9371554838180542,
      0.9384690837860108
    ],
    "best_epoch": 50,
    "best_step": null,
    "best_eval_loss": 0.004513890266418457
  },
  "test_results": {
    "test_loss": 0.004542669958807528,
    "test_psnr": 24.14324212036133,
    "test_ssim": 0.9394208901405334
  }
}