{
  "args": {
    "device": "cuda:1",
    "exp_home": "./results",
    "ds_name": "mnist",
    "mode": "generative_classification",
    "noise_std": 0.25,
    "down_scale": 2.0,
    "model_type": "conventional",
    "latent_dim": 784,
    "hidden_dims": [
      1150,
      1150,
      1150,
      1150,
      1150,
      1150
    ],
    "wo_Win": true,
    "fix_Win": false,
    "I_Win": false,
    "batch_size": 128,
    "epochs": 200,
    "lr": 5e-05,
    "use_augmentation": true,
    "aug_num": 2,
    "run_id": 1,
    "seed": 42
  },
  "training_logs": {
    "train_losses": [
      0.017232897989153863,
      0.004269749431163073,
      0.002876729202270508,
      0.0022263621658831835,
      0.0018177605587616564,
      0.001558785176668316,
      0.00141886850617826,
      0.0011918311748001724,
      0.0011350575742404907,
      0.0010489571919105947,
      0.0009626784720644355,
      0.0008715710826870054,
      0.0007577491627447307,
      0.0007679562630970031,
      0.0007679106468055397,
      0.000700396593157202,
      0.0006492272400856018,
      0.0005484876153152436,
      0.00061191669723019,
      0.0006353979990072549,
      0.0005620168090402148,
      0.0005398634662758559,
      0.0005389074253244325,
      0.00047998141909949484,
      0.000446788268443197,
      0.0004314436274860054,
      0.00045352496992331,
      0.00042971981840673833,
      0.00040371305502019824,
      0.00042988097907975314,
      0.0003661952483211644,
      0.000380317005738616,
      0.00038245159340789543,
      0.00036477854816243055,
      0.000371971212294884,
      0.00035345007966738196,
      0.0003388752165529877,
      0.0003410739807644859,
      0.00033464344423729926,
      0.00031280646703206005,
      0.0002957767008105293,
      0.00032426192980725317,
      0.0002873254403937608,
      0.000284210934843868,
      0.0003085178895900026,
      0.0002528201891947538,
      0.00025373783380026,
      0.00031151764606591315,
      0.00022475451069884,
      0.00019666317265247925,
      0.0003056092311348766,
      0.0002342230228544213,
      0.0002528009180200752,
      0.00020902436780510472,
      0.0002595289336005226,
      0.0001877514953922946,
      0.00020170473767095246,
      0.00024117514407727867,
      0.00020525470302440227,
      0.00018867730186553671,
      0.00019680341182276605,
      0.00019681522353668697,
      0.00017016439631115646,
      0.00016664465765468776,
      0.0002115230549813714,
      0.00015576834358507768,
      0.0001665108841471374,
      0.00016831963930511847,
      0.00015916058408562095,
      0.00012356947243213654,
      0.0001746151426678989,
      0.0001576629012497142,
      0.00015103554350789637,
      0.0001437152103241533,
      0.00012680596576770768,
      0.00017682638330268673,
      0.00012442213219357654,
      0.00015112221197457985,
      0.00014133605021284892,
      0.00014730813537724315,
      0.00012778920701122842,
      0.00010264154244447127,
      0.0001418115744192619,
      0.00012495555357192644,
      0.00011558244383428246,
      0.00012010092647979037,
      0.0001089126485050656,
      0.00013566399808740245,
      0.00011957766400882974,
      0.000113738568557892,
      0.00012444605269934983,
      0.00011584501176839694,
      9.31291357986629e-05,
      9.166204956010915e-05,
      0.00010882626110105776,
      0.00012093119331053458,
      0.00010358252636739052,
      8.240606602746993e-05,
      9.236152327619494e-05,
      9.505367907637265e-05,
      8.703081960382406e-05,
      8.982744776410983e-05,
      0.00010612662551051472,
      8.074807219207287e-05,
      9.23922320723068e-05,
      0.0001182891796727199,
      7.745600509690121e-05,
      8.027375362929888e-05,
      8.709429914131761e-05,
      6.34015732514672e-05,
      7.62527913809754e-05,
      6.0247362005757166e-05,
      6.644062519655563e-05,
      7.682246368436608e-05,
      7.51804285403341e-05,
      7.451110692345538e-05,
      4.605061970127281e-05,
      5.947450667154044e-05,
      8.41418386506848e-05,
      6.617271097667981e-05,
      5.6966385373380034e-05,
      6.058916227193549e-05,
      4.82392712822184e-05,
      5.219830916146748e-05,
      6.958110145642422e-05,
      5.972740551398602e-05,
      5.671577638015151e-05,
      5.104183058545459e-05,
      6.576254132378381e-05,
      5.6626226064981896e-05,
      5.427862537326291e-05,
      5.4315839449409396e-05,
      4.740467421710491e-05,
      4.8270728922216224e-05,
      4.714551026001573e-05,
      4.479135706205852e-05,
      3.828821028931998e-05,
      4.100692414678633e-05,
      4.243593930848874e-05,
      4.6181514631025495e-05,
      3.930773938889615e-05,
      4.5066804700763894e-05,
      4.0546386201167476e-05,
      4.557699609082192e-05,
      4.663554334430955e-05,
      3.4494133950793185e-05,
      4.2378662971314044e-05,
      2.998342636419693e-05,
      2.9679924591328018e-05,
      4.541456683014985e-05,
      4.2627795939915814e-05,
      3.168652612774167e-05,
      2.890016384480987e-05,
      2.8504741290817037e-05,
      2.289605135854799e-05,
      2.4242304372310172e-05,
      2.2748480066657067e-05,
      3.6323096967535094e-05,
      3.49251890234882e-05,
      2.5012167812674307e-05,
      2.3722878529806623e-05,
      1.6982693353202195e-05,
      2.05459601507755e-05,
      2.823940896138083e-05,
      2.2115081403171643e-05,
      1.879708731721621e-05,
      2.7339678778662347e-05,
      1.8674063295766246e-05,
      1.692362466623308e-05,
      1.771038622769993e-05,
      2.0643286450649613e-05,
      1.858001750137191e-05,
      1.7870315410546026e-05,
      1.53084430139279e-05,
      1.879674526921008e-05,
      1.596103382471483e-05,
      1.468121561978478e-05,
      1.629223179712426e-05,
      1.574898088350892e-05,
      1.569143328408245e-05,
      1.3542201528325678e-05,
      1.4315711033414117e-05,
      1.2203817442641593e-05,
      1.420600000245031e-05,
      1.1998814174003201e-05,
      1.3291631852334831e-05,
      1.2610174216097221e-05,
      1.2238558215321972e-05,
      1.2328346034046263e-05,
      1.2175934971892274e-05,
      1.2127452061395161e-05,
      9.15218144946266e-06,
      1.025207589234924e-05,
      9.291600277647376e-06,
      8.4604651646805e-06,
      9.296019379107747e-06,
      8.525370591378305e-06,
      8.634251602343283e-06,
      9.684831462800502e-06,
      8.33657044568099e-06
    ],
    "eval_losses": [
      0.00410320841241628,
      0.004477570158243179,
      0.003574026268720627,
      0.0038230646562296897,
      0.0038508411802584304,
      0.0035733184408047237,
      0.0032429034515051173,
      0.003541315211635083,
      0.0030577920295763762,
      0.0030500007720838766,
      0.0031594851350062528,
      0.003376740133788553,
      0.003056800036202185,
      0.003371064074896276,
      0.002857155699492432,
      0.0029271816185239006,
      0.0029797515810467304,
      0.003320052193541778,
      0.0029111687460914256,
      0.003045937034176313,
      0.0032729760471353073,
      0.0029918272297509247,
      0.0028677512201451465,
      0.002975794994158787,
      0.0030580660824794906,
      0.0030556457106547894,
      0.0028719811914750606,
      0.0029220858033397233,
      0.0028709484635139233,
      0.0025954737511419807,
      0.0024963582211901666,
      0.002716368357203464,
      0.002827733880246524,
      0.002585766680368397,
      0.002524297703464981,
      0.0025931857447088987,
      0.0025377607589252876,
      0.002693524740138673,
      0.002718097764653794,
      0.002517048362969945
    ],