{
  "args": {
    "device": "cuda:1",
    "exp_home": "./results",
    "ds_name": "mnist",
    "mode": "generative_classification",
    "noise_std": 0.25,
    "down_scale": 2.0,
    "model_type": "conventional",
    "latent_dim": 784,
    "hidden_dims": [
      1150,
      1150,
      1150,
      1150,
      1150,
      1150
    ],
    "wo_Win": false,
    "fix_Win": false,
    "I_Win": true,
    "batch_size": 128,
    "epochs": 100,
    "lr": 0.0001,
    "use_augmentation": true,
    "aug_num": 2,
    "run_id": 4,
    "seed": 42
  },
  "training_logs": {
    "train_losses": [
      0.012215541655793785,
      0.004269294500052929,
      0.0032601160312071445,
      0.0026815104201063514,
      0.002330363798253238,
      0.002137062798794359,
      0.001875922477822751,
      0.00172588799726218,
      0.001598412716705352,
      0.001505899011781439,
      0.00137013586146757,
      0.001262130394782871,
      0.001229011886836961,
      0.0011617823924683034,
      0.0010761847535241396,
      0.0010201767957257106,
      0.0009095340967457742,
      0.0008966906365286559,
      0.0008779007506556809,
      0.0007806119765993208,
      0.0007238125882484019,
      0.0007834595865337178,
      0.0007056049950793386,
      0.0006257991018937901,
      0.000620233307313174,
      0.0006291746385861188,
      0.0006091407811455429,
      0.0005855113167827949,
      0.0005277237949566915,
      0.000496842084354721,
      0.0004962962579284795,
      0.00046109090006444603,
      0.0004565362864686176,
      0.00041539685641881077,
      0.00042687039020936936,
      0.0004237490117549896,
      0.00037111668281024324,
      0.0003905112863751128,
      0.0003394014190370217,
      0.0003574686155794188,
      0.00029701377626508476,
      0.00032243253086693585,
      0.0003451318672625348,
      0.00028142229587305336,
      0.0003138103124545887,
      0.0002816035149618983,
      0.00026862286560237406,
      0.00026812914199661464,
      0.0002837406074127648,
      0.0002256520660268143,
      0.00023734044623095543,
      0.00021245228585321457,
      0.0001722516577783972,
      0.00021804730870295317,
      0.00021115776329068466,
      0.00021048087735893204,
      0.00018564403005177156,
      0.00018659473413135856,
      0.0001717001540143974,
      0.00012577598088653758,
      0.00013437776209320872,
      0.00018950163558591158,
      0.00013611667859368025,
      0.00015924970362568274,
      0.00012111414562212304,
      0.00011261997173773124,
      0.00011458356690360233,
      0.00010852092219283804,
      9.438338330714032e-05,
      0.00010314819038147107,
      0.00013844503467320464,
      0.00010015386785147711,
      7.452561701880768e-05,
      9.007044672151096e-05,
      7.828907942806837e-05,
      6.934907785267568e-05,
      8.120338813285343e-05,
      6.238953022053465e-05,
      6.335120993375313e-05,
      6.693963702651672e-05,
      5.0589670951594596e-05,
      5.260799616284203e-05,
      5.867649388383143e-05,
      4.574768254999072e-05,
      4.2540375672397205e-05,
      3.6838159336475656e-05,
      4.976057736610528e-05,
      3.8536075372248886e-05,
      2.8812503133667634e-05,
      2.541380369104445e-05,
      2.2847731241490692e-05,
      2.4829118414781987e-05,
      2.705139268306084e-05,
      2.218547431868501e-05,
      2.8395316161913796e-05,
      2.2280913367285393e-05,
      2.4008740121498703e-05,
      2.22779313987121e-05,
      2.1659055509371683e-05,
      1.978951122669969e-05
    ],
    "eval_losses": [
      0.002718820153735578,
      0.002560670470818877,
      0.002317553458921611,
      0.0018879163325298577,
      0.00253991013802588,
      0.0021944026541896164,
      0.0020065438647870904,
      0.0022406476012431084,
      0.0018025081102736294,
      0.0018976199360680767,
      0.0019564036356285214,
      0.00203960488839075,
      0.001932582084578462,
      0.002028203631658107,
      0.0018124795234383782,
      0.0017542951123439706,
      0.0016804585483390837,
      0.0016525854808511213,
      0.0017261517819773871,
      0.001707423016341636
    ],
    "psnr": [
      26.29791364135742,
      26.672447619628905,
      27.17575908508301,
      28.397720190429688,
      26.712253015136717,
      27.58214691772461,
      28.112664611816406,
      27.773114166259766,
      28.706549645996095,
      28.475215728759764,
      28.397069088745116,
      28.62368521118164,
      28.440485772705077,
      28.28072694091797,
      28.971306341552733,
      29.425159921264648,
      29.83981096191406,
      29.787852716064453,
      29.823340435791014,
      29.83192835083008
    ],
    "best_epoch": 90,
    "best_step": null,
    "best_eval_loss": 0.0016525854808511213
  },
  "test_results": {
    "test_loss": 0.0018176990170948556,
    "test_psnr": 33.125981567382816
  }
}