{
  "args": {
    "device": "cuda:1",
    "exp_home": "./results",
    "ds_name": "mnist",
    "mode": "generative_classification",
    "noise_std": 0.25,
    "down_scale": 2.0,
    "model_type": "conventional",
    "latent_dim": 784,
    "hidden_dims": [
      1150
    ],
    "wo_Win": false,
    "fix_Win": true,
    "I_Win": true,
    "batch_size": 128,
    "epochs": 100,
    "lr": 0.0001,
    "use_augmentation": false,
    "aug_num": 2,
    "run_id": 5,
    "seed": 42
  },
  "training_logs": {
    "train_losses": [
      0.03636035907447338,
      0.011671606371402741,
      0.00906004044637084,
      0.007606516928970814,
      0.006623318127691746,
      0.0059704808154702185,
      0.005397577830553055,
      0.004990468658059835,
      0.004610312406718731,
      0.004336148212403059,
      0.004040165962874889,
      0.003802202020138502,
      0.0035761122762411834,
      0.0033774396139383315,
      0.003226652561277151,
      0.0030790279678255318,
      0.002907966472953558,
      0.0027692939001321792,
      0.0026711826249957086,
      0.002575158981308341,
      0.002472322041168809,
      0.002365760941952467,
      0.0022871779584884644,
      0.0022131249490380286,
      0.002140399888716638,
      0.0020741892933472993,
      0.0020170289327204227,
      0.0019455254397541285,
      0.0018970268604159356,
      0.001858680045902729,
      0.001790267196893692,
      0.0017510367745906114,
      0.0017115178042650223,
      0.001673724868670106,
      0.0016190610924363136,
      0.0015941175960749387,
      0.001557878261320293,
      0.0015258333173021675,
      0.0015008760106191038,
      0.0014759850587695838,
      0.0014478180297836662,
      0.0014246453308314085,
      0.0013932037964835763,
      0.001372941313497722,
      0.0013633332112058998,
      0.0013317388612404466,
      0.0013135691026225685,
      0.0012966929579153656,
      0.0012616633843630552,
      0.0012643686428293586,
      0.001243629425317049,
      0.0012187791175767779,
      0.0012020974508672952,
      0.00119245659802109,
      0.0011878256522491575,
      0.0011697361949458717,
      0.0011548091197758914,
      0.0011415546423196794,
      0.0011210385836660861,
      0.0011213079567998648,
      0.0010973556538298726,
      0.0010945253840461374,
      0.0010916454237699508,
      0.0010781775111332536,
      0.001052992033213377,
      0.0010589031217992306,
      0.0010351985214278102,
      0.001046436528377235,
      0.0010331753764115275,
      0.0010167777176946402,
      0.0010067335420846939,
      0.0009981690045818687,
      0.0009909390592575072,
      0.0009830133048444986,
      0.0009752316343411803,
      0.0009754979429580272,
      0.0009719837867096067,
      0.0009565330469235777,
      0.0009486143490113318,
      0.0009459736601263285,
      0.0009336659855395555,
      0.0009364431860670447,
      0.0009253779370337724,
      0.0009269402870722115,
      0.0009187291425094008,
      0.0009152116443961859,
      0.0009063886462897063,
      0.0008987423611432314,
      0.0009030613224208355,
      0.0008985637222975493,
      0.0009000700601562858,
      0.0008814394523762167,
      0.0008730167238973081,
      0.0008756619531661272,
      0.000872159682996571,
      0.0008770860737562179,
      0.0008631679825484753,
      0.0008662758319266141,
      0.0008559639829397201,
      0.0008664159743860364
    ],
    "eval_losses": [
      0.007284308164566755,
      0.005962382082641124,
      0.005506544619798661,
      0.005395660191774368,
      0.00525457605868578,
      0.005040897564589977,
      0.005054129710048437,
      0.005074094760045409,
      0.004889455638453364,
      0.004791463634744287,
      0.004774638873338699,
      0.004924190720915794,
      0.004765841092914343,
      0.004896344915032387,
      0.004794377058371902,
      0.004759234425425529,
      0.004918012307956815,
      0.004743677751719952,
      0.004822930166497826,
      0.004585354680195451
    ],
    "psnr": [
      21.472432830810547,
      22.35743962097168,
      22.707464215087892,
      22.80453702697754,
      22.932758612060546,
      23.10140559692383,
      23.104181970214842,
      23.088160104370118,
      23.245824041748048,
      23.336037814331053,
      23.35372875061035,
      23.21576282043457,
      23.365751638793945,
      23.240738360595703,
      23.333794134521483,
      23.371304064941405,
      23.239601443481444,
      23.385885681152345,
      23.32392405090332,
      23.54214151916504
    ],
    "best_epoch": 100,
    "best_step": null,
    "best_eval_loss": 0.004585354680195451
  },
  "test_results": {
    "test_loss": 0.004527821423485875,
    "test_psnr": 24.073711901855468
  }
}