{
  "args": {
    "device": "cuda:9",
    "exp_home": "./results",
    "ds_name": "mnist",
    "mode": "generative_classification",
    "noise_std": 0.25,
    "down_scale": 2.0,
    "model_type": "conventional",
    "latent_dim": 784,
    "hidden_dims": [
      785,
      785
    ],
    "wo_Win": true,
    "fix_Win": false,
    "I_Win": false,
    "wo_Wout": true,
    "batch_size": 128,
    "epochs": 50,
    "lr": 0.0005,
    "use_augmentation": false,
    "aug_num": 2,
    "run_id": 3,
    "seed": 42
  },
  "training_logs": {
    "train_losses": [
      0.013194662059247493,
      0.0042927827039361,
      0.003059093318283558,
      0.0022994273256510497,
      0.0019059142724052072,
      0.0016400163651257753,
      0.0014490763807296753,
      0.0012135776695236563,
      0.001062279579695314,
      0.0009406247378885746,
      0.0008960343591868878,
      0.0007790597497113049,
      0.0006874756782129407,
      0.000589616426853463,
      0.0005865295385941863,
      0.0005277043975517153,
      0.0005060941202379763,
      0.0004296566954255104,
      0.0003987164444010705,
      0.0004015235065296292,
      0.00036228024212643504,
      0.0003959548843186349,
      0.00032955580120906235,
      0.0002603404587786645,
      0.00027082499063108115,
      0.000240105473366566,
      0.00027588161206804215,
      0.0002765606217784807,
      0.000257504901192151,
      0.00020120822103694081,
      0.00017864681146573274,
      0.00016796519867144524,
      0.00016479691441170872,
      0.00013345599244348705,
      0.00012852116739843042,
      0.0001903205495327711,
      0.00013652894153259694,
      0.00011457513906992972,
      0.00010873277599923312,
      9.931413658661767e-05,
      9.153310453519225e-05,
      8.900601884583011e-05,
      8.758011092897504e-05,
      8.43373677553609e-05,
      7.864081522449851e-05,
      7.580531557556242e-05,
      7.273707495536656e-05,
      6.888856352074071e-05,
      6.242980252485722e-05,
      6.116544669959694e-05
    ],
    "eval_losses": [
      0.004195371780917049,
      0.004019282479584217,
      0.0033883488457649947,
      0.003435542091168463,
      0.0033394878612365573,
      0.003306064637983218,
      0.003077816257160157,
      0.002962816211627796,
      0.003089792423020117,
      0.003069575564819388
    ],
    "psnr": [
      24.089303005981446,
      24.30190076599121,
      25.212990579223632,
      25.12265417175293,
      25.279292938232423,
      25.280462579345702,
      25.648537817382813,
      25.836943975830078,
      25.672830212402342,
      25.68621762084961
    ],
    "ssim": [
      0.965157204246521,
      0.9676480213165283,
      0.9747192358016967,
      0.9746138571739197,
      0.976179246711731,
      0.9762339170455933,
      0.9779475814819336,
      0.978923543548584,
      0.9782482509613037,
      0.9787300724029541
    ],
    "best_epoch": 40,
    "best_step": null,
    "best_eval_loss": 0.002962816211627796
  },
  "test_results": {
    "test_loss": 0.0029160758865764366,
    "test_psnr": 26.877821197509764,
    "test_ssim": 0.9791722057342529
  }
}