{
  "args": {
    "device": "cuda:6",
    "exp_home": "./results",
    "ds_name": "mnist",
    "mode": "denoising",
    "noise_std": 0.25,
    "down_scale": 2.0,
    "model_type": "conventional",
    "latent_dim": 784,
    "hidden_dims": [
      1470,
      1470
    ],
    "wo_Win": false,
    "fix_Win": false,
    "I_Win": false,
    "wo_Wout": false,
    "batch_size": 128,
    "epochs": 30,
    "lr": 0.0005,
    "use_augmentation": false,
    "aug_num": 2,
    "run_id": 4,
    "seed": 42
  },
  "training_logs": {
    "train_losses": [
      0.018934890217781067,
      0.007349253887534142,
      0.006192193779945373,
      0.005747072320580482,
      0.005469113239496946,
      0.005261663232147694,
      0.005124214543253183,
      0.0049854155951738355,
      0.004878435332775116,
      0.004809614069759846,
      0.004700065670013427,
      0.004624730751812458,
      0.004561962963938713,
      0.004482855582684278,
      0.004406126271039247,
      0.004349564949423075,
      0.004287954027056694,
      0.004241428082436323,
      0.004183402628004551,
      0.004117475369125605,
      0.004066841185837984,
      0.0040160762105882165,
      0.0039577953760325905,
      0.003920304458513856,
      0.003866736163198948,
      0.0038198397643864155,
      0.0037758662670105696,
      0.0037267667332291604,
      0.0036937620613723995,
      0.003655365375727415
    ],
    "eval_losses": [
      0.0053971536003053185,
      0.0047503015615046025,
      0.004438860633224249,
      0.004178566775470972,
      0.003990528576821088,
      0.0038032126888632774
    ],
    "psnr": [
      22.6806419342041,
      23.234829052734376,
      23.529280502319335,
      23.79146355895996,
      23.991596032714845,
      24.200545172119142
    ],
    "ssim": [
      0.8981679332733155,
      0.9120072347640992,
      0.9182467389106751,
      0.9278392851829529,
      0.93172428855896,
      0.937942209815979
    ],
    "best_epoch": 30,
    "best_step": null,
    "best_eval_loss": 0.0038032126888632774
  },
  "test_results": {
    "test_loss": 0.0037832199681550266,
    "test_psnr": 24.2310056060791,
    "test_ssim": 0.9391249538421631
  }
}