{
  "args": {
    "device": "cuda:0",
    "exp_home": "./results",
    "ds_name": "mnist",
    "mode": "denoising",
    "noise_std": 0.25,
    "down_scale": 2.0,
    "model_type": "conventional",
    "latent_dim": 784,
    "hidden_dims": [
      1470,
      1470,
      1470
    ],
    "wo_Win": true,
    "fix_Win": false,
    "I_Win": false,
    "wo_Wout": true,
    "batch_size": 128,
    "epochs": 30,
    "lr": 0.0005,
    "use_augmentation": false,
    "aug_num": 2,
    "run_id": 3,
    "seed": 42
  },
  "training_logs": {
    "train_losses": [
      0.012100843857526779,
      0.006312108054459095,
      0.005563235892802477,
      0.005234856680482626,
      0.005004331869184971,
      0.0048629743963479995,
      0.004742567274570465,
      0.004659541993290186,
      0.00456856110304594,
      0.004491200611293316,
      0.004429511608481407,
      0.004369457470923662,
      0.004292613652348519,
      0.004259278387874365,
      0.004203819570094347,
      0.004157096503227949,
      0.004108731171786785,
      0.004062238476648927,
      0.00401779944434762,
      0.003960734924972058,
      0.003919226476252079,
      0.0038877792152762413,
      0.003836995103955269,
      0.003807051801085472,
      0.0037594978219270708,
      0.0037187533650547265,
      0.003677467884272337,
      0.0036475438319146635,
      0.0036097076688706873,
      0.003582927511036396
    ],
    "eval_losses": [
      0.00487511917874217,
      0.004386487198621034,
      0.004148883356153965,
      0.003980126604437828,
      0.00382656475007534,
      0.00370480035841465
    ],
    "psnr": [
      23.122001345825197,
      23.58096115112305,
      23.822794439697265,
      24.00298602294922,
      24.174171368408203,
      24.314514251708985
    ],
    "ssim": [
      0.9147970436096191,
      0.9311680147171021,
      0.9374339022636413,
      0.9428048351287842,
      0.9467953741073608,
      0.9517520153045654
    ],
    "best_epoch": 30,
    "best_step": null,
    "best_eval_loss": 0.00370480035841465
  },
  "test_results": {
    "test_loss": 0.003684926138445735,
    "test_psnr": 24.343661990356445,
    "test_ssim": 0.9527000597000123
  }
}