{
  "args": {
    "device": "cuda:3",
    "exp_home": "./results",
    "ds_name": "mnist",
    "mode": "generative_classification",
    "noise_std": 0.25,
    "down_scale": 2.0,
    "model_type": "conventional",
    "latent_dim": 784,
    "hidden_dims": [
      1150,
      1150,
      1150,
      1150,
      1150,
      1150,
      1150,
      1150,
      1150,
      1150
    ],
    "wo_Win": true,
    "fix_Win": false,
    "I_Win": false,
    "batch_size": 128,
    "epochs": 200,
    "lr": 1e-05,
    "use_augmentation": true,
    "aug_num": 2,
    "run_id": 3,
    "seed": 42
  },
  "training_logs": {
    "train_losses": [
      0.03816919729322195,
      0.007105218036323786,
      0.004651765107363462,
      0.0033720030349493027,
      0.002556746629551053,
      0.0019110654530674219,
      0.0015387211509793996,
      0.001263518317118287,
      0.001025380833800882,
      0.0008900702130421996,
      0.0007784433820471168,
      0.0006951244594715536,
      0.0005904060861468316,
      0.0005319665624015033,
      0.0005702273702435195,
      0.00048706378385424614,
      0.0004362110256496817,
      0.0004483892552088946,
      0.00039354860937222837,
      0.0004235587832517922,
      0.00037470089755021037,
      0.00031967905945144595,
      0.0003514582613669336,
      0.0003574197398591787,
      0.0003134172153379768,
      0.0003032779729180038,
      0.0003047000379115343,
      0.0002736909226491116,
      0.0002988066732184961,
      0.00028461127798072995,
      0.0002588027227995917,
      0.00026453950454480947,
      0.00024951857479289173,
      0.0002489831562805921,
      0.00022701398861594497,
      0.0002131190498918295,
      0.0002092808033945039,
      0.00023037901990581304,
      0.0002340230172430165,
      0.00020551192980725318,
      0.00017901355775538832,
      0.00020664940115297213,
      0.0002071717563085258,
      0.0001815813970193267,
      0.00017530516541562974,
      0.0002006103701516986,
      0.00020087212482001633,
      0.00016121772268321366,
      0.00016541147092357278,
      0.00017228928945958613,
      0.00016498926289146767,
      0.00014441445879871025,
      0.00013970916492398827,
      0.00014385946433991193,
      0.0001617814957536757,
      0.00014054733521305025,
      0.0001589503740798682,
      0.00013958075992763041,
      0.0001419280930259265,
      0.000160665161521174,
      0.00011457959749735892,
      0.00012878857450559735,
      0.0001324448783393018,
      0.0001390926953870803,
      0.00011775418320205063,
      0.00011358519223285839,
      0.00011714751470368356,
      0.0001467102898878511,
      0.00011916900376323611,
      0.00012583762243390084,
      0.00011190359198488295,
      0.00011071081804810091,
      0.00010878966190619394,
      0.00010915726387873292,
      0.0001018379316246137,
      0.00011118730839341878,
      0.00010520272823050618,
      0.00010267954140086659,
      0.00010181954760104418,
      0.00010466407660394907,
      0.00010004746214486659,
      9.815510742366314e-05,
      9.241553054656834e-05,
      8.051502307411284e-05,
      0.00010605122563429177,
      0.0001238844438130036,
      8.682133589405567e-05,
      7.903564906911924e-05,
      7.73538719676435e-05,
      8.593310008873231e-05,
      8.576801772462205e-05,
      7.153408447746187e-05,
      8.498927386826835e-05,
      7.911274115787819e-05,
      8.735407537547872e-05,
      7.709074469399638e-05,
      8.667177500668913e-05,
      7.4091173177585e-05,
      7.215753152268007e-05,
      7.125577522208914e-05,
      6.211195884854532e-05,
      6.289153331657872e-05,
      9.521145437844098e-05,
      7.399892735527828e-05,
      5.9034088535699996e-05,
      5.8184521498624236e-05,
      6.546960990177468e-05,
      4.6687794441822916e-05,
      6.786240989807994e-05,
      8.115897939307615e-05,
      6.208682812051848e-05,
      5.514518385287374e-05,
      6.013825945323333e-05,
      5.256046429043636e-05,
      6.010260197566822e-05,
      6.42849170777481e-05,
      5.184666521847248e-05,
      6.979607820976525e-05,
      5.623664672952145e-05,
      5.3331591974711046e-05,
      4.8313470055582e-05,
      4.868809325736948e-05,
      5.27279067307245e-05,
      4.898555379593745e-05,
      4.955060805892572e-05,
      4.634672912652604e-05,
      6.0033535655820744e-05,
      5.003585688187741e-05,
      4.4379673420917245e-05,
      4.571756713790819e-05,
      3.8678551875054835e-05,
      5.183050586143509e-05,
      4.711919105378911e-05,
      4.870163227664307e-05,
      4.565285015385598e-05,
      4.5411206607241186e-05,
      4.6607746717054397e-05,
      4.654994577169418e-05,
      4.767975495196879e-05,
      3.867859494872391e-05,
      3.616676240460947e-05,
      3.5519607620080935e-05,
      3.1957875188672916e-05,
      3.9244305522879584e-05,
      4.139355386956595e-05,
      3.826697835815139e-05,
      3.100524204550311e-05,
      3.5497189896996134e-05,
      3.4588859343202786e-05,
      3.2127259970875454e-05,
      3.516536613926292e-05,
      3.15644795447588e-05,
      3.568332694354467e-05,
      3.5773978343931955e-05,
      3.118472218629904e-05,
      3.5278753715101626e-05,
      3.1863804010208694e-05,
      3.8412524552550164e-05,
      3.897812677314505e-05,
      3.1710006592329594e-05,
      2.7611582144745624e-05,
      3.2807409850065595e-05,
      2.681550123495981e-05,
      2.7679506817366927e-05,
      2.9668097200337797e-05,
      2.5396938467165455e-05,
      2.8092613292392343e-05,
      2.8577106627053582e-05,
      2.7500143507495523e-05,
      2.881871160119772e-05,
      2.669952569063753e-05,
      2.539226080523804e-05,
      2.3875180543400347e-05,
      2.430557503597811e-05,
      2.4532837475417182e-05,
      2.492188726319e-05,
      2.3680508229881526e-05,
      2.2957851490937174e-05,
      2.3794030930148436e-05,
      2.2950859374832362e-05,
      2.7308501050574705e-05,
      2.5152689415263012e-05,
      2.3291801621671767e-05,
      2.2882331041037104e-05,
      2.2840714718331585e-05,
      2.30194806586951e-05,
      2.3274270882830023e-05,
      2.1905013794312255e-05,
      2.2945285071618856e-05,
      2.1473698662011883e-05,
      2.2069819533498957e-05,
      2.3159270702744833e-05,
      2.252661757869646e-05,
      2.2425940372631885e-05,
      2.148101539234631e-05,
      2.283258723851759e-05,
      2.1100840853760018e-05,
      2.1115160197368822e-05,
      2.3425835446687417e-05,
      2.1378375118365512e-05
    ],
    "eval_losses": [
      0.00557434348538518,
      0.004634790706075728,
      0.0039900240814313296,
      0.004008400386827998,
      0.004234378549456596,
      0.003958793845586479,
      0.003654475897597149,
      0.0036360496621578933,
      0.003766778901295038,
      0.003693536013085395,
      0.003795975262019783,
      0.003981117367371917,
      0.003568729387235362,
      0.003978335583419539,
      0.003866713829501532,
      0.003744934871874284,
      0.00385240011831047,
      0.003905033146153437,
      0.0035317422704887577,
      0.003634061074536294,
      0.0037714404809172267,
      0.003695126361399889,
      0.0039042430953588336,
      0.0035170126923767383,
      0.0035114284798968584,
      0.003214980676677078,
      0.0034042784066987226,
      0.0036588755764067173,
      0.0035397540725767614,
      0.003202124915551394,
      0.0034268997514096556,
      0.0033205899292603133,
      0.003458767611102667,
      0.0035301922140875833,
      0.00350375269332435,
      0.0034379008212592453,
      0.003134204019187018,
      0.003169648294406943,
      0.003067190071940422,
      0.0031867801200598476
    ],