{
  "args": {
    "device": "cuda:8",
    "exp_home": "./results",
    "ds_name": "mnist",
    "mode": "generative_classification",
    "noise_std": 0.25,
    "down_scale": 2.0,
    "model_type": "conventional",
    "latent_dim": 784,
    "hidden_dims": [
      1150,
      1150,
      1150,
      1150,
      1150,
      1150,
      1150,
      1150,
      1150,
      1150
    ],
    "wo_Win": false,
    "fix_Win": true,
    "I_Win": false,
    "batch_size": 128,
    "epochs": 100,
    "lr": 0.0001,
    "use_augmentation": true,
    "aug_num": 4,
    "run_id": 5,
    "seed": 42
  },
  "training_logs": {
    "train_losses": [
      0.011287307484149934,
      0.005257717486396432,
      0.004136703117899597,
      0.003489699486680329,
      0.0029725631294585764,
      0.002703433902356774,
      0.0023605289276968687,
      0.0022233699533715846,
      0.0019819875099882484,
      0.0017883309625554829,
      0.0016768309290893376,
      0.001556060660975054,
      0.0014439119084132836,
      0.0013678507604449987,
      0.0012649620918929578,
      0.0011838252764334901,
      0.0011135469178203494,
      0.0010742386288475245,
      0.0009863824143167585,
      0.0009588009165832773,
      0.0008928725527506321,
      0.0008730507980333641,
      0.0007697244818112813,
      0.0007809447894664482,
      0.000701781229309272,
      0.0007219972763466649,
      0.0006413877353654243,
      0.0006325657526263967,
      0.0006096095159463584,
      0.000544915052135475,
      0.0005587533069960773,
      0.0005286630108393729,
      0.0004744606262864545,
      0.0004938828167598694,
      0.00045523576549952847,
      0.00044469261140795427,
      0.000414221322205849,
      0.0004276626137644052,
      0.0003947823113994673,
      0.000348374140803935,
      0.000369918750654906,
      0.00034207600580411963,
      0.00030893153979210183,
      0.00031322303772205487,
      0.00028138760586618445,
      0.00030312652271124535,
      0.00028685008577536793,
      0.0002646415381669067,
      0.0002635290140332654,
      0.00024749844791018406,
      0.00022478415757184848,
      0.00021751681473164354,
      0.00021716822990681977,
      0.00022152463566279038,
      0.00019682744649471715,
      0.00020178478550282307,
      0.00019377641136408784,
      0.00017904435104923322,
      0.0001616648468497442,
      0.0001614709187252447,
      0.00016064581255952363,
      0.00013963914943335113,
      0.00014109802253427914,
      0.0001267728853650624,
      0.00013638335402298252,
      0.00010932923034299165,
      0.00012444732597330585,
      0.00010590946955548134,
      0.0001188165635621408,
      9.716409019252751e-05,
      0.00010251242334750714,
      8.674603428051342e-05,
      8.019926882057917e-05,
      8.860545436647954e-05,
      8.292917486920487e-05,
      7.447806497075362e-05,
      6.806251997506478e-05,
      6.270320666575572e-05,
      5.5483471900806765e-05,
      5.9289359248359686e-05,
      4.4318621732818425e-05,
      5.307863749301759e-05,
      4.0949520698050036e-05,
      5.285225983563578e-05,
      3.512949476978974e-05,
      3.844750430638669e-05,
      3.6415753480105196e-05,
      2.647144369140733e-05,
      2.9541516762838e-05,
      2.7250370532856322e-05,
      2.2391476884658915e-05,
      2.4692477154021617e-05,
      2.2162254246650265e-05,
      2.0727217711537376e-05,
      2.03513970055792e-05,
      1.9783346871699905e-05,
      1.805617532110773e-05,
      1.7790930886694697e-05,
      1.6987077070807573e-05,
      1.6924774289072958e-05
    ],
    "eval_losses": [
      0.0040427345257252455,
      0.0030994719960261135,
      0.0030868735698633826,
      0.002655860764463432,
      0.0027686578895139975,
      0.0023411026671819853,
      0.0026844807162182405,
      0.0026341520379297434,
      0.0025923445469816214,
      0.0023410886661760742,
      0.0023532849044771865,
      0.002493707922108297,
      0.0021371081824210704,
      0.002306780824698217,
      0.0021575976903877745,
      0.0021947985880775376,
      0.0021414313731154835,
      0.001984582141301871,
      0.002021101330422971,
      0.00203363245744913
    ],
    "psnr": [
      24.214346884155272,
      25.68962004394531,
      25.74504305419922,
      26.564356652832032,
      26.616212268066405,
      27.473432708740233,
      26.519413061523437,
      26.605463189697264,
      26.94307282104492,
      27.52459406738281,
      27.503526458740236,
      26.882850659179688,
      27.54947622680664,
      27.593112902832033,
      27.874252490234376,
      28.30745503540039,
      28.549936791992188,
      28.095680670166015,
      28.335523895263673,
      28.71725310668945
    ],
    "ssim": [
      0.959819668006897,
      0.9744911062240601,
      0.9766318345069885,
      0.980334768486023,
      0.9800308042526246,
      0.9828197450637818,
      0.9818309192657471,
      0.9819581851959228,
      0.9829882066726685,
      0.9848336777687072,
      0.9853373111724854,
      0.9836806704521179,
      0.9863756736755371,
      0.986267031288147,
      0.986492443561554,
      0.9869345629692078,
      0.9874641523361206,
      0.9883586378097534,
      0.9882671448707581,
      0.988367569065094
    ],
    "best_epoch": 90,
    "best_step": null,
    "best_eval_loss": 0.001984582141301871
  },
  "test_results": {
    "test_loss": 0.00210040591780089,
    "test_psnr": 33.494876391601565,
    "test_ssim": 0.9879695156097412
  }
}