{
  "args": {
    "device": "cuda:7",
    "exp_home": "./results",
    "ds_name": "mnist",
    "mode": "denoising",
    "noise_std": 0.25,
    "down_scale": 2.0,
    "model_type": "conventional",
    "latent_dim": 784,
    "hidden_dims": [
      1470,
      1470,
      1470,
      1470,
      1470,
      1470
    ],
    "wo_Win": false,
    "fix_Win": false,
    "I_Win": false,
    "wo_Wout": false,
    "batch_size": 128,
    "epochs": 30,
    "lr": 0.001,
    "use_augmentation": false,
    "aug_num": 2,
    "run_id": 5,
    "seed": 42
  },
  "training_logs": {
    "train_losses": [
      0.01943418906390667,
      0.008997229459881783,
      0.0076767866653203965,
      0.006934644715934992,
      0.006399763726294041,
      0.006053433095961809,
      0.005782349987775087,
      0.005596747685223818,
      0.005455265751481056,
      0.005297843128591776,
      0.005183883389830589,
      0.005059154839962721,
      0.0049502815461158756,
      0.004839463633745909,
      0.004754166495651007,
      0.004655848954021931,
      0.00457529169678688,
      0.0044788372635841366,
      0.0044003644463419915,
      0.004329061923623085,
      0.0042537553471326825,
      0.004175500813573599,
      0.00411181197822094,
      0.004033898787945509,
      0.003960576278790832,
      0.0038970071440935137,
      0.0038212262985110284,
      0.003754177697971463,
      0.0036915501245856283,
      0.0036296337111294268
    ],
    "eval_losses": [
      0.006242476441711187,
      0.005371298576891423,
      0.004739881179481745,
      0.004409827762842178,
      0.004080069255828858,
      0.0037761838138103483
    ],
    "psnr": [
      22.04856339416504,
      22.70126244812012,
      23.24421300048828,
      23.557494009399413,
      23.89518778076172,
      24.231339453125
    ],
    "ssim": [
      0.9093608642578125,
      0.923027820777893,
      0.9296884257316589,
      0.9300664608001709,
      0.9367378639221191,
      0.9380785430908203
    ],
    "best_epoch": 30,
    "best_step": null,
    "best_eval_loss": 0.0037761838138103483
  },
  "test_results": {
    "test_loss": 0.0037482352416962385,
    "test_psnr": 24.27044211425781,
    "test_ssim": 0.9398098768234253
  }
}