{
  "args": {
    "device": "cuda:3",
    "exp_home": "./results",
    "ds_name": "mnist",
    "mode": "generative_classification",
    "noise_std": 0.25,
    "down_scale": 2.0,
    "model_type": "conventional",
    "latent_dim": 784,
    "hidden_dims": [
      1150,
      1150,
      1150,
      1150,
      1150,
      1150,
      1150,
      1150,
      1150,
      1150
    ],
    "wo_Win": false,
    "fix_Win": true,
    "I_Win": false,
    "batch_size": 128,
    "epochs": 100,
    "lr": 5e-05,
    "use_augmentation": true,
    "aug_num": 2,
    "run_id": 2,
    "seed": 42
  },
  "training_logs": {
    "train_losses": [
      0.013812562738358975,
      0.0038020532193779946,
      0.002856619447618723,
      0.002201846684124321,
      0.001905449587367475,
      0.001714647319111973,
      0.001473644226975739,
      0.0013561013455316425,
      0.0012264570680074393,
      0.0011062939266394823,
      0.0010353318655677139,
      0.0009427917535882443,
      0.0009016408467572183,
      0.000891506775142625,
      0.0007875427587702871,
      0.0007206020733341574,
      0.0006760010091774166,
      0.0006989381955191493,
      0.0007210989819001406,
      0.0005785059914086014,
      0.0005645448854565621,
      0.0005745914171170443,
      0.0004976658951956779,
      0.0005166196978883818,
      0.000511374822598882,
      0.0004485933919856325,
      0.000439927860731259,
      0.00044397163223475216,
      0.00047461952739860864,
      0.0003577802872285247,
      0.00035910531017463654,
      0.00041052079814020545,
      0.00038380075361113997,
      0.0003446531242830679,
      0.00032295022325590255,
      0.00032506940202787517,
      0.00026383695845492186,
      0.0003154845610191114,
      0.0003152640603389591,
      0.00024214426439721136,
      0.0002870036788517609,
      0.00024096656061243265,
      0.0002942935323482379,
      0.0002332367780758068,
      0.00021843111286871136,
      0.00023647102287970484,
      0.00023331641781143843,
      0.0002360700699640438,
      0.00018447254608618095,
      0.0001823598287603818,
      0.00020927328299963848,
      0.00019063905017916113,
      0.00015595979734091088,
      0.00015966131130699067,
      0.00017681943217525258,
      0.00014100646042264998,
      0.00013454871043562888,
      0.00015647718569380232,
      0.0001463027394330129,
      0.0001304411327908747,
      0.00012330753606278448,
      0.00013545332955080085,
      0.0001269501374021638,
      0.00010670598232885823,
      0.00011460664955200628,
      0.00010464758324204013,
      0.00010036338339501527,
      7.835645391023718e-05,
      8.579622523859143e-05,
      0.0001155544600787107,
      9.639155837474391e-05,
      7.320607486646622e-05,
      8.063734364928678e-05,
      6.55586388806114e-05,
      7.993314303923398e-05,
      6.116297573200428e-05,
      6.813777234288863e-05,
      7.880456240731291e-05,
      5.274173447862267e-05,
      4.566502318601124e-05,
      5.555208444828167e-05,
      4.311670491297264e-05,
      4.516185730579309e-05,
      4.089390068198554e-05,
      4.852754298597574e-05,
      4.155117217684165e-05,
      3.554506833082996e-05,
      3.1082253797212614e-05,
      3.0298755636904387e-05,
      3.340237400843762e-05,
      2.9295579790486953e-05,
      2.704049616237171e-05,
      3.144843865535222e-05,
      2.4719545583357102e-05,
      2.302837841969449e-05,
      2.168497577891685e-05,
      2.35430344811175e-05,
      2.1921660233056173e-05,
      2.121171213744674e-05,
      2.0724590100580826e-05
    ],
    "eval_losses": [
      0.0030361068354919554,
      0.002894423013180494,
      0.0024638005968183278,
      0.00230723639735952,
      0.002336740612704307,
      0.0022186254367232323,
      0.002258875819086097,
      0.0021276286068779883,
      0.0020746305929438677,
      0.0021839879234554246,
      0.0019568549430987333,
      0.002160973402787931,
      0.0021052927676821127,
      0.001899004863970913,
      0.001927331096166745,
      0.0017545800107589458,
      0.0018534756263077724,
      0.0017587836929247715,
      0.001675606915494427,
      0.0016645342880510724
    ],
    "psnr": [
      25.7660444732666,
      26.0960662109375,
      26.94046596984863,
      27.67527148742676,
      27.289440618896485,
      27.918540829467773,
      27.332970233154295,
      28.168927600097657,
      28.184341455078126,
      28.18195125732422,
      28.992557537841797,
      28.500047897338867,
      28.20637208557129,
      29.234772143554686,
      29.053938763427734,
      30.16527554321289,
      29.82852772216797,
      30.22115263671875,
      31.06898670654297,
      31.061196801757813
    ],
    "best_epoch": 100,
    "best_step": null,
    "best_eval_loss": 0.0016645342880510724
  },
  "test_results": {
    "test_loss": 0.0017129774367655045,
    "test_psnr": 33.586351190185546
  }
}