{
  "args": {
    "device": "cuda:8",
    "exp_home": "./results",
    "ds_name": "mnist",
    "mode": "generative_classification",
    "noise_std": 0.25,
    "down_scale": 2.0,
    "model_type": "conventional",
    "latent_dim": 784,
    "hidden_dims": [
      1150,
      1150,
      1150,
      1150,
      1150,
      1150
    ],
    "wo_Win": false,
    "fix_Win": true,
    "I_Win": true,
    "batch_size": 128,
    "epochs": 100,
    "lr": 0.0005,
    "use_augmentation": false,
    "aug_num": 2,
    "run_id": 3,
    "seed": 42
  },
  "training_logs": {
    "train_losses": [
      0.012292925020456313,
      0.004814289968460798,
      0.003589277470111847,
      0.0029929791994392873,
      0.002515229071713984,
      0.0023965790467709303,
      0.0020508537604659797,
      0.0018187367685884236,
      0.0018464271391183138,
      0.0015656263618730008,
      0.0014935009789466857,
      0.0013370260636508466,
      0.001179272244349122,
      0.0012439353629481048,
      0.0011026594996545464,
      0.0009414129389636219,
      0.0009295646902546286,
      0.0009810457788035274,
      0.0008974954190477729,
      0.0007926601104438304,
      0.0008152246401552111,
      0.0006536218163650483,
      0.0007552576371654868,
      0.000728320194017142,
      0.0005856504473742098,
      0.0006449567041452974,
      0.0006033839632198215,
      0.0005864088167622686,
      0.0005706767296977341,
      0.0005536827217042447,
      0.0005173897949047386,
      0.00045705331111326814,
      0.00045225864605978134,
      0.00041198219602927563,
      0.0004554301859205589,
      0.0004842442610859871,
      0.0003564689548732713,
      0.00042537253646645696,
      0.00032372677871026097,
      0.0003783828470855951,
      0.0003222063508897554,
      0.00028471489934949205,
      0.0003192248011752963,
      0.00034276327676372603,
      0.0002964360909257084,
      0.0002889298815559596,
      0.00024327944134711288,
      0.00022916823112405837,
      0.00021372902968898417,
      0.0002240290396125056,
      0.00015009360109106637,
      0.00019409331195638515,
      0.000213384206215851,
      0.0002543902691081166,
      0.0002232091483939439,
      0.00019301071416703052,
      0.00017524833397590555,
      0.00014687326606479474,
      0.0001771852307411609,
      0.00014058893448207527,
      0.00018583142202347516,
      0.0001296520296356175,
      0.0001071959145157598,
      0.00012261520271888003,
      0.00011508596925530583,
      0.0001092863235110417,
      0.00013086564552155323,
      0.00011891589363804087,
      0.00011352204791968688,
      0.00012042451037093997,
      8.149329612671863e-05,
      6.927505847765133e-05,
      8.701858909567818e-05,
      9.237496939953416e-05,
      6.718307978560915e-05,
      6.162571539753117e-05,
      5.5788998407952025e-05,
      6.256361924286466e-05,
      9.066991451691137e-05,
      5.85887283764896e-05,
      5.674511533899931e-05,
      5.4583147173980253e-05,
      4.075360507587902e-05,
      3.122208918066462e-05,
      3.2761345732433256e-05,
      4.939666056248825e-05,
      3.801699478703085e-05,
      4.691368767176755e-05,
      3.147932598221814e-05,
      2.9589651053247508e-05,
      3.188103798485827e-05,
      2.455417763616424e-05,
      2.321205090600415e-05,
      2.0393620457616633e-05,
      2.478290882980218e-05,
      2.345009668424609e-05,
      2.529670570474991e-05,
      1.973474172562419e-05,
      2.2243918806343573e-05,
      1.9444671137898696e-05
    ],
    "eval_losses": [
      0.004451757906377316,
      0.00418192154597491,
      0.0035065325336530806,
      0.003331942953169346,
      0.003360838824277744,
      0.0034066244818270206,
      0.003594542388955597,
      0.00364173614900792,
      0.0032551046397536992,
      0.0032631619250401856,
      0.003305124042229727,
      0.003516304692561971,
      0.0027703269089688547,
      0.0031012113335193133,
      0.0031776902798810623,
      0.0031328794000670315,
      0.0029512703739106656,
      0.0029298782343044876,
      0.0030036602199746995,
      0.0028859823705028246
    ],
    "psnr": [
      23.825358392333985,
      24.23517138366699,
      24.996111407470703,
      25.29483010559082,
      25.479750616455078,
      25.274911874389648,
      25.165502661132813,
      25.022269812011718,
      25.676889852905273,
      25.700192623901366,
      25.692207092285155,
      25.26886187133789,
      26.55752196044922,
      25.94786625366211,
      26.22826348876953,
      26.217753997802735,
      26.488434936523436,
      26.952322009277342,
      27.09264332885742,
      27.042746691894532
    ],
    "best_epoch": 65,
    "best_step": null,
    "best_eval_loss": 0.0027703269089688547
  },
  "test_results": {
    "test_loss": 0.002920869469543686,
    "test_psnr": 28.159196643066405
  }
}