{
  "args": {
    "device": "cuda:0",
    "exp_home": "./results",
    "ds_name": "mnist",
    "mode": "generative_classification",
    "noise_std": 0.25,
    "down_scale": 2.0,
    "model_type": "conventional",
    "latent_dim": 784,
    "hidden_dims": [
      1150,
      1150,
      1150,
      1150,
      1150,
      1150
    ],
    "wo_Win": false,
    "fix_Win": true,
    "I_Win": false,
    "batch_size": 128,
    "epochs": 100,
    "lr": 0.0005,
    "use_augmentation": true,
    "aug_num": 4,
    "run_id": 3,
    "seed": 42
  },
  "training_logs": {
    "train_losses": [
      0.012442069180011749,
      0.006922843799591064,
      0.005712575079649687,
      0.004865920844003558,
      0.00414785534311086,
      0.0036044169122725726,
      0.0032826579156517983,
      0.0029040048083290456,
      0.0026274004908651114,
      0.002443861433658749,
      0.002237232901211828,
      0.0020508537544496356,
      0.0019153732789494097,
      0.00181600957442075,
      0.0016944477001950146,
      0.0016146662213280796,
      0.00145309734871611,
      0.0014287529685534537,
      0.001334277539225295,
      0.0012961419559828938,
      0.001206576784187928,
      0.0011326120483130216,
      0.001123286939272657,
      0.0010605728510487825,
      0.0010171426142100244,
      0.0009749461922142654,
      0.0009431715104728937,
      0.0008860834478866309,
      0.000844913488375023,
      0.0008463661061041057,
      0.0007797816747101024,
      0.0008016755837481469,
      0.0007178858695738018,
      0.0007120952662173659,
      0.0006676462687365711,
      0.0006695104884728789,
      0.0006245569418184459,
      0.0006300851504690945,
      0.0006202404327969998,
      0.0005658112107310444,
      0.0005275065618148073,
      0.0005246742464182899,
      0.0004928434028523043,
      0.0004895212793350219,
      0.0005177676379075274,
      0.00048074073546100406,
      0.0004131198557419702,
      0.0004091684603015892,
      0.00040857176758348943,
      0.0004095697816926986,
      0.0003778690202767029,
      0.00035848275279626253,
      0.0003459026081301272,
      0.00033948012699373066,
      0.0002998386649391614,
      0.0003244093819358386,
      0.0002800343862059526,
      0.00028270259144948793,
      0.0002804320215806365,
      0.0002567005312652327,
      0.0002585837268992327,
      0.00025907070913817735,
      0.0002045240079134237,
      0.00022112097844365053,
      0.00020123883975902573,
      0.00019759841886814685,
      0.0001871820944151841,
      0.00017772472772165202,
      0.00017530039089382626,
      0.00014025896257604473,
      0.0001527340890362393,
      0.00012317299606977032,
      0.00013127584704547188,
      0.00012814023796119727,
      0.00011451246785931289,
      9.470879134198185e-05,
      0.00011758796390902717,
      9.287292836932465e-05,
      7.936847000615672e-05,
      8.565329092903993e-05,
      7.65437737974571e-05,
      6.214727085083723e-05,
      6.528072133951355e-05,
      6.0977224946836944e-05,
      5.482811789494008e-05,
      4.72265975328628e-05,
      4.121320529084187e-05,
      4.152049528667703e-05,
      3.487365317123477e-05,
      3.502272955607623e-05,
      2.6748130566847975e-05,
      2.7456649116647897e-05,
      2.592909851722652e-05,
      2.1620560412993656e-05,
      1.8013056132185737e-05,
      1.766777664422989e-05,
      1.4807302749395604e-05,
      1.1871291278366698e-05,
      1.048627929740178e-05,
      1.088198354758788e-05
    ],
    "eval_losses": [
      0.0046181265093386175,
      0.0033980141062289475,
      0.0036697354127652945,
      0.0032622415363788605,
      0.0028736782416701316,
      0.0031672017824836076,
      0.0027669218963477763,
      0.0026996824925765396,
      0.0028219520140672105,
      0.0024458925927290692,
      0.0026477643374120817,
      0.0027897714988910595,
      0.0024640770786907525,
      0.0023636827909504065,
      0.0024881412584800274,
      0.002477450072664942,
      0.0021886238831313677,
      0.002269079006779066,
      0.002261828099170816,
      0.002112052214326468
    ],
    "psnr": [
      23.651764352416993,
      25.132151403808592,
      24.86047682495117,
      25.29633938598633,
      25.895665255737306,
      25.670358337402345,
      26.43693372192383,
      26.673730975341797,
      26.23497080078125,
      27.000752496337892,
      26.752441467285156,
      26.543984283447266,
      27.18723355102539,
      27.378082415771484,
      27.13457720336914,
      27.218342211914063,
      28.22843469848633,
      27.978648370361327,
      27.768615588378907,
      28.34274844970703
    ],
    "ssim": [
      0.9576140291213989,
      0.9707730897903443,
      0.9697664687156677,
      0.9741359810829162,
      0.9773142093658447,
      0.9768755977630615,
      0.9791972618103028,
      0.9802018817901611,
      0.9777682245254516,
      0.9823673488616943,
      0.9814589305877686,
      0.9814083765029907,
      0.9815353353500367,
      0.984811591911316,
      0.98445852060318,
      0.9844244010925293,
      0.9862953894615173,
      0.9860076701164245,
      0.9864817190170289,
      0.987394407749176
    ],
    "best_epoch": 100,
    "best_step": null,
    "best_eval_loss": 0.002112052214326468
  },
  "test_results": {
    "test_loss": 0.0025364688572710294,
    "test_psnr": 32.1221501953125,
    "test_ssim": 0.9851919802665711
  }
}