{
  "args": {
    "device": "cuda:8",
    "exp_home": "./results",
    "ds_name": "mnist",
    "mode": "denoising",
    "noise_std": 0.25,
    "down_scale": 2.0,
    "model_type": "conventional",
    "latent_dim": 784,
    "hidden_dims": [
      1150,
      1150,
      1150,
      1150,
      1150,
      1150
    ],
    "wo_Win": false,
    "fix_Win": true,
    "I_Win": true,
    "batch_size": 128,
    "epochs": 100,
    "lr": 0.0001,
    "use_augmentation": true,
    "aug_num": 2,
    "run_id": 2,
    "seed": 42
  },
  "training_logs": {
    "train_losses": [
      0.019085398959219457,
      0.007871700668632985,
      0.006565071801543236,
      0.005946691491007805,
      0.005585424415320158,
      0.0053541762256622315,
      0.005159562332481146,
      0.005023627427965403,
      0.004900961427241564,
      0.004811254339516163,
      0.004736182513982058,
      0.0046528942483663556,
      0.004594035402685404,
      0.004541005907952786,
      0.0044927650667726995,
      0.004440568817406893,
      0.004407696794420481,
      0.004362012895494699,
      0.004332966431975365,
      0.004299550414979458,
      0.004269158681035042,
      0.004236558814197778,
      0.004214377041161061,
      0.00419016989454627,
      0.004156996968090534,
      0.004141752084344625,
      0.004117371135950089,
      0.004101961437016725,
      0.004076462835073471,
      0.004056366492062807,
      0.004030214376598597,
      0.0040113783481717106,
      0.0040000435380637646,
      0.003983316096514464,
      0.003968690236359835,
      0.003948420941084624,
      0.003933868096917868,
      0.003915315891206264,
      0.0038995334059000017,
      0.0038866046264022587,
      0.003867956133633852,
      0.0038552814842760562,
      0.003843242801576853,
      0.0038310905250906946,
      0.0038187821111083033,
      0.0038082111269235612,
      0.003788838634490967,
      0.0037825265604257583,
      0.003764980616867542,
      0.0037510576006770133,
      0.0037485660083591936,
      0.0037266675490140915,
      0.003718370777964592,
      0.0037086002685129643,
      0.0036979467995464804,
      0.003689516900777817,
      0.0036782896952331067,
      0.0036720011223852636,
      0.0036598498824238776,
      0.0036528026013076306,
      0.003644193724244833,
      0.0036250650246441364,
      0.0036221507753431796,
      0.0036084265936911107,
      0.0035992734996974467,
      0.003586027648895979,
      0.0035816511969268324,
      0.0035752777555584907,
      0.0035685846190154553,
      0.0035562693229317663,
      0.0035443392163515093,
      0.0035419416853785515,
      0.0035308586382865907,
      0.003523714036345482,
      0.0035132965975254774,
      0.0035068839858472347,
      0.0034975801932811738,
      0.0034847737707197667,
      0.003484007746875286,
      0.0034808929967880247,
      0.0034673144754767417,
      0.0034604066018760204,
      0.003450155126303434,
      0.0034437539935112,
      0.003438531576395035,
      0.0034365699795633553,
      0.003431679589599371,
      0.003424161416590214,
      0.003413957483023405,
      0.003411085841804743,
      0.0034057157849520445,
      0.0033964449732750653,
      0.003395475224107504,
      0.003381471422687173,
      0.0033784788534790278,
      0.0033783501642942427,
      0.0033681325978040695,
      0.0033637907998263837,
      0.0033630708622932434,
      0.003354118698909879
    ],
    "eval_losses": [
      0.005251647178083658,
      0.004619111774861812,
      0.004397373863309622,
      0.0042578361622989174,
      0.004120781940966845,
      0.004098905530571938,
      0.003943206433951855,
      0.003956876587867737,
      0.003888575506210327,
      0.003839498968422413,
      0.0038023219868540763,
      0.003769273733720183,
      0.0037503552667796612,
      0.00370726847499609,
      0.0036887796074151994,
      0.003659497992694378,
      0.003626718359440565,
      0.00361386534050107,
      0.0035792681485414504,
      0.0035726618364453314
    ],
    "psnr": [
      22.799558966064453,
      23.35657294921875,
      23.570186096191406,
      23.710382369995116,
      23.852128109741212,
      23.875136462402345,
      24.043533117675782,
      24.028637493896483,
      24.104538018798827,
      24.159156311035158,
      24.201707095336914,
      24.238967596435547,
      24.261737994384767,
      24.311149993896485,
      24.3332669342041,
      24.367802612304686,
      24.40681706542969,
      24.422461169433593,
      24.464416271972656,
      24.472263165283202
    ],
    "best_epoch": 100,
    "best_step": null,
    "best_eval_loss": 0.0035726618364453314
  },
  "test_results": {
    "test_loss": 0.0035688204761594533,
    "test_psnr": 24.483774377441407
  }
}