{
  "args": {
    "device": "cuda:9",
    "exp_home": "./results",
    "ds_name": "mnist",
    "mode": "generative_classification",
    "noise_std": 0.25,
    "down_scale": 2.0,
    "model_type": "conventional",
    "latent_dim": 784,
    "hidden_dims": [
      1150,
      1150,
      1150,
      1150,
      1150
    ],
    "wo_Win": true,
    "fix_Win": false,
    "I_Win": false,
    "wo_Wout": true,
    "batch_size": 128,
    "epochs": 50,
    "lr": 0.0001,
    "use_augmentation": false,
    "aug_num": 2,
    "run_id": 2,
    "seed": 42
  },
  "training_logs": {
    "train_losses": [
      0.015466404064148665,
      0.00391025031119585,
      0.002646795335933566,
      0.00199903681024909,
      0.0016078059563040734,
      0.001318483221307397,
      0.0012088950652256608,
      0.0010154495162144302,
      0.0009349783587828278,
      0.0007907017941400408,
      0.0008123331774864346,
      0.0006636588387656957,
      0.0006401324504427612,
      0.0005499786365963518,
      0.0005263481655716897,
      0.0005716593915596604,
      0.00047792799043934795,
      0.0004185598756140098,
      0.00043896966550499203,
      0.00033336517756804823,
      0.000400915547516197,
      0.0003190432142838836,
      0.0002830989728006534,
      0.0002636364230234176,
      0.0003113783534732647,
      0.00027747671607881785,
      0.00028127826298587026,
      0.0002078575514955446,
      0.0002089501071581617,
      0.00018584620705805718,
      0.000202263074896764,
      0.00016433685035910456,
      0.0001651785446796566,
      0.00015361042861826717,
      0.00015944377916166558,
      0.00011489252999424934,
      0.00012151704152463935,
      0.00010875765565433539,
      9.99891359731555e-05,
      7.571137118386105e-05,
      7.105839521740563e-05,
      7.330018080305308e-05,
      8.117680593393744e-05,
      8.569932674989104e-05,
      7.022272885311395e-05,
      6.954991243081167e-05,
      6.346267663873732e-05,
      5.3691722069634124e-05,
      5.215458730817773e-05,
      5.327187054906972e-05
    ],
    "eval_losses": [
      0.00406437886916101,
      0.0037206641130149366,
      0.00358563405261375,
      0.0035917391530703754,
      0.0030210454723797737,
      0.003228144260449335,
      0.0030016390468808824,
      0.003185454745119205,
      0.0029709737233642956,
      0.002733244866679888
    ],
    "psnr": [
      24.41114412841797,
      24.67218576660156,
      25.01706708984375,
      25.088914599609375,
      25.85205513305664,
      25.7035071105957,
      26.047850366210938,
      25.847021173095705,
      26.24098012084961,
      26.73940144042969
    ],
    "ssim": [
      0.9592088645935058,
      0.9695920110702515,
      0.9737198154449462,
      0.9749453434944153,
      0.9792905835151673,
      0.9786562282562256,
      0.9799130605697632,
      0.9804848714828491,
      0.9811094575881958,
      0.982759404373169
    ],
    "best_epoch": 50,
    "best_step": null,
    "best_eval_loss": 0.002733244866679888
  },
  "test_results": {
    "test_loss": 0.0030165608771203552,
    "test_psnr": 27.51756069946289,
    "test_ssim": 0.9814079065322876
  }
}