{
  "args": {
    "device": "cuda:9",
    "exp_home": "./results",
    "ds_name": "mnist",
    "mode": "generative_classification",
    "noise_std": 0.25,
    "down_scale": 2.0,
    "model_type": "conventional",
    "latent_dim": 784,
    "hidden_dims": [
      1150,
      1150
    ],
    "wo_Win": true,
    "fix_Win": false,
    "I_Win": false,
    "batch_size": 128,
    "epochs": 200,
    "lr": 0.0005,
    "use_augmentation": true,
    "aug_num": 2,
    "run_id": 4,
    "seed": 42
  },
  "training_logs": {
    "train_losses": [
      0.013566713011413812,
      0.005238894839286804,
      0.004035669136196375,
      0.0032789176412671805,
      0.002873433462753892,
      0.002583749108426273,
      0.0022368781760334967,
      0.001968378727324307,
      0.0018195642263442277,
      0.0016534963606111704,
      0.0015116050919890404,
      0.0014325434932112694,
      0.0012713515597954392,
      0.001198566438369453,
      0.001190553146339953,
      0.00105525557981804,
      0.0009590643641725182,
      0.0009436774730309844,
      0.0009012569678947329,
      0.0008250251949205995,
      0.0007963950857892633,
      0.0008149966767057777,
      0.0006864282370172442,
      0.0006580648711323738,
      0.0007439785632491112,
      0.0006419868258386851,
      0.0005486603822186589,
      0.0005907802251819521,
      0.0005822748524136842,
      0.0005746768485754728,
      0.0004985641128197313,
      0.0005169822912476957,
      0.0005729999520257116,
      0.00047899275030940773,
      0.0004801565454714,
      0.00045449000388383867,
      0.0003638774945400655,
      0.000401661514621228,
      0.00046303605010733007,
      0.00039229287849739194,
      0.0004062658416479826,
      0.0003686007844284177,
      0.0004063704345934093,
      0.0003796394891291857,
      0.0004033115684892982,
      0.0003532316472008824,
      0.0003615736988838762,
      0.0003003247646801174,
      0.00036978187922388317,
      0.0002594432627875358,
      0.00032564155623316765,
      0.0003496439972706139,
      0.00027504096450284125,
      0.0002872238581907004,
      0.0002998371967673302,
      0.0003263825014419854,
      0.0002631003024801612,
      0.0002961778537649661,
      0.0002449459409434348,
      0.0002755009911861271,
      0.00031565809501335023,
      0.000232956506004557,
      0.00016157144031487405,
      0.00018081713696010412,
      0.0003520169576816261,
      0.00023493116366676985,
      0.0001663606500532478,
      0.0002105366959888488,
      0.0002576058455277234,
      0.00022412192332558334,
      0.00022840282494202257,
      0.00018894415822811426,
      0.00018176461417227982,
      0.00018227577779442072,
      0.00020465486000990495,
      0.00018593234872445465,
      0.00015957276003435253,
      0.00013886244134046137,
      0.00019922622914426028,
      0.00018857078989967704,
      0.00016823313257656992,
      0.0002146210756804794,
      0.00017138188934884966,
      0.00016863067062105984,
      0.00012841541576199235,
      0.0001568985007610172,
      0.00013076072302646935,
      0.00017543522301129995,
      0.0001488607333227992,
      0.00013985385150182993,
      0.00011445183994248509,
      0.00014205814321991057,
      0.00012153240485582501,
      0.0001258919064514339,
      0.00018502620016224683,
      0.00012482882868964225,
      9.637119385413826e-05,
      0.00013962841395754368,
      0.000131235243761912,
      0.00014723417602945118,
      0.0001252562185539864,
      0.00010859931559301913,
      0.00017454605946317316,
      9.697327436413615e-05,
      0.00012489949095994234,
      0.00011458806213922799,
      7.65660101454705e-05,
      8.013754268642514e-05,
      0.00010246245786082,
      0.0001416683825245127,
      9.005885825958102e-05,
      0.00010098564252024516,
      6.416732918936759e-05,
      0.00010318818036699668,
      7.561877782456576e-05,
      9.484908528160304e-05,
      7.836467484012246e-05,
      9.834331378806383e-05,
      9.516157208476215e-05,
      8.21608677925542e-05,
      6.289493735181167e-05,
      8.18836743477732e-05,
      8.52155159553513e-05,
      8.009479848202319e-05,
      6.545441619120539e-05,
      7.938328668940813e-05,
      6.614095486700534e-05,
      8.524802846834063e-05,
      5.5964166750200096e-05,
      4.999055686872453e-05,
      6.382414053194225e-05,
      6.427682575536891e-05,
      4.7881524611730126e-05,
      6.749349127523601e-05,
      5.96053113322705e-05,
      4.7810424847994e-05,
      6.352385505568237e-05,
      5.617480204673484e-05,
      6.930241987342015e-05,
      4.8170325809624046e-05,
      4.999090472701937e-05,
      4.4907636060379445e-05,
      5.6384319229982795e-05,
      4.172171626472846e-05,
      4.19117509550415e-05,
      5.7737947676796466e-05,
      4.024787660455331e-05,
      4.267932903720066e-05,
      3.97442687372677e-05,
      4.42360962391831e-05,
      4.023833073209971e-05,
      4.293663994176313e-05,
      3.473546652705409e-05,
      3.680635985452682e-05,
      4.138904416118748e-05,
      3.0345364010427146e-05,
      3.1096161145251245e-05,
      3.1104947866406295e-05,
      5.041543167200871e-05,
      2.737883686320856e-05,
      2.970677343546413e-05,
      2.9800547049380837e-05,
      3.095174993854016e-05,
      2.7768137601669878e-05,
      2.7517624235479162e-05,
      2.6989725418388843e-05,
      2.747898486093618e-05,
      2.444224362494424e-05,
      2.590231047477573e-05,
      2.304227749351412e-05,
      2.757779152947478e-05,
      2.3654845665441825e-05,
      2.2376714942511172e-05,
      2.836029844474979e-05,
      2.0823750782292337e-05,
      2.2225924412487074e-05,
      2.1154035953804852e-05,
      2.010367214679718e-05,
      2.0488642120035364e-05,
      2.361362757626921e-05,
      2.5279608502751215e-05,
      1.941975637280848e-05,
      1.7956482355948538e-05,
      1.7851449033478276e-05,
      1.887589849589858e-05,
      1.6951134867267684e-05,
      1.7644325732253493e-05,
      1.7710685277124866e-05,
      1.6183857924770563e-05,
      1.595026169088669e-05,
      1.633857426000759e-05,
      1.5413802228868008e-05,
      1.510928586591035e-05,
      1.579121657880023e-05,
      1.5201937874080614e-05,
      1.4194705276750028e-05,
      1.3990476621547713e-05,
      1.3917622354347259e-05,
      1.364385198103264e-05,
      1.4062327548163011e-05
    ],
    "eval_losses": [
      0.005963528680801392,
      0.004651343345455825,
      0.004061386172473431,
      0.0038717528592795134,
      0.004131285473704338,
      0.0036244959759525954,
      0.0037960628613829613,
      0.004200596525520087,
      0.0037057314716279505,
      0.0035783078853040932,
      0.0036997247064486146,
      0.003532379268296063,
      0.00364203009493649,
      0.0033400858543813227,
      0.0031687385458499195,
      0.00336606487929821,
      0.0031132755640894175,
      0.0032173126513138414,
      0.0031771684158593415,
      0.0032135595752857626,
      0.0038024757312610747,
      0.0032901124205440284,
      0.003194801253825426,
      0.0031926287271082402,
      0.003056864181905985,
      0.003202046264335513,
      0.003022959643229842,
      0.003172226862236857,
      0.0031316662658005955,
      0.003263423739094287,
      0.0031640522357076406,
      0.003120852968469262,
      0.0031549769911915064,
      0.0030703072757460176,
      0.003076090129185468,
      0.0032273698888719083,
      0.0032422174172475936,
      0.003075024039018899,
      0.003235930691100657,
      0.0030300611352548
    ],