{
  "args": {
    "device": "cuda:3",
    "exp_home": "./results",
    "ds_name": "mnist",
    "mode": "generative_classification",
    "noise_std": 0.25,
    "down_scale": 2.0,
    "model_type": "conventional",
    "latent_dim": 784,
    "hidden_dims": [
      1150,
      1150,
      1150,
      1150,
      1150,
      1150,
      1150,
      1150,
      1150,
      1150
    ],
    "wo_Win": false,
    "fix_Win": false,
    "I_Win": false,
    "batch_size": 128,
    "epochs": 200,
    "lr": 0.0001,
    "use_augmentation": true,
    "aug_num": 2,
    "run_id": 1,
    "seed": 42
  },
  "training_logs": {
    "train_losses": [
      0.01090867955699563,
      0.004219782953038812,
      0.0032578151874989273,
      0.002818707036068663,
      0.0023832207774743437,
      0.0022961089473590257,
      0.0020235253003053366,
      0.0018762776503525674,
      0.0017513765925355257,
      0.001588775937501341,
      0.0015327147754095494,
      0.0013382493504695595,
      0.0013665857453085482,
      0.001263799618249759,
      0.0011539079771004618,
      0.0011872920041065664,
      0.001029117031134665,
      0.0010106062336824834,
      0.0009555044249165804,
      0.0009306954860314727,
      0.0008939588657859713,
      0.0008862724958220497,
      0.0008102999415714293,
      0.0007728758883289992,
      0.00079068146427162,
      0.0007393422569241375,
      0.0006768922344129533,
      0.0006745098502235487,
      0.0006848742424882949,
      0.0006444301770906895,
      0.0006295779905002564,
      0.0006169055728102102,
      0.0005544382168957963,
      0.0005796561536565423,
      0.0005264865872799419,
      0.0005495214942283929,
      0.0005268195519130678,
      0.0005067326677404344,
      0.0005100037499004975,
      0.0004688358262879774,
      0.0005247617064323277,
      0.0004810310229007155,
      0.000435896629258059,
      0.00044265753405634315,
      0.0004162373584229499,
      0.00042841966170817613,
      0.00040357631586957724,
      0.00039698399669025095,
      0.0003766153517877683,
      0.0004038914283318445,
      0.0003652718659839593,
      0.0003338708422007039,
      0.0003734487436967902,
      0.0003562460865546018,
      0.0003637950894748792,
      0.00031856961705954744,
      0.00031792557866312565,
      0.00034714311907533554,
      0.00032778367137536405,
      0.0003244947423017584,
      0.00025273395596304906,
      0.000282049485319294,
      0.00030792304718866946,
      0.0002571785905584693,
      0.0002556699570827186,
      0.0003009794053202495,
      0.0002583219449990429,
      0.00021974517305847259,
      0.0002772756668063812,
      0.00023157520373351872,
      0.00020871741093927995,
      0.000246850583369378,
      0.00024631420200224964,
      0.00023064726438606158,
      0.00023172919533913955,
      0.00021389591962331906,
      0.00019199172805761918,
      0.00017943317850702443,
      0.00024066455079359002,
      0.0002011112335161306,
      0.00019844584349775686,
      0.00017743925028946252,
      0.00020526500041014514,
      0.00016491202695528045,
      0.0001905119178444147,
      0.00017386994756991045,
      0.00018104477597866207,
      0.00017075740846572444,
      0.0001466145668074023,
      0.00013426395798451268,
      0.00017703824578551577,
      0.00014243052032892592,
      0.00012386432618601248,
      0.00014991102916537784,
      0.00020502050873241387,
      0.00011391163128195331,
      0.00013799933917587622,
      0.00013557494758511895,
      0.0001609384839917766,
      0.0001264767968095839,
      0.00017510611356585286,
      9.793796859215945e-05,
      0.0001603576843976043,
      0.00012434581116074696,
      0.000135253326871898,
      0.0001167500118719181,
      0.0001163292803359218,
      0.00012408370500314049,
      0.00011181619591719936,
      0.00011297334861126729,
      0.00010026705216965638,
      0.00012803815155872143,
      0.0001379561527899932,
      7.555447210907005e-05,
      8.193252272321843e-05,
      0.00010701405629515647,
      0.0001089943125215359,
      9.358276518527418e-05,
      0.00010052533225272782,
      7.477134460117667e-05,
      0.00010434850496356376,
      9.134260526974686e-05,
      9.430768783320672e-05,
      7.030569159716834e-05,
      6.688900664856191e-05,
      7.371001602557953e-05,
      8.779880164307542e-05,
      7.400546432239934e-05,
      8.162127012677957e-05,
      7.839949197194073e-05,
      9.03530749026686e-05,
      5.2758430063840936e-05,
      8.224897600477562e-05,
      8.734101645241026e-05,
      7.460416981659364e-05,
      6.123705199221149e-05,
      5.213593553227838e-05,
      4.3953219983959574e-05,
      9.749930330028292e-05,
      7.502911367919296e-05,
      5.713806518528145e-05,
      4.133010552031919e-05,
      5.6969449786411136e-05,
      5.542122595827095e-05,
      4.9128248429042286e-05,
      5.181650557409739e-05,
      4.289368432713672e-05,
      4.3767960086697714e-05,
      5.9509184318012556e-05,
      3.996144647826441e-05,
      4.604734220221872e-05,
      5.003792344534304e-05,
      4.207474536728114e-05,
      4.935164227616042e-05,
      4.717809135850984e-05,
      3.166048535960727e-05,
      4.888817784842104e-05,
      4.3147032832202965e-05,
      3.5479524620168376e-05,
      3.313808709281147e-05,
      2.626733041164698e-05,
      3.711967215058394e-05,
      2.5497437131998594e-05,
      2.678152851003688e-05,
      2.831756738421973e-05,
      2.9809797932975924e-05,
      2.627836113300873e-05,
      2.8416763917484785e-05,
      2.6571075370011386e-05,
      2.6828933822980617e-05,
      2.2612312595301772e-05,
      2.6169929172901902e-05,
      2.085711801017169e-05,
      2.3775449689128435e-05,
      2.766298208225635e-05,
      2.0116341670800466e-05,
      1.618900911154924e-05,
      1.6511037157906684e-05,
      1.6935446877905634e-05,
      1.9125404914375396e-05,
      1.969536768854596e-05,
      1.5095808504265733e-05,
      1.5522307678184005e-05,
      1.4645139157946687e-05,
      1.5283176332741278e-05,
      1.4538930621783948e-05,
      1.570052278897492e-05,
      1.3198697514890227e-05,
      1.2296068177965935e-05,
      1.2121034611191135e-05,
      9.491418536781566e-06,
      8.446416162478271e-06,
      8.309401762089691e-06,
      7.757750986784231e-06,
      8.821661123074591e-06,
      7.440997642988804e-06,
      7.0600434552761725e-06,
      7.857329999824287e-06,
      6.939290755835828e-06,
      7.282859478145838e-06
    ],
    "eval_losses": [
      0.003532387713994831,
      0.002689956272765994,
      0.002518288777023554,
      0.0026372591814026237,
      0.0022288858083076776,
      0.002117460228851996,
      0.002269043116865214,
      0.0021128116320003757,
      0.00222668666485697,
      0.0018261776286410169,
      0.0018576693910406902,
      0.001869020266563166,
      0.002282012586342171,
      0.0020684819526970385,
      0.0018396527680393773,
      0.0021470678839075846,
      0.002287227526627248,
      0.0021649804995395243,
      0.0018885127182118595,
      0.001889525305700954,
      0.0019834138561738656,
      0.001976801647222601,
      0.001640243551110325,
      0.00222474653867539,
      0.00180426737395901,
      0.0019419056580853066,
      0.0020873526515395495,
      0.001719650632876437,
      0.0017209186118561774,
      0.0017553577636019327,
      0.001824060015095165,
      0.0017805708153930027,
      0.0017507297169533558,
      0.0018411812536767683,
      0.0017007930001469503,
      0.0016319276255359,
      0.0016319164864577033,
      0.0016216034889628644,
      0.0016614059666368122,
      0.0016657872084295377
    ],