{
  "args": {
    "device": "cuda:5",
    "exp_home": "./results",
    "ds_name": "imagenet32",
    "mode": "denoising",
    "noise_std": 0.25,
    "down_scale": 2.0,
    "model_type": "conventional",
    "latent_dim": 3072,
    "hidden_dims": [
      3546,
      3546,
      3546,
      3546,
      3546,
      3546
    ],
    "wo_Win": true,
    "fix_Win": false,
    "I_Win": false,
    "batch_size": 512,
    "epochs": 2,
    "lr": 0.0001,
    "use_augmentation": true,
    "aug_num": 4,
    "run_id": 1,
    "seed": 42
  },
  "training_logs": {
    "train_losses": [
      0.013617439681664109,
      0.009189803162589669,
      0.008455241061747075,
      0.008137613689526915,
      0.007922855393029749,
      0.007739401605911553,
      0.007629467269405723,
      0.007526475002989173,
      0.0074248350514099,
      0.007376439584419131,
      0.007302484417334199,
      0.007231937097385526,
      0.007185895903967321,
      0.007147464127279818,
      0.007074302614666522,
      0.007053323999978602,
      0.006992085616104305,
      0.006933091605082154,
      0.0069170940034091475,
      0.006874315286055207,
      0.00683654011040926,
      0.006794252878986299,
      0.006770879396237433,
      0.006725397723726928,
      0.006695047505199909,
      0.006666882326826453,
      0.00662406971026212,
      0.006600097146816552,
      0.006567318981513381,
      0.006534129184670746,
      0.006509520399384201,
      0.006488783691078424,
      0.0064643432823941116,
      0.006444113358855247,
      0.006420353520661592,
      0.006391421858221292,
      0.00636982605047524,
      0.006349211893044412,
      0.006333390363492072,
      0.0063187832897529
    ],
    "eval_losses": [
      0.007685231343507766,
      0.007480602681040764,
      0.007061525035053491,
      0.006774645168781281,
      0.006624954644292593,
      0.006468911490887404,
      0.0063758103933930395,
      0.006250716465860605
    ],
    "psnr": [
      21.14540364013672,
      21.262667275390626,
      21.512953048706056,
      21.693150610351562,
      21.790241563110353,
      21.893785537719726,
      21.95665478515625,
      22.042741833496095
    ],
    "best_epoch": null,
    "best_step": 20000,
    "best_eval_loss": 0.006250716465860605
  },
  "test_results": {
    "test_loss": 0.006238060326427221,
    "test_psnr": 22.052095248413085
  }
}