{
  "args": {
    "device": "cuda:2",
    "exp_home": "./results",
    "ds_name": "mnist",
    "mode": "generative_classification",
    "noise_std": 0.25,
    "down_scale": 2.0,
    "model_type": "conventional",
    "latent_dim": 784,
    "hidden_dims": [
      1150
    ],
    "wo_Win": false,
    "fix_Win": false,
    "I_Win": true,
    "batch_size": 128,
    "epochs": 200,
    "lr": 0.0001,
    "use_augmentation": true,
    "aug_num": 2,
    "run_id": 3,
    "seed": 42
  },
  "training_logs": {
    "train_losses": [
      0.02613482859790325,
      0.011067454389333724,
      0.008819317569732666,
      0.007542541955113411,
      0.006657427354156971,
      0.005966449601501227,
      0.005448338796496391,
      0.005048939665555954,
      0.0046868926034122705,
      0.004349922466427088,
      0.00413229969009757,
      0.0038912167266011237,
      0.003730318587422371,
      0.0035410677400231363,
      0.00340349980995059,
      0.003265927841514349,
      0.003130745971351862,
      0.00305418823197484,
      0.002931942602545023,
      0.0028487181214988232,
      0.0027570513677597046,
      0.002651859712153673,
      0.0026015088303387164,
      0.002529988784790039,
      0.0024539795120060446,
      0.002417816913947463,
      0.002348606907427311,
      0.0022981699277460576,
      0.0022521657185256483,
      0.0022099658028036356,
      0.0021730824773013593,
      0.0021152987403422596,
      0.0020674746099859477,
      0.0020356009719520807,
      0.0020120147998631,
      0.001958753687888384,
      0.001943100065663457,
      0.0019162450423836708,
      0.0018879593369364738,
      0.0018484097326546907,
      0.0018179111152142285,
      0.0017901761132478715,
      0.0017802294761687517,
      0.0017453518207371235,
      0.0017473592744767666,
      0.0017157311967015267,
      0.001695314140841365,
      0.0016714044025540353,
      0.0016381465119868516,
      0.0016476080679893495,
      0.0016081951000168919,
      0.0015969371163845063,
      0.0015729740415140986,
      0.0015538600616157054,
      0.0015388208664208652,
      0.0015211421559005976,
      0.0015116642437130214,
      0.001493033146187663,
      0.0014931679978966712,
      0.0014697165656089783,
      0.0014577177980914712,
      0.0014401631341129542,
      0.0014264861283451319,
      0.0014199108729884028,
      0.001416087039001286,
      0.001386281843483448,
      0.0013842612421140076,
      0.0013693663866445422,
      0.0013617405326291918,
      0.0013454955265671015,
      0.0013477507217228412,
      0.001347778622470796,
      0.001318129525333643,
      0.0013174727509915828,
      0.0012971968476101756,
      0.00128823841560632,
      0.0012741385927796363,
      0.0012793863942101597,
      0.0012539858327805997,
      0.0012529859735816717,
      0.0012423359539359808,
      0.0012510535258799791,
      0.0012376596270129085,
      0.0012250281648337842,
      0.0012115392988547684,
      0.0012094640564918517,
      0.001199963393509388,
      0.0011976922821998596,
      0.0011828827677294613,
      0.0011705836041271686,
      0.0011637376733869315,
      0.0011583032025396824,
      0.0011526680544391274,
      0.0011482591797411443,
      0.001141631681844592,
      0.0011386264161393047,
      0.0011253452983126045,
      0.0011193818963319063,
      0.0011101374324783682,
      0.0011117212656512857,
      0.0011007467259466649,
      0.0010892750608175992,
      0.0010885921924188734,
      0.001081502747051418,
      0.0010814436504617334,
      0.0010724119740724563,
      0.0010739749825745821,
      0.0010643968349695206,
      0.001059880856499076,
      0.0010567682227864861,
      0.001046076621413231,
      0.0010383347721397876,
      0.0010397581816092133,
      0.0010248150785639883,
      0.0010284416076540947,
      0.0010261104184016586,
      0.001016246640868485,
      0.0010060059435665607,
      0.0010005306473746896,
      0.0010003199630603194,
      0.0009934364991262556,
      0.0009883002860471607,
      0.000987784293666482,
      0.0009846394366770982,
      0.0009724829112365842,
      0.0009737032686918974,
      0.000972105019390583,
      0.0009671953631192445,
      0.0009641159475408495,
      0.0009564661692082882,
      0.00095145692858845,
      0.0009495759901031851,
      0.0009399291475862265,
      0.0009414621391147375,
      0.0009361472593247891,
      0.0009312463147565722,
      0.0009325722859054804,
      0.0009200245816260576,
      0.000920541337095201,
      0.0009159615791589021,
      0.0009089012397453189,
      0.0009085555206611752,
      0.0009001563826948404,
      0.0009039047107100487,
      0.0008987762652337551,
      0.0009002600549906492,
      0.0008895117677748203,
      0.0008810416276752949,
      0.0008857747679203748,
      0.0008792226077243686,
      0.0008778431249782443,
      0.0008783130535855889,
      0.0008753417489677668,
      0.0008627217252925038,
      0.0008679644078016281,
      0.0008619231893122197,
      0.0008560892363265156,
      0.0008557278179004788,
      0.0008474152546748519,
      0.0008409649600461125,
      0.0008458993048593401,
      0.0008391439025104046,
      0.0008405955065786838,
      0.0008375316489487887,
      0.0008348279821127654,
      0.0008293994861096143,
      0.0008266265819594264,
      0.0008227860020101071,
      0.0008246562742814422,
      0.0008188625448942185,
      0.0008156035404652357,
      0.0008138698887825012,
      0.0008113797271251679,
      0.0008068212596327066,
      0.0008058890870586038,
      0.0008036742486059665,
      0.0008011834031715989,
      0.0007956582157313824,
      0.0007947445461153985,
      0.0007993846071884036,
      0.0007859207535907627,
      0.0007855586566403508,
      0.000781061404440552,
      0.0007788487629964948,
      0.0007780318595468998,
      0.0007812399592995644,
      0.0007718133809044958,
      0.000773317770846188,
      0.0007714171125739813,
      0.00076737039366737,
      0.0007647348187863826,
      0.0007637759124487639,
      0.0007582644956558943,
      0.0007621739111840725,
      0.0007578789107874036,
      0.0007518504416197539,
      0.0007546553847566247,
      0.0007504029493033886,
      0.0007490890175476671,
      0.0007464121080189944
    ],
    "eval_losses": [
      0.007097996629774571,
      0.005540900990366936,
      0.005418004134297371,
      0.005103463219851255,
      0.004939540088921785,
      0.004808743316680193,
      0.004708446405082941,
      0.004684977312386036,
      0.004676564674824476,
      0.004627202632278204,
      0.004707237256318331,
      0.0045715920343995095,
      0.004589594614505768,
      0.004658597091585398,
      0.004572094935923815,
      0.004606077198684216,
      0.004610055387765169,
      0.004652863146364689,
      0.0046506095446646216,
      0.0046001917988061905,
      0.004651854991167784,
      0.0046738861881196496,
      0.004701385352760553,
      0.004741545654833317,
      0.004732397456467152,
      0.004671908771246671,
      0.004758152253180742,
      0.004740080589056015,
      0.0047011320389807225,
      0.004732575433701276,
      0.004682943461835384,
      0.00470218016281724,
      0.004764742287248373,
      0.004790690104663372,
      0.004794584801048041,
      0.004760640376061201,
      0.004788250591605901,
      0.004833802875131368,
      0.004774908952414989,
      0.004781542693823576
    ],