{
  "args": {
    "device": "cuda:0",
    "exp_home": "./results",
    "ds_name": "mnist",
    "mode": "denoising",
    "noise_std": 0.25,
    "down_scale": 2.0,
    "model_type": "conventional",
    "latent_dim": 784,
    "hidden_dims": [
      2870,
      2870,
      2870
    ],
    "wo_Win": true,
    "fix_Win": false,
    "I_Win": false,
    "wo_Wout": true,
    "batch_size": 128,
    "epochs": 30,
    "lr": 0.005,
    "use_augmentation": false,
    "aug_num": 2,
    "run_id": 3,
    "seed": 42
  },
  "training_logs": {
    "train_losses": [
      0.10715047406196594,
      0.10359052384376526,
      0.10032489526510238,
      0.09599994241476059,
      0.08826088815450668,
      0.08337947291612625,
      0.08227424228906631,
      0.08090904142141342,
      0.07968134382963181,
      0.07934145203351975,
      0.07913650687932969,
      0.07850415555477143,
      0.07772499809265136,
      0.07761492217540741,
      0.0773312079358101,
      0.07665502308130265,
      0.07652520868062973,
      0.07645862252950668,
      0.07610293030023575,
      0.07561306913614273,
      0.0752351293706894,
      0.07494343696594238,
      0.07441817424535752,
      0.07367668134689331,
      0.07294320552825928,
      0.07186015864610672,
      0.07065073360443115,
      0.06992101222276688,
      0.06935737721920013,
      0.06901922013044358
    ],
    "eval_losses": [
      0.08316798551082612,
      0.07809316667318345,
      0.07619771976470947,
      0.0742376258134842,
      0.07159634991884231,
      0.06801999686956406
    ],
    "psnr": [
      10.804154682922363,
      11.077728323364259,
      11.184224032592773,
      11.297404055786133,
      11.454739822387696,
      11.677212309265137
    ],
    "ssim": [
      0.5282940691947937,
      0.5520281266212463,
      0.5578087792396546,
      0.5657421820640564,
      0.5772152503967285,
      0.5940066591262817
    ],
    "best_epoch": 30,
    "best_step": null,
    "best_eval_loss": 0.06801999686956406
  },
  "test_results": {
    "test_loss": 0.06904557243585586,
    "test_psnr": 11.639643217468262,
    "test_ssim": 0.5929363177299499
  }
}