{
  "args": {
    "device": "cuda:6",
    "exp_home": "./results",
    "ds_name": "mnist",
    "mode": "denoising",
    "noise_std": 0.25,
    "down_scale": 2.0,
    "model_type": "conventional",
    "latent_dim": 784,
    "hidden_dims": [
      1150,
      1150,
      1150,
      1150,
      1150,
      1150,
      1150,
      1150,
      1150,
      1150
    ],
    "wo_Win": false,
    "fix_Win": false,
    "I_Win": true,
    "batch_size": 128,
    "epochs": 100,
    "lr": 0.0001,
    "use_augmentation": false,
    "aug_num": 2,
    "run_id": 2,
    "seed": 42
  },
  "training_logs": {
    "train_losses": [
      0.02274889595925808,
      0.00898271058112383,
      0.007257839161455631,
      0.006492879082858562,
      0.006019924828410149,
      0.005675596048980951,
      0.005420242437720299,
      0.00523903021261096,
      0.005066198788285256,
      0.00496431559830904,
      0.004841868903934956,
      0.0047431431634724144,
      0.0046776421958208084,
      0.0046112246543169024,
      0.004541816346049309,
      0.00448213418290019,
      0.004413989009261131,
      0.0043888961589336395,
      0.004345792493969202,
      0.004298685320317745,
      0.004254391284883022,
      0.004215083938390016,
      0.004196549174338579,
      0.004156953798234463,
      0.004118053486794233,
      0.0040977944405376915,
      0.004062276512682438,
      0.004040184886455536,
      0.004014329063594341,
      0.00397960128635168,
      0.003964696459919214,
      0.003933798388540744,
      0.003912682851850986,
      0.003891766341328621,
      0.0038817597231268885,
      0.0038477048475295305,
      0.0038318762216717006,
      0.003820325964689255,
      0.0037841036504507063,
      0.0037841053019464018,
      0.0037539733569324015,
      0.0037486032946407793,
      0.003728496420904994,
      0.003708022868260741,
      0.003685922856628895,
      0.0036782177463173865,
      0.003664542882293463,
      0.0036438499342650176,
      0.003636386286243796,
      0.0036188158038258553,
      0.0036030766034126282,
      0.003590869558081031,
      0.003578800285384059,
      0.0035655066535621883,
      0.0035506338780373335,
      0.003541214399114251,
      0.00352112229667604,
      0.003515239536166191,
      0.003499758898690343,
      0.0034891016371548177,
      0.0034694704604148864,
      0.003469351259097457,
      0.0034545546183735133,
      0.0034433063985407353,
      0.003427972970828414,
      0.0034192972204089163,
      0.003403130733370781,
      0.003392183419317007,
      0.0033845705672353506,
      0.003380879210680723,
      0.003364969372600317,
      0.0033551985708624122,
      0.0033510694808512927,
      0.0033276570273190736,
      0.0033213920406252144,
      0.003311899682059884,
      0.0033087341511249544,
      0.0032939632833003996,
      0.0032875277312099933,
      0.0032774149288237095,
      0.0032691506266593934,
      0.003259247495755553,
      0.0032500038366764785,
      0.0032396721074730156,
      0.003239225883334875,
      0.0032313286021351815,
      0.0032159427186846733,
      0.003208665844872594,
      0.0032030320297926664,
      0.0031957261219620705,
      0.003185146513059735,
      0.0031743738596141336,
      0.0031718188259750603,
      0.003164871039614081,
      0.0031594777973741293,
      0.003148306458592415,
      0.003144942861497402,
      0.00313506963275373,
      0.0031282849060744046,
      0.0031287609741836786
    ],
    "eval_losses": [
      0.0056026138715446,
      0.004837445032596588,
      0.004608757877349853,
      0.004420774582773447,
      0.004311716029793024,
      0.004223120485246181,
      0.004176520340889692,
      0.004107663533091545,
      0.004030371546000242,
      0.0039968024089932445,
      0.00397050126940012,
      0.003934233041852713,
      0.003878905387222767,
      0.0038600055426359177,
      0.00383108541816473,
      0.0037978248953819274,
      0.0037719265148043633,
      0.0037534788466989993,
      0.00373854288905859,
      0.0037073628775775433
    ],
    "psnr": [
      22.518989459228514,
      23.156704403686522,
      23.36687565307617,
      23.54683013305664,
      23.65568317260742,
      23.745895553588866,
      23.79447547912598,
      23.86654441833496,
      23.948881448364258,
      23.98454762878418,
      24.01379529724121,
      24.05359448852539,
      24.11518757019043,
      24.136643872070312,
      24.16951622314453,
      24.206941635131837,
      24.23699814758301,
      24.25803926086426,
      24.27540217895508,
      24.31227166442871
    ],
    "ssim": [
      0.8964550813674926,
      0.9121377408027649,
      0.9208692091941834,
      0.9279424461364746,
      0.9302763858795166,
      0.9367600940704346,
      0.937375223827362,
      0.9354955883026123,
      0.941553761768341,
      0.9404047018051147,
      0.9450713169097901,
      0.9447416152000427,
      0.9467627863883972,
      0.9462914858818054,
      0.9484853995323181,
      0.9504830011367797,
      0.949959532546997,
      0.9500758100509643,
      0.9514133626937866,
      0.9510083342552185
    ],
    "best_epoch": 100,
    "best_step": null,
    "best_eval_loss": 0.0037073628775775433
  },
  "test_results": {
    "test_loss": 0.0037006190951913596,
    "test_psnr": 24.32754238586426,
    "test_ssim": 0.9517186616897583
  }
}