{
  "args": {
    "device": "cuda:4",
    "exp_home": "./results",
    "ds_name": "mnist",
    "mode": "denoising",
    "noise_std": 0.25,
    "down_scale": 2.0,
    "model_type": "conventional",
    "latent_dim": 784,
    "hidden_dims": [
      1150,
      1150,
      1150,
      1150
    ],
    "wo_Win": false,
    "fix_Win": false,
    "I_Win": true,
    "batch_size": 128,
    "epochs": 200,
    "lr": 0.001,
    "use_augmentation": true,
    "aug_num": 2,
    "run_id": 1,
    "seed": 42
  },
  "training_logs": {
    "train_losses": [
      0.013388352118730545,
      0.0067338718079030515,
      0.006089354849755764,
      0.005733629204779864,
      0.005516634101718664,
      0.005413546421825886,
      0.0053227420461177824,
      0.005273607731312514,
      0.005224065145254135,
      0.005177333338856697,
      0.0051289860588312145,
      0.005076544943898916,
      0.005044043247699737,
      0.005013694108724594,
      0.004979926215708256,
      0.004954838966280222,
      0.004904853392839432,
      0.0048881669026613235,
      0.004866508264094591,
      0.004839825508445502,
      0.004817302554994822,
      0.004804749615937472,
      0.004795531618893146,
      0.004765114281624555,
      0.004755207245349884,
      0.004737334358096122,
      0.004721980957686901,
      0.00471752631098032,
      0.004698815428465604,
      0.004687438023835421,
      0.004680730505138636,
      0.0046654568812251095,
      0.004650858736783266,
      0.004632112382799387,
      0.004631690190136433,
      0.004613878330141306,
      0.004601454588472843,
      0.004590995344668627,
      0.004590218218117953,
      0.0045689330558478835,
      0.004555295303761959,
      0.004548563627898693,
      0.004544931207895279,
      0.004522384635061025,
      0.004527445190399885,
      0.004487768911719322,
      0.0044926648390293126,
      0.004491655837446451,
      0.0044869529636204246,
      0.004461351813971996,
      0.004447330216765404,
      0.004448799793720246,
      0.004442342946976424,
      0.004437845741808414,
      0.00440538400053978,
      0.004401403522789478,
      0.004411733722984791,
      0.004384719995856285,
      0.004377801420539618,
      0.004353560408353806,
      0.004354139149188995,
      0.004350742548257113,
      0.004328117647469044,
      0.004317048158496618,
      0.0043123069225251675,
      0.004307808823734522,
      0.0042884803473949434,
      0.004297601391673088,
      0.004260845527201891,
      0.004261577236503363,
      0.004265602232962846,
      0.004234116670936346,
      0.0042317636649310585,
      0.004220933405458927,
      0.004212231577932835,
      0.004195979129076004,
      0.0041917621931433675,
      0.00418663008376956,
      0.004165221285521984,
      0.004150222035646438,
      0.004150051010102034,
      0.004141480187624693,
      0.004140426564663648,
      0.004115905389785767,
      0.004098864073306322,
      0.004103190260529518,
      0.004098309045732021,
      0.004087990235835314,
      0.004080045212805271,
      0.004056000498235225,
      0.004046292431205511,
      0.004047550133168697,
      0.004033390702605248,
      0.004027702815979719,
      0.0040265854708850385,
      0.004007906558662653,
      0.004002592288553715,
      0.0039883419091999535,
      0.0039770786027610305,
      0.00397697626516223,
      0.003956328339874744,
      0.003955868721008301,
      0.003942331213057041,
      0.003936520594209432,
      0.003927653822004795,
      0.003916837653964758,
      0.003906282375752926,
      0.003899688933044672,
      0.0038900552479177713,
      0.003884776474535465,
      0.003869879742115736,
      0.003869661056548357,
      0.00384974430128932,
      0.003856286476403475,
      0.0038432678154110907,
      0.0038519033873081207,
      0.00382384427189827,
      0.0038041568994522093,
      0.003811672758758068,
      0.0037971968027949335,
      0.0037879083055257796,
      0.003779612831026316,
      0.003776123486608267,
      0.003780916499644518,
      0.003749625573679805,
      0.003750465884953737,
      0.0037377833719551565,
      0.003732351593077183,
      0.003718680768162012,
      0.003715729798078537,
      0.003707394496053457,
      0.003699446038007736,
      0.003692040950208902,
      0.0036771545324474574,
      0.0036733983036875725,
      0.003666770766377449,
      0.0036558045898377896,
      0.0036455839067697526,
      0.0036417763425409793,
      0.003630075460746884,
      0.003625725278481841,
      0.0036210867623984815,
      0.0036061508145928383,
      0.003598522838205099,
      0.003591348469108343,
      0.0035903001722693445,
      0.003574231204688549,
      0.0035674705009162426,
      0.0035562121625244618,
      0.0035509938614070417,
      0.0035435189583152534,
      0.003531268814653158,
      0.0035237989419698713,
      0.0035154900734871626,
      0.0035064207264781,
      0.0035012335857003926,
      0.003490962232500315,
      0.003483520625606179,
      0.0034715685373544695,
      0.0034680132614821196,
      0.0034521602664887904,
      0.00344731418274343,
      0.0034364395974576475,
      0.00342601403824985,
      0.003422463141232729,
      0.0034245861954241993,
      0.003397923775911331,
      0.003394216140806675,
      0.003383220747858286,
      0.003374885248541832,
      0.0033677387084811924,
      0.0033610528446733953,
      0.0033503226648271085,
      0.0033442950081080196,
      0.0033279391318559648,
      0.003321954619064927,
      0.003313110734447837,
      0.0033057741454988717,
      0.003295621048435569,
      0.0032912236086279152,
      0.003277766547948122,
      0.0032697006671875716,
      0.0032645286882668732,
      0.003250405721068382,
      0.0032444626586139204,
      0.0032334047748148443,
      0.003222239767089486,
      0.0032157347071915866,
      0.0032034648843854664,
      0.0031981547597795725,
      0.0031879858869314193,
      0.0031820668036490678,
      0.0031709470991790295,
      0.0031623834608495234,
      0.003156174133643508,
      0.0031436495015770196,
      0.003138486893475056,
      0.003127365036532283,
      0.0031234990110248326,
      0.00311669848613441
    ],
    "eval_losses": [
      0.005836200203001499,
      0.005270036065578461,
      0.004998849955946207,
      0.004923563545942307,
      0.004725278633832932,
      0.004936176174879074,
      0.0047203603297472,
      0.004577586545795202,
      0.00448790919110179,
      0.004573768600821495,
      0.0044619021408259865,
      0.004336006846278906,
      0.004454160099476576,
      0.004459373817592859,
      0.004213421744853258,
      0.004218158092349768,
      0.004107284133136272,
      0.004121556402742863,
      0.004051726488769054,
      0.004005334790050983,
      0.004006464956700801,
      0.00396650043874979,
      0.003982298789918423,
      0.0038933051787316797,
      0.0038718257367610933,
      0.003793371541798115,
      0.0037556501314044,
      0.003757864574342966,
      0.0037170091524720192,
      0.0036694666415452958,
      0.003632512341812253,
      0.003588347841054201,
      0.0035770578280091285,
      0.0035327562253922224,
      0.0034999028988182547,
      0.0034751067247241734,
      0.0034467881605029106,
      0.003416659603640437,
      0.0033931024949997663,
      0.003377355628460646
    ],