{
  "args": {
    "device": "cuda:9",
    "exp_home": "./results",
    "ds_name": "mnist",
    "mode": "generative_classification",
    "noise_std": 0.25,
    "down_scale": 2.0,
    "model_type": "conventional",
    "latent_dim": 784,
    "hidden_dims": [
      1150,
      1150,
      1150,
      1150,
      1150,
      1150,
      1150,
      1150,
      1150,
      1150
    ],
    "wo_Win": false,
    "fix_Win": true,
    "I_Win": false,
    "batch_size": 128,
    "epochs": 100,
    "lr": 0.0005,
    "use_augmentation": false,
    "aug_num": 2,
    "run_id": 3,
    "seed": 42
  },
  "training_logs": {
    "train_losses": [
      0.012060434717833995,
      0.00505906770311296,
      0.003971371023356915,
      0.0032907044331729413,
      0.0028798967534303666,
      0.0026586374701559543,
      0.0022733335120230912,
      0.002027449963763356,
      0.0020102588571235536,
      0.0018091276260092854,
      0.0017022186727076768,
      0.0016123491682391614,
      0.0013608893194049596,
      0.0013151441876031458,
      0.0013553086683340371,
      0.0012020523028541355,
      0.0010472253549750894,
      0.0010570292890258134,
      0.0009605755201540887,
      0.0009066425360180438,
      0.0009227806099504233,
      0.0008448908350616694,
      0.0008356191344279796,
      0.0007005895993858576,
      0.0006454938306286931,
      0.000776086038989015,
      0.0006861591639742256,
      0.0006177525645121932,
      0.0006618512391857803,
      0.0006231130869081244,
      0.000540798506103456,
      0.0005628112393245101,
      0.0005922098179254681,
      0.0005137144365534186,
      0.00041722506790887564,
      0.0005355250506848097,
      0.00044411922806873917,
      0.0004204087681975216,
      0.00043945577313192187,
      0.00039007364263758063,
      0.0003362677143886685,
      0.0004273753324546851,
      0.00026233031449839474,
      0.000329308576725889,
      0.00030855205781757833,
      0.00037071540614590047,
      0.0003129770503053442,
      0.00038488179355161266,
      0.00022458724306896328,
      0.00024411518762120976,
      0.00023705011163838207,
      0.00022436182230478152,
      0.0002639425428956747,
      0.00024473566009197386,
      0.0002067452881601639,
      0.00018503835140028967,
      0.0002432590361707844,
      0.00017568524600705131,
      0.00011696495339565444,
      0.00015693563144654035,
      0.00018754781738854944,
      0.0001750071523967199,
      0.00017069874605629592,
      0.00016568629783112555,
      0.00012034654449438677,
      0.0001341009269596543,
      0.00011374146005779039,
      0.00010637887574441266,
      0.00012021068692440167,
      0.00013204747401410715,
      0.00011246876685181632,
      0.00012414563665282913,
      8.891371872043237e-05,
      7.130817475903313e-05,
      6.760254165215883e-05,
      6.355958823056425e-05,
      7.914278645068407e-05,
      9.304493093455676e-05,
      8.093895188416355e-05,
      6.931842183694243e-05,
      4.5212353153619914e-05,
      5.75895606999984e-05,
      6.921301387948915e-05,
      4.157021050195908e-05,
      3.517663763661403e-05,
      3.985387212596834e-05,
      3.845568943681428e-05,
      3.56331412793952e-05,
      2.806675288360566e-05,
      3.398775675799698e-05,
      3.221969877020456e-05,
      3.7582100341387557e-05,
      2.4852737474429887e-05,
      2.5439282508741598e-05,
      2.4943177288514562e-05,
      2.662946216747514e-05,
      2.132341244025156e-05,
      1.7452765912603354e-05,
      1.5365538994665258e-05,
      2.0627442695840727e-05
    ],
    "eval_losses": [
      0.003576002563070506,
      0.002926243195682764,
      0.003044304096279666,
      0.0022912826303392647,
      0.0025041284842416646,
      0.0020882219903636725,
      0.002263355832826346,
      0.002235693522077054,
      0.0026695087757892906,
      0.0023612132141599433,
      0.0021528850943606814,
      0.0022407706336001866,
      0.0020574670122063252,
      0.002137620415809215,
      0.0019424269722076134,
      0.001902176537073683,
      0.0019267445719684474,
      0.00180257727887074,
      0.0018233230469428235,
      0.0017996483358761906
    ],
    "psnr": [
      24.83237755432129,
      25.8319207611084,
      25.69645798339844,
      27.11752278137207,
      26.732034973144533,
      27.789314721679688,
      27.516400354003906,
      27.794028924560546,
      26.46167072753906,
      27.51727205810547,
      27.782098461914064,
      27.75124898071289,
      28.423202783203124,
      27.94346472167969,
      29.16704345703125,
      29.385203875732422,
      29.678067041015623,
      30.111118829345703,
      30.082121087646485,
      30.755685345458986
    ],
    "best_epoch": 100,
    "best_step": null,
    "best_eval_loss": 0.0017996483358761906
  },
  "test_results": {
    "test_loss": 0.0018552689381987875,
    "test_psnr": 34.02887222900391
  }
}