{
  "args": {
    "device": "cuda:8",
    "exp_home": "./results",
    "ds_name": "mnist",
    "mode": "denoising",
    "noise_std": 0.25,
    "down_scale": 2.0,
    "model_type": "conventional",
    "latent_dim": 784,
    "hidden_dims": [
      785,
      785,
      785,
      785,
      785,
      785
    ],
    "wo_Win": false,
    "fix_Win": false,
    "I_Win": false,
    "wo_Wout": false,
    "batch_size": 128,
    "epochs": 30,
    "lr": 0.0001,
    "use_augmentation": false,
    "aug_num": 2,
    "run_id": 1,
    "seed": 42
  },
  "training_logs": {
    "train_losses": [
      0.02666081985503435,
      0.010265917268097401,
      0.008150653223246335,
      0.007196404028385878,
      0.006628209818154573,
      0.00622727820277214,
      0.005952780933976174,
      0.005738679629415273,
      0.005529661933928728,
      0.005394640332758427,
      0.005248172025382519,
      0.005134646243453026,
      0.005052551916837692,
      0.0049556357485055925,
      0.004891883637011051,
      0.004811113836467266,
      0.004752799555063247,
      0.004706084724217653,
      0.004639066463112831,
      0.004593590319007635,
      0.004553437773883342,
      0.00450920403495431,
      0.004460962814688683,
      0.004435523444712162,
      0.004403999080955982,
      0.004374215829074383,
      0.004349621979892254,
      0.004319046529978513,
      0.004303037296086549,
      0.004277132197767496
    ],
    "eval_losses": [
      0.006314854709804058,
      0.005312606835365295,
      0.00486277047470212,
      0.004634016774594784,
      0.004478062304109335,
      0.004378652999550104
    ],
    "psnr": [
      21.99990477294922,
      22.750017803955078,
      23.134090713500978,
      23.343009841918946,
      23.49154405822754,
      23.589519830322267
    ],
    "ssim": [
      0.8911564410209656,
      0.903619762134552,
      0.9143630499839783,
      0.9225014513015747,
      0.9271569004058838,
      0.9304881324768066
    ],
    "best_epoch": 30,
    "best_step": null,
    "best_eval_loss": 0.004378652999550104
  },
  "test_results": {
    "test_loss": 0.004358763884380459,
    "test_psnr": 23.61847287597656,
    "test_ssim": 0.9316581712722778
  }
}