{
  "args": {
    "device": "cuda:6",
    "exp_home": "./results",
    "ds_name": "mnist",
    "mode": "denoising",
    "noise_std": 0.25,
    "down_scale": 2.0,
    "model_type": "conventional",
    "latent_dim": 784,
    "hidden_dims": [
      1150,
      1150,
      1150,
      1150,
      1150,
      1150,
      1150,
      1150,
      1150,
      1150,
      1150,
      1150,
      1150,
      1150,
      1150
    ],
    "wo_Win": true,
    "fix_Win": false,
    "I_Win": false,
    "batch_size": 128,
    "epochs": 100,
    "lr": 0.0001,
    "use_augmentation": true,
    "aug_num": 2,
    "run_id": 1,
    "seed": 42
  },
  "training_logs": {
    "train_losses": [
      0.015764418875873088,
      0.007370380794405937,
      0.006361172549724579,
      0.005854962560236454,
      0.00555290809199214,
      0.005338177873492241,
      0.005166188747435808,
      0.005041982441842556,
      0.004930219559967518,
      0.004857361898273229,
      0.004769282620102167,
      0.004696543270945549,
      0.004635337481349706,
      0.004573243846297264,
      0.0045275513491034505,
      0.0044781659816205506,
      0.004438364482074976,
      0.004399167305231095,
      0.004358888327330351,
      0.004321884811669588,
      0.004290765563249588,
      0.004253040338009596,
      0.004222884324491024,
      0.0041829358740150925,
      0.004168018291890621,
      0.00412742729395628,
      0.004105950598120689,
      0.004084124056249857,
      0.0040602173899114136,
      0.004041490324437618,
      0.00401813143402338,
      0.003990546132326126,
      0.003967295798957348,
      0.003950053406357765,
      0.003925283238589763,
      0.003907710012346506,
      0.0038911449590325357,
      0.0038675515666604043,
      0.00384920349791646,
      0.0038273971056193112,
      0.003819304915368557,
      0.003798256814330816,
      0.0037815162092447283,
      0.00375801903039217,
      0.0037426356640458108,
      0.0037267802211642265,
      0.0037062500160932542,
      0.0036965516866743564,
      0.0036802492858469486,
      0.0036649136932194234,
      0.003649724500775337,
      0.003635671777129173,
      0.0036213397115468977,
      0.0036077188731729985,
      0.003593161640316248,
      0.0035731291504204274,
      0.0035646798472106457,
      0.0035487338722497226,
      0.0035419728340208533,
      0.0035194121327996254,
      0.003513226688951254,
      0.0035002990706264974,
      0.0034817248590290548,
      0.0034731086619198322,
      0.0034584601974487305,
      0.003442089137583971,
      0.0034331524774432183,
      0.0034239081735908984,
      0.0034087080700695516,
      0.0033983645288646223,
      0.0033854823231697084,
      0.0033751413704454897,
      0.0033639977231621743,
      0.0033500373166799545,
      0.0033372872649133204,
      0.0033287652631103994,
      0.0033182340376079083,
      0.0033063821020722388,
      0.003293522231429815,
      0.0032857922346144915,
      0.003274236702695489,
      0.0032637464690953495,
      0.0032573283291608096,
      0.0032388841895759106,
      0.003234074411988258,
      0.003224464710727334,
      0.003216035503298044,
      0.003210001559779048,
      0.0031964280262589454,
      0.0031874289916455746,
      0.003176957948580384,
      0.003166808176636696,
      0.00316160894446075,
      0.0031528669632971285,
      0.003149157081916928,
      0.0031350229693949223,
      0.0031350990614295005,
      0.0031231194084882737,
      0.003114721085727215,
      0.003109711889475584
    ],
    "eval_losses": [
      0.005191466921567917,
      0.004731441102921963,
      0.004470617435127497,
      0.004300060660392046,
      0.004211226300895214,
      0.004090277910232544,
      0.004075473494082689,
      0.003982327987253666,
      0.003919214146584272,
      0.0038893620163202285,
      0.0038385218933224678,
      0.003806386352330446,
      0.0037740565896034243,
      0.003716756362840533,
      0.003695264458656311,
      0.0036763084847480057,
      0.003643191858381033,
      0.0036161067441105844,
      0.003587600363045931,
      0.003579746252298355
    ],
    "psnr": [
      22.849670016479493,
      23.251969802856447,
      23.498429217529296,
      23.667087506103517,
      23.758005615234374,
      23.884244314575195,
      23.900393801879883,
      24.000484637451173,
      24.069905853271486,
      24.10342478942871,
      24.160203118896483,
      24.197049862670898,
      24.234504959106445,
      24.30083380126953,
      24.325341271972658,
      24.348044943237305,
      24.387184072875975,
      24.419801296997072,
      24.454386108398438,
      24.46364801635742
    ],
    "best_epoch": 100,
    "best_step": null,
    "best_eval_loss": 0.003579746252298355
  },
  "test_results": {
    "test_loss": 0.0035701349299401045,
    "test_psnr": 24.48298159484863
  }
}