{
  "args": {
    "device": "cuda:9",
    "exp_home": "./results",
    "ds_name": "mnist",
    "mode": "generative_classification",
    "noise_std": 0.25,
    "down_scale": 2.0,
    "model_type": "conventional",
    "latent_dim": 784,
    "hidden_dims": [
      1150,
      1150,
      1150,
      1150,
      1150,
      1150,
      1150,
      1150,
      1150,
      1150
    ],
    "wo_Win": false,
    "fix_Win": false,
    "I_Win": true,
    "batch_size": 128,
    "epochs": 100,
    "lr": 0.0005,
    "use_augmentation": false,
    "aug_num": 2,
    "run_id": 4,
    "seed": 42
  },
  "training_logs": {
    "train_losses": [
      0.012648347188532352,
      0.00556915536954999,
      0.004375984293818474,
      0.003720116011723876,
      0.0032192894449830055,
      0.003093171508163214,
      0.0027964674995094537,
      0.002566864379607141,
      0.002265312211252749,
      0.002258028349876404,
      0.0020887582182884216,
      0.0019254134948551655,
      0.0018482010994851589,
      0.001732768006362021,
      0.001560374263972044,
      0.0015086354630440473,
      0.0014205883036833256,
      0.0014019536580704153,
      0.0013004740075953304,
      0.001190663941912353,
      0.0012550354909338058,
      0.00107602213203907,
      0.0011540770215168596,
      0.0009703812589496374,
      0.0009895386636070908,
      0.0009182384152337909,
      0.0008571597695350647,
      0.0008527101304754615,
      0.0009189248138852418,
      0.0007028726535523311,
      0.0007403631796874106,
      0.00078810476642102,
      0.0006182098937779664,
      0.0006387864100839942,
      0.0007237875737249851,
      0.0006321834015846253,
      0.0005312934545055032,
      0.0005299819942563772,
      0.0005160412399098278,
      0.0005701310716755688,
      0.0005587595272902399,
      0.0005553110691858456,
      0.0004265918055968359,
      0.0004648035791423172,
      0.00043295446886215357,
      0.00037832542973570524,
      0.0004233019797317684,
      0.0003786171434912831,
      0.0003405772964656353,
      0.00037151291051879524,
      0.0003686794896190986,
      0.0003412148981541395,
      0.00036800533464876933,
      0.00029122530474560336,
      0.0003377148419106379,
      0.0002783326246356592,
      0.0002683008307707496,
      0.00023923913614824413,
      0.00019174395999172703,
      0.00023412684979848562,
      0.00027784915136755444,
      0.0001744875419943128,
      0.00024212650292087346,
      0.00020919902239460497,
      0.00015944147111847997,
      0.00015960742941126228,
      0.00022070002952357754,
      0.00017991116759134458,
      0.00015742864541010932,
      0.00010934634165372699,
      0.00014975516219390556,
      0.00015208663578960112,
      0.00012932205489254555,
      0.00015232465203502215,
      8.559622194763506e-05,
      5.711357555410359e-05,
      0.00011240469921205658,
      0.0001106143160094507,
      8.722216389782261e-05,
      9.083369093306829e-05,
      6.657491012243554e-05,
      6.467936444241786e-05,
      4.584006821038201e-05,
      5.691453030332923e-05,
      5.369218206149526e-05,
      4.982197782723233e-05,
      6.296199938282371e-05,
      3.617409206402954e-05,
      4.4755341066629625e-05,
      4.244553490600083e-05,
      4.085116735484917e-05,
      2.7702852398797403e-05,
      2.7037763654079753e-05,
      2.2161994317575592e-05,
      1.982885274468572e-05,
      1.76543901477271e-05,
      1.739947529218625e-05,
      1.963871918123914e-05,
      2.122723289350688e-05,
      1.726456764314207e-05
    ],
    "eval_losses": [
      0.003862130966410041,
      0.0033436983520165084,
      0.002874552603531629,
      0.002593420332763344,
      0.0024363757787272335,
      0.00250277932304889,
      0.002333827738137916,
      0.0023485316931386477,
      0.002028088721598033,
      0.0024028184522874654,
      0.0023815417039440945,
      0.0021784252751851454,
      0.0020013077598472592,
      0.002073593777930364,
      0.0018419270939775744,
      0.0019922610694658944,
      0.001970413282813388,
      0.001849738484055706,
      0.0018204524337426847,
      0.0017954018268876099
    ],
    "psnr": [
      24.40198202819824,
      25.31153144226074,
      25.983424389648437,
      26.536941931152345,
      26.884762121582032,
      26.946388092041015,
      27.43160863647461,
      27.191517419433595,
      28.179890698242186,
      27.031368273925782,
      27.574244122314454,
      27.84159881591797,
      28.6857859375,
      28.43516591796875,
      30.014756091308595,
      28.88265961303711,
      29.206181829833984,
      29.43665756225586,
      29.969078454589845,
      30.30572341308594
    ],
    "best_epoch": 100,
    "best_step": null,
    "best_eval_loss": 0.0017954018268876099
  },
  "test_results": {
    "test_loss": 0.0019695723910488597,
    "test_psnr": 33.43403640136719
  }
}