{
  "args": {
    "device": "cuda:9",
    "exp_home": "./results",
    "ds_name": "mnist",
    "mode": "generative_classification",
    "noise_std": 0.25,
    "down_scale": 2.0,
    "model_type": "conventional",
    "latent_dim": 784,
    "hidden_dims": [
      1150,
      1150,
      1150,
      1150
    ],
    "wo_Win": true,
    "fix_Win": false,
    "I_Win": false,
    "wo_Wout": true,
    "batch_size": 128,
    "epochs": 50,
    "lr": 0.005,
    "use_augmentation": false,
    "aug_num": 2,
    "run_id": 2,
    "seed": 42
  },
  "training_logs": {
    "train_losses": [
      0.02570892474412918,
      0.018442793964445592,
      0.01640795932084322,
      0.015763561333715915,
      0.015082169844508171,
      0.014926252889335155,
      0.01528351940214634,
      0.014589645690917969,
      0.014353025517463685,
      0.014374476629495621,
      0.014179579678475857,
      0.013882930033504963,
      0.013748998546004296,
      0.013653142117857934,
      0.01333613209605217,
      0.013389465985894203,
      0.013009571604728699,
      0.013323007007837296,
      0.01293918250620365,
      0.012599511930644512,
      0.0124773281660676,
      0.012095459829866886,
      0.01228488056242466,
      0.0120469505828619,
      0.01219397834688425,
      0.011817985916435719,
      0.01172603581637144,
      0.01168758743584156,
      0.011473345850110055,
      0.011670365894138814,
      0.01123267693966627,
      0.011308076604008675,
      0.011042530525624752,
      0.010976072924733161,
      0.010931291060745717,
      0.010892573480904102,
      0.010755524961948395,
      0.01071946863591671,
      0.010645800583362579,
      0.010471031283438206,
      0.010388967791497707,
      0.010410052556991577,
      0.010199279194176196,
      0.010074782721996307,
      0.010086769582033157,
      0.009994540209174157,
      0.009957124654948711,
      0.009929641771614551,
      0.009889018593728543,
      0.009847347902059555
    ],
    "eval_losses": [
      0.016785062408447265,
      0.015347947189211845,
      0.015692492210865022,
      0.014902679872512817,
      0.015049904683232307,
      0.013736173129081725,
      0.013548300474882126,
      0.013155778783559799,
      0.01306403742134571,
      0.012644406037032605
    ],
    "psnr": [
      17.79913246459961,
      18.188253240966798,
      18.081725494384767,
      18.3146350189209,
      18.263938803100586,
      18.66208299560547,
      18.72558786010742,
      18.845929235839844,
      18.881325833129882,
      19.022649166870117
    ],
    "ssim": [
      0.8985916738510131,
      0.9071647964477539,
      0.9031791097640991,
      0.911732335472107,
      0.9113013942718506,
      0.9173921531677246,
      0.9187947228431702,
      0.9212112916946411,
      0.9221048040390014,
      0.9240150686264038
    ],
    "best_epoch": 50,
    "best_step": null,
    "best_eval_loss": 0.012644406037032605
  },
  "test_results": {
    "test_loss": 0.01285358932763338,
    "test_psnr": 19.01759157409668,
    "test_ssim": 0.9233350440979003
  }
}