{
  "args": {
    "device": "cuda:8",
    "exp_home": "./results",
    "ds_name": "mnist",
    "mode": "denoising",
    "noise_std": 0.25,
    "down_scale": 2.0,
    "model_type": "conventional",
    "latent_dim": 784,
    "hidden_dims": [
      1150,
      1150,
      1150,
      1150,
      1150,
      1150
    ],
    "wo_Win": false,
    "fix_Win": false,
    "I_Win": false,
    "batch_size": 128,
    "epochs": 100,
    "lr": 5e-05,
    "use_augmentation": true,
    "aug_num": 2,
    "run_id": 1,
    "seed": 42
  },
  "training_logs": {
    "train_losses": [
      0.023986144075095653,
      0.009283753201961517,
      0.007496846340447665,
      0.006647740081995725,
      0.006145255322903395,
      0.0058206205928325655,
      0.0055728705801069735,
      0.00538433168053627,
      0.0052315862026810645,
      0.005106642552018165,
      0.004998203448206186,
      0.004903460840135813,
      0.004827490273267031,
      0.004756286645829677,
      0.004693283639401197,
      0.00464105254650116,
      0.0045948821070790295,
      0.00454184156537056,
      0.004499594800025225,
      0.004465127963423729,
      0.004428611553162336,
      0.004390215702205896,
      0.004365155681967736,
      0.004329056074172258,
      0.004306289362311363,
      0.004274916616231203,
      0.004249696476310492,
      0.004232189367860555,
      0.004209225005060434,
      0.004189980757981539,
      0.004167772790491581,
      0.004144546525627375,
      0.004127087914347649,
      0.004115246216356754,
      0.004094355521053076,
      0.004074369671940804,
      0.004060684933662415,
      0.004045678000450134,
      0.004032071672827005,
      0.004015131911933422,
      0.004009888208806515,
      0.003993398001790047,
      0.00397938829138875,
      0.0039650150302052494,
      0.003953864706158638,
      0.00394238517343998,
      0.003925054222792387,
      0.003919602528959513,
      0.003909893369227648,
      0.003899574355483055,
      0.00388312516361475,
      0.0038777390137314798,
      0.003869057436585426,
      0.003860486565083265,
      0.003846241213232279,
      0.003837008296996355,
      0.003831760355681181,
      0.0038219042716920375,
      0.0038161743232607843,
      0.003800387187451124,
      0.0037980531883239745,
      0.0037917669834196567,
      0.003779192572534084,
      0.003773452400863171,
      0.0037673111982643604,
      0.003756006931513548,
      0.0037520829428732395,
      0.003748591852635145,
      0.003739076997488737,
      0.0037309505662322046,
      0.003720980951786041,
      0.00371907197162509,
      0.0037124158936738968,
      0.0037014379358291626,
      0.003697155812382698,
      0.0036956713661551476,
      0.003690713542252779,
      0.0036811884035170077,
      0.003672540442198515,
      0.0036689558047056196,
      0.0036644815023243425,
      0.0036597316104173662,
      0.003657618198916316,
      0.0036456800292432308,
      0.0036429589684307574,
      0.003640138652101159,
      0.00363567361921072,
      0.003633233997821808,
      0.003627700629979372,
      0.0036219990327954294,
      0.0036159435072541236,
      0.0036104995293915272,
      0.0036117081259936096,
      0.0036061693362891673,
      0.0036079442262649535,
      0.003597248735576868,
      0.0036009130880236624,
      0.0035956491804122926,
      0.003588462577164173,
      0.003588701900243759
    ],
    "eval_losses": [
      0.0057231111235916616,
      0.004907833710312844,
      0.004562504391372204,
      0.004479844182729721,
      0.004269124341756105,
      0.004195305134356022,
      0.004137323804199696,
      0.004068361147493124,
      0.004038755260407925,
      0.004000126545876265,
      0.0039585043184459205,
      0.003932039795815944,
      0.003913358429074288,
      0.003876563061028719,
      0.0038501092866063116,
      0.003840266115963459,
      0.0038246827185153963,
      0.003798363195359707,
      0.0037917701698839666,
      0.0037903582617640494
    ],
    "psnr": [
      22.426454806518553,
      23.09369389343262,
      23.410464935302734,
      23.489495617675782,
      23.699080337524414,
      23.774258572387694,
      23.835464169311525,
      23.907971990966796,
      23.939381671142577,
      23.981539392089843,
      24.02689396972656,
      24.056067666625978,
      24.07729750366211,
      24.118120504760743,
      24.14713877258301,
      24.15863674926758,
      24.17635249328613,
      24.205999435424804,
      24.2139287109375,
      24.215420040893555
    ],
    "best_epoch": 100,
    "best_step": null,
    "best_eval_loss": 0.0037903582617640494
  },
  "test_results": {
    "test_loss": 0.0037664507180452346,
    "test_psnr": 24.25066793823242
  }
}