{
  "args": {
    "device": "cuda:2",
    "exp_home": "./results",
    "ds_name": "mnist",
    "mode": "generative_classification",
    "noise_std": 0.25,
    "down_scale": 2.0,
    "model_type": "conventional",
    "latent_dim": 784,
    "hidden_dims": [
      1150
    ],
    "wo_Win": false,
    "fix_Win": true,
    "I_Win": false,
    "batch_size": 128,
    "epochs": 200,
    "lr": 5e-05,
    "use_augmentation": true,
    "aug_num": 2,
    "run_id": 4,
    "seed": 42
  },
  "training_logs": {
    "train_losses": [
      0.040156013045310975,
      0.01521058963149786,
      0.0117243690559268,
      0.010051209212690591,
      0.0090322245657444,
      0.008267576421946287,
      0.007671683641970158,
      0.0071864579901099205,
      0.006766889616847039,
      0.006398608080297709,
      0.006089189970195293,
      0.005808513414561748,
      0.00555115752696991,
      0.005330478445738554,
      0.0051219370673596856,
      0.004931700752973557,
      0.004761760070323944,
      0.004588714389503003,
      0.004458704463541508,
      0.00431094055339694,
      0.004176169954836368,
      0.004073081669211388,
      0.003970472208410502,
      0.003856632083058357,
      0.0037569274681806563,
      0.0036866027241945266,
      0.003603357707411051,
      0.003516916627064347,
      0.0034414477494359016,
      0.0033855124492943285,
      0.0033198062631487847,
      0.0032413587018847467,
      0.0031932368957996366,
      0.0031272364000976085,
      0.003078656888604164,
      0.003051147909462452,
      0.002972545457929373,
      0.0029366627806425094,
      0.002897756580412388,
      0.0028412255533784626,
      0.0028066405180096625,
      0.002771959335654974,
      0.0027291993367671965,
      0.0026889398895204066,
      0.002669138761162758,
      0.0026347809533774852,
      0.0026023108160495756,
      0.002563282009959221,
      0.0025363492914289238,
      0.0025109408332407474,
      0.0024912287172675135,
      0.0024629532819986344,
      0.0024384437261521816,
      0.0024253860116004943,
      0.002384853267967701,
      0.002377479063645005,
      0.0023607111740857364,
      0.0023233520293980837,
      0.0023107247787714003,
      0.002290106225013733,
      0.002271950586438179,
      0.002245163644254208,
      0.0022307938814163206,
      0.0022149652252346276,
      0.002200011961311102,
      0.0021819825023412704,
      0.0021652610241621735,
      0.002150136177688837,
      0.0021442831479758025,
      0.002114361502379179,
      0.0021095231503248215,
      0.0020972398222982884,
      0.002063622139170766,
      0.0020671352933347227,
      0.0020493515066802503,
      0.0020344072671979667,
      0.002030358768105507,
      0.002013056763038039,
      0.002006021224707365,
      0.0019925843896716833,
      0.001978646666482091,
      0.0019728745735436677,
      0.001958251732215285,
      0.0019495113402605057,
      0.001937277310937643,
      0.0019237688676267861,
      0.001913947410583496,
      0.0019047034210711718,
      0.0018998770160973072,
      0.00188884793266654,
      0.0018747896053642034,
      0.0018744981054216623,
      0.0018694247706979514,
      0.001855059891194105,
      0.0018509928387403487,
      0.0018355262762308122,
      0.001829154931306839,
      0.0018421831111609937,
      0.0018103670132160188,
      0.001804118988364935,
      0.0017975282844901084,
      0.0017953175015747547,
      0.0017861227741464974,
      0.0017732937443256378,
      0.001772495284229517,
      0.001758627046495676,
      0.0017599610501527786,
      0.0017457267781347036,
      0.001741873688325286,
      0.0017358087857067585,
      0.0017367940369993448,
      0.0017239133020490408,
      0.001726600556075573,
      0.001708129974231124,
      0.0017114614766091107,
      0.0016943634051829577,
      0.0016863112852722407,
      0.0016895944795012475,
      0.0016891026640683412,
      0.0016788971931487322,
      0.0016767620996013283,
      0.0016669991078972816,
      0.0016672838627547026,
      0.0016579767832159997,
      0.0016491747596859931,
      0.0016358012215793134,
      0.0016406479705870151,
      0.0016401971912384033,
      0.0016305370371043682,
      0.0016315331719070673,
      0.00162695910140872,
      0.0016163607062399388,
      0.001603003782182932,
      0.001603376665711403,
      0.001597943512275815,
      0.0015943248831480742,
      0.0015941227923333644,
      0.001589816714823246,
      0.0015848300591111183,
      0.001579209149107337,
      0.0015809343419969082,
      0.0015716689997166396,
      0.0015696558386087418,
      0.001565496751368046,
      0.001560698988288641,
      0.0015513773197680712,
      0.0015487053130567073,
      0.0015510266663506626,
      0.001544250985607505,
      0.0015444264625757932,
      0.0015468378610908986,
      0.001537075129598379,
      0.0015335397797822952,
      0.0015324762443453073,
      0.0015301592589542269,
      0.001522525873556733,
      0.001518599675744772,
      0.0015149947049096226,
      0.0015161318301409484,
      0.0015078081949800252,
      0.0015070089808106423,
      0.0015030700609087943,
      0.0014941040512919427,
      0.001501929486617446,
      0.0015004739259183407,
      0.001491224230006337,
      0.0014911477594077586,
      0.0014839906691014766,
      0.0014852977659925819,
      0.001486114366427064,
      0.0014772040943801404,
      0.0014733664486184716,
      0.0014770329087227584,
      0.0014688718278706074,
      0.0014677487942576408,
      0.0014685251583531499,
      0.0014618828166276217,
      0.0014602589762210845,
      0.0014635473135858775,
      0.0014595378117263317,
      0.0014561389155685902,
      0.0014471894478052855,
      0.0014413442427664996,
      0.0014436634228378535,
      0.0014434601898491383,
      0.0014434934732317924,
      0.0014457959803938867,
      0.0014349557366594673,
      0.001437129098623991,
      0.001439306515827775,
      0.001434572677128017,
      0.0014337796607613563,
      0.00142796730466187,
      0.001425048643834889,
      0.0014261929892003535,
      0.0014248713016137482,
      0.0014252900554984809,
      0.001421070980206132,
      0.0014199307377636432,
      0.0014221267549693584
    ],
    "eval_losses": [
      0.008922758543491364,
      0.007137878438830376,
      0.006399905303865671,
      0.005932974511384964,
      0.005714826982468366,
      0.005478130492568016,
      0.0053407791398465635,
      0.0053212492205202576,
      0.005227914930880069,
      0.005166077245771885,
      0.005138273517042398,
      0.005120847330987453,
      0.005060485965013504,
      0.00500160756893456,
      0.005051584274321795,
      0.004945426497608423,
      0.0049543696403503415,
      0.00492904190197587,
      0.004938356476277113,
      0.0049716043088585135,
      0.00496561146825552,
      0.004884944446384907,
      0.004862866619974375,
      0.00485254489928484,
      0.004866125799715519,
      0.004899682255089283,
      0.004794968106597662,
      0.004865048374980688,
      0.004857606373727321,
      0.004822312068939209,
      0.004843768833205104,
      0.004797138195484877,
      0.004789205764979124,
      0.004782651579380035,
      0.004761964306607842,
      0.004853630594164133,
      0.004816963522881269,
      0.004865302077680826,
      0.004878729921579361,
      0.004772034450992941
    ],