{
  "args": {
    "device": "cuda:9",
    "exp_home": "./results",
    "ds_name": "mnist",
    "mode": "generative_classification",
    "noise_std": 0.25,
    "down_scale": 2.0,
    "model_type": "conventional",
    "latent_dim": 784,
    "hidden_dims": [
      1150,
      1150,
      1150,
      1150,
      1150,
      1150,
      1150,
      1150,
      1150,
      1150
    ],
    "wo_Win": true,
    "fix_Win": false,
    "I_Win": false,
    "batch_size": 128,
    "epochs": 100,
    "lr": 0.0005,
    "use_augmentation": false,
    "aug_num": 2,
    "run_id": 5,
    "seed": 42
  },
  "training_logs": {
    "train_losses": [
      0.012115992041528224,
      0.005274716904312372,
      0.004046924538761377,
      0.0033259204798936843,
      0.0027073229217529295,
      0.002497371870018542,
      0.0021975262819975616,
      0.002105136108621955,
      0.001786492375433445,
      0.0017444242940843106,
      0.0016488325739279388,
      0.0014631106237322092,
      0.0013410020629037172,
      0.0012957533849030734,
      0.0011634239165112376,
      0.0011177116194367408,
      0.0010280448475293816,
      0.000994981149258092,
      0.0009460183808207512,
      0.0008938005270436407,
      0.0008415375221986324,
      0.000841578159071505,
      0.0007267536579817533,
      0.0006233325738832354,
      0.0006785222267080099,
      0.0007389436638448387,
      0.0005729916216060519,
      0.0005792239189706743,
      0.0005831059932895005,
      0.0005245966905541718,
      0.0005239859217964113,
      0.00046135585276409983,
      0.000515208951709792,
      0.0005691999450512231,
      0.00042373358752578494,
      0.00037244156470056625,
      0.0004284683918952942,
      0.00036521143211284653,
      0.00036552562554366885,
      0.0004302170570055023,
      0.00039349732575705277,
      0.00036973077774979173,
      0.00035807612870354205,
      0.0003286639221198857,
      0.00033836709073744713,
      0.00027732346893288195,
      0.00023303647595923394,
      0.0002500590598490089,
      0.0002149440227402374,
      0.00027613538031466306,
      0.00025265335848089306,
      0.00016921104005305097,
      0.00022101559845148585,
      0.00023263029131107032,
      0.0002375596377113834,
      0.00017411858910694719,
      0.0001665024908911437,
      0.0001920494934101589,
      0.00015580784582300112,
      0.0001612082765204832,
      0.00019189161504153162,
      0.0001746700702328235,
      0.0001477229385985993,
      0.00014152692833333276,
      0.00011345974388241302,
      0.00013473205104935914,
      0.00012361035055248067,
      0.00012733251749770717,
      0.00010788193459971808,
      8.394217382970965e-05,
      0.00010549591504735872,
      8.556334047636483e-05,
      8.970618658437161e-05,
      7.748035748372785e-05,
      9.821558032184839e-05,
      8.211639672750607e-05,
      6.521124081104062e-05,
      5.6779844301054254e-05,
      4.2318154847598635e-05,
      3.949563825328369e-05,
      4.8995117267186285e-05,
      3.473052619956434e-05,
      3.7343696706811896e-05,
      4.319113194505917e-05,
      3.366461410420015e-05,
      3.984520983649418e-05,
      3.8315537964517715e-05,
      4.027308971402818e-05,
      2.3441889833193272e-05,
      3.243251522770152e-05,
      2.68071184377186e-05,
      2.974514217712567e-05,
      2.166291765126516e-05,
      1.8273762992757838e-05,
      1.955947006572387e-05,
      1.6336257380316964e-05,
      1.6494064062717372e-05,
      1.5178518146494753e-05,
      1.4906507650739514e-05,
      1.8101962751461542e-05
    ],
    "eval_losses": [
      0.0045736112928017976,
      0.0038144285317510368,
      0.0036524097243789584,
      0.0037370324110612275,
      0.0038214478488313034,
      0.0035544427391141654,
      0.003497816224768758,
      0.00329500863852445,
      0.0035643988380557857,
      0.0031671606577001513,
      0.002981245719146682,
      0.0030920158471446483,
      0.0030867806248104897,
      0.0032179505275038538,
      0.0030660039359994696,
      0.003188897785189329,
      0.003321617454652733,
      0.0031006819645495853,
      0.003159781915092026,
      0.0026368538417242235
    ],
    "psnr": [
      23.736942294311522,
      24.63355310058594,
      25.010680853271484,
      24.912709399414062,
      24.68376939086914,
      25.290528988647463,
      25.404345074462892,
      25.58025369873047,
      25.18432841796875,
      25.794940045166015,
      26.387977893066406,
      25.85459112548828,
      26.194989001464844,
      26.271442468261718,
      26.17132902832031,
      26.59878203125,
      26.202879766845705,
      26.19161103515625,
      26.237462493896484,
      27.555518383789064
    ],
    "best_epoch": 100,
    "best_step": null,
    "best_eval_loss": 0.0026368538417242235
  },
  "test_results": {
    "test_loss": 0.0028896716510740587,
    "test_psnr": 29.62680565185547
  }
}