{
  "args": {
    "device": "cuda:0",
    "exp_home": "./results",
    "ds_name": "mnist",
    "mode": "denoising",
    "noise_std": 0.25,
    "down_scale": 2.0,
    "model_type": "conventional",
    "latent_dim": 784,
    "hidden_dims": [
      2870,
      2870,
      2870,
      2870
    ],
    "wo_Win": true,
    "fix_Win": false,
    "I_Win": false,
    "wo_Wout": true,
    "batch_size": 128,
    "epochs": 30,
    "lr": 0.001,
    "use_augmentation": false,
    "aug_num": 2,
    "run_id": 5,
    "seed": 42
  },
  "training_logs": {
    "train_losses": [
      0.019706800864338875,
      0.014993107481002807,
      0.013384986936450004,
      0.012101214997768402,
      0.010641787521541119,
      0.009701045167446137,
      0.008764677649736404,
      0.0077735602568089965,
      0.006933899503648281,
      0.0063513978667557236,
      0.005916075801402331,
      0.005603241337537765,
      0.005357410921454429,
      0.005133729897886514,
      0.00500323496311903,
      0.004817973666638136,
      0.004693379355669021,
      0.004572679457813501,
      0.004481108013391495,
      0.004418628223240376,
      0.0043413141094148155,
      0.004253181415945291,
      0.004194118399471045,
      0.004124052639454603,
      0.004053562234565615,
      0.0039905395182967185,
      0.003932944614291191,
      0.0038733462853729724,
      0.0038259559466689826,
      0.0037762368020415305
    ],
    "eval_losses": [
      0.00964690333902836,
      0.005904624683409929,
      0.004811155262589455,
      0.004333562187105417,
      0.004041436611115933,
      0.003818059188872576
    ],
    "psnr": [
      20.165032348632813,
      22.292043768310545,
      23.179562164306642,
      23.633349578857423,
      23.9363685546875,
      24.18351703186035
    ],
    "ssim": [
      0.9027129758834839,
      0.9311421342849732,
      0.9382567472457886,
      0.943995584487915,
      0.944723175239563,
      0.9479010669708252
    ],
    "best_epoch": 30,
    "best_step": null,
    "best_eval_loss": 0.003818059188872576
  },
  "test_results": {
    "test_loss": 0.0037888603176921606,
    "test_psnr": 24.222743408203126,
    "test_ssim": 0.9492146947860718
  }
}