{
  "args": {
    "device": "cuda:9",
    "exp_home": "./results",
    "ds_name": "mnist",
    "mode": "generative_classification",
    "noise_std": 0.25,
    "down_scale": 2.0,
    "model_type": "conventional",
    "latent_dim": 784,
    "hidden_dims": [
      1150,
      1150
    ],
    "wo_Win": false,
    "fix_Win": false,
    "I_Win": false,
    "batch_size": 128,
    "epochs": 100,
    "lr": 0.0001,
    "use_augmentation": true,
    "aug_num": 2,
    "run_id": 5,
    "seed": 42
  },
  "training_logs": {
    "train_losses": [
      0.017270023982524873,
      0.005115353542268276,
      0.0036869844428449867,
      0.002993083395510912,
      0.002493122393488884,
      0.002178452735543251,
      0.0018626405300199986,
      0.00164487991604954,
      0.0014728346299752594,
      0.0012809287180006504,
      0.0011893503545224668,
      0.0010524438271671533,
      0.0009936546364054085,
      0.0009041415246203542,
      0.0008262173630669713,
      0.0007478242797404527,
      0.0007916916396841407,
      0.0006649838771671057,
      0.0005861647713370622,
      0.0006483570953086018,
      0.0005876050285622478,
      0.0005294845887087286,
      0.0005453681840375065,
      0.0004690140822343528,
      0.0003840315916202962,
      0.0004614670205116272,
      0.000418348639626056,
      0.00045644694928079845,
      0.0003540309372544289,
      0.00032113314306363465,
      0.0003733581752330065,
      0.0003077682090085,
      0.00033594736399129036,
      0.00028777282409369947,
      0.0002364912268705666,
      0.00035032751708291473,
      0.00029931736963801085,
      0.00019410646009724588,
      0.0001951039269566536,
      0.0002984829918667674,
      0.00026883245839737354,
      0.0002110908729955554,
      0.00015441675836220384,
      0.00022135652981698512,
      0.00019443589489907026,
      0.00021736099190078676,
      0.00016447222849354148,
      0.00019915768126025797,
      0.00019967918511480093,
      0.00014458980238996446,
      0.00011442253975197673,
      0.00015656846275087445,
      0.0001292345897341147,
      0.00023414065089542418,
      0.00010650670549366623,
      0.00010248403477948158,
      0.00012006805869750679,
      0.00010978334540966898,
      0.00010206991544459016,
      0.00015212709079496562,
      9.275549060199409e-05,
      0.00011619125803932547,
      8.801819063723088e-05,
      9.756923832464963e-05,
      9.955679879523813e-05,
      8.573510890593752e-05,
      7.294340265449137e-05,
      8.705454736482352e-05,
      6.548207100480794e-05,
      9.366431255359202e-05,
      7.904747360036708e-05,
      6.579072531079873e-05,
      6.228278248570859e-05,
      5.748740935698151e-05,
      6.170419281814248e-05,
      5.282929686596617e-05,
      4.92620924138464e-05,
      5.321210814639926e-05,
      5.877682447433472e-05,
      6.737796473316849e-05,
      4.999862886033952e-05,
      4.357031665975228e-05,
      4.857007927726954e-05,
      4.143851081840694e-05,
      4.172901853919029e-05,
      4.140913884853944e-05,
      3.852735629072413e-05,
      3.9735934289637956e-05,
      3.69097540830262e-05,
      3.558975288644433e-05,
      3.678740971721709e-05,
      3.531460704281926e-05,
      3.3180063309846444e-05,
      3.262257195310667e-05,
      3.193464931566268e-05,
      3.24604928959161e-05,
      3.145602108212188e-05,
      3.0063465086277575e-05,
      3.0011941546108574e-05,
      2.957069149473682e-05
    ],
    "eval_losses": [
      0.003385114608332515,
      0.0029875460148788987,
      0.0028428245726041497,
      0.0027862336811609566,
      0.0027131070487201214,
      0.0025790256773121655,
      0.002338312864350155,
      0.002369141808664426,
      0.0023002946364227683,
      0.002134348995704204,
      0.0020695474283769725,
      0.0021995431984309106,
      0.002177718810364604,
      0.002116601765155792,
      0.0021051562746521087,
      0.0020959229549160226,
      0.002065200064377859,
      0.0020271943748462946,
      0.0020057406411040576,
      0.0019858089158078657
    ],
    "psnr": [
      24.950796459960937,
      25.57609991760254,
      25.849633532714844,
      25.915340463256836,
      26.046148117065428,
      26.35160902709961,
      26.787985400390625,
      26.815352557373046,
      27.005879345703125,
      27.319357965087892,
      27.484789489746095,
      27.2742446105957,
      27.256651245117187,
      27.45478623046875,
      27.518755499267577,
      27.53877064819336,
      27.530527191162108,
      27.671449395751953,
      27.71170974121094,
      27.775466418457032
    ],
    "best_epoch": 100,
    "best_step": null,
    "best_eval_loss": 0.0019858089158078657
  },
  "test_results": {
    "test_loss": 0.0019078029947064352,
    "test_psnr": 30.172563092041017
  }
}