{
  "args": {
    "device": "cuda:6",
    "exp_home": "./results",
    "ds_name": "mnist",
    "mode": "denoising",
    "noise_std": 0.25,
    "down_scale": 2.0,
    "model_type": "conventional",
    "latent_dim": 784,
    "hidden_dims": [
      1150
    ],
    "wo_Win": false,
    "fix_Win": true,
    "I_Win": false,
    "batch_size": 128,
    "epochs": 100,
    "lr": 0.0005,
    "use_augmentation": false,
    "aug_num": 2,
    "run_id": 2,
    "seed": 42
  },
  "training_logs": {
    "train_losses": [
      0.02156952641963959,
      0.008090171309709548,
      0.006719301489442587,
      0.006222357224375009,
      0.005941751302778721,
      0.005735664945840836,
      0.005586408292502165,
      0.005474127457588911,
      0.00537448231741786,
      0.0053146051581203935,
      0.005225140666663647,
      0.0051630520728230475,
      0.005101378992944956,
      0.005078194866627455,
      0.005036414715200663,
      0.004982534522861242,
      0.004923851156681776,
      0.004910921411216259,
      0.004877813641726971,
      0.004839722043424845,
      0.004810052629262209,
      0.004776195553988219,
      0.0047810838961601255,
      0.004753859400749206,
      0.00471063158378005,
      0.004696312762498856,
      0.004664336288422346,
      0.004651482757329941,
      0.004624627861380577,
      0.004600954105854035,
      0.004585964809805155,
      0.004557326897382736,
      0.004540186461359262,
      0.004524020890742541,
      0.004524227980226278,
      0.0044799807296693325,
      0.004475298121124506,
      0.004468619986474514,
      0.004436624745279551,
      0.004432152438014746,
      0.004418426508009434,
      0.004404179762005806,
      0.0043970342122018335,
      0.0043666009967029094,
      0.004355428460389376,
      0.0043426640298962595,
      0.004337304497361183,
      0.00431151325315237,
      0.004307586866617203,
      0.004297257426977157,
      0.0042810414844751355,
      0.004271160158663988,
      0.004254700330048799,
      0.004251394264400006,
      0.004236490434110164,
      0.004230410093665123,
      0.00421150230512023,
      0.004195210917145014,
      0.004191388316452503,
      0.004182174585610628,
      0.004167573695033788,
      0.0041597572687268256,
      0.004149264686107636,
      0.0041315240061283115,
      0.00411908244997263,
      0.004112885091900826,
      0.00409581203147769,
      0.004096216590106487,
      0.00407551505818963,
      0.00407722557798028,
      0.004063239842802286,
      0.004060186733305454,
      0.004054655754864216,
      0.004024866009950638,
      0.0040218990370631215,
      0.004007453278601169,
      0.004005853784829378,
      0.003995023472607136,
      0.003990434766709804,
      0.003975761142671108,
      0.0039661000767350196,
      0.003957297214344144,
      0.003947346379905939,
      0.003933814996629954,
      0.003935503866821528,
      0.003919296365380287,
      0.003909151661992073,
      0.003902356125563383,
      0.0038977036762237547,
      0.003887795958071947,
      0.0038747848984599115,
      0.00386323532409966,
      0.003860498576015234,
      0.0038546759612113238,
      0.0038469869302213194,
      0.003833700138479471,
      0.00382766879349947,
      0.0038172157004475594,
      0.0038079218693077566,
      0.003807680950090289
    ],
    "eval_losses": [
      0.0055836742512881754,
      0.00512182948961854,
      0.004930489648878575,
      0.004772490169852972,
      0.0046333862625062465,
      0.00454144132360816,
      0.004481395158171654,
      0.004402823200821877,
      0.004344945320487023,
      0.004272512032836675,
      0.004233096101135016,
      0.004186788789182902,
      0.0041220969095826145,
      0.004090579198300839,
      0.004043972823023796,
      0.004007749731838703,
      0.003976723960787058,
      0.003943673403561115,
      0.003915362995862961,
      0.003890314722061157
    ],
    "psnr": [
      22.532926348876952,
      22.90819786376953,
      23.073631365966797,
      23.214255880737305,
      23.343144427490234,
      23.43017734375,
      23.488421054077147,
      23.565008166503905,
      23.62231907043457,
      23.694747338867188,
      23.735539807128905,
      23.783241708374025,
      23.85121728820801,
      23.88443023071289,
      23.934172296142577,
      23.97302875061035,
      24.007124557495118,
      24.043172372436523,
      24.07444188232422,
      24.102599865722656
    ],
    "ssim": [
      0.8788551300048828,
      0.8946014113426208,
      0.9200994623184204,
      0.9118874172210694,
      0.9250178408622741,
      0.9255786353111267,
      0.9289829096794129,
      0.9260512956619262,
      0.9295811491012573,
      0.9289903184890748,
      0.9342237981796264,
      0.9328673069000244,
      0.9374196387290955,
      0.9352368208885193,
      0.9377570951461792,
      0.939180384349823,
      0.9389820080757141,
      0.9381541778564453,
      0.9414237108230591,
      0.9406669155120849
    ],
    "best_epoch": 100,
    "best_step": null,
    "best_eval_loss": 0.003890314722061157
  },
  "test_results": {
    "test_loss": 0.0038699300441890957,
    "test_psnr": 24.13198800048828,
    "test_ssim": 0.9422037885665894
  }
}