{
  "args": {
    "device": "cuda:4",
    "exp_home": "./results",
    "ds_name": "imagenet32",
    "mode": "denoising",
    "noise_std": 0.25,
    "down_scale": 2.0,
    "model_type": "hourglass",
    "latent_dim": 3546,
    "hidden_dims": [
      270,
      270,
      270,
      270,
      270
    ],
    "wo_Win": false,
    "fix_Win": false,
    "I_Win": false,
    "batch_size": 512,
    "epochs": 4,
    "lr": 0.0005,
    "use_augmentation": true,
    "aug_num": 4,
    "run_id": 15,
    "seed": 42
  },
  "training_logs": {
    "train_losses": [
      0.012975471660494804,
      0.0087489499989897,
      0.008170631918124855,
      0.007957540816627444,
      0.007804617657326162,
      0.007734424167312682,
      0.007663978761062026,
      0.007579982948489487,
      0.007533622743561864,
      0.007549414882436395,
      0.007503983735106886,
      0.007457927812822163,
      0.007395271603018045,
      0.007371951097622514,
      0.007357086366973817,
      0.0073108046483248475,
      0.007298000074923038,
      0.0072845110036432745,
      0.007224437225610018,
      0.007217438489198685,
      0.007198072572238743,
      0.007131128282286227,
      0.007136887376196682,
      0.007108800514601171,
      0.007090008470229805,
      0.007026918244548142,
      0.007024876073934138,
      0.0069994977554306385,
      0.006978842306882143,
      0.0069507411839440465,
      0.00692315065767616,
      0.006906309732235968,
      0.006879695522598922,
      0.006869621638208628,
      0.006831704735755921,
      0.006812442664988339,
      0.00678869363758713,
      0.006781896792352199,
      0.006757612869143486,
      0.006736445962451399,
      0.00672554253321141,
      0.006699829015880823,
      0.006673660918138921,
      0.006661880551837385,
      0.006656330563127994,
      0.006629556762054563,
      0.006606037111952901,
      0.006583802855573594,
      0.006580387316644192,
      0.006553692013025284,
      0.0065469428263604645,
      0.006528180136345327,
      0.00650469789467752,
      0.006505375988781452,
      0.006478405245579779,
      0.006466446108184755,
      0.006452991921454668,
      0.006424440347589553,
      0.00640586335491389,
      0.0063951496602967384,
      0.006379168885760009,
      0.006358497745357454,
      0.006348156173713505,
      0.00633531311713159,
      0.006311895158141852,
      0.0062905458705499765,
      0.006287601361051201,
      0.0062736021084710955,
      0.006246055225841701,
      0.006232867481186986,
      0.006220387295819819,
      0.006203042604029179,
      0.006191507197916508,
      0.006169658522121608,
      0.006156403255648911,
      0.006140885061584413,
      0.006121077509596944,
      0.006111370573751628,
      0.006104429738596082,
      0.006089172108098864
    ],
    "eval_losses": [
      0.007662593985199928,
      0.00766594602316618,
      0.007306011952757836,
      0.007437671366631985,
      0.007001346376091242,
      0.006967568080872297,
      0.006819626300483942,
      0.006710696612596512,
      0.006637181955873967,
      0.0065661043360829355,
      0.006470899720937014,
      0.0063830755312740805,
      0.006287864613234996,
      0.006223448481112719,
      0.006140379043966531,
      0.006069993663877248
    ],
    "psnr": [
      21.158226674194335,
      21.15616124633789,
      21.36505389465332,
      21.287432011108397,
      21.550032341918946,
      21.571091054077147,
      21.66431231994629,
      21.734175494384765,
      21.782106580810545,
      21.82893818664551,
      21.89244568786621,
      21.951670880737304,
      22.01694878234863,
      22.061722321166993,
      22.12007137145996,
      22.17017050354004
    ],
    "ssim": [
      0.645361821269989,
      0.646681323223114,
      0.6555267744255066,
      0.6560370824432373,
      0.6632445595359803,
      0.6651485141944885,
      0.6688369226646423,
      0.673012255821228,
      0.6760505974388122,
      0.6779471609497071,
      0.6818914392662049,
      0.685261222114563,
      0.6882781251525879,
      0.6912639021110535,
      0.6943749854850769,
      0.6971639650535584
    ],
    "best_epoch": null,
    "best_step": 40000,
    "best_eval_loss": 0.006069993663877248
  },
  "test_results": {
    "test_loss": 0.006063969123959541,
    "test_psnr": 22.174927467041016,
    "test_ssim": 0.6973199754524231
  }
}