{
  "args": {
    "device": "cuda:9",
    "exp_home": "./results",
    "ds_name": "mnist",
    "mode": "generative_classification",
    "noise_std": 0.25,
    "down_scale": 2.0,
    "model_type": "conventional",
    "latent_dim": 784,
    "hidden_dims": [
      1150,
      1150,
      1150,
      1150
    ],
    "wo_Win": true,
    "fix_Win": false,
    "I_Win": false,
    "wo_Wout": true,
    "batch_size": 128,
    "epochs": 50,
    "lr": 0.0005,
    "use_augmentation": false,
    "aug_num": 2,
    "run_id": 3,
    "seed": 42
  },
  "training_logs": {
    "train_losses": [
      0.010547451598346233,
      0.004458371476233005,
      0.0033717089338600637,
      0.0028520167073607444,
      0.002394375252760947,
      0.0021204786236584186,
      0.0019112592075765133,
      0.001746864693649113,
      0.0015544683707505464,
      0.0013757477463409305,
      0.0013655874326080084,
      0.0012314201955031603,
      0.00105820287713781,
      0.001005215589106083,
      0.0009193707943335176,
      0.0009025215595960618,
      0.0008277129543945193,
      0.000657947574146092,
      0.000764325948106125,
      0.0006391389091312885,
      0.0005961381790414453,
      0.0005926108477823436,
      0.0004984779145382345,
      0.0005173159489966929,
      0.00048644812480546534,
      0.0004821229903958738,
      0.0004190412212070078,
      0.00037964857529848816,
      0.00032791757366620004,
      0.00028834082586690784,
      0.000282832729392685,
      0.0002742556141410023,
      0.00029591644134838136,
      0.00024209709228016437,
      0.00024110123242251574,
      0.0002409160663280636,
      0.00017908389928285033,
      0.00019775639226660133,
      0.0001752912667999044,
      0.00013645171790616586,
      0.00012525964251253755,
      0.00010990263032261282,
      0.00011577954378444701,
      0.00010503785209497436,
      9.291016312548891e-05,
      8.736909789498896e-05,
      8.320189953781665e-05,
      7.486701395828277e-05,
      6.794678274774924e-05,
      6.353882095892913e-05
    ],
    "eval_losses": [
      0.004173175409436226,
      0.0037823910052888097,
      0.0034471947262994947,
      0.0032191055259201675,
      0.003184850940410979,
      0.0031278403319069184,
      0.0030883447672473267,
      0.002789663838100387,
      0.0028591990624961907,
      0.0027767991892877035
    ],
    "psnr": [
      24.175466317749024,
      24.634644750976562,
      25.052840954589843,
      25.548638800048828,
      25.67687858276367,
      25.793802282714843,
      25.93026795654297,
      26.434390270996094,
      26.348363488769532,
      26.60871951293945
    ],
    "ssim": [
      0.9669132967948914,
      0.9725285791397095,
      0.9762588001251221,
      0.9771343675613403,
      0.9788162483215332,
      0.9798169273376465,
      0.9799101610183716,
      0.9819892723083496,
      0.9814990489959717,
      0.9821507081985473
    ],
    "best_epoch": 50,
    "best_step": null,
    "best_eval_loss": 0.0027767991892877035
  },
  "test_results": {
    "test_loss": 0.0027631299913628026,
    "test_psnr": 28.069114562988283,
    "test_ssim": 0.9826712819099426
  }
}