{
  "args": {
    "device": "cuda:6",
    "exp_home": "./results",
    "ds_name": "mnist",
    "mode": "denoising",
    "noise_std": 0.25,
    "down_scale": 2.0,
    "model_type": "conventional",
    "latent_dim": 784,
    "hidden_dims": [
      1150
    ],
    "wo_Win": true,
    "fix_Win": false,
    "I_Win": false,
    "batch_size": 128,
    "epochs": 100,
    "lr": 0.0001,
    "use_augmentation": false,
    "aug_num": 2,
    "run_id": 1,
    "seed": 42
  },
  "training_logs": {
    "train_losses": [
      0.04503933205842972,
      0.016879213489890098,
      0.011655001570284367,
      0.009479071734845638,
      0.008290369868278503,
      0.007510530687719583,
      0.006980993054658174,
      0.006603526268601417,
      0.006273988110721111,
      0.006056253275275231,
      0.005845197994709015,
      0.005683132734596729,
      0.005569583099931478,
      0.005442748031616211,
      0.005355005428791046,
      0.0052571024106442925,
      0.005181443429291248,
      0.005121253536194563,
      0.005054781467020512,
      0.004996590270400047,
      0.0049531317223608495,
      0.004904166333079338,
      0.004849540092945099,
      0.004818857088238001,
      0.004787252413928509,
      0.004759123616218567,
      0.0047241063864529136,
      0.004689127921313047,
      0.004669019833356142,
      0.004639514212310314,
      0.004614729305803776,
      0.004606948306113481,
      0.004573657196611166,
      0.004561602009534836,
      0.004535291459560394,
      0.004519022104889155,
      0.004507601529061794,
      0.004495748978555202,
      0.004464026405662298,
      0.0044506977179646495,
      0.004443824599087238,
      0.004425898777395487,
      0.004412126896381379,
      0.0044110098120570184,
      0.004398860891461373,
      0.0043870156891644,
      0.0043631151685118675,
      0.004359881393909454,
      0.00434965755969286,
      0.00434684809461236,
      0.004331861302703619,
      0.004322212946712971,
      0.004303247312754392,
      0.004301417476534844,
      0.004298110995739698,
      0.004287156617045403,
      0.004272125406563282,
      0.004266161756366491,
      0.004265015675425529,
      0.0042471169151365755,
      0.004253022334873676,
      0.004236610219925642,
      0.0042365003721415995,
      0.004229829230904579,
      0.004224618778824806,
      0.004229201454520225,
      0.004215075997710228,
      0.004196602757871151,
      0.004192733727097511,
      0.004202482719123364,
      0.0041895806731283665,
      0.0041942108698189255,
      0.004177212810665369,
      0.004176026667952537,
      0.004172775507569313,
      0.0041578874064981935,
      0.0041545924605429175,
      0.004158715518862009,
      0.0041500640299916266,
      0.004143209721446038,
      0.004151753786727786,
      0.004137149569839239,
      0.0041310235384106634,
      0.004123863412737847,
      0.0041208505211770535,
      0.004127968133538961,
      0.00412244976863265,
      0.00410427594602108,
      0.004119489642679691,
      0.0041093276727199556,
      0.00411529816403985,
      0.004104271499663591,
      0.004103190051466227,
      0.0040976743479073045,
      0.004093867313712835,
      0.004100191900581121,
      0.00409160772100091,
      0.004093679259866476,
      0.004086561667323112,
      0.004083507651686668
    ],
    "eval_losses": [
      0.00742336166203022,
      0.00562603430300951,
      0.005013547591120005,
      0.004742236699908971,
      0.0045672535702586175,
      0.004458782390505076,
      0.004353328801691532,
      0.004304943110793829,
      0.004240078084170818,
      0.004211416108906269,
      0.004176905754953623,
      0.004141047612577677,
      0.004129353068768978,
      0.004102183049917221,
      0.0040902412287890915,
      0.004081535711884498,
      0.004061037025600672,
      0.00405360086709261,
      0.004041091203689575,
      0.004035021276772023
    ],
    "psnr": [
      21.29688620300293,
      22.500843087768555,
      23.001465798950196,
      23.2423804107666,
      23.40560711669922,
      23.510414935302734,
      23.61433200073242,
      23.662290408325195,
      23.72835560913086,
      23.75828754272461,
      23.793421325683592,
      23.831020288085938,
      23.84341303100586,
      23.872000457763672,
      23.884721990966796,
      23.8935833404541,
      23.915841638183593,
      23.92378924255371,
      23.937294024658204,
      23.943205877685546
    ],
    "ssim": [
      0.8506161684036255,
      0.8741518167495728,
      0.886698128604889,
      0.8973169915199279,
      0.907859024143219,
      0.9019424293518067,
      0.9149701135635376,
      0.9104928835868835,
      0.9183816073417663,
      0.9177177774429321,
      0.9172103308677674,
      0.9209030561447143,
      0.9213602786064148,
      0.922350252532959,
      0.9226987655639648,
      0.9224536962509156,
      0.9216622905731201,
      0.9254443514823913,
      0.9259604891777039,
      0.9249847303390503
    ],
    "best_epoch": 100,
    "best_step": null,
    "best_eval_loss": 0.004035021276772023
  },
  "test_results": {
    "test_loss": 0.004017271459847689,
    "test_psnr": 23.969678311157228,
    "test_ssim": 0.9266362003326416
  }
}