{
  "args": {
    "device": "cuda:0",
    "exp_home": "./results",
    "ds_name": "mnist",
    "mode": "denoising",
    "noise_std": 0.25,
    "down_scale": 2.0,
    "model_type": "conventional",
    "latent_dim": 784,
    "hidden_dims": [
      785,
      785,
      785,
      785,
      785
    ],
    "wo_Win": true,
    "fix_Win": false,
    "I_Win": false,
    "wo_Wout": true,
    "batch_size": 128,
    "epochs": 30,
    "lr": 0.001,
    "use_augmentation": false,
    "aug_num": 2,
    "run_id": 3,
    "seed": 42
  },
  "training_logs": {
    "train_losses": [
      0.012623868615925312,
      0.007993881206214429,
      0.007189434185624123,
      0.006564003244638443,
      0.0060224738492071625,
      0.0056544203743338585,
      0.005425127581357956,
      0.0052860299962759014,
      0.005076743536740542,
      0.004963978320360184,
      0.0048812031763792035,
      0.004796301720887423,
      0.0047015062525868415,
      0.0046482735179364685,
      0.004571438956558704,
      0.004509949360042811,
      0.004442174606025219,
      0.004384443648457527,
      0.004325496237576008,
      0.004260924311280251,
      0.004204460446089506,
      0.0041597365362942215,
      0.00409610581934452,
      0.004052748221755028,
      0.00398848051443696,
      0.003936061973720789,
      0.0038802245780825617,
      0.003834366549178958,
      0.0037792537832260133,
      0.0037389311377704145
    ],
    "eval_losses": [
      0.005662404005974531,
      0.0048076887033879755,
      0.004453899607807398,
      0.004205408265441656,
      0.004003291389346123,
      0.00381839634552598
    ],
    "psnr": [
      22.472555056762694,
      23.18253295593262,
      23.51444822998047,
      23.76373926086426,
      23.977883660888672,
      24.183491622924805
    ],
    "ssim": [
      0.9191201372146607,
      0.933853793334961,
      0.9369587015151978,
      0.94167749710083,
      0.9458306861877441,
      0.95189359664917
    ],
    "best_epoch": 30,
    "best_step": null,
    "best_eval_loss": 0.00381839634552598
  },
  "test_results": {
    "test_loss": 0.0037942159354686735,
    "test_psnr": 24.217219635009766,
    "test_ssim": 0.9527515717506408
  }
}