{
  "args": {
    "device": "cuda:1",
    "exp_home": "./results",
    "ds_name": "mnist",
    "mode": "generative_classification",
    "noise_std": 0.25,
    "down_scale": 2.0,
    "model_type": "conventional",
    "latent_dim": 784,
    "hidden_dims": [
      1150,
      1150,
      1150,
      1150,
      1150,
      1150
    ],
    "wo_Win": false,
    "fix_Win": false,
    "I_Win": true,
    "batch_size": 128,
    "epochs": 200,
    "lr": 1e-05,
    "use_augmentation": true,
    "aug_num": 2,
    "run_id": 5,
    "seed": 42
  },
  "training_logs": {
    "train_losses": [
      0.041708349398374554,
      0.007284599127471447,
      0.004812546348497272,
      0.0036466749435663222,
      0.0028881990743428467,
      0.00235682422041893,
      0.00191885020211339,
      0.0015644283448904752,
      0.0013125293238461018,
      0.0011651463840529322,
      0.0009724759568087756,
      0.0008887193080037832,
      0.0007661598349362612,
      0.0007135197718068958,
      0.0006238374961726367,
      0.0006124800921417773,
      0.0005345058755483478,
      0.0005072887399606407,
      0.0004831264017429203,
      0.0004933353410009294,
      0.0004248178827436641,
      0.00040874408380128444,
      0.00038311624567955734,
      0.0003608781387424096,
      0.00035302183334715666,
      0.0003547070634830743,
      0.0003458679873403162,
      0.00030968551069498064,
      0.0003193099914304912,
      0.0002770153078250587,
      0.00026214969070628285,
      0.00029477136697154494,
      0.0002407994443550706,
      0.00024403101822827013,
      0.00024939397599548104,
      0.00023917731204302982,
      0.00024250897797290237,
      0.00022055295078083872,
      0.0002152410203916952,
      0.00023499453565571456,
      0.0002065639727935195,
      0.00019206713611260058,
      0.00020578131727408617,
      0.00018374197468627244,
      0.00018666661919094623,
      0.0002204183612205088,
      0.00018309302791720257,
      0.0001799540872545913,
      0.00015766224012244494,
      0.00017395561380777509,
      0.00017263973258668558,
      0.00013886112936772405,
      0.00013640916334465146,
      0.0001730745667871088,
      0.00015518660492030905,
      0.000162778081438737,
      0.00013848382669966669,
      0.0001501976964995265,
      0.00013018105459865182,
      0.00012953080699779093,
      0.00012452691663056612,
      0.0001503247544169426,
      0.00013670436017215252,
      0.00012074394070077687,
      0.0001117220727831591,
      0.00011528485672548414,
      0.00011403550618793815,
      0.00015485031629446894,
      0.00013469333588145673,
      0.00012372350877616555,
      0.00010404614136903547,
      0.0001059827241115272,
      0.00011286724763922393,
      0.00011999160405481234,
      0.00010722885075490921,
      0.00010800073196180164,
      9.612335367593914e-05,
      0.00010404281836235896,
      8.507525472901762e-05,
      0.00012617077043280004,
      7.38353002432268e-05,
      9.10154022788629e-05,
      0.00010684095223899931,
      8.523802752606571e-05,
      9.563117631711066e-05,
      7.689254156779499e-05,
      8.391723714070394e-05,
      9.076559730106965e-05,
      7.674655798822641e-05,
      7.497513306327164e-05,
      8.385916902218013e-05,
      8.183488391689025e-05,
      7.899719030363485e-05,
      8.057974915252998e-05,
      8.653091744985431e-05,
      7.255666428245604e-05,
      6.794397859252059e-05,
      5.557419623015449e-05,
      7.275486626429484e-05,
      7.289900410920382e-05,
      7.516672416590154e-05,
      7.528064441168681e-05,
      6.566288123140112e-05,
      5.898620244930498e-05,
      5.673860468436033e-05,
      7.463182803010567e-05,
      5.898483591736294e-05,
      5.9129452886991204e-05,
      6.534537843428553e-05,
      5.5560021183919165e-05,
      5.8555818480672314e-05,
      5.5545877350959926e-05,
      5.356588831637055e-05,
      6.0265976623632015e-05,
      5.375172364874743e-05,
      5.562745332485065e-05,
      5.039119461784139e-05,
      5.2118227670434864e-05,
      5.931785116670653e-05,
      4.437960367649793e-05,
      3.965256489347667e-05,
      4.586682334309444e-05,
      4.8069461787817997e-05,
      4.736083621159196e-05,
      5.147615387686528e-05,
      4.62195160635747e-05,
      4.377147481660359e-05,
      3.549736958462745e-05,
      4.587262309622019e-05,
      4.535622055409476e-05,
      4.1301807070849465e-05,
      3.767081557773054e-05,
      4.1061187167651954e-05,
      3.6949371309019625e-05,
      4.2804042883217335e-05,
      3.4267331568989904e-05,
      3.4993914426886474e-05,
      3.7487345912959425e-05,
      5.095587357413024e-05,
      3.428451385581866e-05,
      3.198201382649131e-05,
      3.559352900600061e-05,
      3.830433636903763e-05,
      3.2491979211336004e-05,
      2.9405739845242352e-05,
      3.499180678045377e-05,
      3.339254897204228e-05,
      3.167288823984563e-05,
      3.5810522021492945e-05,
      3.944325093529187e-05,
      3.7462180594448e-05,
      2.5887443002429792e-05,
      2.9645805489853956e-05,
      2.8273794857086612e-05,
      2.597560582216829e-05,
      2.6144070433219894e-05,
      2.9685627990402282e-05,
      2.764874247019179e-05,
      2.6289306121179832e-05,
      2.7127886321395637e-05,
      2.842282689874992e-05,
      2.5536555172875524e-05,
      2.429565935570281e-05,
      2.642307297559455e-05,
      2.718745291000232e-05,
      2.737312825222034e-05,
      2.386183264083229e-05,
      2.4213191519957035e-05,
      2.301627906737849e-05,
      2.762173110502772e-05,
      2.113129828532692e-05,
      2.0873454937245697e-05,
      2.190448033332359e-05,
      2.23214215261396e-05,
      2.1293359274277464e-05,
      1.9824926720466464e-05,
      2.057383691542782e-05,
      2.2863517380319537e-05,
      2.007659881899599e-05,
      2.0025617929641157e-05,
      1.9553866070928052e-05,
      1.9637836136389525e-05,
      2.1518625783501193e-05,
      2.076063173764851e-05,
      1.889552825130522e-05,
      2.0994098824448885e-05,
      1.9069777225377038e-05,
      1.9259108235128223e-05,
      1.9282762047369034e-05,
      1.830852086772211e-05,
      1.8756115323049017e-05,
      1.8450226807035505e-05,
      1.8236025790683926e-05,
      1.8534505543648267e-05,
      1.875359480152838e-05,
      1.799279819475487e-05,
      1.8308781736996023e-05,
      1.799298541038297e-05,
      1.846131130470894e-05,
      1.8594208899885415e-05
    ],
    "eval_losses": [
      0.005104107251018286,
      0.004008701418340206,
      0.0036746623400598765,
      0.0033768020302057267,
      0.0030492821738123893,
      0.002888652864843607,
      0.0027639987360686064,
      0.0026522661454975605,
      0.002520734180836007,
      0.002764858383499086,
      0.0025157312241441106,
      0.0026689280479680745,
      0.0025266333798877895,
      0.002260570694389753,
      0.002502911979914643,
      0.0025076909047202205,
      0.0024074405374121853,
      0.002393771210545674,
      0.002278662074246677,
      0.0023403275348304305,
      0.002381002603640081,
      0.002281394171889406,
      0.0023300617548287846,
      0.00218921129789087,
      0.0022510179115633948,
      0.0022623386193998157,
      0.0022034830387914553,
      0.002149586132494733,
      0.002087167034554295,
      0.002217627606424503,
      0.0021603055556654,
      0.002095897876727395,
      0.0021095011885103303,
      0.0020302644005743787,
      0.0020844566583342384,
      0.0019994294136413374,
      0.0019941928525222465,
      0.00197528437388828,
      0.0019638419523922493,
      0.0019457515428657644
    ],