{
  "args": {
    "device": "cuda:0",
    "exp_home": "./results",
    "ds_name": "mnist",
    "mode": "generative_classification",
    "noise_std": 0.25,
    "down_scale": 2.0,
    "model_type": "conventional",
    "latent_dim": 784,
    "hidden_dims": [
      1150,
      1150,
      1150,
      1150,
      1150,
      1150
    ],
    "wo_Win": false,
    "fix_Win": false,
    "I_Win": false,
    "batch_size": 128,
    "epochs": 100,
    "lr": 0.001,
    "use_augmentation": false,
    "aug_num": 2,
    "run_id": 1,
    "seed": 42
  },
  "training_logs": {
    "train_losses": [
      0.01611341926664114,
      0.008398764709234237,
      0.007616228927373886,
      0.0077629371699690815,
      0.007012727684080601,
      0.005666616842597723,
      0.004644492181539535,
      0.004356639238595962,
      0.0037906016555428507,
      0.0035700801376253367,
      0.0038388931527733802,
      0.003968985437229276,
      0.0030567094536870718,
      0.003243031695112586,
      0.004924530985653401,
      0.00412793763525784,
      0.002865907300412655,
      0.0024824112102389334,
      0.002258563809543848,
      0.002310976516902447,
      0.0035260555286705493,
      0.003243230142444372,
      0.0033419717989861967,
      0.0022037730012834074,
      0.0021242008647322655,
      0.002324764045961201,
      0.001949398495145142,
      0.0018980674346350133,
      0.0015787237119674682,
      0.0017806614637374879,
      0.0024919835779070856,
      0.0017388599015772342,
      0.001925385336689651,
      0.0016335115580260755,
      0.0014955380371958018,
      0.0029152166502922775,
      0.0020392005391791463,
      0.0015005237696319818,
      0.0011568982215598225,
      0.001337244741395116,
      0.0015314787581562996,
      0.001224382597450167,
      0.001133186613023281,
      0.0010436339210346342,
      0.0012935647291317583,
      0.0014339703609794379,
      0.0016230319619178772,
      0.001042033056728542,
      0.0008219103583879769,
      0.0012630594663135708,
      0.0009363637117668986,
      0.0010041139030084014,
      0.0008410995382815599,
      0.0011011776608973742,
      0.0009935181910544634,
      0.0007234453116729856,
      0.0007990550872217863,
      0.0007577823438309133,
      0.0007361787963658571,
      0.0006998700210824609,
      0.0006290395307913423,
      0.0008122644809260964,
      0.0009338792708516121,
      0.0006305736576486379,
      0.0005714578043017536,
      0.0005000529938191176,
      0.0005951614586450159,
      0.000668817416774109,
      0.000513216526415199,
      0.00048582471801899375,
      0.0006470853563770652,
      0.0005607438463531434,
      0.0005319354917295277,
      0.00047055147029459476,
      0.0004178924605622888,
      0.0003488265715818852,
      0.00046396174935624,
      0.0003681331953685731,
      0.00030504192606545987,
      0.0003755928792152554,
      0.000414766628658399,
      0.00031531011138111355,
      0.0003221014096587896,
      0.0002885176803544164,
      0.0002932325744535774,
      0.00023854954361915588,
      0.0002511506050080061,
      0.00024123612799681723,
      0.00024091790778562426,
      0.00024304694461636244,
      0.0003230729638878256,
      0.00023692657536361367,
      0.00020805918847210706,
      0.00019729856994003058,
      0.00020170790600124747,
      0.00019202827186789363,
      0.00018252997156232597,
      0.00017381597923580558,
      0.00017155598753597587,
      0.00017351615538820623
    ],
    "eval_losses": [
      0.007285584646463394,
      0.00457852110080421,
      0.005645509495586157,
      0.0036364564063027503,
      0.003595254014991224,
      0.0041310567466542126,
      0.003455426337569952,
      0.003816130170598626,
      0.002808505947329104,
      0.002791458860039711,
      0.0027832005383446813,
      0.0024216320618987083,
      0.00247112537547946,
      0.0024017623818013817,
      0.0022522337834350765,
      0.002275576352747157,
      0.0020505396731197835,
      0.002273686576448381,
      0.0019654571453575046,
      0.0019841436526970937
    ],
    "psnr": [
      21.484529260253908,
      23.588862145996092,
      22.68814543762207,
      24.73689934387207,
      24.786754077148437,
      24.150541360473632,
      25.045581173706054,
      24.445771920776366,
      26.06895549316406,
      26.09284317932129,
      26.118682369995117,
      26.931590924072264,
      26.941632330322264,
      27.138528936767578,
      27.300094897460937,
      27.306116052246093,
      27.84010686035156,
      27.022442849731444,
      28.126208026123045,
      28.158346655273437
    ],
    "best_epoch": 95,
    "best_step": null,
    "best_eval_loss": 0.0019654571453575046
  },
  "test_results": {
    "test_loss": 0.0019875558740925043,
    "test_psnr": 29.872400384521484
  }
}