{
  "args": {
    "device": "cuda:6",
    "exp_home": "./results",
    "ds_name": "mnist",
    "mode": "denoising",
    "noise_std": 0.25,
    "down_scale": 2.0,
    "model_type": "conventional",
    "latent_dim": 784,
    "hidden_dims": [
      1150,
      1150,
      1150,
      1150,
      1150,
      1150,
      1150,
      1150,
      1150,
      1150,
      1150,
      1150,
      1150,
      1150,
      1150,
      1150,
      1150,
      1150,
      1150,
      1150,
      1150,
      1150,
      1150,
      1150,
      1150
    ],
    "wo_Win": true,
    "fix_Win": false,
    "I_Win": false,
    "batch_size": 128,
    "epochs": 100,
    "lr": 0.0005,
    "use_augmentation": true,
    "aug_num": 2,
    "run_id": 1,
    "seed": 42
  },
  "training_logs": {
    "train_losses": [
      0.020241383348107336,
      0.013112344818115235,
      0.011457895019352436,
      0.00930388358950615,
      0.009522795933187007,
      0.008856279094219207,
      0.010018962383568288,
      0.009101531096696853,
      0.009035706836283207,
      0.008022300234735012,
      0.007419422833621502,
      0.008656464560925961,
      0.007607162885069847,
      0.007430660356879234,
      0.007660998614728451,
      0.007156528909802437,
      0.007842580009400845,
      0.007434194892048836,
      0.007645269360840321,
      0.0075009534233808515,
      0.0074389952874183655,
      0.006604088383018971,
      0.006861116773188114,
      0.007071779737770558,
      0.007900427738130093,
      0.006684199589937925,
      0.006459343601167202,
      0.006924781206250191,
      0.006358874807357788,
      0.006764523675441742,
      0.006448088654279709,
      0.007478464520573616,
      0.007051760740876198,
      0.006787602824568749,
      0.006271648040115833,
      0.006544613384604454,
      0.006537560407519341,
      0.006421192046999931,
      0.006034286541640758,
      0.006202338548004627,
      0.006153690061867237,
      0.006019253580570221,
      0.006701555669903755,
      0.006397466230988503,
      0.006517510176599026,
      0.006468462407886982,
      0.005812908488512039,
      0.0055842463701963425,
      0.006687641252577305,
      0.0067585701739788055,
      0.0062699278974533085,
      0.006043644844889641,
      0.005878462606966495,
      0.0064157507365942,
      0.00581665406525135,
      0.005592023606300354,
      0.005899063451886177,
      0.0055289087127149104,
      0.00531261169731617,
      0.005300143874287605,
      0.005205037708431482,
      0.0058259136939048765,
      0.005422901634424925,
      0.0051412901270389555,
      0.005481834608018398,
      0.004954422336369753,
      0.0048914472030103205,
      0.005189711769372224,
      0.004967041306197643,
      0.004816930597573519,
      0.004766278931349516,
      0.0048395181033015254,
      0.004841816753298044,
      0.004786024635732174,
      0.004784736335277557,
      0.004620159058570862,
      0.004571300246715546,
      0.004543926986753941,
      0.00448894553810358,
      0.004469180686175823,
      0.004454475001692772,
      0.004453822342008353,
      0.004422073083519935,
      0.004376661853045225,
      0.004349869421869516,
      0.0043158935432136055,
      0.004297014675438404,
      0.0042636331440508365,
      0.00428643214866519,
      0.004212671623528004,
      0.004170803256928921,
      0.004144187753498554,
      0.00412319916665554,
      0.004094489684998989,
      0.004085385681241751,
      0.004051507579833269,
      0.004046618734747171,
      0.004025666763335467,
      0.003995531460344791,
      0.003979116429686546
    ],
    "eval_losses": [
      0.009797271373867988,
      0.006208585468679666,
      0.005860778940469027,
      0.005569379094243049,
      0.0061105505406856536,
      0.006316881086677313,
      0.005253059214353561,
      0.005295957556366921,
      0.0055630903773009775,
      0.005407324796169996,
      0.005033300068974495,
      0.0046345626205205916,
      0.0049649579256772994,
      0.00469256395176053,
      0.004633206460624933,
      0.004476044687628746,
      0.0043039582967758176,
      0.00440075166374445,
      0.004185329927504063,
      0.004020063182711601
    ],
    "psnr": [
      20.11492815551758,
      22.074986349487304,
      22.325065322875975,
      22.544137057495117,
      22.143640618896484,
      22.058486709594728,
      22.801120913696288,
      22.765915631103514,
      22.55971340942383,
      22.675188104248047,
      22.986613623046875,
      23.34376641845703,
      23.051428747558592,
      23.294868072509765,
      23.35153912963867,
      23.500529049682616,
      23.668844622802734,
      23.577582229614258,
      23.79006771850586,
      23.963655288696287
    ],
    "ssim": [
      0.8438461019515991,
      0.9133495481491088,
      0.9191668392181397,
      0.9220416198730469,
      0.9193053771972656,
      0.9231669528961182,
      0.9278119134902955,
      0.9329021028518677,
      0.9277671751022338,
      0.9306922373771668,
      0.9336499122619629,
      0.9345513463020325,
      0.9321346473693848,
      0.9354212255477905,
      0.9386237649917603,
      0.9387731872558593,
      0.9416112419128418,
      0.942000528717041,
      0.9441696374893188,
      0.9459404305458069
    ],
    "best_epoch": 100,
    "best_step": null,
    "best_eval_loss": 0.004020063182711601
  },
  "test_results": {
    "test_loss": 0.004018395469710231,
    "test_psnr": 23.9758326171875,
    "test_ssim": 0.9467958059310914
  }
}