{
  "args": {
    "device": "cuda:9",
    "exp_home": "./results",
    "ds_name": "mnist",
    "mode": "generative_classification",
    "noise_std": 0.25,
    "down_scale": 2.0,
    "model_type": "conventional",
    "latent_dim": 784,
    "hidden_dims": [
      1470,
      1470,
      1470,
      1470
    ],
    "wo_Win": true,
    "fix_Win": false,
    "I_Win": false,
    "wo_Wout": true,
    "batch_size": 128,
    "epochs": 50,
    "lr": 0.0005,
    "use_augmentation": false,
    "aug_num": 2,
    "run_id": 2,
    "seed": 42
  },
  "training_logs": {
    "train_losses": [
      0.010437716659605504,
      0.00452117345713079,
      0.0035976172010600566,
      0.0029936540341377257,
      0.0024289573489129543,
      0.0021915614726394413,
      0.00197484289072454,
      0.0018309167994186282,
      0.0016993641508556902,
      0.0013855169408023358,
      0.0013305943149328231,
      0.0011346468445658684,
      0.0011484985756501555,
      0.0010799871031567454,
      0.000927144857570529,
      0.0008243225848674774,
      0.0007948322646226734,
      0.0007203388029616326,
      0.0007896489586681128,
      0.000616074054222554,
      0.0006195832591503859,
      0.0005413370216637849,
      0.0006014030277915298,
      0.0005574574676528573,
      0.0005357946013566107,
      0.0003885985417710617,
      0.0003715187341719866,
      0.0004180613039759919,
      0.00035160157756879926,
      0.0003207383293099701,
      0.0003494787330692634,
      0.00028102722915355116,
      0.00025676435442175717,
      0.0002555339136905968,
      0.0002331336722546257,
      0.00018973989930935205,
      0.00018628672664053737,
      0.00014843512608204038,
      0.00015262566359480843,
      0.00013456334197428077,
      0.00013905173715436832,
      0.00013173431039089338,
      0.00010584589391481131,
      0.00011083825645036996,
      9.437858504708856e-05,
      8.725700832903386e-05,
      7.643009653314949e-05,
      6.899640980642289e-05,
      6.571702155517414e-05,
      5.82361856137868e-05
    ],
    "eval_losses": [
      0.004173680578172207,
      0.003893293803744018,
      0.0036972444377839564,
      0.003115784598328173,
      0.003129329650197178,
      0.0033216466024518013,
      0.0030275582027155905,
      0.0029345289781456813,
      0.002842968808929436,
      0.0025568273886688985
    ],
    "psnr": [
      24.126619024658204,
      24.551861068725586,
      24.76262030944824,
      25.713061630249022,
      25.668686834716798,
      25.549008221435546,
      25.96178356933594,
      26.344862908935546,
      26.208596850585938,
      26.789697540283203
    ],
    "ssim": [
      0.965443956375122,
      0.9723586654663086,
      0.9748471593856811,
      0.9791659763336181,
      0.979635101890564,
      0.9786153358459473,
      0.9811021862030029,
      0.9817237136840821,
      0.9817246579170227,
      0.9835699147224426
    ],
    "best_epoch": 50,
    "best_step": null,
    "best_eval_loss": 0.0025568273886688985
  },
  "test_results": {
    "test_loss": 0.0026655093659996056,
    "test_psnr": 28.707620251464842,
    "test_ssim": 0.9831321118354798
  }
}