{
  "args": {
    "device": "cuda:0",
    "exp_home": "./results",
    "ds_name": "mnist",
    "mode": "denoising",
    "noise_std": 0.25,
    "down_scale": 2.0,
    "model_type": "conventional",
    "latent_dim": 784,
    "hidden_dims": [
      2870,
      2870,
      2870,
      2870
    ],
    "wo_Win": true,
    "fix_Win": false,
    "I_Win": false,
    "wo_Wout": true,
    "batch_size": 128,
    "epochs": 30,
    "lr": 0.001,
    "use_augmentation": false,
    "aug_num": 2,
    "run_id": 1,
    "seed": 42
  },
  "training_logs": {
    "train_losses": [
      0.01918137149631977,
      0.014721888445019721,
      0.013319403151273727,
      0.012500320398509502,
      0.01137675555318594,
      0.01054254199564457,
      0.009580572474598885,
      0.008147066818475723,
      0.0067936038666963575,
      0.005984055780768395,
      0.00554510374546051,
      0.005309300161451101,
      0.005123153303265572,
      0.00499660580009222,
      0.004891430677324534,
      0.004773213489949703,
      0.004680433144569397,
      0.004620861063450575,
      0.004513947583734989,
      0.004418993053585291,
      0.004372351411283016,
      0.004279863031357527,
      0.004211644437462091,
      0.004145762657672167,
      0.004076891393065453,
      0.0039757554872334,
      0.003919284862801433,
      0.0038544338281452655,
      0.0038025790522247553,
      0.0037512769164144994
    ],
    "eval_losses": [
      0.010720761378109456,
      0.005513225599378347,
      0.004702952839434147,
      0.004429311619699001,
      0.0040414102770388125,
      0.0037889204047620298
    ],
    "psnr": [
      19.706540985107424,
      22.588429415893554,
      23.278464196777342,
      23.53842972717285,
      23.936495849609376,
      24.217168646240236
    ],
    "ssim": [
      0.895743266582489,
      0.9344378457069397,
      0.9415665155410766,
      0.9417940583229065,
      0.9466845436096192,
      0.9480193712234497
    ],
    "best_epoch": 30,
    "best_step": null,
    "best_eval_loss": 0.0037889204047620298
  },
  "test_results": {
    "test_loss": 0.0037918257918208836,
    "test_psnr": 24.219528875732422,
    "test_ssim": 0.9488083263397217
  }
}