{
  "args": {
    "device": "cuda:1",
    "exp_home": "./results",
    "ds_name": "mnist",
    "mode": "generative_classification",
    "noise_std": 0.25,
    "down_scale": 2.0,
    "model_type": "conventional",
    "latent_dim": 784,
    "hidden_dims": [
      1150
    ],
    "wo_Win": false,
    "fix_Win": true,
    "I_Win": false,
    "batch_size": 128,
    "epochs": 100,
    "lr": 0.0005,
    "use_augmentation": false,
    "aug_num": 2,
    "run_id": 1,
    "seed": 42
  },
  "training_logs": {
    "train_losses": [
      0.01883318483889103,
      0.007221210909485817,
      0.005760209255963564,
      0.005018612961322069,
      0.004470954497307539,
      0.00408421079531312,
      0.0037661259238421915,
      0.0034517533829808234,
      0.0031999641141295435,
      0.0029986523132026197,
      0.002773502353951335,
      0.002633023326545954,
      0.0025371064615249636,
      0.0023552755048125984,
      0.0022714898516237735,
      0.0021175653094798325,
      0.002059222942814231,
      0.001974174397289753,
      0.0018903942261263727,
      0.0018804791887849569,
      0.0017672293427214026,
      0.0017439472136646509,
      0.001695676830559969,
      0.0015989327255263924,
      0.0015798913100361824,
      0.0015686636885628104,
      0.001493807254433632,
      0.0014872145200893283,
      0.0014226982541009783,
      0.0014108585483953357,
      0.001363118195310235,
      0.0013365296351909638,
      0.0012956029032170772,
      0.0012778195007145405,
      0.0012643165058642625,
      0.0012225019895657897,
      0.0012049733014032245,
      0.001178454593680799,
      0.001170443514212966,
      0.0011422133119404316,
      0.0011279892833903431,
      0.0011051878875866531,
      0.0010908204601332546,
      0.001070215134397149,
      0.0010582851249724627,
      0.0010384716012701392,
      0.0010035245506837963,
      0.0010034615678712726,
      0.000977617290765047,
      0.0009794235718250275,
      0.0009484400450438261,
      0.000938737112134695,
      0.0009270273078605532,
      0.0009169462056457996,
      0.0009000500475987792,
      0.0008862223449349403,
      0.0008759890069812537,
      0.0008709745554998517,
      0.0008467546779848635,
      0.000844003670886159,
      0.0008292370904609561,
      0.0008201877533644437,
      0.0008191913496330381,
      0.0007952373420819641,
      0.0007892871717177332,
      0.0007845852747932077,
      0.0007705160665884614,
      0.0007633999379537999,
      0.0007424682883545756,
      0.0007413135713711381,
      0.0007298189408890903,
      0.0007298091310821474,
      0.0007191142630390822,
      0.0007022221004590392,
      0.000689073580969125,
      0.0006888921198062598,
      0.0006817734872736037,
      0.0006656930564902723,
      0.000663255151361227,
      0.0006553779944963753,
      0.0006490167474932968,
      0.0006340131615102291,
      0.0006380399813130498,
      0.0006222515484504402,
      0.0006122751906327903,
      0.0006140792306885124,
      0.0006034145622514189,
      0.0005947790973074734,
      0.0005830691613629461,
      0.0005862214255146683,
      0.0005726652497053147,
      0.0005676626592874527,
      0.000557567304931581,
      0.0005531172755360603,
      0.0005402707453630865,
      0.000542796373218298,
      0.0005351234849356115,
      0.0005342029112577439,
      0.000520494064539671,
      0.0005185915988497436
    ],
    "eval_losses": [
      0.0057314902655780315,
      0.005075839833170176,
      0.004479009567946195,
      0.004298047108948231,
      0.004206307121366263,
      0.003956730663031339,
      0.003855189761519432,
      0.003801882690936327,
      0.0037925282970070837,
      0.003773747395724058,
      0.0037009606577456,
      0.0036874525047838687,
      0.0036650659762322902,
      0.0036496692746877672,
      0.0036579046301543714,
      0.0036386971041560173,
      0.00363168211132288,
      0.0036198596663773058,
      0.0036226859517395496,
      0.0036301492303609847
    ],
    "psnr": [
      22.502542776489257,
      23.04045096435547,
      23.60106801147461,
      23.783492233276366,
      23.875070126342774,
      24.1716737487793,
      24.279755535888672,
      24.340612994384767,
      24.353021066284178,
      24.376276419067384,
      24.466067233276366,
      24.48060200805664,
      24.515175930786132,
      24.53277055358887,
      24.523197625732422,
      24.547244467163086,
      24.55833957824707,
      24.57240368347168,
      24.567696719360352,
      24.55837189025879
    ],
    "best_epoch": 90,
    "best_step": null,
    "best_eval_loss": 0.0036198596663773058
  },
  "test_results": {
    "test_loss": 0.0036530408168211578,
    "test_psnr": 24.983156790161132
  }
}