{
  "args": {
    "device": "cuda:1",
    "exp_home": "./results",
    "ds_name": "mnist",
    "mode": "generative_classification",
    "noise_std": 0.25,
    "down_scale": 2.0,
    "model_type": "conventional",
    "latent_dim": 784,
    "hidden_dims": [
      1150
    ],
    "wo_Win": true,
    "fix_Win": false,
    "I_Win": false,
    "batch_size": 128,
    "epochs": 100,
    "lr": 0.0005,
    "use_augmentation": false,
    "aug_num": 2,
    "run_id": 3,
    "seed": 42
  },
  "training_logs": {
    "train_losses": [
      0.019106970214545726,
      0.007190060462355614,
      0.005664516343921423,
      0.004818856209069491,
      0.004255741714835167,
      0.003845842040926218,
      0.0035025621892511845,
      0.003220789976865053,
      0.002988617028295994,
      0.002747352263107896,
      0.002623900783136487,
      0.00244483227789402,
      0.0023378081741929056,
      0.0021903745966404676,
      0.002111848851889372,
      0.001983586898371577,
      0.0019236710917204618,
      0.0018576289970427752,
      0.0017799121212214231,
      0.0017244399485737084,
      0.0016834307407215237,
      0.0016269625911861658,
      0.0015435237278044224,
      0.0015177467849105597,
      0.0014964823967590927,
      0.0014460264902189375,
      0.0014151732654497028,
      0.0013972514177113772,
      0.0013622315648570656,
      0.0013154259563982486,
      0.0012987337488681078,
      0.0012553543838486076,
      0.0012407657777145505,
      0.0012100579970702528,
      0.0011908314392715693,
      0.0011839718881621957,
      0.0011341614075377584,
      0.0011297338496893644,
      0.0011090241334587336,
      0.0010920678831636906,
      0.001056552192568779,
      0.0010447560750320554,
      0.001032064465843141,
      0.001022082922719419,
      0.0009912455040216445,
      0.0009840769918635487,
      0.0009697753589972853,
      0.0009720808811113238,
      0.0009355667084455491,
      0.0009239877668395639,
      0.000920705779902637,
      0.0008957651796936989,
      0.0008813102618977427,
      0.0008727422035485507,
      0.0008713110690750182,
      0.0008477933252975345,
      0.0008427761263772846,
      0.0008404715414159,
      0.0008160157527588308,
      0.0007986486705765128,
      0.0007946761082299054,
      0.0007847460184991359,
      0.0007799667566083372,
      0.0007658553854934871,
      0.0007558336612023413,
      0.0007298800703696907,
      0.000743227841258049,
      0.0007216525646485388,
      0.0007120893461816012,
      0.0007179912221245468,
      0.0007002685466781258,
      0.0006925731229223311,
      0.0006812911086529494,
      0.00067339200604707,
      0.0006615798179619015,
      0.0006618182341754437,
      0.0006520187032409013,
      0.0006374114445596934,
      0.0006349210719391703,
      0.0006287028689682483,
      0.000615103909522295,
      0.0006159704767726362,
      0.000602986475378275,
      0.0006007520090788602,
      0.0005935385141894222,
      0.0005872841020394116,
      0.0005755539617687464,
      0.0005735259624384344,
      0.0005582513363100589,
      0.0005606234009377658,
      0.0005481899818219245,
      0.0005424623553827404,
      0.0005411234089173376,
      0.0005325374465435743,
      0.0005256074955873191,
      0.0005255804492719471,
      0.0005185584258288145,
      0.0005110432968102396,
      0.0005089139579422772,
      0.0005019662862271071
    ],
    "eval_losses": [
      0.0061650867566466335,
      0.005987842298299074,
      0.005246353198587895,
      0.00521975010111928,
      0.00524257428124547,
      0.005031541602313518,
      0.005040587261319161,
      0.004792598609626293,
      0.004797626226395369,
      0.004743364576250315,
      0.0046078712575137615,
      0.004957893081009388,
      0.0043490988813340665,
      0.00459194522574544,
      0.004662925443798304,
      0.004554449956864119,
      0.0045074981719255445,
      0.004564692850410938,
      0.004567394036054611,
      0.004483348344266415
    ],
    "psnr": [
      22.21856213684082,
      22.358588958740235,
      22.938591262817383,
      22.972757427978514,
      22.93571476135254,
      23.116116830444337,
      23.133518881225587,
      23.360121661376954,
      23.355951843261717,
      23.39942216491699,
      23.528388650512696,
      23.20371290283203,
      23.790325170898438,
      23.5558779296875,
      23.489756085205077,
      23.57145471191406,
      23.646519104003907,
      23.59876909484863,
      23.611753396606446,
      23.66273737487793
    ],
    "best_epoch": 65,
    "best_step": null,
    "best_eval_loss": 0.0043490988813340665
  },
  "test_results": {
    "test_loss": 0.0043742314899340275,
    "test_psnr": 24.178533489990233
  }
}