{
  "args": {
    "device": "cuda:9",
    "exp_home": "./results",
    "ds_name": "mnist",
    "mode": "generative_classification",
    "noise_std": 0.25,
    "down_scale": 2.0,
    "model_type": "conventional",
    "latent_dim": 784,
    "hidden_dims": [
      1150,
      1150,
      1150,
      1150,
      1150,
      1150
    ],
    "wo_Win": false,
    "fix_Win": false,
    "I_Win": false,
    "batch_size": 128,
    "epochs": 200,
    "lr": 0.0005,
    "use_augmentation": true,
    "aug_num": 4,
    "run_id": 5,
    "seed": 42
  },
  "training_logs": {
    "train_losses": [
      0.012778533004671334,
      0.007310354182124138,
      0.006048000413104892,
      0.005260612677708268,
      0.004745248597338795,
      0.004111911083683371,
      0.003735087426006794,
      0.0033399962090700864,
      0.0030496940953284504,
      0.002813051598072052,
      0.002618564630448818,
      0.002454426827766001,
      0.00238213699279353,
      0.0021440746236592533,
      0.002027745955735445,
      0.0019460078810714185,
      0.0018547992109879852,
      0.0017904567700996995,
      0.0016978243194706738,
      0.0017009941092692316,
      0.001551096630822867,
      0.0015136705218628049,
      0.0014820589066669345,
      0.001404579841196537,
      0.0013670350394397973,
      0.0013017749828845263,
      0.00133160369861871,
      0.0013039556222967804,
      0.0012127486979961394,
      0.0012010731139220298,
      0.0011785175846889615,
      0.0011183907198347152,
      0.0011400737975910307,
      0.0010794491598568857,
      0.0010207698824256659,
      0.0010906665192171932,
      0.0010504461857117713,
      0.0010464002640359104,
      0.0009889776190090925,
      0.0009798661357723177,
      0.0008855371630564332,
      0.0010091385637968778,
      0.0008897362520452589,
      0.0009557986211404205,
      0.0008833140547852964,
      0.0008701029522623867,
      0.0008126678436435759,
      0.0008449119037762284,
      0.0008494913847185672,
      0.0007985334692429751,
      0.0007645630955789238,
      0.0007756704047229142,
      0.0008022616321034729,
      0.0007419498910568654,
      0.0007318597490806133,
      0.000735266969902441,
      0.0007363559557963163,
      0.0007074721202999354,
      0.0006896191356424242,
      0.0006661856266763061,
      0.000651644521439448,
      0.0006743899519555271,
      0.0006602598885633051,
      0.0006163108862936497,
      0.0006255433994624763,
      0.0006121651124674827,
      0.0006478140689060092,
      0.0006013156128674746,
      0.0005583938408782706,
      0.0006158609139174223,
      0.0005692719635460526,
      0.0005707472167443484,
      0.0005158378499606624,
      0.0005785169950593263,
      0.0005370387412514538,
      0.0005353650865145028,
      0.0005295053307991475,
      0.0005588882209174335,
      0.0005066885549854487,
      0.0004944276114040985,
      0.0004975165938120335,
      0.0004517153291963041,
      0.0004715167423803359,
      0.0004471782932151109,
      0.0004380272406991571,
      0.0004510739807365462,
      0.000460642595468089,
      0.00044537762525025755,
      0.0004077215905254707,
      0.0004210327350627631,
      0.0003780451905494556,
      0.0003964578324370086,
      0.0004130461315391585,
      0.00038168708563782275,
      0.00038609180041123184,
      0.00036099617584608496,
      0.00037497386800590903,
      0.0003666372144734487,
      0.00034235508248675617,
      0.0003327148187719285,
      0.0003615140563296154,
      0.0003271470881672576,
      0.0003544961177697405,
      0.000327342357551679,
      0.00030393389750737695,
      0.00030648317786864936,
      0.0003036029099160805,
      0.00030744193062651903,
      0.0002967140136333182,
      0.00028007569291163233,
      0.0002905719681829214,
      0.00027795428075361997,
      0.00026756105192005634,
      0.00027030288349837064,
      0.00024090692506171762,
      0.00025060580864781515,
      0.00021691174692008643,
      0.00021532621051417662,
      0.00023474752727663145,
      0.00022486197889549656,
      0.00017675969056086616,
      0.00021728026416152716,
      0.0002232509595155716,
      0.00017959410952869803,
      0.00019702467058319598,
      0.00017260919912019744,
      0.00022150110180024058,
      0.0001654941439628601,
      0.00013742142628645526,
      0.0002123215944948606,
      0.00014668847382999956,
      0.00014453879320994019,
      0.00019179843502817675,
      0.0001293392074969597,
      0.0001346893355366774,
      0.00015257994951796717,
      0.00013308640668634325,
      0.00011195843246066942,
      0.00013873488754965365,
      0.00011006807622034102,
      0.00010233565278118477,
      0.000127097114889184,
      0.00010383098878664895,
      0.00012759321883204394,
      0.00010776749736280181,
      8.204773302655667e-05,
      0.00010828415781026706,
      8.942749195266515e-05,
      7.722171611734665e-05,
      7.449441499076783e-05,
      9.525578221073375e-05,
      8.823928682832047e-05,
      6.597205233585555e-05,
      6.915245447889902e-05,
      7.95445222419221e-05,
      6.822723621851764e-05,
      6.408722463762388e-05,
      7.081767923664301e-05,
      6.814507934381255e-05,
      4.470081078063231e-05,
      5.808865789615084e-05,
      5.383542585652322e-05,
      5.62555107625667e-05,
      5.566896620439366e-05,
      4.79455419635633e-05,
      4.3364429224748165e-05,
      5.109735958802048e-05,
      4.426194983010646e-05,
      3.2643318875925616e-05,
      4.2078486920217985e-05,
      3.744328723056242e-05,
      3.2948559828219e-05,
      2.8746029414469377e-05,
      2.85911534333718e-05,
      2.5666442746296525e-05,
      2.9172986245830542e-05,
      2.557607103837654e-05,
      2.0999533731956035e-05,
      3.046815508918371e-05,
      1.9637159910635093e-05,
      1.6938553969957867e-05,
      1.9823804095503875e-05,
      1.840612921194406e-05,
      1.3408639348926955e-05,
      1.6877690928813537e-05,
      1.7127886370872147e-05,
      1.3858669326000381e-05,
      1.3321725330024492e-05,
      1.1982164912042208e-05,
      1.1967483313637786e-05,
      1.0449356518220156e-05,
      9.628552095091436e-06,
      9.441995595989283e-06,
      8.650883668742607e-06,
      8.864804366312455e-06,
      8.36835954542039e-06,
      8.228033587802202e-06,
      7.364413406176027e-06,
      7.251135982805863e-06,
      7.575891038140981e-06
    ],
    "eval_losses": [
      0.005082594043761492,
      0.003844486130960286,
      0.003567157900892198,
      0.0033442346026189627,
      0.003270158625021577,
      0.0031073936939239504,
      0.0030695920314639806,
      0.002871329929679632,
      0.003279502605739981,
      0.0030819068022072313,
      0.0028205956988502294,
      0.002828121958952397,
      0.0027839171558618546,
      0.0028998700245283543,
      0.003179658095119521,
      0.002584251773508731,
      0.0027033786011394115,
      0.0026651700789807366,
      0.002630287260178011,
      0.0024629534253734165,
      0.002813748133799527,
      0.0025834724408574402,
      0.002556742133758962,
      0.002580413965729531,
      0.002485585897334386,
      0.002583740720897913,
      0.0025416630645107943,
      0.0025100779392989354,
      0.00276046507107676,
      0.0025020207875582857,
      0.002312030999059789,
      0.002371485752178705,
      0.0023639940461871447,
      0.0021773003062349745,
      0.0021972994064504746,
      0.0023590107043419267,
      0.0020724828012069338,
      0.002075109675554268,
      0.0020250317994970827,
      0.0020457733357980034
    ],