{
  "args": {
    "device": "cuda:5",
    "exp_home": "./results",
    "ds_name": "mnist",
    "mode": "denoising",
    "noise_std": 0.25,
    "down_scale": 2.0,
    "model_type": "conventional",
    "latent_dim": 784,
    "hidden_dims": [
      1150,
      1150,
      1150,
      1150,
      1150,
      1150
    ],
    "wo_Win": false,
    "fix_Win": true,
    "I_Win": false,
    "batch_size": 128,
    "epochs": 100,
    "lr": 0.001,
    "use_augmentation": true,
    "aug_num": 4,
    "run_id": 2,
    "seed": 42
  },
  "training_logs": {
    "train_losses": [
      0.011228703995496034,
      0.0071176659354567524,
      0.006815359905660153,
      0.0066105340276658535,
      0.006455246292501688,
      0.006314134289622307,
      0.006205331735312939,
      0.006115661203861237,
      0.006036864796131849,
      0.0060198864805698395,
      0.005960759843736887,
      0.005928074397742749,
      0.005882961934357882,
      0.0058683676187694074,
      0.005842901431322098,
      0.0058031921410560605,
      0.005781633811146021,
      0.005779843806922436,
      0.00578101801559329,
      0.005794575994461775,
      0.005778775556832552,
      0.0058251329718530176,
      0.0058440659534931185,
      0.005816775673031807,
      0.005852828277349472,
      0.0058748754769563675,
      0.005865073291808367,
      0.005866714635640383,
      0.005782079298347235,
      0.005890897007733584,
      0.00589898397654295,
      0.005908942735791206,
      0.005846680728197098,
      0.0058129573422670364,
      0.005877142799347639,
      0.005840724660307169,
      0.005688104359209537,
      0.005813376816511154,
      0.005680393277257681,
      0.005669688704013825,
      0.0056980834725499155,
      0.005704754433780909,
      0.005564674263447523,
      0.005974439288824796,
      0.005789694189876318,
      0.005513218853920698,
      0.005454014052450657,
      0.0055579417082667355,
      0.0053740361166000365,
      0.005405305276662112,
      0.005474836186766624,
      0.00524495504245162,
      0.005269853101372719,
      0.005398568747937679,
      0.00526952937796712,
      0.0052200419002771375,
      0.005171026961058378,
      0.00529135779723525,
      0.005049105782955885,
      0.0050879213617742065,
      0.005051932922452688,
      0.005084578074067831,
      0.004981763281226158,
      0.004914696291983127,
      0.004875931144207716,
      0.004780252645015717,
      0.004818354148566723,
      0.004879506402313709,
      0.004825572357028723,
      0.004662934482246637,
      0.004658240576684475,
      0.004649606137126684,
      0.00458598639935255,
      0.004635019534081221,
      0.004522429143935442,
      0.004513164053559303,
      0.004494254297763109,
      0.0044217425613105295,
      0.0044208987501263616,
      0.0043776740957796574,
      0.004314157789796591,
      0.004278351223021746,
      0.004291758049577475,
      0.004227532710582018,
      0.004180878796577454,
      0.004171593168079853,
      0.004125423354655504,
      0.004107582136541605,
      0.004069266815036535,
      0.004041665586084127,
      0.003991170003861189,
      0.003966830282509327,
      0.00393513332888484,
      0.0038975865794718266,
      0.0038705293421447276,
      0.0038371520215272903,
      0.003810229233652353,
      0.0037687002419680357,
      0.0037340572338551282,
      0.0037017505860328674
    ],
    "eval_losses": [
      0.006147826903313398,
      0.005630670406669379,
      0.005435920616239309,
      0.005374750421941281,
      0.00522799808382988,
      0.005295902969688177,
      0.005292843061685562,
      0.005874784557521343,
      0.005610274184495211,
      0.005091078684478998,
      0.004799455837160349,
      0.004573362298309803,
      0.004449591579288244,
      0.004278704284876585,
      0.004181585564464331,
      0.004062428113073111,
      0.003954272273927927,
      0.003871225510537624,
      0.0037833729542791844,
      0.0036955573596060276
    ],
    "psnr": [
      22.114378829956056,
      22.496245288085937,
      22.648850259399413,
      22.69881022644043,
      22.81889147338867,
      22.764057431030274,
      22.766606335449218,
      22.321666131591797,
      22.513063275146486,
      22.934331130981445,
      23.190977349853515,
      23.400531286621092,
      23.519283908081054,
      23.68962084350586,
      23.788699884033203,
      23.914432302856444,
      24.031504440307618,
      24.123669317626952,
      24.22333446960449,
      24.32518229370117
    ],
    "ssim": [
      0.9169919942855835,
      0.9273855945587158,
      0.9312921831130981,
      0.9323038946151734,
      0.9348279905319213,
      0.9339156089782715,
      0.9350882252693177,
      0.9311081630706787,
      0.9317732202529907,
      0.9332824905395508,
      0.9384662075042725,
      0.936486815738678,
      0.9398796353340149,
      0.9387027721405029,
      0.9406205724716187,
      0.9400318450927735,
      0.9407405534744263,
      0.9422255044937133,
      0.9448649364471435,
      0.9463874261856079
    ],
    "best_epoch": 100,
    "best_step": null,
    "best_eval_loss": 0.0036955573596060276
  },
  "test_results": {
    "test_loss": 0.003685169752687216,
    "test_psnr": 24.34406614074707,
    "test_ssim": 0.9476974173545838
  }
}