{
  "args": {
    "device": "cuda:2",
    "exp_home": "./results",
    "ds_name": "mnist",
    "mode": "generative_classification",
    "noise_std": 0.25,
    "down_scale": 2.0,
    "model_type": "conventional",
    "latent_dim": 784,
    "hidden_dims": [
      785,
      785,
      785,
      785
    ],
    "wo_Win": true,
    "fix_Win": false,
    "I_Win": false,
    "wo_Wout": true,
    "batch_size": 128,
    "epochs": 100,
    "lr": 0.0005,
    "use_augmentation": true,
    "aug_num": 4,
    "run_id": 1,
    "seed": 42
  },
  "training_logs": {
    "train_losses": [
      0.011732600571364164,
      0.006194245819449425,
      0.005039201373830438,
      0.004340675499476493,
      0.003875373020656407,
      0.0034594976716116072,
      0.003142484879307449,
      0.0028651075120270254,
      0.0026600150256976484,
      0.0024687462689355014,
      0.0022948191935196517,
      0.0021488533417880536,
      0.0020468257467076184,
      0.0019115201428160072,
      0.0017904671841487288,
      0.0017409763581864536,
      0.0016199857601709663,
      0.0015687437313608825,
      0.0015058292127028109,
      0.0013946612679585815,
      0.0013840936186537147,
      0.0013180952850915491,
      0.0012537045661918818,
      0.0012317362233623863,
      0.0011526093248277903,
      0.0011127583352848888,
      0.0010939122537709772,
      0.0010072758246026934,
      0.0010013247754797339,
      0.0009684009926952422,
      0.000935504485052079,
      0.0008807847364805638,
      0.0008514945082366466,
      0.00084743787759915,
      0.0007978107274696231,
      0.0007506080622877926,
      0.0007762518269754946,
      0.0007413142413645983,
      0.0007266741217672825,
      0.0007031512661464512,
      0.0006308166205231101,
      0.0006757320985477418,
      0.0006122482115402817,
      0.0006237804218847305,
      0.000540011145118624,
      0.0005714527296461165,
      0.0005552279429323971,
      0.00050982875068672,
      0.0005216640261840076,
      0.0005066273979283869,
      0.00048157820207066833,
      0.00046167654086835683,
      0.0004591532876994461,
      0.00043231573494151234,
      0.0004284061477519572,
      0.00040510662701912225,
      0.0003995510017406195,
      0.00036700692885555325,
      0.00036542668872512876,
      0.00035294876869767903,
      0.0003327421695645899,
      0.00032686307457275687,
      0.00030341726497747003,
      0.0003149194792751223,
      0.00027650647749193015,
      0.00028506549837999047,
      0.0002638976148935035,
      0.0002544355544541031,
      0.0002537118802405894,
      0.00023796667081303895,
      0.00024709573450498284,
      0.0002338993926718831,
      0.00020061547176446765,
      0.0002102471983525902,
      0.0002006435427768156,
      0.00018302971351426094,
      0.00018467201669700444,
      0.00016793049978092314,
      0.00015743747921660543,
      0.00014707765846513213,
      0.00014746090930420905,
      0.00013173629220109432,
      0.00014024873601971194,
      0.00012511565402615815,
      0.00011436240924522281,
      0.00010749623231356963,
      0.0001078529348410666,
      9.499737381236627e-05,
      8.906826034886762e-05,
      8.806814324343577e-05,
      8.00273504969664e-05,
      7.562288464279846e-05,
      7.40283186850138e-05,
      6.770728207193315e-05,
      6.686456744093448e-05,
      6.232134917285293e-05,
      5.852155653527006e-05,
      5.46039197454229e-05,
      5.338269089581445e-05,
      4.85906089830678e-05
    ],
    "eval_losses": [
      0.003832566173002124,
      0.0033495834470842964
    ],
    "psnr": [
      24.577169567871096,
      25.225083312988282
    ],
    "ssim": [
      0.9744980231285095,
      0.9784943561553955
    ],
    "best_epoch": 100,
    "best_step": null,
    "best_eval_loss": 0.0033495834470842964
  },
  "test_results": {
    "test_loss": 0.0034096297819400205,
    "test_psnr": 27.05649730834961,
    "test_ssim": 0.9782024742126465
  }
}