{
  "args": {
    "device": "cuda:7",
    "exp_home": "./results",
    "ds_name": "mnist",
    "mode": "denoising",
    "noise_std": 0.25,
    "down_scale": 2.0,
    "model_type": "conventional",
    "latent_dim": 784,
    "hidden_dims": [
      1150,
      1150,
      1150,
      1150,
      1150,
      1150,
      1150,
      1150,
      1150,
      1150
    ],
    "wo_Win": true,
    "fix_Win": false,
    "I_Win": false,
    "batch_size": 128,
    "epochs": 100,
    "lr": 0.005,
    "use_augmentation": true,
    "aug_num": 2,
    "run_id": 1,
    "seed": 42
  },
  "training_logs": {
    "train_losses": [
      0.1263129255127907,
      0.125826089220047,
      0.12582608926296235,
      0.1258260894227028,
      0.12582608943462373,
      0.12582608959674835,
      0.1257299943637848,
      0.12648525892734527,
      0.12656193022966386,
      0.12542131464481354,
      0.12406513561248779,
      0.12406513585567475,
      0.1240651361298561,
      0.12406513582468033,
      0.12406513576745987,
      0.12406513593196869,
      0.12406513573646545,
      0.12406513587474823,
      0.12406513559103012,
      0.12406513595342636,
      0.12406513550043106,
      0.12406513578653336,
      0.12406513594388961,
      0.12406513559103012,
      0.12406513559341431,
      0.1240651358127594,
      0.12406513566970825,
      0.12406513595104217,
      0.12406513575553894,
      0.12406513564825059,
      0.1240651361322403,
      0.12406513560771942,
      0.12406513566017151,
      0.12406513571262359,
      0.12406513573646545,
      0.12406513552904129,
      0.12406513631820679,
      0.1240651360487938,
      0.12406513619899749,
      0.12406513598918915,
      0.12406513563394546,
      0.12406513598918915,
      0.12406513560771942,
      0.12406513576507569,
      0.1240651356458664,
      0.12406513584136963,
      0.12406513601779938,
      0.12406513559818268,
      0.12406513574361801,
      0.12406513565063476,
      0.12406513580799103,
      0.12406513610363007,
      0.12406513590812683,
      0.12406513582706452,
      0.12406513602256775,
      0.12406513579368592,
      0.12406513569593429,
      0.12406513576030731,
      0.12406513551712037,
      0.12406513609170913,
      0.1240651359653473,
      0.12406513571262359,
      0.12406513553142548,
      0.1240651360821724,
      0.12406513570308686,
      0.12406513558387756,
      0.12406513590574264,
      0.12406513569593429,
      0.12406513553619385,
      0.12406513547897338,
      0.12406513551712037,
      0.12406513560056687,
      0.12406513561725617,
      0.12406513562202454,
      0.12406513577461242,
      0.12406513568401337,
      0.12406513555288315,
      0.12406513551950454,
      0.12406513591766358,
      0.12406513593196869,
      0.12406513562917709,
      0.12406513576030731,
      0.12406513610363007,
      0.12406513574123383,
      0.12406513549327851,
      0.12406513611316682,
      0.12406513570785523,
      0.12406513552904129,
      0.1240651360487938,
      0.124065135679245,
      0.12406513609409332,
      0.12406513587713242,
      0.12406513586759567,
      0.1240651355266571,
      0.12406513556480407,
      0.12406513575077056,
      0.12406513600826263,
      0.12406513586521149,
      0.12406513558387756,
      0.12406513522624969
    ],
    "eval_losses": [
      0.12620345203876496,
      0.12476522768735886,
      0.12476522768735886,
      0.12476522768735886,
      0.12476522768735886,
      0.12476522768735886,
      0.12476522768735886,
      0.12476522768735886,
      0.12476522768735886,
      0.12476522768735886,
      0.12476522768735886,
      0.12476522768735886,
      0.12476522768735886,
      0.12476522768735886,
      0.12476522768735886,
      0.12476522768735886,
      0.12476522768735886,
      0.12476522768735886,
      0.12476522768735886,
      0.12476522768735886
    ],
    "psnr": [
      8.990443531799317,
      9.040305484008789,
      9.040305484008789,
      9.040305484008789,
      9.040305484008789,
      9.040305484008789,
      9.040305484008789,
      9.040305484008789,
      9.040305484008789,
      9.040305484008789,
      9.040305484008789,
      9.040305484008789,
      9.040305484008789,
      9.040305484008789,
      9.040305484008789,
      9.040305484008789,
      9.040305484008789,
      9.040305484008789,
      9.040305484008789,
      9.040305484008789
    ],
    "best_epoch": 10,
    "best_step": null,
    "best_eval_loss": 0.12476522768735886
  },
  "test_results": {
    "test_loss": 0.12615995585918427,
    "test_psnr": 9.00329794921875
  }
}