{
  "args": {
    "device": "cuda:6",
    "exp_home": "./results",
    "ds_name": "mnist",
    "mode": "denoising",
    "noise_std": 0.25,
    "down_scale": 2.0,
    "model_type": "conventional",
    "latent_dim": 784,
    "hidden_dims": [
      1150,
      1150,
      1150,
      1150
    ],
    "wo_Win": true,
    "fix_Win": false,
    "I_Win": false,
    "batch_size": 128,
    "epochs": 100,
    "lr": 0.001,
    "use_augmentation": false,
    "aug_num": 2,
    "run_id": 1,
    "seed": 42
  },
  "training_logs": {
    "train_losses": [
      0.018518483663797377,
      0.008022689033150673,
      0.006981420009434223,
      0.006560344703048468,
      0.006331411250084638,
      0.006149786565303803,
      0.006015145356655121,
      0.005892911905497312,
      0.00583483346760273,
      0.005770312927365303,
      0.005704427071958781,
      0.005618936544805765,
      0.005584969509840012,
      0.005535466116368771,
      0.005498829534947872,
      0.0054126577612757685,
      0.005395954493135214,
      0.0053699096494913105,
      0.005310293000489474,
      0.005263123344480991,
      0.005258102771639824,
      0.005182718717604876,
      0.005145333371609449,
      0.005130929280370474,
      0.0050942434349656104,
      0.00505492278367281,
      0.0050134793123602864,
      0.00498510741263628,
      0.004959951015710831,
      0.0049186842867732046,
      0.004901868810504675,
      0.004881162670850754,
      0.004847819981575012,
      0.004836285826414824,
      0.00478058064326644,
      0.004762404467463494,
      0.004737076348960399,
      0.004733513483554125,
      0.004669285711497068,
      0.004647537565678358,
      0.004646653505861759,
      0.004608632814884186,
      0.004586011642664671,
      0.0045725749401748185,
      0.004568054574728012,
      0.004524449280649424,
      0.004500245620012284,
      0.004480681523233652,
      0.004464232290387154,
      0.004449799980670213,
      0.004429158375561237,
      0.004390533389002084,
      0.0043727626846730705,
      0.004360301375389099,
      0.0043329736328125,
      0.004313471004962921,
      0.004294168929904699,
      0.0042741727937757965,
      0.004251119335740804,
      0.00422263024866581,
      0.0042169372081756595,
      0.004197569392919541,
      0.004179886779040098,
      0.004162730139940977,
      0.0041449552038311955,
      0.004137073573768139,
      0.004108702845275402,
      0.0040863837853074075,
      0.004061970987766981,
      0.004059588410705328,
      0.0040335543833673,
      0.004021343921124935,
      0.003994767881035805,
      0.003983557744175196,
      0.003962796775698662,
      0.003936753277927637,
      0.003913467117995024,
      0.0039097063535451886,
      0.0038891628384590147,
      0.003863601634502411,
      0.0038556237331032754,
      0.0038281493067741394,
      0.003803931978419423,
      0.0037839246593415737,
      0.0037666190987825396,
      0.0037550857473909855,
      0.003732738758176565,
      0.003707123970016837,
      0.0036931154114753007,
      0.0036656264971941708,
      0.003653859521076083,
      0.0036297147267311813,
      0.0036107212589681146,
      0.003583839762508869,
      0.0035678913748264313,
      0.0035530938087403774,
      0.0035218630956858395,
      0.003511087237671018,
      0.0034893533044308422,
      0.003470130058452487
    ],
    "eval_losses": [
      0.00607343352586031,
      0.005615801340341568,
      0.005205224217474461,
      0.005069737166911364,
      0.004977206624299288,
      0.004770649031549692,
      0.0046962844759225846,
      0.004588833399862051,
      0.004487099569290876,
      0.004365004353225231,
      0.004248662401735783,
      0.004186274725198746,
      0.004111083982139826,
      0.004056150272488594,
      0.003984910511225462,
      0.00391520091816783,
      0.00383221340700984,
      0.0037830544628202913,
      0.003720745872333646,
      0.00367186149507761
    ],
    "psnr": [
      22.167969192504884,
      22.50792702331543,
      22.838001641845704,
      22.952137789916993,
      23.03219596862793,
      23.216191607666016,
      23.284710482788086,
      23.38468662414551,
      23.482086553955078,
      23.60259734802246,
      23.719391458129884,
      23.783901321411133,
      23.862577053833007,
      23.920752984619142,
      23.99803163757324,
      24.0743686126709,
      24.167836572265625,
      24.223849694824217,
      24.295891778564453,
      24.3530879699707
    ],
    "ssim": [
      0.9210126276016235,
      0.91346764087677,
      0.9249822163581848,
      0.9303928731918335,
      0.9347152639389038,
      0.931515970993042,
      0.9337835302352905,
      0.9355499940872193,
      0.9367326581954956,
      0.9388949366569519,
      0.9410288572311402,
      0.9398746064186096,
      0.941646989440918,
      0.9427506819725037,
      0.9439948038101196,
      0.9454648942947388,
      0.9449319231986999,
      0.9478600955963135,
      0.9483986002922058,
      0.9496449956893921
    ],
    "best_epoch": 100,
    "best_step": null,
    "best_eval_loss": 0.00367186149507761
  },
  "test_results": {
    "test_loss": 0.0036727370630949734,
    "test_psnr": 24.358553353881835,
    "test_ssim": 0.9504833624839782
  }
}