{
  "args": {
    "device": "cuda:0",
    "exp_home": "./results",
    "ds_name": "mnist",
    "mode": "generative_classification",
    "noise_std": 0.25,
    "down_scale": 2.0,
    "model_type": "conventional",
    "latent_dim": 784,
    "hidden_dims": [
      1150,
      1150,
      1150,
      1150
    ],
    "wo_Win": false,
    "fix_Win": false,
    "I_Win": true,
    "batch_size": 128,
    "epochs": 50,
    "lr": 0.0005,
    "use_augmentation": false,
    "aug_num": 2,
    "run_id": 1,
    "seed": 42
  },
  "training_logs": {
    "train_losses": [
      0.01299493380188942,
      0.005147086208164692,
      0.0038495351757109166,
      0.003323848582431674,
      0.002872052516192198,
      0.0026447704294323923,
      0.0024541319408267737,
      0.002166289681494236,
      0.001989102636501193,
      0.0018581728457659483,
      0.0016572102501988411,
      0.0015483672066312283,
      0.0013656680017709731,
      0.0013324870317801833,
      0.001300085999071598,
      0.0011097388056106865,
      0.0010018843505717814,
      0.0009911569772288204,
      0.0009192978012189269,
      0.000838400412183255,
      0.0007668910955358297,
      0.0007041458342503756,
      0.0007169507180713117,
      0.0005798362878384069,
      0.0005710396566614509,
      0.0005608967766351998,
      0.000502616587439552,
      0.000391435093190521,
      0.00045668528404086827,
      0.0004019290300272405,
      0.00040959502081386746,
      0.00030862461060052735,
      0.0003230251548346132,
      0.0002550579320290126,
      0.0002426941623724997,
      0.00023920531271956862,
      0.0001893438309431076,
      0.00018624343304429202,
      0.00017279165958985687,
      0.00015043196151498704,
      0.0001216901199077256,
      0.0001225465407210868,
      0.00013240117803448812,
      9.312197202467359e-05,
      7.91544076259015e-05,
      7.836075979052111e-05,
      5.959409554488957e-05,
      5.376566694234498e-05,
      5.3791740904562176e-05,
      5.130818113335408e-05
    ],
    "eval_losses": [
      0.0035261753499507905,
      0.002972543892636895,
      0.0026466948745772242,
      0.0021863075358211064,
      0.002293466307106428,
      0.002266841683117673,
      0.0019523703179089352,
      0.0017993134789634495,
      0.001831556913976965,
      0.0016955967355970643
    ],
    "psnr": [
      24.999254119873047,
      25.74497646789551,
      26.367970223999023,
      27.65282846069336,
      27.298386944580077,
      27.49074867553711,
      28.751033367919923,
      28.993152587890624,
      29.35845525512695,
      29.887324084472656
    ],
    "best_epoch": 50,
    "best_step": null,
    "best_eval_loss": 0.0016955967355970643
  },
  "test_results": {
    "test_loss": 0.001811846077642258,
    "test_psnr": 32.40640756835938
  }
}