{
  "args": {
    "device": "cuda:9",
    "exp_home": "./results",
    "ds_name": "mnist",
    "mode": "generative_classification",
    "noise_std": 0.25,
    "down_scale": 2.0,
    "model_type": "conventional",
    "latent_dim": 784,
    "hidden_dims": [
      1150,
      1150,
      1150,
      1150,
      1150,
      1150
    ],
    "wo_Win": false,
    "fix_Win": false,
    "I_Win": false,
    "batch_size": 128,
    "epochs": 200,
    "lr": 0.0005,
    "use_augmentation": true,
    "aug_num": 4,
    "run_id": 4,
    "seed": 42
  },
  "training_logs": {
    "train_losses": [
      0.012707232883274555,
      0.0073181341072916985,
      0.006061180550456047,
      0.005296597251966595,
      0.0044554362976551055,
      0.004030827032476664,
      0.003594253817051649,
      0.003328071752265096,
      0.0030258729518577456,
      0.0027114841751754285,
      0.0025092441372014584,
      0.002368450835347176,
      0.00216703244401142,
      0.0020914713589288295,
      0.0019342713939212264,
      0.0018184772983007133,
      0.0017702002543210982,
      0.001699437722340226,
      0.0016069467389583589,
      0.0015264666480198502,
      0.001505594013798982,
      0.0014578788120299577,
      0.0013695526782982052,
      0.0013264916363358499,
      0.0013099936298467218,
      0.001242695201197639,
      0.001239631821345538,
      0.001215869017271325,
      0.0011371410258114339,
      0.0011456595436111093,
      0.0011212829446420073,
      0.0010470176766999065,
      0.0010682750903256238,
      0.0010197978108841925,
      0.0009688544255308807,
      0.0010104044959135354,
      0.0009697957673948258,
      0.000863162328209728,
      0.0009784482819400727,
      0.0008935156502574682,
      0.000876439912468195,
      0.0008337347951810807,
      0.0008239886748977006,
      0.0008019207465928047,
      0.0008516511183045805,
      0.0008194186704140157,
      0.0007652642231341452,
      0.0007381811755616217,
      0.0007346001536212861,
      0.0007216822586581111,
      0.0007339742578007281,
      0.0007257377554103732,
      0.000682091502668336,
      0.0006736810610443354,
      0.0006379620543401688,
      0.0006970906587317586,
      0.0006907523517869413,
      0.0006098097054567188,
      0.0006059620090480894,
      0.0006359608190320432,
      0.0005907098240451888,
      0.0005862188999447972,
      0.0005795661832718179,
      0.0005878397545125336,
      0.0005725636340491474,
      0.0005757242726162076,
      0.0005547496200772002,
      0.0005298396046832204,
      0.0005105536580458283,
      0.00048119693596847355,
      0.0005286243116669356,
      0.0004986303479177877,
      0.0004677338856086135,
      0.00048428728153929114,
      0.0004735517679527402,
      0.0004866493718884885,
      0.00040104078319855036,
      0.00047833717888221146,
      0.00044655670273583385,
      0.00042603011399507525,
      0.00038905039076227697,
      0.00043024583206977696,
      0.00037496678287163375,
      0.00042915722778998316,
      0.0003878276961995289,
      0.00038484626858029515,
      0.00036763305238448084,
      0.0003826444651233032,
      0.00036105657372158023,
      0.0003754629197064787,
      0.0003489135677088052,
      0.0003349578166147694,
      0.0003615592946857214,
      0.00031374240045901387,
      0.0002966638124687597,
      0.00036832153690978883,
      0.000326575335606467,
      0.00030201299521140753,
      0.0003112526530656032,
      0.0003081807903479785,
      0.00026960755055537445,
      0.00029620065913069993,
      0.00029825506865978243,
      0.00024049476236803456,
      0.0002652857932331972,
      0.00025315204847371206,
      0.0002777104098140262,
      0.0002598297583521344,
      0.00024446730111958456,
      0.0002523164739808999,
      0.00025091514098690823,
      0.0002156246035429649,
      0.00024314849116606637,
      0.0002152423604717478,
      0.00023524921788368373,
      0.00021295679881237447,
      0.00022156960158608853,
      0.00020700842602876945,
      0.00020434708036249505,
      0.00020799862947547807,
      0.00019315124016953633,
      0.0001864961126842536,
      0.00018190110513707623,
      0.0001877696755505167,
      0.00016460341583238915,
      0.00017987977509386838,
      0.00018217315810732543,
      0.000165806808025809,
      0.00012485580227337777,
      0.00017391269542044028,
      0.00015865953141008503,
      0.00012932994024944492,
      0.00014397541317157447,
      0.00014418993042083456,
      0.00010040819377289154,
      0.00014899600504664705,
      0.00010926230438286438,
      0.00014382782957749442,
      0.00011263231548247859,
      0.00010520106179872527,
      0.0001289381866226904,
      0.00011829464308684692,
      9.091028568916954e-05,
      0.00011406595593784005,
      0.00010638617377029731,
      0.00011307831923710182,
      9.597521848976612e-05,
      9.38211402320303e-05,
      8.806658071931452e-05,
      8.142434218083508e-05,
      7.859614835237153e-05,
      9.022406299365685e-05,
      5.7768716278369536e-05,
      6.154354674974456e-05,
      9.198836852330714e-05,
      6.861930870858487e-05,
      5.978834081965033e-05,
      6.598431541817263e-05,
      7.371926155057736e-05,
      5.193752961407881e-05,
      5.714175895554945e-05,
      5.2958338736207226e-05,
      4.583249834016897e-05,
      5.402688287140336e-05,
      4.6315594293992035e-05,
      4.698058924113866e-05,
      4.355638840934262e-05,
      5.011797381797805e-05,
      3.903777508297935e-05,
      3.5741599958855656e-05,
      3.4977323539787905e-05,
      3.338199636084027e-05,
      3.7514707312802784e-05,
      3.0528870522393845e-05,
      2.9788844223949127e-05,
      2.845718230411876e-05,
      2.6922251787618733e-05,
      2.5197383826598525e-05,
      2.3813320074114017e-05,
      2.0494365758495404e-05,
      2.1125612050818744e-05,
      1.8559917054371907e-05,
      1.463536414783448e-05,
      1.5237389899557456e-05,
      1.4812494509387762e-05,
      1.4314650685118978e-05,
      1.583249289833475e-05,
      1.5011026986758225e-05,
      1.1772944060794544e-05,
      1.0947137465991546e-05,
      1.4145141550980043e-05,
      1.1169209339132068e-05,
      1.0840187467401848e-05,
      1.0383771338674705e-05,
      9.316928713815287e-06,
      8.841185571800452e-06,
      8.499820700671989e-06,
      8.06997370760655e-06,
      8.201410966721596e-06,
      7.75388304144144e-06
    ],
    "eval_losses": [
      0.004847452446818352,
      0.004119184070080518,
      0.003480056052096188,
      0.0031528823673725127,
      0.003023079009540379,
      0.0032162586209131404,
      0.0028093087845481933,
      0.0026206650077831,
      0.002903627813793719,
      0.0028646131494548172,
      0.003071127202408388,
      0.002644247126672417,
      0.0027329800443723798,
      0.0030303133804583924,
      0.002740240029618144,
      0.002536686450941488,
      0.002534709827415645,
      0.002665243022143841,
      0.002665118252928369,
      0.002350451793312095,
      0.002673907796293497,
      0.0026898847363656386,
      0.002424228097544983,
      0.00233530692748609,
      0.0022827936488669367,
      0.002417180211294908,
      0.0024722918718121946,
      0.002550481257477077,
      0.0024522046562458853,
      0.0022893151484109694,
      0.0026165223573800175,
      0.0021615899329772217,
      0.002332207561424002,
      0.0023393386676441876,
      0.002246046118022059,
      0.002348657062576967,
      0.00225891668608092,
      0.0021959191178670154,
      0.0021933642671676354,
      0.00221584368305048
    ],