{
  "args": {
    "device": "cuda:5",
    "exp_home": "./results",
    "ds_name": "mnist",
    "mode": "denoising",
    "noise_std": 0.25,
    "down_scale": 2.0,
    "model_type": "conventional",
    "latent_dim": 784,
    "hidden_dims": [
      1150,
      1150,
      1150,
      1150,
      1150,
      1150,
      1150,
      1150,
      1150,
      1150,
      1150,
      1150,
      1150,
      1150,
      1150,
      1150,
      1150,
      1150,
      1150,
      1150,
      1150,
      1150,
      1150,
      1150,
      1150
    ],
    "wo_Win": false,
    "fix_Win": false,
    "I_Win": false,
    "batch_size": 128,
    "epochs": 100,
    "lr": 1e-05,
    "use_augmentation": true,
    "aug_num": 4,
    "run_id": 1,
    "seed": 42
  },
  "training_logs": {
    "train_losses": [
      0.02726790906995535,
      0.01088101341754198,
      0.008636507065594197,
      0.007582247231602669,
      0.006940552155077458,
      0.006486927174180746,
      0.006172056398242712,
      0.005923432615995407,
      0.005738684285283089,
      0.005571670098006725,
      0.005446373213976622,
      0.005337595397084951,
      0.005243786184191704,
      0.005153880904912949,
      0.005083557175546884,
      0.005011475138813257,
      0.004949219762384892,
      0.004900178453475237,
      0.004854481476247311,
      0.004803148141205311,
      0.004758676564097404,
      0.004720101608037949,
      0.004687567293047905,
      0.004652804805636406,
      0.004617284334152937,
      0.0045891518452763555,
      0.004558828895241022,
      0.0045315693564713004,
      0.0045101464979350565,
      0.004481454805880785,
      0.004462770383954048,
      0.004441119253635406,
      0.00441158750385046,
      0.0043981026965379715,
      0.004378372371941805,
      0.004360634355545044,
      0.004345538278967142,
      0.0043290045145154,
      0.004309109077751637,
      0.004292560543268919,
      0.004281589931845665,
      0.004265462620854378,
      0.004249362698048353,
      0.0042403842158615585,
      0.0042265220342576505,
      0.004215557400435209,
      0.004201925819516182,
      0.004191150539666414,
      0.004179585870802403,
      0.004170217432975769,
      0.004158077252805233,
      0.004151564480811358,
      0.004136127722114325,
      0.004134141405522824,
      0.004119393615722656,
      0.004109396735578775,
      0.004103915645778179,
      0.0040962030790746215,
      0.004084583135843277,
      0.004081022595018149,
      0.004068850324451923,
      0.004062946472913027,
      0.004056583608388901,
      0.004044628076702356,
      0.004041344254165888,
      0.004036468353122473,
      0.004030126709491015,
      0.004023798051476479,
      0.004014351469427347,
      0.004010037479251623,
      0.004003859110176563,
      0.004000331142544746,
      0.003993704444169998,
      0.003988841469585895,
      0.0039831487147510055,
      0.003981758200973272,
      0.003971662707477808,
      0.003968554088920355,
      0.003962747678756714,
      0.003959320591986179,
      0.003958556240350008,
      0.003951310954988003,
      0.003945825888812542,
      0.003941325051188469,
      0.00393922769472003,
      0.003936471680551767,
      0.003934606495052576,
      0.003928322160094976,
      0.003927040353119374,
      0.00392433855548501,
      0.00392027317121625,
      0.003917555489242077,
      0.0039137025411427025,
      0.003911748579591512,
      0.003913527012467385,
      0.0039091234347224234,
      0.0039062137179076673,
      0.0039052403332293035,
      0.0039010330146551134,
      0.00389888232216239
    ],
    "eval_losses": [
      0.00637038594186306,
      0.005225813870877028,
      0.00482144021615386,
      0.00462643357515335,
      0.004493617708981037,
      0.004396112410724163,
      0.004300041802972555,
      0.004259225481748581,
      0.004209317781031132,
      0.004164260467886925,
      0.004128087137639523,
      0.004085202630609274,
      0.0040819452561438084,
      0.004039354983717203,
      0.004036264730244875,
      0.004020372138172388,
      0.004014962259680033,
      0.0040027709357440475,
      0.003996798760443926,
      0.0039729243986308576
    ],
    "psnr": [
      21.961546206665037,
      22.82095062866211,
      23.171073065185546,
      23.35008416137695,
      23.47683890991211,
      23.571602459716797,
      23.66743494567871,
      23.70894864807129,
      23.76037326965332,
      23.8071205078125,
      23.84458797302246,
      23.889896493530273,
      23.89369047241211,
      23.939154257202148,
      23.942476962280274,
      23.960062908935548,
      23.965335684204103,
      23.978401281738282,
      23.985064822387695,
      24.011140524291992
    ],
    "ssim": [
      0.8972789163589477,
      0.9190245409011841,
      0.9267488544464111,
      0.9310521300315857,
      0.9317114706993103,
      0.9357872256278992,
      0.9372787153244019,
      0.9393367500305175,
      0.9397793148040772,
      0.9413836327552796,
      0.9423208366394042,
      0.9430761513710022,
      0.9425929237365722,
      0.9442351217269898,
      0.9451499710083008,
      0.945779923248291,
      0.9456772553443908,
      0.9460917516708374,
      0.9468024971008301,
      0.9457187631607056
    ],
    "best_epoch": 100,
    "best_step": null,
    "best_eval_loss": 0.0039729243986308576
  },
  "test_results": {
    "test_loss": 0.003960271483659745,
    "test_psnr": 24.033192318725586,
    "test_ssim": 0.9466120407104492
  }
}