{
  "args": {
    "device": "cuda:6",
    "exp_home": "./results",
    "ds_name": "mnist",
    "mode": "denoising",
    "noise_std": 0.25,
    "down_scale": 2.0,
    "model_type": "conventional",
    "latent_dim": 784,
    "hidden_dims": [
      2870,
      2870,
      2870
    ],
    "wo_Win": false,
    "fix_Win": false,
    "I_Win": false,
    "wo_Wout": false,
    "batch_size": 128,
    "epochs": 30,
    "lr": 0.0001,
    "use_augmentation": false,
    "aug_num": 2,
    "run_id": 4,
    "seed": 42
  },
  "training_logs": {
    "train_losses": [
      0.023320821720659732,
      0.008820269009172916,
      0.007000622661113739,
      0.006215357028394938,
      0.005743365199267865,
      0.00543778778731823,
      0.0052397667543590066,
      0.005058128163814545,
      0.004931626731306315,
      0.004818008041828871,
      0.004705311429351568,
      0.00462838288679719,
      0.004559780515283346,
      0.0044902535639703275,
      0.004419036419391632,
      0.004369191426634789,
      0.004314080140590668,
      0.0042752877186238766,
      0.004232024604529142,
      0.0041767429073154925,
      0.004151819774210453,
      0.004107126162052155,
      0.004073973563164472,
      0.004055169893205166,
      0.004020541508793831,
      0.003989566482752562,
      0.003961606913805008,
      0.003934863869696856,
      0.003922583073675633,
      0.003901410885751247
    ],
    "eval_losses": [
      0.005660442125797272,
      0.0047297507680952545,
      0.004413920991867781,
      0.004226437675207854,
      0.004082252377271652,
      0.003997893251478672
    ],
    "psnr": [
      22.474463970947266,
      23.253829376220704,
      23.553930853271485,
      23.74237208557129,
      23.89298767089844,
      23.984111184692384
    ],
    "ssim": [
      0.8905958753585815,
      0.9102276962280273,
      0.920576391029358,
      0.9243973956108094,
      0.9293362392425537,
      0.9316624143600464
    ],
    "best_epoch": 30,
    "best_step": null,
    "best_eval_loss": 0.003997893251478672
  },
  "test_results": {
    "test_loss": 0.003970842117443681,
    "test_psnr": 24.02197674255371,
    "test_ssim": 0.9329774726867676
  }
}