{
  "args": {
    "device": "cuda:8",
    "exp_home": "./results",
    "ds_name": "mnist",
    "mode": "denoising",
    "noise_std": 0.25,
    "down_scale": 2.0,
    "model_type": "conventional",
    "latent_dim": 784,
    "hidden_dims": [
      1150,
      1150,
      1150,
      1150,
      1150,
      1150
    ],
    "wo_Win": false,
    "fix_Win": false,
    "I_Win": false,
    "batch_size": 128,
    "epochs": 100,
    "lr": 0.0001,
    "use_augmentation": true,
    "aug_num": 2,
    "run_id": 2,
    "seed": 42
  },
  "training_logs": {
    "train_losses": [
      0.017720692611038685,
      0.007597838468551636,
      0.0064182186794281,
      0.005862011230289936,
      0.005518853464871645,
      0.00530428670078516,
      0.005125328871756792,
      0.004996734464019537,
      0.004874266281425953,
      0.004789052748680115,
      0.004713987358957529,
      0.004635470322966575,
      0.0045774025575816635,
      0.0045240571381151675,
      0.004475884065032005,
      0.004419977654367685,
      0.0043903906197845935,
      0.0043445376186072825,
      0.004313205304890871,
      0.004283954214155674,
      0.004252577278167009,
      0.004219372097104788,
      0.004193328062593937,
      0.004169463049471378,
      0.004137598779201507,
      0.004119897798597813,
      0.004095797345489264,
      0.004078736908435822,
      0.004055836997032165,
      0.00403200378075242,
      0.004006324353218078,
      0.003987358955442905,
      0.0039756153239309784,
      0.003957520311921835,
      0.003939773416817188,
      0.003923344319164753,
      0.003905300543755293,
      0.0038864525279402734,
      0.0038719276528060434,
      0.0038574282398819923,
      0.003839791226834059,
      0.0038258775228261948,
      0.003813221823424101,
      0.0037997743110358717,
      0.003784761188030243,
      0.003775802595168352,
      0.0037604414848983287,
      0.003750786103233695,
      0.0037346541272103785,
      0.0037185375271737574,
      0.0037146519976854323,
      0.003694380181580782,
      0.003684648707360029,
      0.003675739482194185,
      0.003664355074316263,
      0.0036535929176211355,
      0.0036432188279926776,
      0.00363669613674283,
      0.003625052100867033,
      0.003614375433474779,
      0.0036061351853609084,
      0.0035894727045297625,
      0.0035870604403316973,
      0.003571266112476587,
      0.003562994246482849,
      0.003551335725337267,
      0.003542262709140778,
      0.003540177179723978,
      0.003531580782234669,
      0.00351776959002018,
      0.0035095812576264145,
      0.0035018301714211703,
      0.003492541482821107,
      0.0034872643096745012,
      0.0034757696710526944,
      0.0034704650770127775,
      0.003460026037991047,
      0.003447058125138283,
      0.0034474369671195744,
      0.003440518379881978,
      0.0034302562364935873,
      0.0034209732711315156,
      0.0034128518790006637,
      0.0034053265741467477,
      0.003400001387000084,
      0.003399511955529451,
      0.0033933662505447864,
      0.003387441415041685,
      0.0033754304557293653,
      0.003372548895329237,
      0.0033668784476816654,
      0.0033570412823557853,
      0.0033572298000007867,
      0.003344540613144636,
      0.003340892952606082,
      0.0033401738184690474,
      0.0033299717704206705,
      0.0033246611297130585,
      0.003326067600026727,
      0.0033161540346592663
    ],
    "eval_losses": [
      0.005283156699687243,
      0.004717007455229759,
      0.0044519159235060215,
      0.00431683312729001,
      0.004167009902000428,
      0.004120592021942138,
      0.003983360709249973,
      0.003985037458688021,
      0.003942637104541063,
      0.003891780576854944,
      0.0038251159608364105,
      0.0038084858171641826,
      0.003790794076025486,
      0.003752547146379948,
      0.003727149721235037,
      0.003699763022363186,
      0.0036633959516882897,
      0.0036564337134361267,
      0.0036244119223207234,
      0.0036136698134243486
    ],
    "psnr": [
      22.773527450561524,
      23.26550046081543,
      23.517089108276366,
      23.650731048583985,
      23.803755422973634,
      23.852299716186522,
      23.999433090209962,
      23.997936849975584,
      24.04441286315918,
      24.100498315429686,
      24.175929034423827,
      24.19430539855957,
      24.21540207824707,
      24.258497973632814,
      24.288245974731446,
      24.320107821655274,
      24.363183715820313,
      24.371586993408204,
      24.410021282958983,
      24.422926501464843
    ],
    "best_epoch": 100,
    "best_step": null,
    "best_eval_loss": 0.0036136698134243486
  },
  "test_results": {
    "test_loss": 0.0036078688871115446,
    "test_psnr": 24.43670581665039
  }
}