{
  "args": {
    "device": "cuda:6",
    "exp_home": "./results",
    "ds_name": "mnist",
    "mode": "denoising",
    "noise_std": 0.25,
    "down_scale": 2.0,
    "model_type": "conventional",
    "latent_dim": 784,
    "hidden_dims": [
      1150,
      1150,
      1150,
      1150,
      1150,
      1150,
      1150,
      1150,
      1150,
      1150,
      1150,
      1150,
      1150,
      1150,
      1150
    ],
    "wo_Win": true,
    "fix_Win": false,
    "I_Win": false,
    "batch_size": 128,
    "epochs": 100,
    "lr": 5e-05,
    "use_augmentation": true,
    "aug_num": 2,
    "run_id": 1,
    "seed": 42
  },
  "training_logs": {
    "train_losses": [
      0.020388852585852147,
      0.008497580308020116,
      0.007056524645835161,
      0.006337662673294544,
      0.005901509048342705,
      0.005603852365761996,
      0.005380888351202011,
      0.005219116677939892,
      0.005072879920899868,
      0.004966609065532685,
      0.004869085603654385,
      0.004779932665377855,
      0.004706483183056116,
      0.0046397110114991666,
      0.004578375068604946,
      0.004527647011727094,
      0.004487981833666563,
      0.00443223807901144,
      0.004394611890166998,
      0.004358378900140524,
      0.004321710982471704,
      0.004290748256444931,
      0.004257812266200781,
      0.00422023881316185,
      0.0041998345389962196,
      0.004165071150958538,
      0.004140379401743412,
      0.004120728036910296,
      0.004096851305365562,
      0.004079128692448139,
      0.004055918977707624,
      0.004028655759692192,
      0.004010066473484039,
      0.003998845807164908,
      0.003975030821561813,
      0.003956482683867216,
      0.003940894425064325,
      0.003919325720220804,
      0.003907328495830298,
      0.0038876280113309624,
      0.003880769252926111,
      0.0038621541632711887,
      0.003845498319417238,
      0.003830501183718443,
      0.0038191426341235638,
      0.003804222891330719,
      0.0037851306883990763,
      0.003779785043746233,
      0.003765648607313633,
      0.0037521047562360764,
      0.0037378698644042014,
      0.003730359571427107,
      0.0037185229982435704,
      0.0037066275492310522,
      0.0036930165341496467,
      0.0036796726037561893,
      0.0036754501515626906,
      0.003662241348773241,
      0.0036551730395853518,
      0.0036390281987190246,
      0.0036347926050424575,
      0.003624099617153406,
      0.003610562793910503,
      0.003602219212204218,
      0.0035941590133309366,
      0.0035788492128252984,
      0.003575304146707058,
      0.0035705242059379818,
      0.0035575225285440683,
      0.003549953932762146,
      0.0035386110427975655,
      0.0035309731106460095,
      0.003523676444888115,
      0.0035129444617033006,
      0.00350555533349514,
      0.0035008292324841023,
      0.0034959768594801425,
      0.003484497929289937,
      0.0034734810408949854,
      0.0034693885469436647,
      0.0034630465286970137,
      0.003456036297827959,
      0.003452604497075081,
      0.003437438739538193,
      0.0034352094496786596,
      0.0034280979331582783,
      0.0034251624490320683,
      0.0034205757001042367,
      0.0034119175457954405,
      0.0034050129090249536,
      0.0033977588956058025,
      0.003389764264598489,
      0.0033890118087083103,
      0.0033825999158620832,
      0.003381968094408512,
      0.0033702290424704553,
      0.003373541358411312,
      0.003363996298611164,
      0.0033573782227933405,
      0.003355330281853676
    ],
    "eval_losses": [
      0.005484926889836788,
      0.004753461667895317,
      0.004454627666622401,
      0.004335391847044229,
      0.004206893614679575,
      0.004100129567086696,
      0.004057524608075618,
      0.004011731033027172,
      0.003975312583893538,
      0.003928053629398346,
      0.003894858492910862,
      0.0038526267074048518,
      0.0038438146732747555,
      0.0037920441307127475,
      0.0037685043163597585,
      0.003759505093842745,
      0.003737296463549137,
      0.003710293796658516,
      0.0036899631634354593,
      0.0036904349394142628
    ],
    "psnr": [
      22.6107571472168,
      23.232106381225584,
      23.513896588134767,
      23.631739923095704,
      23.762675485229494,
      23.87392656555176,
      23.919838247680666,
      23.96861477661133,
      24.008105041503907,
      24.060513647460937,
      24.09718849487305,
      24.14452309875488,
      24.15485852355957,
      24.2138499420166,
      24.24003392944336,
      24.25094430541992,
      24.276618884277344,
      24.307933432006838,
      24.332187509155272,
      24.331300320434572
    ],
    "best_epoch": 95,
    "best_step": null,
    "best_eval_loss": 0.0036899631634354593
  },
  "test_results": {
    "test_loss": 0.0036891757782548666,
    "test_psnr": 24.34057737121582
  }
}