{
  "args": {
    "device": "cuda:7",
    "exp_home": "./results",
    "ds_name": "mnist",
    "mode": "denoising",
    "noise_std": 0.25,
    "down_scale": 2.0,
    "model_type": "conventional",
    "latent_dim": 784,
    "hidden_dims": [
      1150,
      1150,
      1150,
      1150,
      1150,
      1150,
      1150,
      1150,
      1150,
      1150
    ],
    "wo_Win": false,
    "fix_Win": false,
    "I_Win": true,
    "batch_size": 128,
    "epochs": 100,
    "lr": 0.0005,
    "use_augmentation": true,
    "aug_num": 2,
    "run_id": 2,
    "seed": 42
  },
  "training_logs": {
    "train_losses": [
      0.013407909783720971,
      0.006906862220466137,
      0.006216334417313337,
      0.005843306564092636,
      0.005600549296140671,
      0.00543478143364191,
      0.005288938284069299,
      0.005163729500323534,
      0.005043026269823313,
      0.004954075615257025,
      0.004862510266005993,
      0.004800816217809915,
      0.0047394570893049244,
      0.004690885078459978,
      0.0046440585167706015,
      0.004587908789515495,
      0.004548303642868996,
      0.00451122507750988,
      0.004474756121784449,
      0.0044421730250120165,
      0.004414258843511343,
      0.004380859049409628,
      0.004349003123492003,
      0.004327940857410431,
      0.0042987280142307285,
      0.004268583789616824,
      0.004241761028170586,
      0.00421799903512001,
      0.00419572739765048,
      0.004179809574633837,
      0.004143034674525261,
      0.004129685511738062,
      0.00410979122787714,
      0.0040852468949556355,
      0.0040665239375829694,
      0.004044841343909502,
      0.004029893411695957,
      0.00400797115445137,
      0.003993541664406657,
      0.0039695127654075625,
      0.0039545059971511365,
      0.0039331163719296455,
      0.003917070278227329,
      0.0038957526954263447,
      0.0038858956295251845,
      0.00387294407337904,
      0.0038541061452031134,
      0.0038421299059689046,
      0.0038178152415156365,
      0.0038009926692396403,
      0.0037935529097914695,
      0.003769134677350521,
      0.003756187918782234,
      0.0037478527913987637,
      0.0037278779861330985,
      0.003708950502127409,
      0.0036980139561742544,
      0.0036842203110456465,
      0.00367090259462595,
      0.003655270570963621,
      0.0036508233665674926,
      0.003617666582763195,
      0.0036097304473817348,
      0.0035906075578927992,
      0.0035778275336325167,
      0.0035646474514901636,
      0.003547279727160931,
      0.0035380135334283115,
      0.0035247993699461222,
      0.003504346160069108,
      0.003492275805324316,
      0.0034778729075938463,
      0.0034603839870542288,
      0.0034467568873614075,
      0.0034321877321600914,
      0.003415820577740669,
      0.003400740096792579,
      0.003380843352600932,
      0.003370705496817827,
      0.0033574055121839046,
      0.0033393115942925216,
      0.003321335583180189,
      0.003305441420003772,
      0.0032922420088201763,
      0.003272733026817441,
      0.0032627244287729263,
      0.003244989124536514,
      0.003229023098424077,
      0.0032084470531344414,
      0.0031954478411376475,
      0.003179939563944936,
      0.0031620413517206908,
      0.0031514664558321237,
      0.003126095618382096,
      0.0031139598606526853,
      0.0031029022938013078,
      0.0030833689120411873,
      0.0030695628701150417,
      0.0030599775222688915,
      0.0030449980399012565
    ],
    "eval_losses": [
      0.005422980491071939,
      0.004969202414900065,
      0.004619300184398889,
      0.004418117655813694,
      0.004277180160582065,
      0.004181720325350762,
      0.004060225895792246,
      0.003982764207571745,
      0.003947983980923891,
      0.0038773295544087885,
      0.003787074460089207,
      0.0037713619276881216,
      0.003722814664244652,
      0.0036333725698292256,
      0.0036067744173109532,
      0.0035619183853268623,
      0.003502712946385145,
      0.00346902983635664,
      0.0034273692652583123,
      0.003399660450965166
    ],
    "psnr": [
      22.659478842163086,
      23.038703982543947,
      23.355873876953126,
      23.549702691650392,
      23.69019157409668,
      23.78795975341797,
      23.91602655029297,
      24.000226428222657,
      24.03836466674805,
      24.116309539794923,
      24.219067431640624,
      24.236448513793945,
      24.293740576171874,
      24.39844468383789,
      24.430671185302735,
      24.484996908569336,
      24.55767516784668,
      24.600022076416014,
      24.65254930419922,
      24.687825411987305
    ],
    "best_epoch": 100,
    "best_step": null,
    "best_eval_loss": 0.003399660450965166
  },
  "test_results": {
    "test_loss": 0.0033970024690032005,
    "test_psnr": 24.69834302368164
  }
}