{
  "args": {
    "device": "cuda:0",
    "exp_home": "./results",
    "ds_name": "mnist",
    "mode": "denoising",
    "noise_std": 0.25,
    "down_scale": 2.0,
    "model_type": "conventional",
    "latent_dim": 784,
    "hidden_dims": [
      1150,
      1150,
      1150,
      1150,
      1150
    ],
    "wo_Win": true,
    "fix_Win": false,
    "I_Win": false,
    "wo_Wout": true,
    "batch_size": 128,
    "epochs": 30,
    "lr": 0.005,
    "use_augmentation": false,
    "aug_num": 2,
    "run_id": 1,
    "seed": 42
  },
  "training_logs": {
    "train_losses": [
      0.032612572942972186,
      0.028688853571414947,
      0.02930411193370819,
      0.029644345897436142,
      0.029305290027856826,
      0.028836279605031014,
      0.02904434883415699,
      0.028003348268866537,
      0.02772400325834751,
      0.02791348958492279,
      0.02699021224796772,
      0.026876137813329697,
      0.026513461027741433,
      0.026488287712335586,
      0.025634282712340355,
      0.02564358320057392,
      0.025016274399757385,
      0.02463141563475132,
      0.024389584026932715,
      0.023837297846078874,
      0.023543428130745888,
      0.0232587964707613,
      0.022846064720153807,
      0.022417275568842886,
      0.02194010013818741,
      0.021790927849411966,
      0.021321653217673302,
      0.021056258310675622,
      0.02070290199160576,
      0.020412502676844597
    ],
    "eval_losses": [
      0.02914509010016918,
      0.026300745105743407,
      0.024185803294181824,
      0.02305722430050373,
      0.021564705327153207,
      0.020129617622494697
    ],
    "psnr": [
      15.37380463256836,
      15.816512796020508,
      16.179474157714843,
      16.384453524780273,
      16.674615325927736,
      16.971934970092775
    ],
    "ssim": [
      0.8160526006698609,
      0.8308179595947266,
      0.8406553935050964,
      0.8452681760787963,
      0.8546357009887695,
      0.8616969371795654
    ],
    "best_epoch": 30,
    "best_step": null,
    "best_eval_loss": 0.020129617622494697
  },
  "test_results": {
    "test_loss": 0.01971358068883419,
    "test_psnr": 17.083501708984375,
    "test_ssim": 0.8643479551315307
  }
}