{
  "args": {
    "device": "cuda:7",
    "exp_home": "./results",
    "ds_name": "mnist",
    "mode": "denoising",
    "noise_std": 0.25,
    "down_scale": 2.0,
    "model_type": "conventional",
    "latent_dim": 784,
    "hidden_dims": [
      1150,
      1150,
      1150,
      1150,
      1150,
      1150,
      1150,
      1150,
      1150,
      1150
    ],
    "wo_Win": false,
    "fix_Win": true,
    "I_Win": false,
    "batch_size": 128,
    "epochs": 100,
    "lr": 0.0001,
    "use_augmentation": true,
    "aug_num": 4,
    "run_id": 1,
    "seed": 42
  },
  "training_logs": {
    "train_losses": [
      0.013253181005865335,
      0.00710833372503519,
      0.0063235312981903555,
      0.005906304580271244,
      0.005645296069383621,
      0.005452962056398392,
      0.005293368777185678,
      0.005174880696386099,
      0.005080473294705153,
      0.004981985488533974,
      0.004911217732131481,
      0.004846595519781113,
      0.004783273772746325,
      0.004730882671773433,
      0.00467956732571125,
      0.0046282981133461,
      0.004586859485358,
      0.004549332000464201,
      0.0045136958193779,
      0.004475482334345579,
      0.004441067445129156,
      0.004406929157674312,
      0.004378138823062181,
      0.00434992751032114,
      0.004321233139336109,
      0.004289890915304423,
      0.00426304716065526,
      0.004243407882153988,
      0.004217885349541903,
      0.004193856838196516,
      0.004171281962692738,
      0.004151942615658045,
      0.0041269033187627795,
      0.004108481829166412,
      0.0040897063191235065,
      0.004071616336554289,
      0.004055455204844475,
      0.00403543082088232,
      0.004011578524559736,
      0.0039935981534421445,
      0.003981155123710632,
      0.0039667851945757865,
      0.003946768396496773,
      0.003932338845059276,
      0.0039177926455438135,
      0.003902833402082324,
      0.003890820242762566,
      0.003875078556239605,
      0.0038575436640530827,
      0.0038432902370393275,
      0.003830043229609728,
      0.0038166794054210187,
      0.0038010954517126083,
      0.003792447257563472,
      0.003775025731921196,
      0.0037609422373771667,
      0.003752095630168915,
      0.0037386682131886483,
      0.003723139257580042,
      0.003715397438108921,
      0.003699321731030941,
      0.0036878111505508422,
      0.003677107965797186,
      0.003665098349452019,
      0.0036553574950993063,
      0.0036452193257957696,
      0.0036343592183291913,
      0.003623757917135954,
      0.003610104311183095,
      0.0035998843888193368,
      0.0035895047318190336,
      0.003581374118924141,
      0.003572716081291437,
      0.0035608002688735725,
      0.0035518628977239133,
      0.0035430637665838003,
      0.0035314746244251728,
      0.003522163988351822,
      0.0035133031485974787,
      0.0035048215737193823,
      0.0034979836544394493,
      0.003487996848896146,
      0.003476642900630832,
      0.0034660498106479647,
      0.0034605591447651384,
      0.0034531774935126305,
      0.003446259333193302,
      0.0034341946931928397,
      0.0034278707112371924,
      0.003419530716985464,
      0.003411229734271765,
      0.0034046691720187663,
      0.003395349686071277,
      0.003390635094717145,
      0.003384790696054697,
      0.003377051404044032,
      0.0033704296337068083,
      0.0033654756431281568,
      0.0033563148507475852,
      0.0033521079547703266
    ],
    "eval_losses": [
      0.005362707566469908,
      0.004753673121333122,
      0.004526994746923447,
      0.004382219294458627,
      0.004279576985538006,
      0.004169119389355182,
      0.00407288571447134,
      0.004020619647949934,
      0.0039649027287960055,
      0.00391386170014739,
      0.0038679554872214795,
      0.0038192520033568144,
      0.0037921306058764457,
      0.0037400344595313073,
      0.003729186498373747,
      0.0036878510810434816,
      0.003682532136887312,
      0.003652681431174278,
      0.003627209360897541,
      0.0035910581827163696
    ],
    "psnr": [
      22.708018478393555,
      23.231388195800783,
      23.443908819580077,
      23.584793270874023,
      23.688290740966796,
      23.801330560302734,
      23.903018884277344,
      23.958828756713867,
      24.019969647216797,
      24.07610768432617,
      24.12708081359863,
      24.18208928833008,
      24.213353063964842,
      24.273390747070312,
      24.285985122680664,
      24.334704495239258,
      24.34046350097656,
      24.37583289794922,
      24.406404440307618,
      24.449888879394532
    ],
    "ssim": [
      0.9148355052947998,
      0.9292317113876343,
      0.9331242688179016,
      0.9376846266746521,
      0.9403147687911987,
      0.9449476263046265,
      0.9452695631980896,
      0.9462020480155945,
      0.9497607188224793,
      0.951161227607727,
      0.9507839241027832,
      0.9518185652732849,
      0.9517603595733642,
      0.9543568642616272,
      0.9546367965698243,
      0.9555342748641967,
      0.956212904548645,
      0.9567995044708252,
      0.9579934144973755,
      0.9572617308616638
    ],
    "best_epoch": 100,
    "best_step": null,
    "best_eval_loss": 0.0035910581827163696
  },
  "test_results": {
    "test_loss": 0.0035931888218969105,
    "test_psnr": 24.455499908447266,
    "test_ssim": 0.9577076232910157
  }
}