{
  "args": {
    "device": "cuda:9",
    "exp_home": "./results",
    "ds_name": "mnist",
    "mode": "generative_classification",
    "noise_std": 0.25,
    "down_scale": 2.0,
    "model_type": "conventional",
    "latent_dim": 784,
    "hidden_dims": [
      785
    ],
    "wo_Win": true,
    "fix_Win": false,
    "I_Win": false,
    "wo_Wout": true,
    "batch_size": 128,
    "epochs": 50,
    "lr": 0.001,
    "use_augmentation": false,
    "aug_num": 2,
    "run_id": 2,
    "seed": 42
  },
  "training_logs": {
    "train_losses": [
      0.01648182975113392,
      0.007233090590983629,
      0.005801948795169592,
      0.0049949219389259815,
      0.004462089976221323,
      0.004035789676010608,
      0.0037197712226957084,
      0.003499714603871107,
      0.003234214274734259,
      0.003030297394543886,
      0.0028448512567579745,
      0.0026968786922842262,
      0.002576874976232648,
      0.0024490942756831644,
      0.0023464963924139737,
      0.0022265802290290593,
      0.0021394196124374866,
      0.0020522262170910837,
      0.001985284960232675,
      0.001933890032544732,
      0.0018359148836135865,
      0.001774962112866342,
      0.001738701908402145,
      0.0016878252214565872,
      0.0016629779915884138,
      0.001601015749052167,
      0.0015551983908563853,
      0.0015186268380656838,
      0.001475533704943955,
      0.0014306582163646816,
      0.001396925173997879,
      0.0013596623516082763,
      0.0013392523093894125,
      0.0012933143426850438,
      0.00128186553042382,
      0.0012551875880360604,
      0.0012178938810154796,
      0.0011771197132393718,
      0.0011749891485273837,
      0.0011468702272325753,
      0.0011154971648752688,
      0.001098819689936936,
      0.0010735529663786292,
      0.0010516120936721563,
      0.001029392908923328,
      0.0010146870405226946,
      0.000993330207131803,
      0.0009727148075029254,
      0.0009569514570757746,
      0.0009407356417551637
    ],
    "eval_losses": [
      0.006224677153676748,
      0.005805734673142433,
      0.005635705856978894,
      0.0053457834020257,
      0.005139116310328245,
      0.005082605252414942,
      0.004826800274848938,
      0.004899960442632437,
      0.004901818333566189,
      0.00473723309636116
    ],
    "psnr": [
      22.18069815979004,
      22.479037817382814,
      22.607743695068358,
      22.84142483520508,
      23.012255072021485,
      23.085663363647463,
      23.298590240478514,
      23.25340353088379,
      23.239138873291015,
      23.39930191345215
    ],
    "ssim": [
      0.928146185016632,
      0.9342773738861084,
      0.9374862152099609,
      0.9383706711769104,
      0.9429492637634277,
      0.94370258436203,
      0.9448094028472901,
      0.9445041290283203,
      0.9447025398254395,
      0.9466328254699707
    ],
    "best_epoch": 50,
    "best_step": null,
    "best_eval_loss": 0.00473723309636116
  },
  "test_results": {
    "test_loss": 0.004696216672100127,
    "test_psnr": 23.92177374572754,
    "test_ssim": 0.9474267676353455
  }
}