{
  "args": {
    "device": "cuda:2",
    "exp_home": "./results",
    "ds_name": "mnist",
    "mode": "generative_classification",
    "noise_std": 0.25,
    "down_scale": 2.0,
    "model_type": "conventional",
    "latent_dim": 784,
    "hidden_dims": [
      1150
    ],
    "wo_Win": false,
    "fix_Win": true,
    "I_Win": false,
    "batch_size": 128,
    "epochs": 100,
    "lr": 0.0005,
    "use_augmentation": true,
    "aug_num": 2,
    "run_id": 3,
    "seed": 42
  },
  "training_logs": {
    "train_losses": [
      0.018060714237093926,
      0.008883426243811846,
      0.00761149960026145,
      0.006867545543909073,
      0.006260945010483265,
      0.005772116840779782,
      0.005413931673169136,
      0.005096691256165504,
      0.004819155373722315,
      0.004507604439407587,
      0.00437537394836545,
      0.004148220947980881,
      0.003995867268741131,
      0.0038273153075575827,
      0.0036962014065682887,
      0.0035649296942353247,
      0.003460958942323923,
      0.0033593552120029925,
      0.0032628177082538604,
      0.00315914649695158,
      0.003051125193834305,
      0.0029854209718853234,
      0.002920526013970375,
      0.002837358275949955,
      0.002760202206522226,
      0.0027273025853186846,
      0.0026657632185518743,
      0.002601650913655758,
      0.0025468735871464012,
      0.0025157731618732212,
      0.0024814791630208494,
      0.0024070914784818888,
      0.0023705129569768905,
      0.002332457546144724,
      0.0022820772535353897,
      0.002230781945735216,
      0.002207845651730895,
      0.0021861220099776983,
      0.002148073085770011,
      0.0021305024629086258,
      0.0020697984726727008,
      0.002056293085590005,
      0.0020311285910382866,
      0.001995859152749181,
      0.001988498446419835,
      0.00196394153110683,
      0.0019314444598555565,
      0.0019041300424933435,
      0.0018743489455431699,
      0.0018714394640922546,
      0.0018230722948163747,
      0.0018086786788702011,
      0.0017851781086623668,
      0.0017740168477594852,
      0.0017516821514815093,
      0.0017253976535797119,
      0.0017175650183111429,
      0.0016785866520553827,
      0.0016840185333788396,
      0.0016611661583185197,
      0.0016481643848866225,
      0.0016219206581637264,
      0.0016018331985920668,
      0.001595237054117024,
      0.0015802659717947245,
      0.001561596019640565,
      0.0015431963470205665,
      0.00152851609185338,
      0.0015236845675110817,
      0.0015018641247972846,
      0.001494241194203496,
      0.0014808901868388056,
      0.001460301372334361,
      0.0014516507812589406,
      0.0014283557301014661,
      0.001415330200381577,
      0.0014008822710067034,
      0.0014004003179073333,
      0.0013739899151027203,
      0.0013621305499225856,
      0.0013553645210713147,
      0.001347069528847933,
      0.0013315255589038133,
      0.0013196201718598604,
      0.0013047955945879222,
      0.0012996499533951282,
      0.0012876351171731948,
      0.0012754099489748478,
      0.0012627362698689104,
      0.001246134253181517,
      0.0012382760724425315,
      0.001225618516728282,
      0.001216523315384984,
      0.0012054072568565607,
      0.0011967067801207305,
      0.001185400701239705,
      0.0011750921047478913,
      0.0011636078748479485,
      0.001151315947920084,
      0.0011488883278518915
    ],
    "eval_losses": [
      0.007587567776441574,
      0.00607630962729454,
      0.005895293579250574,
      0.005865359476208687,
      0.0054147409804165365,
      0.005524881108850241,
      0.005112623113393783,
      0.00510150042027235,
      0.004941133428364992,
      0.004953456326574087,
      0.0048980174027383324,
      0.004801266702264547,
      0.004734420202672482,
      0.004712323171645403,
      0.004692140052467585,
      0.004727290327101946,
      0.004637308512628079,
      0.004626123443990946,
      0.004563268721848726,
      0.004577991949021816
    ],
    "psnr": [
      21.257624490356445,
      22.24043390197754,
      22.378250677490236,
      22.39128439025879,
      22.752678970336913,
      22.656202200317384,
      23.00418264770508,
      23.011512698364257,
      23.157730709838866,
      23.15794089050293,
      23.192111889648437,
      23.28291534423828,
      23.348049765014647,
      23.366352557373048,
      23.384274411010743,
      23.35662854003906,
      23.439792349243163,
      23.451967654418944,
      23.513956423950194,
      23.49995414428711
    ],
    "best_epoch": 95,
    "best_step": null,
    "best_eval_loss": 0.004563268721848726
  },
  "test_results": {
    "test_loss": 0.004551281001977623,
    "test_psnr": 23.923158139038087
  }
}