{
  "args": {
    "device": "cuda:0",
    "exp_home": "./results",
    "ds_name": "mnist",
    "mode": "denoising",
    "noise_std": 0.25,
    "down_scale": 2.0,
    "model_type": "conventional",
    "latent_dim": 784,
    "hidden_dims": [
      2870,
      2870,
      2870,
      2870,
      2870
    ],
    "wo_Win": true,
    "fix_Win": false,
    "I_Win": false,
    "wo_Wout": true,
    "batch_size": 128,
    "epochs": 30,
    "lr": 0.005,
    "use_augmentation": false,
    "aug_num": 2,
    "run_id": 5,
    "seed": 42
  },
  "training_logs": {
    "train_losses": [
      0.10370123710870743,
      0.09775134034872054,
      0.09151319874763489,
      0.07946469155311585,
      0.07278046523332596,
      0.06950945269107818,
      0.06826946101188659,
      0.06682830435037614,
      0.06645192992448806,
      0.06564191086053849,
      0.06529573210358619,
      0.06436035389184952,
      0.06419113878726959,
      0.06396336324334144,
      0.06279074849843978,
      0.06223334758043289,
      0.061937088663578034,
      0.06148656593561173,
      0.06103353775382042,
      0.060521606665849687,
      0.06017899982213974,
      0.05931798385262489,
      0.0590134958410263,
      0.058688048344850544,
      0.05820265934824943,
      0.05783162113785744,
      0.05757300828695297,
      0.05717544386982918,
      0.0568763129556179,
      0.056647481455802916
    ],
    "eval_losses": [
      0.06917170732021331,
      0.06476373400688172,
      0.061321693372726443,
      0.05971221487522125,
      0.05704804249405861,
      0.05578186009526253
    ],
    "psnr": [
      11.605346112060547,
      11.891137937927246,
      12.128716735839843,
      12.244429789733887,
      12.442180053710938,
      12.539358563232422
    ],
    "ssim": [
      0.5984663857460022,
      0.6236297673225403,
      0.6366363182067871,
      0.6458622623443604,
      0.6574674666404724,
      0.6615083824157715
    ],
    "best_epoch": 30,
    "best_step": null,
    "best_eval_loss": 0.05578186009526253
  },
  "test_results": {
    "test_loss": 0.05600141112804413,
    "test_psnr": 12.550555987548828,
    "test_ssim": 0.6626478670120239
  }
}