{
  "args": {
    "device": "cuda:9",
    "exp_home": "./results",
    "ds_name": "mnist",
    "mode": "generative_classification",
    "noise_std": 0.25,
    "down_scale": 2.0,
    "model_type": "conventional",
    "latent_dim": 784,
    "hidden_dims": [
      905,
      905,
      905,
      905,
      905
    ],
    "wo_Win": true,
    "fix_Win": false,
    "I_Win": false,
    "wo_Wout": true,
    "batch_size": 128,
    "epochs": 50,
    "lr": 0.005,
    "use_augmentation": false,
    "aug_num": 2,
    "run_id": 2,
    "seed": 42
  },
  "training_logs": {
    "train_losses": [
      0.023516907892823218,
      0.01720169628739357,
      0.01573408286690712,
      0.014918215328454972,
      0.014275543080568314,
      0.014307977074086667,
      0.013536574632525444,
      0.013758045537173748,
      0.01328566732108593,
      0.01376569249510765,
      0.013515203170180321,
      0.012920934408605098,
      0.012913566538691522,
      0.013060253134667873,
      0.012361804938912391,
      0.01258080359429121,
      0.012100159149169922,
      0.012296117452979087,
      0.011890576664209366,
      0.011973426820933818,
      0.011820120556652545,
      0.011414428743124008,
      0.011380099234879017,
      0.011313077050447463,
      0.011354879629611968,
      0.011264992750287056,
      0.011055689055025578,
      0.010878591143488884,
      0.010977614909410476,
      0.010918960753381252,
      0.010611917485296727,
      0.010461685430705548,
      0.010519001132249833,
      0.010184577845335007,
      0.009988967004418373,
      0.010004712075591088,
      0.009944511764347554,
      0.010074902000129223,
      0.009862831105589867,
      0.009844841062426567,
      0.009799673111140729,
      0.009678554747998714,
      0.00954771910995245,
      0.00938890644788742,
      0.009411336470544339,
      0.009350018863081932,
      0.009298814889192581,
      0.009278700539171696,
      0.00923753294378519,
      0.009232396398186684
    ],
    "eval_losses": [
      0.015036167114973069,
      0.015093213593959808,
      0.015028263422846794,
      0.014465607061982156,
      0.014044362589716912,
      0.013499354383349418,
      0.01289280217885971,
      0.013053224967420101,
      0.012569545836746692,
      0.012633334413170815
    ],
    "psnr": [
      18.28104272155762,
      18.261477725219727,
      18.279448291015626,
      18.452234170532225,
      18.574110565185546,
      18.745930709838866,
      18.95230324707031,
      18.88921220703125,
      19.065902099609374,
      19.04193583984375
    ],
    "ssim": [
      0.9101018702507019,
      0.9110833341598511,
      0.9117647623062134,
      0.9137221210479737,
      0.9172962057113647,
      0.9196237785339355,
      0.9229047887802124,
      0.9224149922370911,
      0.9248353093147278,
      0.9244288730621338
    ],
    "best_epoch": 45,
    "best_step": null,
    "best_eval_loss": 0.012569545836746692
  },
  "test_results": {
    "test_loss": 0.012302867299318314,
    "test_psnr": 19.206717346191407,
    "test_ssim": 0.9258574249267578
  }
}