{
  "args": {
    "device": "cuda:2",
    "exp_home": "./results",
    "ds_name": "mnist",
    "mode": "generative_classification",
    "noise_std": 0.25,
    "down_scale": 2.0,
    "model_type": "conventional",
    "latent_dim": 784,
    "hidden_dims": [
      1150
    ],
    "wo_Win": false,
    "fix_Win": true,
    "I_Win": false,
    "batch_size": 128,
    "epochs": 100,
    "lr": 0.0005,
    "use_augmentation": true,
    "aug_num": 2,
    "run_id": 5,
    "seed": 42
  },
  "training_logs": {
    "train_losses": [
      0.018033119993507863,
      0.008972514340281486,
      0.007628824014514685,
      0.006855956872701645,
      0.006265712321102619,
      0.0058234191623330114,
      0.0054107039225101475,
      0.0050614739200472835,
      0.004817121822237968,
      0.004577015461623668,
      0.00433532937027514,
      0.004156238696724176,
      0.0039798745146393776,
      0.0038506250485777853,
      0.0036838353115320206,
      0.0035289155101776125,
      0.003450565427318215,
      0.0033362793320417406,
      0.003213827774450183,
      0.003171813301295042,
      0.0030521082754433157,
      0.0029483778636157513,
      0.002894129281640053,
      0.002862075303643942,
      0.002762040444612503,
      0.002718341112136841,
      0.002658658082932234,
      0.0025933155401051044,
      0.0025636526238173247,
      0.002470218626111746,
      0.002435173930078745,
      0.002401986711919308,
      0.0023472246568650005,
      0.0023053318869322536,
      0.0022900219979137184,
      0.002241171049028635,
      0.002220899594128132,
      0.0021725050811469554,
      0.002131623084358871,
      0.0021055945126712324,
      0.0021008232067525386,
      0.0020397078819572928,
      0.002024194687306881,
      0.0019874091740697624,
      0.001986147225871682,
      0.0019423454982787371,
      0.0019122948396205902,
      0.001896089758425951,
      0.0018867450993135572,
      0.00185742880448699,
      0.0018260881722718476,
      0.0018119471800327302,
      0.0017849519084393978,
      0.0017755818185210227,
      0.0017475870863348246,
      0.001742999357879162,
      0.0017086305779963732,
      0.0016840005360543727,
      0.0016673408187180758,
      0.001660812565535307,
      0.0016405574011057616,
      0.0016273035752773285,
      0.001600736062079668,
      0.0015874944145977496,
      0.0015736075001955032,
      0.001547661912329495,
      0.0015400168554484844,
      0.001529183618016541,
      0.0015091590318828821,
      0.0014951046837121248,
      0.0014861407984793186,
      0.00146652158703655,
      0.0014533826349675655,
      0.0014389548393338918,
      0.001424936356395483,
      0.001419498537555337,
      0.0014008623062819242,
      0.0013903188318386674,
      0.0013731498928368092,
      0.0013676092303544283,
      0.0013451257798075677,
      0.0013374058546498418,
      0.0013195220398902893,
      0.0013125111847370862,
      0.001308754470795393,
      0.0012830610562115908,
      0.001271505717858672,
      0.0012701669110357762,
      0.0012591336092352867,
      0.0012410406429320573,
      0.0012337663238868118,
      0.0012280254882574082,
      0.0012165301412716508,
      0.0011999254989624023,
      0.0011939539534971118,
      0.0011851214464008808,
      0.0011731648610159755,
      0.0011620548113435508,
      0.0011551089219748974,
      0.0011466947547346354
    ],
    "eval_losses": [
      0.007296220080554485,
      0.006606164722889662,
      0.005916069579869509,
      0.0056798078879714015,
      0.005663072463870048,
      0.005379826661199331,
      0.005272238487750292,
      0.005121465969085693,
      0.004978876833617687,
      0.0049937367036938666,
      0.004923309621959924,
      0.004829107747972012,
      0.0047691420704126354,
      0.004742937469482422,
      0.004665424310415983,
      0.004697483269870281,
      0.004695441077649593,
      0.0045806865207850935,
      0.004587209909036756,
      0.004556606517732143
    ],
    "psnr": [
      21.42961748352051,
      21.863280255126952,
      22.36009998168945,
      22.544564880371095,
      22.543189102172853,
      22.78341696472168,
      22.87152060546875,
      23.000565969848633,
      23.11943215332031,
      23.105885775756835,
      23.175066979980468,
      23.26187946166992,
      23.32112794494629,
      23.341043743896485,
      23.419317980957032,
      23.38795002746582,
      23.393930422973632,
      23.504061755371094,
      23.49886576538086,
      23.531037631225587
    ],
    "best_epoch": 100,
    "best_step": null,
    "best_eval_loss": 0.004556606517732143
  },
  "test_results": {
    "test_loss": 0.0044932416034862395,
    "test_psnr": 23.96179397277832
  }
}