{
  "args": {
    "device": "cuda:2",
    "exp_home": "./results",
    "ds_name": "mnist",
    "mode": "generative_classification",
    "noise_std": 0.25,
    "down_scale": 2.0,
    "model_type": "conventional",
    "latent_dim": 784,
    "hidden_dims": [
      1150
    ],
    "wo_Win": false,
    "fix_Win": true,
    "I_Win": false,
    "batch_size": 128,
    "epochs": 200,
    "lr": 0.0001,
    "use_augmentation": true,
    "aug_num": 2,
    "run_id": 2,
    "seed": 42
  },
  "training_logs": {
    "train_losses": [
      0.028818021605312823,
      0.011332933285534382,
      0.009139371682405471,
      0.007952100829482079,
      0.007111472454071045,
      0.006512488724589348,
      0.006039385132044554,
      0.00559898021876812,
      0.005252659035921097,
      0.004963198198825121,
      0.004706718845516444,
      0.004486192994117737,
      0.004253842959105968,
      0.004124698262959719,
      0.00394229909658432,
      0.0038008412812650205,
      0.003661339600235224,
      0.0035532275538146495,
      0.0034388238932192327,
      0.0033431696939468384,
      0.0032520948407799006,
      0.003178741050362587,
      0.0030876660761237143,
      0.003018724322542548,
      0.002944024848267436,
      0.002888546422570944,
      0.0028467879436165095,
      0.0027538823534548284,
      0.0027234935043752195,
      0.002685436220020056,
      0.002630635155811906,
      0.002599698708355427,
      0.002558953611403704,
      0.0025103863500058653,
      0.002476218519508839,
      0.0024434589525312183,
      0.0024123228346556425,
      0.002353876081705093,
      0.002345715206414461,
      0.0023094216780364515,
      0.0022882802985608576,
      0.0022665046659857036,
      0.00223656335324049,
      0.0022024161880463363,
      0.002193396212980151,
      0.0021568924690783023,
      0.00215565169967711,
      0.0021232125340402124,
      0.002113576933220029,
      0.002092135480940342,
      0.00206842541590333,
      0.002040001268386841,
      0.0020180622473359106,
      0.002005817347243428,
      0.001992348437085748,
      0.0019729946910217403,
      0.0019511263709515332,
      0.001946636449918151,
      0.0019286589704453946,
      0.0019061477676779032,
      0.001901207291893661,
      0.001882776088193059,
      0.0018759002212435007,
      0.0018501528427004813,
      0.001843163064494729,
      0.0018425466285645962,
      0.001817637538537383,
      0.0018094568821042775,
      0.001793178446292877,
      0.0017874536599963903,
      0.001776611687168479,
      0.0017693118122592568,
      0.0017482859941571952,
      0.0017490700537711383,
      0.0017239162191003562,
      0.0017235832569003106,
      0.0017119434597343205,
      0.0017037118461728097,
      0.0016930884272605181,
      0.0016941745585203171,
      0.001676910192221403,
      0.0016642639365047217,
      0.0016651464401185514,
      0.0016468944888561965,
      0.0016424952303618194,
      0.0016279929614067077,
      0.0016306328112632037,
      0.0016088284639269113,
      0.0016077916853874921,
      0.0016103070837259292,
      0.0016036601899191737,
      0.0015748710398375988,
      0.0015724455064535141,
      0.0015651803059875966,
      0.001564258989803493,
      0.0015540354993939399,
      0.0015466064273566007,
      0.001543867075741291,
      0.0015284584036841988,
      0.0015320026129484177,
      0.0015269747710227966,
      0.001515505634471774,
      0.0015182879492267967,
      0.0014986174040287734,
      0.0014973453805223107,
      0.0014889989531412721,
      0.0014803636510670186,
      0.0014807059319317342,
      0.0014744521478563548,
      0.0014637275180965663,
      0.001459749930948019,
      0.0014524249368160964,
      0.0014582824590802193,
      0.0014453102611005305,
      0.0014395172451436519,
      0.0014344865372776985,
      0.0014207133258134126,
      0.0014214317591115832,
      0.0014157902923226356,
      0.0014105955895781517,
      0.0014091357085853815,
      0.0013977657040953636,
      0.0014109572020918131,
      0.001392041794285178,
      0.0013941603977233171,
      0.001384041837081313,
      0.0013871579519659282,
      0.0013794201018661261,
      0.0013703483547270298,
      0.001371215717345476,
      0.00135778787586838,
      0.001351560699045658,
      0.0013580493170768022,
      0.0013474465768784285,
      0.0013493003825843335,
      0.0013428882041573525,
      0.0013342283827066422,
      0.0013365575725585222,
      0.0013269413835555314,
      0.0013252624952793121,
      0.001320909337066114,
      0.001306470966488123,
      0.0013053414621949195,
      0.0013072156570106744,
      0.001298001481220126,
      0.0013011058392748236,
      0.0012955180017650127,
      0.001292196614444256,
      0.0012925174596905707,
      0.001294823814816773,
      0.0012801416352018714,
      0.0012743854095041752,
      0.0012802601872384549,
      0.001272927502170205,
      0.0012689631528779864,
      0.0012661980406939984,
      0.0012600971864163875,
      0.0012543889958783984,
      0.0012535455173626542,
      0.0012475049560144544,
      0.0012529446451365947,
      0.0012409380131214857,
      0.0012396523106098175,
      0.0012381932820007206,
      0.0012324029648303986,
      0.001233348564878106,
      0.0012367719069123267,
      0.0012271977039426565,
      0.0012216419477760793,
      0.0012189877058193088,
      0.001212975798100233,
      0.0012127938436344266,
      0.0012085116954892875,
      0.0012071580401062966,
      0.0012076334892585873,
      0.0012006824078783392,
      0.0011964070516824721,
      0.0011939839893952012,
      0.0011917429947853088,
      0.0011827406352758407,
      0.0011842358990758657,
      0.0011888192316889762,
      0.001177161872461438,
      0.0011843331975489855,
      0.0011731710994243622,
      0.0011780185082182289,
      0.0011712810350209474,
      0.001170138065367937,
      0.0011666863625869155,
      0.0011646500708907843,
      0.0011584997159987689,
      0.0011575839594006538,
      0.001153201989904046,
      0.001158819570466876,
      0.0011549674439057709,
      0.0011502236750349402,
      0.0011457177834957837,
      0.001142852326594293,
      0.0011443484936654567,
      0.0011360023269057274
    ],
    "eval_losses": [
      0.007385386237502098,
      0.006233621735870838,
      0.005663508910685778,
      0.005441043937206268,
      0.005256347139179707,
      0.00527500819042325,
      0.005071790884435177,
      0.005044485923647881,
      0.005011412851512432,
      0.005075888395309448,
      0.004858041499555111,
      0.004971493175625801,
      0.004881256423145533,
      0.0048117105629295115,
      0.004778573500737548,
      0.004741558875888586,
      0.004750432115793228,
      0.00488130014538765,
      0.004720482079312205,
      0.004700572156906128,
      0.0046856836900115014,
      0.004747622225806117,
      0.004679854957014323,
      0.004649771809577942,
      0.004641942550987006,
      0.0046732587717473505,
      0.0047110778242349625,
      0.00462357115522027,
      0.004719398811459542,
      0.004758224067837,
      0.004712490181624889,
      0.004606843937188387,
      0.004601268414407968,
      0.004680451778322458,
      0.004657138961553574,
      0.0046608140796422955,
      0.004654885724186897,
      0.004624234974384308,
      0.004626787509024143,
      0.004653192308545113
    ],