{
  "args": {
    "device": "cuda:3",
    "exp_home": "./results",
    "ds_name": "mnist",
    "mode": "generative_classification",
    "noise_std": 0.25,
    "down_scale": 2.0,
    "model_type": "conventional",
    "latent_dim": 784,
    "hidden_dims": [
      1150,
      1150,
      1150,
      1150
    ],
    "wo_Win": true,
    "fix_Win": false,
    "I_Win": false,
    "batch_size": 128,
    "epochs": 100,
    "lr": 0.0005,
    "use_augmentation": true,
    "aug_num": 2,
    "run_id": 3,
    "seed": 42
  },
  "training_logs": {
    "train_losses": [
      0.012854291260391474,
      0.005220380977392197,
      0.004144437837153674,
      0.003391082667633891,
      0.0028911455796658994,
      0.0025395375532656908,
      0.0022937678797356783,
      0.0021209123170375824,
      0.0018801134183257819,
      0.0017099812210351229,
      0.00156660141332075,
      0.001471068996414542,
      0.0013405796998552978,
      0.001236493737399578,
      0.0012281254595331848,
      0.0011323981032520533,
      0.0010812831992842258,
      0.0010002790215052665,
      0.0009704464905522763,
      0.0009115275140758604,
      0.0008915167309157551,
      0.0008195649949274957,
      0.000719332237932831,
      0.000726128408741206,
      0.0006554478903952986,
      0.0007594854895118624,
      0.0006210668520350009,
      0.0005540733428066597,
      0.0005901639997772872,
      0.0005661799430008977,
      0.0005064662920683622,
      0.0004945130590349436,
      0.00048793993279337884,
      0.0004564493526238948,
      0.00044914930107072,
      0.00043221396092325446,
      0.0004391184894833714,
      0.0004023642732575536,
      0.00035952103037852794,
      0.0003662322598602623,
      0.00033610221724025905,
      0.00031390361321158706,
      0.00034542219227179887,
      0.000302239250075072,
      0.0003020353923179209,
      0.00026596353685017675,
      0.0002959255563956685,
      0.0002792922932328656,
      0.00023684867766685783,
      0.0002611556799756363,
      0.00021895337441004813,
      0.00021274992464110254,
      0.0002316815795493312,
      0.00021449652024544774,
      0.00018262009121943265,
      0.00018057835988467559,
      0.0002076512655057013,
      0.00016769239361165092,
      0.00015950117751024664,
      0.0001680887034186162,
      0.0001567593314079568,
      0.00013754465509555302,
      0.0001842967254295945,
      0.00011737172107445076,
      0.00010701942835235969,
      0.00013323164392495528,
      9.296550008235499e-05,
      0.0001099443647172302,
      0.00011460700440220535,
      8.882677725050599e-05,
      8.703595794388093e-05,
      9.470268324599601e-05,
      8.987729459418915e-05,
      8.1634828413371e-05,
      8.073736811755225e-05,
      7.395447679795324e-05,
      5.859143605805002e-05,
      7.772643839707599e-05,
      5.5383509271778165e-05,
      5.633350606658496e-05,
      4.4265171127626674e-05,
      4.093001645873301e-05,
      4.9568751797778535e-05,
      3.7964051668532196e-05,
      3.951425262901466e-05,
      3.5515185064869e-05,
      2.9342970379511826e-05,
      2.9731821147724985e-05,
      3.148724535247311e-05,
      2.737377354002092e-05,
      2.4172807079739867e-05,
      2.3140960072050803e-05,
      2.0353890651022084e-05,
      1.876625413133297e-05,
      1.4406554529850836e-05,
      1.4647070443315898e-05,
      1.6855343929200898e-05,
      1.6172583191655575e-05,
      1.2769290333963e-05,
      1.1890205205127131e-05
    ],
    "eval_losses": [
      0.005078458789736033,
      0.0039384629540145395,
      0.003895967865921557,
      0.0037160230815410614,
      0.003624180636741221,
      0.0035343363869935274,
      0.0033340725138783457,
      0.003469620542228222,
      0.003382988216727972,
      0.003287418329715729,
      0.003203770118486136,
      0.0032626062798313798,
      0.0033171093298122287,
      0.0030577251689042897,
      0.0032916645494115073,
      0.003193707548949169,
      0.0029959073255740806,
      0.002962181015883107,
      0.0026432717528470677,
      0.0027221375659049955
    ],
    "psnr": [
      23.194563500976564,
      24.337157153320312,
      24.452723138427736,
      24.771692837524412,
      24.809267025756835,
      24.934001455688477,
      25.444246203613282,
      25.146092388916017,
      25.18502033081055,
      25.67301750793457,
      25.67459874267578,
      25.439529791259766,
      25.69480778503418,
      25.957516802978514,
      25.58100192260742,
      25.665749279785157,
      25.994211645507814,
      26.067510687255858,
      26.88169623413086,
      26.844179248046874
    ],
    "best_epoch": 95,
    "best_step": null,
    "best_eval_loss": 0.0026432717528470677
  },
  "test_results": {
    "test_loss": 0.0023457508063140266,
    "test_psnr": 30.41259395751953
  }
}