{
  "args": {
    "device": "cuda:0",
    "exp_home": "./results",
    "ds_name": "mnist",
    "mode": "generative_classification",
    "noise_std": 0.25,
    "down_scale": 2.0,
    "model_type": "conventional",
    "latent_dim": 784,
    "hidden_dims": [
      1150,
      1150,
      1150,
      1150
    ],
    "wo_Win": false,
    "fix_Win": true,
    "I_Win": true,
    "batch_size": 128,
    "epochs": 100,
    "lr": 0.0005,
    "use_augmentation": false,
    "aug_num": 2,
    "run_id": 5,
    "seed": 42
  },
  "training_logs": {
    "train_losses": [
      0.013319817957878113,
      0.004738873061090707,
      0.0034791362900286915,
      0.0028389283771812915,
      0.002372912096083164,
      0.0021006416381150485,
      0.001925857142303139,
      0.001785608443915844,
      0.0014553348302841186,
      0.0013599052242934703,
      0.0014004453334677965,
      0.0011231119849905373,
      0.0010962522556446494,
      0.001095277402549982,
      0.001008970612809062,
      0.0009143144501838833,
      0.0008198543789610267,
      0.0007945136744808406,
      0.000744074864834547,
      0.0006964688133448363,
      0.0005596104391850531,
      0.0006188548468332738,
      0.0006914452170394361,
      0.0006258594589866697,
      0.0004853806873364374,
      0.0005769964251853526,
      0.0004439787757769227,
      0.00046979299964383246,
      0.0004914380230382085,
      0.000414322287091054,
      0.00046155499113723634,
      0.0004172764493897557,
      0.0003726752527104691,
      0.0003827389980247244,
      0.00031086458936333656,
      0.0003555794846406206,
      0.00031009603864513337,
      0.0002798125246935524,
      0.0003036030596680939,
      0.00027492367937695237,
      0.00021972834670916198,
      0.0002626705900300294,
      0.00029766156036406755,
      0.00020057476211339235,
      0.0002812235440011136,
      0.0002549303725128993,
      0.0002537762020668015,
      0.00018668444364797323,
      0.00020318114901892841,
      0.00016150086471810937,
      0.00014698074063286185,
      0.0001639869502792135,
      0.00016670368407620118,
      0.00018093824152834714,
      0.00020958576566306873,
      9.791097198147327e-05,
      0.00012871322045102714,
      0.00014915019453968852,
      0.00013352079489734023,
      8.943824803107419e-05,
      9.386766840703785e-05,
      7.864713178714738e-05,
      0.00013228298572357745,
      0.00010569281472358852,
      8.889726080524269e-05,
      8.007456496357918e-05,
      0.00011073715017177165,
      7.207605718635022e-05,
      6.500730997533538e-05,
      4.763850677409209e-05,
      7.959871845552698e-05,
      8.252069669542835e-05,
      4.075079701258801e-05,
      3.5956698037916795e-05,
      5.0298594307969325e-05,
      5.315788288717158e-05,
      4.511981610849034e-05,
      4.385019664769061e-05,
      4.358853190788068e-05,
      2.3510854385676794e-05,
      3.141653809172567e-05,
      2.0091832322650588e-05,
      2.1819003715063446e-05,
      3.385833765263669e-05,
      2.3893374833860436e-05,
      3.233130913227797e-05,
      3.073729692609049e-05,
      3.082539634648129e-05,
      2.1542476540780626e-05,
      1.720557480119169e-05,
      1.814724993775599e-05,
      1.297023430437548e-05,
      1.1999459927028511e-05,
      1.1553046310145874e-05,
      1.1140111016575248e-05,
      1.7962624718638835e-05,
      1.0386956350994296e-05,
      1.1166584450256777e-05,
      1.0882041765144095e-05,
      9.140405415382703e-06
    ],
    "eval_losses": [
      0.004354566834867001,
      0.0038028304003179074,
      0.0035755615230649708,
      0.0033586254769004883,
      0.0033157930338289588,
      0.0033225690906285308,
      0.0032173311893828214,
      0.0034723407693207265,
      0.0034556244059465824,
      0.0030612680534017273,
      0.002986294213391375,
      0.002773155576409772,
      0.0031138907523825766,
      0.0030981880478328093,
      0.003272195657849079,
      0.0033616728686029092,
      0.0031719370658436674,
      0.002663302179582388,
      0.003192922676711169,
      0.0026694408508599735
    ],
    "psnr": [
      24.03895181274414,
      24.64847169189453,
      25.002914074707032,
      25.45627888183594,
      25.69530115966797,
      25.410300170898438,
      25.759383120727538,
      25.277079333496093,
      25.25873676147461,
      26.10838515625,
      26.18066092529297,
      26.54180358581543,
      26.11894296875,
      26.430552941894533,
      25.87944318847656,
      25.59040999145508,
      26.273010717773438,
      27.004429705810548,
      26.31986099243164,
      27.370611309814453
    ],
    "best_epoch": 90,
    "best_step": null,
    "best_eval_loss": 0.002663302179582388
  },
  "test_results": {
    "test_loss": 0.003344956075504888,
    "test_psnr": 28.921141369628906
  }
}