{
  "args": {
    "device": "cuda:0",
    "exp_home": "./results",
    "ds_name": "mnist",
    "mode": "denoising",
    "noise_std": 0.25,
    "down_scale": 2.0,
    "model_type": "conventional",
    "latent_dim": 784,
    "hidden_dims": [
      1470
    ],
    "wo_Win": true,
    "fix_Win": false,
    "I_Win": false,
    "wo_Wout": true,
    "batch_size": 128,
    "epochs": 30,
    "lr": 0.0001,
    "use_augmentation": false,
    "aug_num": 2,
    "run_id": 3,
    "seed": 42
  },
  "training_logs": {
    "train_losses": [
      0.037752764909267426,
      0.012149696008265019,
      0.008672413807511329,
      0.007165801030397415,
      0.006363600844591856,
      0.005891983488351107,
      0.005561535664498806,
      0.005338714653253555,
      0.00515836378261447,
      0.005030791369527578,
      0.004930516117960215,
      0.004839777103215456,
      0.004760108627825975,
      0.0047098683206737045,
      0.0046616546568274495,
      0.004624500690996647,
      0.004589517884999513,
      0.004561876204758883,
      0.004533341903537512,
      0.004492210009545088,
      0.004476176352202892,
      0.004461399158537388,
      0.004443108463734388,
      0.004432803652733564,
      0.0044168226757645606,
      0.004401393411904574,
      0.0043908758476376535,
      0.004388080122768879,
      0.004373649803102017,
      0.004375829276442528
    ],
    "eval_losses": [
      0.00581182354465127,
      0.004754108748584986,
      0.00443884471654892,
      0.004323162589222193,
      0.004274421005696059,
      0.004247130148857832
    ],
    "psnr": [
      22.359573480224608,
      23.231693789672853,
      23.529308096313475,
      23.64427225036621,
      23.693288104248047,
      23.721060232543945
    ],
    "ssim": [
      0.821376681137085,
      0.8676152814865112,
      0.8878791255950927,
      0.899684399986267,
      0.9043220705032349,
      0.9071744453430176
    ],
    "best_epoch": 30,
    "best_step": null,
    "best_eval_loss": 0.004247130148857832
  },
  "test_results": {
    "test_loss": 0.0041860390402376655,
    "test_psnr": 23.791744839477538,
    "test_ssim": 0.9095918027877807
  }
}