{
  "args": {
    "device": "cuda:1",
    "exp_home": "./results",
    "ds_name": "mnist",
    "mode": "generative_classification",
    "noise_std": 0.25,
    "down_scale": 2.0,
    "model_type": "conventional",
    "latent_dim": 784,
    "hidden_dims": [
      1150,
      1150,
      1150,
      1150,
      1150,
      1150
    ],
    "wo_Win": true,
    "fix_Win": false,
    "I_Win": false,
    "batch_size": 128,
    "epochs": 200,
    "lr": 0.0005,
    "use_augmentation": true,
    "aug_num": 2,
    "run_id": 4,
    "seed": 42
  },
  "training_logs": {
    "train_losses": [
      0.011993117152154446,
      0.0054760491417348385,
      0.004320447242110967,
      0.0036341632187366487,
      0.00318217138312757,
      0.0028416589513421057,
      0.0025514514400437473,
      0.0024105155334994198,
      0.002166158399358392,
      0.001962926034219563,
      0.001873905112221837,
      0.0017432576138339936,
      0.0016997703442722559,
      0.0015349887309223412,
      0.0014938340898789466,
      0.0013514637288637458,
      0.001316866756696254,
      0.001264794042725116,
      0.0012120478900894522,
      0.0010988169001974165,
      0.0011592185870558022,
      0.0010667588207218797,
      0.0009684241034090519,
      0.0009567788403667509,
      0.0009122227617260069,
      0.0008728229680284858,
      0.0009000397304538638,
      0.000812129289470613,
      0.0008198406739998609,
      0.0008507153383735568,
      0.0007106193089671433,
      0.0007132893356215209,
      0.0007533247152436525,
      0.000664532937547192,
      0.0006507531437370927,
      0.0006821612910926342,
      0.000588466874724254,
      0.0006359870099741966,
      0.0005994505727943033,
      0.0005887902209162712,
      0.0005618136733677239,
      0.0005939224572386592,
      0.0005735131783038377,
      0.0005343160044122487,
      0.0005581649409513921,
      0.00045504788701422513,
      0.0005094760338682681,
      0.0004845562759693712,
      0.0005224529852578416,
      0.00043459774700924754,
      0.0004445126657374203,
      0.0004768645900581032,
      0.0004624741057306528,
      0.0003958940247260034,
      0.00040822771253064277,
      0.0004256432795152068,
      0.0004137314921524376,
      0.0004075011345045641,
      0.0004024331752676517,
      0.00033790485554374754,
      0.0003682362155523151,
      0.0003712197648873553,
      0.0004066015852754936,
      0.00035196914937347175,
      0.00037591023690532893,
      0.0003474363165674731,
      0.00034042560921981933,
      0.0002871735062683001,
      0.0003688073082547635,
      0.0003002059159381315,
      0.0003828515584068373,
      0.0003145274172583595,
      0.00025915789304301143,
      0.0003051925646327436,
      0.00028340862580109386,
      0.0002980758373159915,
      0.0002789501681365073,
      0.0002461661023646593,
      0.00028589827073272317,
      0.0002451517963036895,
      0.00027660067978780716,
      0.00022327206584392116,
      0.00025401716148946437,
      0.00029484250826062637,
      0.00018754199341870843,
      0.00026821293130982666,
      0.00024192623631563037,
      0.00025427715975791216,
      0.00019426915453514085,
      0.00021817468354711308,
      0.00019685205527348443,
      0.00020237110351677983,
      0.0002498766415985301,
      0.0002057173011219129,
      0.0002060511455638334,
      0.0001780449281889014,
      0.0001932801031600684,
      0.00021602104273857548,
      0.00022279391296440735,
      0.00013345127277774736,
      0.00021993605369701982,
      0.0001662027662061155,
      0.00018979915203992277,
      0.0001460502805467695,
      0.00019634113701526076,
      0.00016598034135298804,
      0.00012896077745826916,
      0.00014754109669011086,
      0.0001412686927546747,
      0.0001629567766794935,
      0.00011987472375039943,
      0.0001656717891781591,
      0.0001552141090319492,
      0.00012877614601282403,
      0.0001398424731520936,
      0.0001464178934157826,
      0.00012397974282270298,
      0.00012089381114812567,
      0.00014578674615826459,
      0.00011843561223475263,
      0.00011162534017232247,
      9.976131978211925e-05,
      0.00012631067081587388,
      0.00011438477702904493,
      0.0001133460146235302,
      0.0001187084693252109,
      0.00010877919487189501,
      0.00012093778594164178,
      9.265681628719904e-05,
      0.00010063971818890423,
      9.02417815849185e-05,
      9.637297488632612e-05,
      8.076215856825001e-05,
      8.022741312044672e-05,
      7.74713924783282e-05,
      9.396485902252607e-05,
      6.115873427246697e-05,
      8.322593346587383e-05,
      8.985787185141817e-05,
      6.758121641119941e-05,
      9.764421597938053e-05,
      6.079978996305727e-05,
      4.474390984338243e-05,
      5.928785820142366e-05,
      4.943007600493729e-05,
      6.961195667507127e-05,
      6.42419986135792e-05,
      5.745064570335671e-05,
      5.6979400649433956e-05,
      5.8873178642243146e-05,
      6.13096995302476e-05,
      4.1962015596218404e-05,
      4.79653105646139e-05,
      4.3932150588952934e-05,
      4.691024021041812e-05,
      4.337060417747125e-05,
      4.173492798872758e-05,
      4.011109333921922e-05,
      3.274140969268046e-05,
      2.6952848499058746e-05,
      4.023446047271136e-05,
      3.4816884831525385e-05,
      3.408993201504927e-05,
      2.059265350457281e-05,
      2.7094549947651104e-05,
      3.470600319269579e-05,
      2.344704823801294e-05,
      3.1555681199533866e-05,
      2.166838422883302e-05,
      2.9221101465227547e-05,
      2.3656862128991635e-05,
      1.2272554730880074e-05,
      1.1998499440960586e-05,
      1.8626239806762895e-05,
      2.34669155505253e-05,
      2.2783552897744812e-05,
      1.483642127015628e-05,
      1.659516376967076e-05,
      1.583152571867686e-05,
      1.218744546524249e-05,
      2.4709213255846406e-05,
      8.72118621104164e-06,
      8.655874790856614e-06,
      9.720857602660545e-06,
      1.190907829150092e-05,
      9.68268461409025e-06,
      9.997960610489827e-06,
      1.12804509565467e-05,
      5.67959166073706e-06,
      7.2984185270615855e-06,
      9.640467608696782e-06,
      6.3998518916196186e-06,
      7.409865028166678e-06,
      7.044378945429344e-06,
      6.634175577783026e-06,
      4.630311758810422e-06,
      5.1107164489803835e-06,
      7.421587248391006e-06,
      5.111620268435217e-06,
      5.309565515199211e-06
    ],
    "eval_losses": [
      0.00505090022906661,
      0.004024582325667143,
      0.003874598860740662,
      0.0035984389528632165,
      0.0043737066932022575,
      0.003544654893502593,
      0.003591247762273997,
      0.0037423193206079304,
      0.0033785436304518955,
      0.005126035835035145,
      0.004193290799821261,
      0.0035603243668563666,
      0.003602340087830089,
      0.004474064232292585,
      0.003714096675440669,
      0.0035590073697734626,
      0.0027512434023432434,
      0.0030165155831142327,
      0.003180172741692513,
      0.0034111598376417532,
      0.0034931950349127872,
      0.0037316928228363394,
      0.003154590638168156,
      0.0035808706171286757,
      0.0032482492689159697,
      0.0037882101132301615,
      0.0031300708327442407,
      0.0032969614061526954,
      0.003241116501297802,
      0.003858657715842128,
      0.003014325616508722,
      0.002899397079682967,
      0.0030959482880629366,
      0.002862275782339566,
      0.0029560809945949587,
      0.003051525173979462,
      0.0033546209544641895,
      0.0028686715492811346,
      0.002974961482584331,
      0.0027804471706140248
    ],