{
  "args": {
    "device": "cuda:7",
    "exp_home": "./results",
    "ds_name": "mnist",
    "mode": "denoising",
    "noise_std": 0.25,
    "down_scale": 2.0,
    "model_type": "conventional",
    "latent_dim": 784,
    "hidden_dims": [
      1150,
      1150,
      1150,
      1150,
      1150,
      1150,
      1150,
      1150,
      1150,
      1150
    ],
    "wo_Win": false,
    "fix_Win": false,
    "I_Win": false,
    "batch_size": 128,
    "epochs": 100,
    "lr": 0.0001,
    "use_augmentation": true,
    "aug_num": 4,
    "run_id": 2,
    "seed": 42
  },
  "training_logs": {
    "train_losses": [
      0.012319642294794321,
      0.006375585938841104,
      0.005678455199301243,
      0.005326747344434261,
      0.005109043258279562,
      0.004944574932903051,
      0.00482713622584939,
      0.004729915684908628,
      0.004634531129300594,
      0.00457079759478569,
      0.004502070529162884,
      0.004447703651636839,
      0.004397659130692482,
      0.004345834381729364,
      0.004310695703476667,
      0.004269103689193725,
      0.004230361304879189,
      0.004197655878216028,
      0.0041631572496891025,
      0.004132664506733418,
      0.004102346029728651,
      0.0040708434341102835,
      0.00404641496270895,
      0.004021516536027193,
      0.003999570771753788,
      0.003970184237211943,
      0.003951914578229189,
      0.003929831368774176,
      0.0039055748946964742,
      0.0038817273645848035,
      0.0038645263380557297,
      0.003845191238373518,
      0.0038274465119838715,
      0.003808250410631299,
      0.0037900274234265088,
      0.003771375242322683,
      0.0037542149838805197,
      0.0037369511510431767,
      0.003725437677949667,
      0.0037064463979005814,
      0.003688830780386925,
      0.003677088936343789,
      0.0036636292872577907,
      0.003646148691996932,
      0.0036311665485799314,
      0.0036169889018684625,
      0.0036063419347256423,
      0.003594605317488313,
      0.0035775286630541085,
      0.003568312063217163,
      0.0035527610685676335,
      0.0035428956803679468,
      0.003529498732239008,
      0.0035149768749624492,
      0.0035053367110341785,
      0.003491615033149719,
      0.0034810458106547594,
      0.003471121455207467,
      0.0034583656287193298,
      0.0034508534817397594,
      0.003435179335922003,
      0.0034279685892164707,
      0.0034156720347702503,
      0.003407254490479827,
      0.003397126456797123,
      0.0033862974010407925,
      0.003375180262476206,
      0.003368350620046258,
      0.0033586973704397677,
      0.003347422520443797,
      0.0033402694020420315,
      0.0033339592892676594,
      0.0033216826748847963,
      0.0033135823798179625,
      0.0033029090155661106,
      0.0032943769703805445,
      0.0032862467362731696,
      0.0032813639441877603,
      0.0032699002777040005,
      0.003262843754068017,
      0.0032565582739561795,
      0.0032433856020867824,
      0.003238505231142044,
      0.0032342210153490304,
      0.003226316416710615,
      0.0032144946087151764,
      0.003208089532777667,
      0.0032021787777543067,
      0.0031948395557701587,
      0.0031864498741924763,
      0.003180541038289666,
      0.003176043904274702,
      0.0031671517577022312,
      0.003161567103341222,
      0.0031547854416817426,
      0.0031500927752256395,
      0.003145589210540056,
      0.003139584956392646,
      0.003133461463972926,
      0.003129270079135895
    ],
    "eval_losses": [
      0.004877784904837608,
      0.00441450232565403,
      0.004225338286906481,
      0.004093351019173861,
      0.003983947528153658,
      0.003931828171014786,
      0.0038236024998128415,
      0.0037881745912134645,
      0.003714933016896248,
      0.003673590025305748,
      0.0036247133247554303,
      0.003603291132301092,
      0.003568616943061352,
      0.0035280326876789333,
      0.0035102051243186,
      0.0034747298344969747,
      0.0034589174203574656,
      0.003431956398114562,
      0.003423340117186308,
      0.0033919193260371684
    ],
    "psnr": [
      23.119679931640626,
      23.553420602416992,
      23.743146759033202,
      23.881066864013672,
      23.998803442382812,
      24.056311251831055,
      24.17725752258301,
      24.217679278564454,
      24.302432055664063,
      24.351098529052734,
      24.409290951538086,
      24.434841494750977,
      24.477084411621092,
      24.52653070373535,
      24.548853781127928,
      24.59238442993164,
      24.612585147094727,
      24.646590121459962,
      24.65728844909668,
      24.697368759155275
    ],
    "ssim": [
      0.9212278716087341,
      0.9275329464912414,
      0.9368552324295044,
      0.9381687587738037,
      0.9436696254730225,
      0.9456745963096619,
      0.9467821346282959,
      0.9483903660774231,
      0.9508367872238159,
      0.9516693979263305,
      0.9525895467758179,
      0.9527757427215576,
      0.9562083261489868,
      0.9556052942276001,
      0.9579599879264832,
      0.9572517576217652,
      0.9583450664520263,
      0.9585738220214843,
      0.9590515556335449,
      0.959674446105957
    ],
    "best_epoch": 100,
    "best_step": null,
    "best_eval_loss": 0.0033919193260371684
  },
  "test_results": {
    "test_loss": 0.0033961130362004043,
    "test_psnr": 24.6998329498291,
    "test_ssim": 0.9600280771255493
  }
}