{
  "args": {
    "device": "cuda:9",
    "exp_home": "./results",
    "ds_name": "mnist",
    "mode": "generative_classification",
    "noise_std": 0.25,
    "down_scale": 2.0,
    "model_type": "conventional",
    "latent_dim": 784,
    "hidden_dims": [
      1150,
      1150,
      1150,
      1150,
      1150,
      1150,
      1150,
      1150,
      1150,
      1150
    ],
    "wo_Win": false,
    "fix_Win": true,
    "I_Win": false,
    "batch_size": 128,
    "epochs": 100,
    "lr": 0.0005,
    "use_augmentation": false,
    "aug_num": 2,
    "run_id": 2,
    "seed": 42
  },
  "training_logs": {
    "train_losses": [
      0.012277045963704585,
      0.005750439948141575,
      0.004341141405105591,
      0.0038204374253004787,
      0.003225124659538269,
      0.003210859259366989,
      0.0029603699146211145,
      0.0029013338442146776,
      0.0023023936223983766,
      0.0026300979129970075,
      0.002356069170534611,
      0.001938711617514491,
      0.0020964703805744648,
      0.0016817962323874235,
      0.0015804894338734448,
      0.0023700870221853255,
      0.0018358736007288098,
      0.001820094376541674,
      0.0013260190539062023,
      0.0014442111194506288,
      0.0013064913222193717,
      0.0013012755966186524,
      0.0012785218708217143,
      0.0013411881176941098,
      0.0011013030378520488,
      0.0017425828662142157,
      0.0012570570198446513,
      0.0009456817132607102,
      0.0009003422706946731,
      0.0009675445050373674,
      0.0007743244168907404,
      0.0009591963036730886,
      0.000904738150164485,
      0.0007838751839846373,
      0.0006342966444324702,
      0.0008606667887419463,
      0.0008164692472293973,
      0.0010765007225610316,
      0.0007738855284452438,
      0.0007551258977409452,
      0.0006067717945575714,
      0.000549464264716953,
      0.0005675541201792657,
      0.000774085125401616,
      0.0006102312424313276,
      0.0005468484690785408,
      0.0013066593354567886,
      0.0006624729430675507,
      0.0004510503544472158,
      0.0006018832614086569,
      0.0005488132471591235,
      0.0004712346176803112,
      0.0003653239506389946,
      0.0004472059588273987,
      0.0003935674662981182,
      0.0003721305456012487,
      0.00037678943718783556,
      0.000361496308282949,
      0.00030478230389766395,
      0.00041969829625450073,
      0.0003584892158117145,
      0.0006572726600896567,
      0.00032760415390133856,
      0.0002547682323679328,
      0.00043625166848301885,
      0.00039974955026060344,
      0.0004016987970331684,
      0.00033952993508428337,
      0.00024072689183522015,
      0.00032658184153027835,
      0.00026879773255437614,
      0.0002353237918484956,
      0.0002654177878238261,
      0.00020146690928842873,
      0.00020302086209878325,
      0.0003728917802125216,
      0.000374398560943082,
      0.00020463460422120988,
      0.00018691590139642358,
      0.0002131102928519249,
      0.00020243955860845745,
      0.00018820677226409315,
      0.00016887891955673695,
      0.00016518095280975103,
      0.00019309210230596363,
      0.00016551281678956002,
      0.00016846006457228214,
      0.00016774579014629127,
      0.0001701103967614472,
      0.00014550118239596487,
      0.0001415327208582312,
      0.00014582149762194604,
      0.000138159432252869,
      0.00014152623560745268,
      0.00013555831781122832,
      0.00013219280288089067,
      0.00012612687698099762,
      0.00012148643855471164,
      0.0001223093198472634,
      0.00012210632587317377
    ],
    "eval_losses": [
      0.003992807752080262,
      0.004048498468846083,
      0.0030893755139783023,
      0.002879834150895476,
      0.00289730376098305,
      0.002287172554992139,
      0.003932169640623033,
      0.0022550086338073015,
      0.0021660588385770097,
      0.0021664320148993286,
      0.002415980851976201,
      0.002395778220635839,
      0.0020808103138348086,
      0.002133019118360244,
      0.0020983126474253366,
      0.002184128690644866,
      0.00209995439236518,
      0.0018833727650344372,
      0.0017788904617656953,
      0.0018504968752124113
    ],
    "psnr": [
      24.28017903137207,
      24.133682308959962,
      25.618153912353517,
      25.852059130859374,
      26.049901971435546,
      27.08969160461426,
      24.428959185791015,
      27.178214340209962,
      27.755257946777345,
      27.529634381103516,
      26.99459087524414,
      27.31020947265625,
      27.916383935546875,
      27.61996410522461,
      28.155561968994142,
      27.875680743408203,
      28.085503198242186,
      29.00829534301758,
      29.459247875976562,
      29.111072680664062
    ],
    "best_epoch": 95,
    "best_step": null,
    "best_eval_loss": 0.0017788904617656953
  },
  "test_results": {
    "test_loss": 0.0017745471702801296,
    "test_psnr": 31.463243914794923
  }
}