{
  "args": {
    "device": "cuda:0",
    "exp_home": "./results",
    "ds_name": "mnist",
    "mode": "denoising",
    "noise_std": 0.25,
    "down_scale": 2.0,
    "model_type": "conventional",
    "latent_dim": 784,
    "hidden_dims": [
      1470,
      1470,
      1470,
      1470
    ],
    "wo_Win": true,
    "fix_Win": false,
    "I_Win": false,
    "wo_Wout": true,
    "batch_size": 128,
    "epochs": 30,
    "lr": 0.001,
    "use_augmentation": false,
    "aug_num": 2,
    "run_id": 2,
    "seed": 42
  },
  "training_logs": {
    "train_losses": [
      0.01326742822766304,
      0.009437507071495056,
      0.008383034281730652,
      0.007510666185170412,
      0.006657076781839132,
      0.006069154600203038,
      0.005681326953470707,
      0.005412331145256757,
      0.005237098426967859,
      0.0051188148000836375,
      0.004990064585059881,
      0.004883613421171904,
      0.004772333281189203,
      0.004691948716342449,
      0.004615513063520193,
      0.004546053022146225,
      0.004464469811022282,
      0.00441468752592802,
      0.004345162751078606,
      0.004280930755287409,
      0.0042277051414549354,
      0.004170853786021471,
      0.004134547568112611,
      0.004079582408666611,
      0.0040214619731903075,
      0.003983020584434271,
      0.0039292257697880265,
      0.003883491484075785,
      0.003834135066270828,
      0.0037927794709801672
    ],
    "eval_losses": [
      0.00607532851472497,
      0.004879669910669327,
      0.004568164115399122,
      0.004229952812194824,
      0.004014565531909466,
      0.003839342620968819
    ],
    "psnr": [
      22.167613647460936,
      23.118446649169922,
      23.404224737548827,
      23.73797179260254,
      23.965520190429686,
      24.15946713562012
    ],
    "ssim": [
      0.9222361067771911,
      0.9333547218322754,
      0.9390268615722657,
      0.9437744607925415,
      0.9469000072479248,
      0.950284432220459
    ],
    "best_epoch": 30,
    "best_step": null,
    "best_eval_loss": 0.003839342620968819
  },
  "test_results": {
    "test_loss": 0.0038212484262883663,
    "test_psnr": 24.186134405517578,
    "test_ssim": 0.9511123241424561
  }
}