{
  "args": {
    "device": "cuda:1",
    "exp_home": "./results",
    "ds_name": "mnist",
    "mode": "denoising",
    "noise_std": 0.25,
    "down_scale": 2.0,
    "model_type": "conventional",
    "latent_dim": 784,
    "hidden_dims": [
      1150,
      1150,
      1150,
      1150
    ],
    "wo_Win": false,
    "fix_Win": false,
    "I_Win": true,
    "batch_size": 128,
    "epochs": 100,
    "lr": 0.001,
    "use_augmentation": true,
    "aug_num": 4,
    "run_id": 2,
    "seed": 42
  },
  "training_logs": {
    "train_losses": [
      0.010446180776804686,
      0.006139708178937435,
      0.005689367436915636,
      0.0055044614365696905,
      0.0053898023617267605,
      0.005285881370007992,
      0.005209273650497198,
      0.005139089831262827,
      0.0050786612986028195,
      0.005037387335151434,
      0.0049916734638810155,
      0.004958313192427158,
      0.004919560806453228,
      0.0048956427843868736,
      0.0048651758655905725,
      0.004844697909206152,
      0.004812071488201618,
      0.004784218661785126,
      0.0047699676048755645,
      0.004751634104400874,
      0.0047187236304581165,
      0.004699398280531168,
      0.004682604096680879,
      0.004654427026808262,
      0.004648253739029169,
      0.004618772715330124,
      0.004600271159559488,
      0.004576111467778683,
      0.004556171674728393,
      0.004536474317163229,
      0.004516831234693527,
      0.0044921815545856955,
      0.004476220987290144,
      0.0044501338513195515,
      0.0044331413519382475,
      0.004408621610403061,
      0.0043836130705475805,
      0.004362165656536817,
      0.0043515841445326804,
      0.004323353239893913,
      0.004303153962492943,
      0.004281049823015928,
      0.0042670851607620715,
      0.004240424557179213,
      0.004221675892472267,
      0.004203362426608801,
      0.004188349816203117,
      0.004168693856000901,
      0.004148794088512659,
      0.004134230625629425,
      0.004111334581971169,
      0.004096025551110506,
      0.004077990055382252,
      0.004059699008613825,
      0.00403831963442266,
      0.004023221173137427,
      0.0040061277304589745,
      0.003989609792381525,
      0.003969388276934624,
      0.003960163214057684,
      0.003936373830735683,
      0.0039208514636754985,
      0.0039031385174393652,
      0.003888920860141516,
      0.0038722003632038833,
      0.0038559790856391193,
      0.0038375902666151524,
      0.0038237551513314247,
      0.0038083309671282767,
      0.0037894009748846292,
      0.0037776247978210447,
      0.0037632913912832738,
      0.003742716010659933,
      0.0037278345211595298,
      0.0037093238741159437,
      0.003695046685114503,
      0.0036780128921568393,
      0.0036636480575799944,
      0.003646857777237892,
      0.0036319308925420045,
      0.003617501435726881,
      0.003595705377534032,
      0.0035820813669264315,
      0.0035698625769466164,
      0.0035538749388605356,
      0.003534381380453706,
      0.0035173369938880203,
      0.0035041449646651744,
      0.0034854132504761218,
      0.003468234801068902,
      0.0034517964731901885,
      0.0034363258071243765,
      0.003420241295620799,
      0.003403477514907718,
      0.003386647154688835,
      0.003371639614775777,
      0.0033567107240855694,
      0.003340652699917555,
      0.0033250638921558857,
      0.0033118676833808424
    ],
    "eval_losses": [
      0.005288167607039213,
      0.004929356935620308,
      0.0047573536805808544,
      0.0046770162768661975,
      0.004544319447875023,
      0.004495675149559975,
      0.004297909329086542,
      0.0042491861544549465,
      0.00412783619761467,
      0.004069531708955765,
      0.003988813371211291,
      0.003907144543528557,
      0.003818141969293356,
      0.0037593045972287653,
      0.0037023931831121444,
      0.003622970035672188,
      0.0035535521402955054,
      0.003485827210173011,
      0.003439406185597181,
      0.0033720299616456033
    ],
    "psnr": [
      22.768284353637696,
      23.07380096435547,
      23.227786489868166,
      23.301983242797853,
      23.426931106567384,
      23.473713330078127,
      23.668993020629884,
      23.718457623291016,
      23.844339837646483,
      23.906101275634764,
      23.993272064208984,
      24.08293551940918,
      24.183335076904296,
      24.2504736907959,
      24.31691994934082,
      24.410673291015627,
      24.495169131469726,
      24.57869323120117,
      24.636703686523436,
      24.72287497558594
    ],
    "ssim": [
      0.9240404802322387,
      0.930768225479126,
      0.9341827177047729,
      0.9352293061256409,
      0.9379113021850586,
      0.9372309381484986,
      0.9400407569885254,
      0.9398182440757752,
      0.9403252552032471,
      0.9416258178710938,
      0.9430451333999634,
      0.9408436249732971,
      0.9441483441352845,
      0.9444262142181397,
      0.9473479825019836,
      0.9469388388633728,
      0.9493679312705994,
      0.9496339985847473,
      0.9516275030136109,
      0.9534026044845582
    ],
    "best_epoch": 100,
    "best_step": null,
    "best_eval_loss": 0.0033720299616456033
  },
  "test_results": {
    "test_loss": 0.0033646582540124655,
    "test_psnr": 24.738551483154296,
    "test_ssim": 0.9544926027297974
  }
}