{
  "args": {
    "device": "cuda:3",
    "exp_home": "./results",
    "ds_name": "mnist",
    "mode": "generative_classification",
    "noise_std": 0.25,
    "down_scale": 2.0,
    "model_type": "conventional",
    "latent_dim": 784,
    "hidden_dims": [
      1150,
      1150,
      1150,
      1150
    ],
    "wo_Win": false,
    "fix_Win": true,
    "I_Win": true,
    "batch_size": 128,
    "epochs": 200,
    "lr": 5e-05,
    "use_augmentation": true,
    "aug_num": 2,
    "run_id": 2,
    "seed": 42
  },
  "training_logs": {
    "train_losses": [
      0.020290916451811792,
      0.004841922108381987,
      0.003201496390029788,
      0.0022894868455454707,
      0.001800398497208953,
      0.0014938911101594567,
      0.0012706591247580946,
      0.0010878336489386856,
      0.0009884725202433766,
      0.000864696798697114,
      0.0008218597851321101,
      0.0007143002010788768,
      0.0006816093190200627,
      0.0006783760877791792,
      0.0005924806632567197,
      0.0005356526825670152,
      0.0004991673050168901,
      0.0005095060812588782,
      0.000512590916287154,
      0.0004633072706870735,
      0.00043191111366497353,
      0.0003814345210790634,
      0.00040418433272279797,
      0.0004076126135047525,
      0.00033911002670880406,
      0.0003503513663262129,
      0.00036052299343515185,
      0.00034189286068547515,
      0.00035889791471417995,
      0.0003294954157317989,
      0.00030943422047421335,
      0.0002913586064381525,
      0.0002870358640910126,
      0.0002630150891421363,
      0.00024436106520239265,
      0.00024763097822200507,
      0.0002962932018423453,
      0.0002363972946209833,
      0.0002442159708403051,
      0.0002198600195767358,
      0.00021655334890354424,
      0.00021797113901935518,
      0.000222333265398629,
      0.00018387844793731347,
      0.00020830378179438413,
      0.00020491258014459162,
      0.00014222661110572518,
      0.00021293939552735538,
      0.00020074978093151004,
      0.00017424336769618094,
      0.00015714485411532224,
      0.00018616981250233947,
      0.0001749403497390449,
      0.00016303240496432409,
      0.00015797837478108705,
      0.00014921250919112936,
      0.00017381841167341919,
      0.00016743437096010893,
      0.00014669808381935582,
      0.00011932034604484216,
      0.00015694588038604707,
      0.00013713697575964035,
      0.00013390997742535548,
      0.00014799711608560757,
      0.00013258778335293754,
      0.00013899865392595528,
      0.00012405793646234087,
      0.00010137167545733973,
      0.00012572454914217815,
      0.00010973335177521222,
      0.00011155711219646036,
      0.00011433763833600096,
      0.00011709758196724579,
      0.00010339057601056993,
      0.0001066624505422078,
      7.87510480574565e-05,
      9.651537618832663e-05,
      0.00014052741227671504,
      7.976076757069678e-05,
      8.73368653981015e-05,
      0.00013170172777143306,
      7.700550992740319e-05,
      7.913437145296484e-05,
      0.00011327849700988736,
      0.00010903649942367337,
      8.533459411235527e-05,
      7.407510769087821e-05,
      7.629205468809232e-05,
      6.006836549262516e-05,
      7.144862964982167e-05,
      8.185672368272208e-05,
      6.190076597384177e-05,
      8.229822125053034e-05,
      6.10850231954828e-05,
      8.109653087100014e-05,
      6.0018238769844174e-05,
      8.571618864545599e-05,
      7.653513709665277e-05,
      6.489333683857695e-05,
      5.2452795039862394e-05,
      5.963685105904006e-05,
      6.331632415414787e-05,
      6.613444023765624e-05,
      5.6220665592700246e-05,
      4.866466457257047e-05,
      7.017771126877051e-05,
      5.805690755019896e-05,
      5.520662573515438e-05,
      6.526195629150606e-05,
      3.7248249797848984e-05,
      5.2009763893438505e-05,
      6.122819998534396e-05,
      5.347100092680193e-05,
      3.595893744495697e-05,
      4.497097648214549e-05,
      4.349031114019453e-05,
      4.130423600319773e-05,
      4.50199911731761e-05,
      3.307712155394256e-05,
      4.866818673210219e-05,
      4.483380811812822e-05,
      3.833201288012788e-05,
      4.804271297645755e-05,
      3.29799261118751e-05,
      4.4068804649286904e-05,
      2.4470444242469967e-05,
      4.0731761957868e-05,
      3.532444952870719e-05,
      4.2065014950931075e-05,
      4.158699783263728e-05,
      3.289853153401055e-05,
      2.9204810312949122e-05,
      3.628797434736043e-05,
      3.445093278423883e-05,
      2.7579939035931602e-05,
      3.441116044938099e-05,
      2.6712183016934433e-05,
      2.8673021096037702e-05,
      2.757080782146659e-05,
      2.32764149812283e-05,
      1.8453654804616234e-05,
      1.9918548269197344e-05,
      2.0314887054264544e-05,
      2.7164854793809353e-05,
      2.5318581812898627e-05,
      2.421856192930136e-05,
      3.081761630426627e-05,
      2.0712009911658243e-05,
      1.4692412086296826e-05,
      1.9248967121820896e-05,
      2.7126935452688487e-05,
      1.9508202126598916e-05,
      1.574078378966078e-05,
      1.0714786382741295e-05,
      1.9274254917690996e-05,
      1.6164725680428092e-05,
      1.136582691775402e-05,
      9.849892615166026e-06,
      1.0981132930610328e-05,
      8.24949114001356e-06,
      1.2877972226706333e-05,
      1.4332999365869909e-05,
      1.2829250686336309e-05,
      1.6289536584808957e-05,
      1.575016859511379e-05,
      1.2804622516268864e-05,
      1.0972902185749262e-05,
      9.515280502964743e-06,
      1.0356709431507625e-05,
      9.803908910253086e-06,
      9.845525775454007e-06,
      9.546262802905404e-06,
      9.810712581966072e-06,
      8.128585658560042e-06,
      6.820462307950948e-06,
      6.595403715618886e-06,
      6.894120938959532e-06,
      6.488132303929888e-06,
      6.686613437486813e-06,
      8.448280794546009e-06,
      8.92107780877268e-06,
      6.864451532601379e-06,
      6.480717028025538e-06,
      6.352320738951675e-06,
      6.261340162018314e-06,
      6.0480211238609624e-06,
      5.862768901279196e-06,
      5.875127549516037e-06,
      6.0784016450634225e-06,
      5.6961411368683914e-06,
      5.993035875435453e-06,
      5.335366785875522e-06,
      6.304558907286264e-06,
      6.163657676661387e-06,
      5.627908988390118e-06,
      5.174336721829605e-06,
      5.522618640097789e-06,
      5.176685976912268e-06,
      5.160486449312884e-06,
      5.882500103907659e-06
    ],
    "eval_losses": [
      0.004877474591135978,
      0.0040689056068658825,
      0.004225917020440102,
      0.003633087320253253,
      0.0037259291663765907,
      0.003580993504077196,
      0.003557775204628706,
      0.0036721455400809647,
      0.003972554383799434,
      0.0036532665632665155,
      0.003389611890166998,
      0.0033365940868854524,
      0.0031377393913920968,
      0.003409653241746128,
      0.003182286876440048,
      0.0028817183609004134,
      0.0030449626559740863,
      0.003406412560120225,
      0.0031549923475831746,
      0.003207968952227384,
      0.0031137712955009193,
      0.003059043963672593,
      0.0029251455662772058,
      0.002821805718835094,
      0.003206382218579529,
      0.003182887760736048,
      0.0028649496253579853,
      0.0028383265734039016,
      0.0029888224742375315,
      0.002732977675483562,
      0.003094775123737054,
      0.0026971671409439296,
      0.0027698456838028507,
      0.0027370967978611587,
      0.002696408060460817,
      0.002658593426365405,
      0.0029329053780355026,
      0.002798939816467464,
      0.0027465109276003205,
      0.0027804047758982053
    ],