{
  "args": {
    "device": "cuda:8",
    "exp_home": "./results",
    "ds_name": "mnist",
    "mode": "denoising",
    "noise_std": 0.25,
    "down_scale": 2.0,
    "model_type": "hourglass",
    "latent_dim": 785,
    "hidden_dims": [
      115,
      115,
      115,
      115,
      115
    ],
    "wo_Win": false,
    "fix_Win": true,
    "I_Win": false,
    "wo_Wout": false,
    "batch_size": 128,
    "epochs": 30,
    "lr": 0.0001,
    "use_augmentation": false,
    "aug_num": 2,
    "run_id": 1,
    "seed": 42
  },
  "training_logs": {
    "train_losses": [
      0.04293711480796337,
      0.019046086690425873,
      0.01500001167923212,
      0.013117126610577106,
      0.011982950688302517,
      0.011173238412439824,
      0.010596734147071839,
      0.01016396315664053,
      0.009772474737763406,
      0.009476606051623822,
      0.009217224609255791,
      0.008989386484324933,
      0.00880194948196411,
      0.008619707576036454,
      0.00849319739818573,
      0.008353781544715166,
      0.00823738465666771,
      0.00814115035712719,
      0.008036917385756969,
      0.007957872830331326,
      0.007877723978757857,
      0.0078075381246209144,
      0.00774700212419033,
      0.007694519006311893,
      0.007647749368548393,
      0.007601367344856262,
      0.007581714993268251,
      0.007540403258055449,
      0.007514669110327959,
      0.00749485031992197
    ],
    "eval_losses": [
      0.011082159747183323,
      0.00905111772865057,
      0.008173974575102329,
      0.0077224074050784115,
      0.00746790561079979,
      0.007326492866873741
    ],
    "psnr": [
      19.557220349121092,
      20.436362713623048,
      20.879060025024415,
      21.12567780456543,
      21.271058554077147,
      21.354695114135744
    ],
    "ssim": [
      0.8322708841323853,
      0.8653614478111267,
      0.8777797709465027,
      0.8864226051330566,
      0.8895131824493409,
      0.8931114448547364
    ],
    "best_epoch": 30,
    "best_step": null,
    "best_eval_loss": 0.007326492866873741
  },
  "test_results": {
    "test_loss": 0.007206190939247608,
    "test_psnr": 21.441896200561523,
    "test_ssim": 0.8953744103431701
  }
}