{
  "args": {
    "device": "cuda:0",
    "exp_home": "./results",
    "ds_name": "imagenet32",
    "mode": "denoising",
    "noise_std": 0.25,
    "down_scale": 2.0,
    "model_type": "conventional",
    "latent_dim": 3072,
    "hidden_dims": [
      3546,
      3546,
      3546,
      3546,
      3546,
      3546
    ],
    "wo_Win": false,
    "fix_Win": false,
    "I_Win": false,
    "batch_size": 512,
    "epochs": 4,
    "lr": 0.0003,
    "use_augmentation": true,
    "aug_num": 4,
    "run_id": 1,
    "seed": 42
  },
  "training_logs": {
    "train_losses": [
      0.013082513870671391,
      0.009197464710101485,
      0.008534934785217047,
      0.00822092870529741,
      0.008023524564690888,
      0.007867249594070017,
      0.007707913851365447,
      0.007622260505333543,
      0.007496233040466905,
      0.00743140672147274,
      0.007355133949778974,
      0.007290158829651773,
      0.007218928790651262,
      0.007162972932681442,
      0.007107067557051778,
      0.007052322066389024,
      0.007005380426533521,
      0.006941162749193609,
      0.006915806823410094,
      0.006875768556259572,
      0.006844029041938484,
      0.006793980408459902,
      0.0067713340567424896,
      0.00671889454126358,
      0.006675872490741312,
      0.006651099018752575,
      0.0066153262788429855,
      0.006591111651621759,
      0.006550238686613739,
      0.006525577426888049,
      0.006495027229189872,
      0.006479457973502576,
      0.006450259447097778,
      0.006419383288361133,
      0.006405530613847077,
      0.006376685967668891,
      0.006344630873762071,
      0.0063272001324221495,
      0.00630663784313947,
      0.006288807581178844,
      0.00626728318631649,
      0.006234309856779873,
      0.006210090717300772,
      0.006194897083565592,
      0.00617292223777622,
      0.00615107237175107,
      0.00613137860968709,
      0.006115917906165123,
      0.006086602420546114,
      0.006074385686777532,
      0.006059511602856219,
      0.0060372957028448585,
      0.006033787029795349,
      0.006010016219690442,
      0.0059856416573747994,
      0.0059725956097245216,
      0.00595280362572521,
      0.005929428222589195,
      0.0059124556919559835,
      0.005900116763077676,
      0.005885288402438163,
      0.005859293109737337,
      0.005840788940899074,
      0.005828410629183054,
      0.00581050970684737,
      0.005785930540412664,
      0.0057737172292545436,
      0.005760924126021564,
      0.005744252471253276,
      0.005728499042801559,
      0.005704093856737018,
      0.005690563055686652,
      0.005679563285782933,
      0.005658576528541744,
      0.005643947459757328,
      0.005625691835768521,
      0.005613831378519535,
      0.005595123468898237,
      0.005583090435713529,
      0.005572348886169493
    ],
    "eval_losses": [
      0.008043323940634728,
      0.0075184218949079515,
      0.007222300110012293,
      0.006968210426568985,
      0.00669830252379179,
      0.0065326796340942385,
      0.00640585648983717,
      0.006314520071893931,
      0.0062047057683765885,
      0.006081368955075741,
      0.0059934204769134525,
      0.005892275771349669,
      0.005797267602980137,
      0.0057129498240351675,
      0.005629324571192264,
      0.005559768583625555
    ],
    "psnr": [
      20.94783110168457,
      21.240872285766603,
      21.41531926513672,
      21.570911594238282,
      21.74252010559082,
      21.85128817626953,
      21.936295380859374,
      21.998699345703123,
      22.07494027770996,
      22.16219580810547,
      22.225389219970705,
      22.299376989746094,
      22.370044737548827,
      22.433641270751952,
      22.497613818969725,
      22.55161634277344
    ],
    "best_epoch": null,
    "best_step": 40000,
    "best_eval_loss": 0.005559768583625555
  },
  "test_results": {
    "test_loss": 0.005551021372824907,
    "test_psnr": 22.559024873657226
  }
}